{
    "scrape_url": "https://scrape.pastebin.com/api_scrape_item.php?i=0ysbeJCy",
    "full_url": "https://pastebin.com/0ysbeJCy",
    "date": "1594496724",
    "key": "0ysbeJCy",
    "size": 9182,
    "expire": "0",
    "title": "",
    "syntax": "json",
    "user": "",
    "filename": "0ysbeJCy",
    "pasteid": "0ysbeJCy",
    "pastesite": "pastebin.com",
    "@timestamp": "2020-07-11T19:45:24",
    "MD5": "781725c5bb96d219a73c9b08d5cb181b",
    "SHA256": "99cf537a4fa74b540d923b7789ec01466545c280010d3da2630001390069d4ef",
    "raw_paste": "[\r\n    {\r\n        \"id\": \"31994892-c1ed-4d13-87e6-4544a97441f9\",\r\n        \"emailAddress\": \"richard.cook@20minutemail.it\",\r\n        \"fullName\": \"Richard M. Cook\",\r\n        \"phoneNumber\": \"+1-202-555-0152\",\r\n        \"address\": \"3765 Oberlin Drive \",\r\n        \"state\": \"CA\",\r\n        \"licenseId\": \"\",\r\n        \"latitude\": 43.5601224,\r\n        \"longitude\": -83.9679622,\r\n        \"type\": 0,\r\n        \"status\": 1,\r\n        \"qualifications\": {\r\n            \"trailerTypes\": 38,\r\n            \"trailerSizes\": null,\r\n            \"transmissions\": 1,\r\n            \"equipments\": 34,\r\n            \"flatbedEquipments\": 12,\r\n            \"flatbedTypes\": null,\r\n            \"eLogs\": 1,\r\n            \"endorsements\": 64,\r\n            \"id\": \"005567b6-44bf-4800-a13d-545a44486ad1\",\r\n            \"createdBy\": \"richard.cook@20minutemail.it\",\r\n            \"createdDateTime\": \"2019-05-01T00:00:00.0000000Z\",\r\n            \"modifiedDateTime\": \"2020-07-01T02:21:00.6401925Z\",\r\n            \"modifiedBy\": \"test@odysseyinc.com\"\r\n        },\r\n        \"totalDocuments\": 0,\r\n        \"totalTimesheetHours\": 0,\r\n        \"earned\": 0,\r\n        \"jobTitle\": \"Test Current\",\r\n        \"assignedJobId\": \"047d2c52-9482-4a1f-cd9a-08d818d7e6ba\",\r\n        \"startDate\": \"2020-06-05T07:10:09.7071920Z\",\r\n        \"extendedStatus\": 3\r\n    },\r\n    {\r\n        \"id\": \"329173d1-4bcd-4072-854b-5e056b82a205\",\r\n        \"emailAddress\": \"nathan.grant@20minutemail.it\",\r\n        \"fullName\": \"Nathan Grant\",\r\n        \"phoneNumber\": \"+1-202-555-0152\",\r\n        \"address\": \"5820 Oberlin Drive \",\r\n        \"state\": \"CA\",\r\n        \"licenseId\": \"\",\r\n        \"latitude\": 32.8940181,\r\n        \"longitude\": -117.1941613,\r\n        \"type\": 0,\r\n        \"status\": 1,\r\n        \"qualifications\": {\r\n            \"trailerTypes\": 63,\r\n            \"trailerSizes\": 48,\r\n            \"transmissions\": 33,\r\n            \"equipments\": 9,\r\n            \"flatbedEquipments\": 3,\r\n            \"flatbedTypes\": 6,\r\n            \"eLogs\": 1,\r\n            \"endorsements\": 9,\r\n            \"id\": \"f492a531-ed6d-45d8-8682-bb5c5c225b3a\",\r\n            \"createdBy\": \"nathan.grant@abc.com\",\r\n            \"createdDateTime\": \"2019-05-01T00:00:00.0000000Z\",\r\n            \"modifiedDateTime\": \"2020-07-03T09:19:07.5167072Z\",\r\n            \"modifiedBy\": \"test@odysseyinc.com\"\r\n        },\r\n        \"totalDocuments\": 0,\r\n        \"totalTimesheetHours\": 0,\r\n        \"earned\": 0,\r\n        \"jobTitle\": \"3 Days Job\",\r\n        \"assignedJobId\": \"6e069b3b-90e2-4c6e-2cf2-08d822074e8e\",\r\n        \"startDate\": \"2020-06-29T15:00:00.0000000Z\",\r\n        \"extendedStatus\": 3\r\n    },\r\n    {\r\n        \"id\": \"329173d1-4bcd-4072-854b-5e056b82a205\",\r\n        \"emailAddress\": \"nathan.grant@20minutemail.it\",\r\n        \"fullName\": \"Nathan Grant\",\r\n        \"phoneNumber\": \"+1-202-555-0152\",\r\n        \"address\": \"5820 Oberlin Drive \",\r\n        \"state\": \"CA\",\r\n        \"licenseId\": \"\",\r\n        \"latitude\": 32.8940181,\r\n        \"longitude\": -117.1941613,\r\n        \"type\": 0,\r\n        \"status\": 1,\r\n        \"qualifications\": {\r\n            \"trailerTypes\": 63,\r\n            \"trailerSizes\": 48,\r\n            \"transmissions\": 33,\r\n            \"equipments\": 9,\r\n            \"flatbedEquipments\": 3,\r\n            \"flatbedTypes\": 6,\r\n            \"eLogs\": 1,\r\n            \"endorsements\": 9,\r\n            \"id\": \"f492a531-ed6d-45d8-8682-bb5c5c225b3a\",\r\n            \"createdBy\": \"nathan.grant@abc.com\",\r\n            \"createdDateTime\": \"2019-05-01T00:00:00.0000000Z\",\r\n            \"modifiedDateTime\": \"2020-07-03T09:19:07.5167072Z\",\r\n            \"modifiedBy\": \"test@odysseyinc.com\"\r\n        },\r\n        \"totalDocuments\": 0,\r\n        \"totalTimesheetHours\": 0,\r\n        \"earned\": 0,\r\n        \"jobTitle\": \"3 Days Job\",\r\n        \"assignedJobId\": \"6e069b3b-90e2-4c6e-2cf2-08d822074e8e\",\r\n        \"startDate\": \"2020-06-29T15:00:00.0000000Z\",\r\n        \"extendedStatus\": 3\r\n    },\r\n    {\r\n        \"id\": \"65bc2875-2c76-4bef-8f7d-5fb6cb477963\",\r\n        \"emailAddress\": \"testdriverfour@gmail.com\",\r\n        \"fullName\": \"Test Driver Four\",\r\n        \"phoneNumber\": \"+18588475004\",\r\n        \"address\": \"Oberlin Drive \",\r\n        \"state\": \"CA\",\r\n        \"licenseId\": null,\r\n        \"latitude\": 32.8920320,\r\n        \"longitude\": -117.1963111,\r\n        \"type\": 0,\r\n        \"status\": 1,\r\n        \"qualifications\": null,\r\n        \"totalDocuments\": 0,\r\n        \"totalTimesheetHours\": 0,\r\n        \"earned\": 0,\r\n        \"jobTitle\": \"3 Days Job\",\r\n        \"assignedJobId\": \"6e069b3b-90e2-4c6e-2cf2-08d822074e8e\",\r\n        \"startDate\": \"2020-07-03T17:22:00.0000000Z\",\r\n        \"extendedStatus\": 3\r\n    },\r\n    {\r\n        \"id\": \"0390a216-2b3c-45d0-9c60-a9f10248c806\",\r\n        \"emailAddress\": \"testdrivertwo@gmail.com\",\r\n        \"fullName\": \"Test Driver Two\",\r\n        \"phoneNumber\": \"+18588475002\",\r\n        \"address\": \"Oberlin Drive \",\r\n        \"state\": \"CA\",\r\n        \"licenseId\": null,\r\n        \"latitude\": 32.8920320,\r\n        \"longitude\": -117.1963111,\r\n        \"type\": 0,\r\n        \"status\": 1,\r\n        \"qualifications\": null,\r\n        \"totalDocuments\": 0,\r\n        \"totalTimesheetHours\": 0,\r\n        \"earned\": 0,\r\n        \"jobTitle\": \"3 Days Job\",\r\n        \"assignedJobId\": \"6e069b3b-90e2-4c6e-2cf2-08d822074e8e\",\r\n        \"startDate\": \"2020-07-03T05:08:00.0000000Z\",\r\n        \"extendedStatus\": 3\r\n    },\r\n    {\r\n        \"id\": \"a86319ac-9aa2-45a6-a063-6e35a9357707\",\r\n        \"emailAddress\": \"testdriverone@gmail.com\",\r\n        \"fullName\": \"Test Driver One \",\r\n        \"phoneNumber\": \"+18588475001\",\r\n        \"address\": \"Oberlin Drive \",\r\n        \"state\": \"CA\",\r\n        \"licenseId\": null,\r\n        \"latitude\": 32.8920320,\r\n        \"longitude\": -117.1963111,\r\n        \"type\": 0,\r\n        \"status\": 1,\r\n        \"qualifications\": {\r\n            \"trailerTypes\": null,\r\n            \"trailerSizes\": null,\r\n            \"transmissions\": null,\r\n            \"equipments\": null,\r\n            \"flatbedEquipments\": null,\r\n            \"flatbedTypes\": null,\r\n            \"eLogs\": null,\r\n            \"endorsements\": null,\r\n            \"id\": \"23a54b01-6dd6-467f-e350-08d81ffbc2fa\",\r\n            \"createdBy\": \"test@odysseyinc.com\",\r\n            \"createdDateTime\": \"2020-07-04T09:22:24.1798462Z\",\r\n            \"modifiedDateTime\": \"2020-07-04T09:23:48.1243186Z\",\r\n            \"modifiedBy\": \"test@odysseyinc.com\"\r\n        },\r\n        \"totalDocuments\": 0,\r\n        \"totalTimesheetHours\": 0,\r\n        \"earned\": 0,\r\n        \"jobTitle\": \"Test Job Class A\",\r\n        \"assignedJobId\": \"f06b4c95-6e6f-4ef0-9416-08d81f50c06b\",\r\n        \"startDate\": \"2020-07-04T04:53:00.0000000Z\",\r\n        \"extendedStatus\": 3\r\n    },\r\n    {\r\n        \"id\": \"0390a216-2b3c-45d0-9c60-a9f10248c806\",\r\n        \"emailAddress\": \"testdrivertwo@gmail.com\",\r\n        \"fullName\": \"Test Driver Two\",\r\n        \"phoneNumber\": \"+18588475002\",\r\n        \"address\": \"Oberlin Drive \",\r\n        \"state\": \"CA\",\r\n        \"licenseId\": null,\r\n        \"latitude\": 32.8920320,\r\n        \"longitude\": -117.1963111,\r\n        \"type\": 0,\r\n        \"status\": 1,\r\n        \"qualifications\": null,\r\n        \"totalDocuments\": 0,\r\n        \"totalTimesheetHours\": 0,\r\n        \"earned\": 0,\r\n        \"jobTitle\": \"3 Days Job\",\r\n        \"assignedJobId\": \"6e069b3b-90e2-4c6e-2cf2-08d822074e8e\",\r\n        \"startDate\": \"2020-07-03T05:08:00.0000000Z\",\r\n        \"extendedStatus\": 3\r\n    },\r\n    {\r\n        \"id\": \"7f9d4137-c7d4-44a9-ac0c-151f3dc85e55\",\r\n        \"emailAddress\": \"testdriverthree@gmail.com\",\r\n        \"fullName\": \"Test Driver Three\",\r\n        \"phoneNumber\": \"+18588475003\",\r\n        \"address\": \"Oberlin Drive \",\r\n        \"state\": \"CA\",\r\n        \"licenseId\": null,\r\n        \"latitude\": 32.8920320,\r\n        \"longitude\": -117.1963111,\r\n        \"type\": 0,\r\n        \"status\": 1,\r\n        \"qualifications\": null,\r\n        \"totalDocuments\": 0,\r\n        \"totalTimesheetHours\": 0,\r\n        \"earned\": 0,\r\n        \"jobTitle\": null,\r\n        \"assignedJobId\": null,\r\n        \"startDate\": \"2020-07-31T09:04:00.0000000Z\",\r\n        \"extendedStatus\": 1\r\n    },\r\n    {\r\n        \"id\": \"a86319ac-9aa2-45a6-a063-6e35a9357707\",\r\n        \"emailAddress\": \"testdriverone@gmail.com\",\r\n        \"fullName\": \"Test Driver One \",\r\n        \"phoneNumber\": \"+18588475001\",\r\n        \"address\": \"Oberlin Drive \",\r\n        \"state\": \"CA\",\r\n        \"licenseId\": null,\r\n        \"latitude\": 32.8920320,\r\n        \"longitude\": -117.1963111,\r\n        \"type\": 0,\r\n        \"status\": 1,\r\n        \"qualifications\": {\r\n            \"trailerTypes\": null,\r\n            \"trailerSizes\": null,\r\n            \"transmissions\": null,\r\n            \"equipments\": null,\r\n            \"flatbedEquipments\": null,\r\n            \"flatbedTypes\": null,\r\n            \"eLogs\": null,\r\n            \"endorsements\": null,\r\n            \"id\": \"23a54b01-6dd6-467f-e350-08d81ffbc2fa\",\r\n            \"createdBy\": \"test@odysseyinc.com\",\r\n            \"createdDateTime\": \"2020-07-04T09:22:24.1798462Z\",\r\n            \"modifiedDateTime\": \"2020-07-04T09:23:48.1243186Z\",\r\n            \"modifiedBy\": \"test@odysseyinc.com\"\r\n        },\r\n        \"totalDocuments\": 0,\r\n        \"totalTimesheetHours\": 0,\r\n        \"earned\": 0,\r\n        \"jobTitle\": \"Test Job Class A\",\r\n        \"assignedJobId\": \"f06b4c95-6e6f-4ef0-9416-08d81f50c06b\",\r\n        \"startDate\": \"2020-07-04T04:53:00.0000000Z\",\r\n        \"extendedStatus\": 3\r\n    }\r\n]",
    "YaraRule": [
        "email_list",
        "email_filter"
    ],
    "results": [],
    "total_emails": 19,
    "unique_emails": 8,
    "unique_domains": 4
}