{
    "scrape_url": "https://scrape.pastebin.com/api_scrape_item.php?i=8mD7u6GM",
    "full_url": "https://pastebin.com/8mD7u6GM",
    "date": "1594480026",
    "key": "8mD7u6GM",
    "size": 11307,
    "expire": "0",
    "title": "\ud83d\udcccLINKEDIN DATABASE",
    "syntax": "json",
    "user": "",
    "filename": "8mD7u6GM",
    "pasteid": "8mD7u6GM",
    "pastesite": "pastebin.com",
    "@timestamp": "2020-07-11T15:07:06",
    "MD5": "99c1418344520c4154c3b353a1ed6104",
    "SHA256": "2739fa71ff1a9382c2ab121de450b745e37c7c93bea811a0ae267eabd5b45256",
    "raw_paste": "========================================================================\r\n                   LINKEDIN LEAKED DB : 159M ACCOUNTS\r\n========================================================================\r\n\r\nLink to this hacked DB\r\nhttps://bit.ly/2VoDVji\r\n\r\n\r\n======================================================================================\r\nList of Few Original DB Leaks :\r\nhttps://bit.ly/2HAlEZU\r\n======================================================================================\r\n\r\n\r\nThis leak includes  418.128.998 records.\r\nJust open up the DBs in your favorite text editor and Ctrl + F for the email you want to hack.\r\n\r\nProof of content  100 lines of records from the DB.\r\nFormat is Email:password\r\n\r\ngareth@covercian.co.uk:w0lfgang\r\nrena.elizondo@nascentric.com:re092971\r\nabewashington@gmail.com:mazamaza\r\ny99@BlackPlanet.com:yaritza\r\nlstarr65@hotmail.com:wabbit\r\nfrederic.dudilot@unicem.fr:240169\r\nscporfirio@hotmail.com:sp007865\r\nawaneeshpande@yahoo.com:sweta76\r\naida.marcial@exitsouth.com:pebbles_1\r\nlinkedin@depallens.com:phd768\r\nDanizao.cruz@gmail.com:Caxcas\r\nsarah@spark.net:linked55\r\nirenakun@yahoo.com:steinke\r\nLMWesttown@aol.com:Bailey\r\nasharma05@gsb.columbia.edu:4success\r\nscott@smcgregor.com:cit1st\r\nbrett.hopcroft@linklaters.com:springbokkie\r\nFarokh.Balsara@in.ey.com:varun99\r\nAbigail_Caspar@cable.comcast.com:lewis123\r\ninstanttim@me.com:techno\r\nodenir.proservice@ig.com.br:proalma\r\ntkircher@mentor4inc.com:walker\r\nzyu8@yahoo.com:meiqiu\r\nmichele@radiatepr.com:sydney\r\nkevin.hartz@stanfordalumni.org:sleepy99\r\nesteban.erize@samsistemas.com.ar:campana3\r\nrterkowitz@ABSCapital.com:mikejeff\r\ntobygoldblatt@yahoo.co.uk:bananna\r\neric.pers@gmail.com:Buddy18\r\nalexander.artope@gmail.com:julian85\r\nsoegtrop@muenster.de:mallorca\r\njamesbuckle@yahoo.com:sunshine\r\nstvnwcnrd@hotmail.com:cf3825et\r\nmounia.popovic@gmail.com:Benamar\r\njim_argalas@presidiounion.com:gura755\r\nfabernjudd@comcast.net:itsasecret\r\nk.chinn@stanfordalumni.org:br1tn3y\r\nacritchett@one-economy.com:lovelove\r\nlbraziel@wcwdcorp.com:2320255a\r\nwilliam@objecthouse.com:kenufa\r\nbflorian@gmail.com:hedges\r\nsharting@onfuego.com:success\r\nretz@yahoo.co.jp:retz5011\r\nmarkd@borkware.com:fnord23\r\naclcarter@yahoo.co.uk:password\r\nd.h.elzinga@freeler.nl:siepmaus\r\nkimberly.oblak@gbmail.com:Spring41\r\nmasont@gtlaw.com:gorham\r\nhugo_gayoso@hotmail.com:valeguada\r\nvenema@vhu.de:poespoes\r\nlisa@fitfor2.com:5fitfor2\r\ndcalao@modernelectric.com:bigd5576\r\nSheila.Kennedy@mortgagefamily.com:lucky21\r\njaimerebecca@gmail.com:horatio\r\nbinho@scriptbrasil.com:19071982\r\nlainie.coplan@cbeyond.net:pink82\r\njodi.albanese@i-deal.com:Password22\r\nsarah.ambrose@hmhpub.com:whitney1\r\nbnselby@stanfordalumni.org:Orange061\r\nppy1@cornell.edu:denguyen\r\nnmadhu@MIT.EDU:mymummy\r\nItai.Frieberger@888holdings.com:01360136\r\nNagharaj_BG@Dell.com:nagharajbg\r\nandrew@andrewrobertson.com:qwerty\r\nwdknights@hotmail.com:Inside01\r\nposnerlj@comcast.net:larisa\r\nrichard@geeksoncall.com:preston\r\nfrancois.granger@gmail.com:edcrfv\r\nashetty@dataglance.com:nishita97\r\nborism@iqmetrix.com:vlad2171\r\nstighammond@gmail.com:ufellow1\r\njrusoff@mac.com:nagual\r\nJFarris@corillian.com:kylep826\r\ndavid@peerplus.com:8lunch\r\njvnprakashrao@hotmail.com:yamini99\r\ntrakwebster@traktor.com:poot2077\r\ny2b@your2ndbrain.com:tigers\r\nlionel.jean@gemplus.com:bonsamis\r\njosh@wulumulu.com:013572\r\njokir@earthlink.net:sadie1\r\ndavefl12@yahoo.com:beaver\r\nlinkedin@matthewburgess.com:shogun\r\nwwynens@attbi.com:taoboy\r\navachat@hotmail.com:abhay19\r\nAlejandro.Canavati@gecapital.com:pahola\r\nbehlov@yahoo.com:upgrades\r\nsubas11us@yahoo.com:subhash\r\npchaynes1063@gmail.com:roadking\r\ntking@vmem.com:barney\r\nsimone@evectors.it:nideknil\r\nDan.Wilson@qwest.com:linked34\r\nyumihosaka@yahoo.com:chococookie\r\nlinkedin@hacksciences.com:fandango\r\njeff.snyder@wdc.com:annabear\r\njwvogel@tosbv.nl:vogel550\r\njanet.wong@smgunited.com:selena\r\nmvanwijk@Verizon.net:20051915\r\nrerb@analysts.com:superb\r\nthe.gibbards@virgin.net:butterfly\r\n\r\n\r\n\r\n\r\n\r\nYes, this means that for .012BTC  you can hack ANY linkedin user, and if they use the same password on other sites you can hack into there too. Their iCloud with all their personal photos, their email accounts, facebook and instagram are all vulnerable to being hacked once you have this DB.\r\n \r\nEnjoy and please help keep this leak private by not sharing it after you've purchased.\r\n \r\n \r\n\r\n\r\n\r\n\r\n\r\n\r\n\r\n\r\n\r\n\r\n\r\n\r\n\r\n\r\n\r\n\r\n\r\n\r\n\r\n\r\n\r\n\r\n\r\n\r\n\r\n======================================================================================\r\nList of Few Original DB Leaks :\r\nhttps://bit.ly/2HAlEZU\r\n======================================================================================\r\n\r\n\r\n\r\n\r\n\r\n\r\n\r\n\r\n\r\n\r\n\r\n\r\n\r\n \r\n \r\n \r\n \r\n \r\nTags (ignore):\r\n \r\n \r\n \r\n \r\n \r\n \r\n \r\nsiph0n DB (@datasiph0n) | linkedin\r\nhttps://twitter.com/datasiph0n\r\nThe latest Tweets from siph0n DB (@datasiph0n). Leaks Archive DB @@@@@@@ Escrow Marketplace @@@@@@@@@ Semi Automated ...\r\nYou've visited this page 2 times. Last visit: 11/10/16\r\nsiph0n DB on Twitter: \"#DB #leaked #hacked DBs ...\r\nhttps://twitter.com/datasiph0n/status/731217840032890880\r\nJun 18, 2016 - @datasiph0n. Leaks Archive DB @@@@@@@ Escrow Marketplace .... #DB #leaked #hacked DBs For Download.\r\nsiph0n DB on Twitter: \"#DB #leaked #hacked linkedin...\r\nhttps://twitter.com/datasiph0n/status/738918729703100416\r\nJun 18, 2016 - Leaks Archive DB @@@@@@@ Escrow Marketplace @@@@@@@@@ Semi Automated Twitter @@@@@@@. Joined February ...\r\nLeakedSource Analysis of Twitter.com Leak\r\nhttps://www.leakedsource.com/blog/linkedin\r\nJun 18, 2016 - linkedin credentials are being traded in the tens of millions on the dark web. ... If we come across a leaked DB from a company that most people haven't heard of, we ... Clearly Russian consumers download bad things.\r\nHow to Check If Your linkedin Password Has Leaked & What to Do Next\r\nwww.makeuseof.com/tag/linkedin-hack-not-title-article/\r\nJun 18, 2016 - Apparently over 159 Million linkedin accounts and passwords have been ... The leak was detected by LeakedSource, a new DB of over 1.8 ...\r\nSomeone is selling 159 Million linkedin passwords on the dark web\r\nmashable.com/2016/11/10/linkedin-password-leak/http://pastebin.com/u/DBleaker\r\nJun 18, 2016 - linkedin says its systems haven't been breached, but the passwords appear to ... but what's odd about this leak is that the passwords aren't encrypted at all. ... its linkedin DB if your password (on any site, not just linkedin) ...\r\n159 Million linkedin Passwords May Have Been Hacked and Leaked\r\nthehackernews.com/2016/07/hack-linkedin-password.html\r\nJun 18, 2016 - 159 Million linkedin Passwords May Have Been Hacked and Leaked ... So, one possibility could also be that the alleged linkedin DB dump of ...\r\nLogin Details of 159 Million linkedin Accounts Leaked Online Time to ...\r\nwww.socialmediatoday.com/.../login-details-24-million-linkedin-accounts-leaked-online...\r\nJun 18, 2016 - Login Details of 48 Million linkedin Accounts Leaked Online Time to ... (If you're interested, you can actually search the DB for any ...\r\nlinkedin: Passwords Leaked for Millions of Accounts\r\nwww.wsj.com/.../linkedin-millions-of-accounts-at-risk-of-breach-1...The Wall Street Journal\r\nJun 18, 2016 - linkedin has notified millions of users that their accounts are at risk of being ... The DB is the latest in a string of leaks in the past month ...\r\nPasswords for 159M linkedin accounts may have been hacked and ...\r\nhttps://techcrunch.com/2016/07/11/linkedin-hack/\r\nJun 18, 2016 - linkedin says that its systems have not been breached. ... on its @Support account that it is auditing its data against recent DB dumps. ... Whether or not the leaked linkedin credentials are authentic, it never hurts to change ...\r\nSearches related to linkedin DB leak download\r\nsiph0n DB\r\nlinkedin email password\r\nlinkedin email password dump\r\nlinkedin leaked source free account\r\nlinkedin leaked passwords list\r\nlinkedin leaked password DB\r\nlinkedin DB leaked\r\nlinkedin email:pass leak\r\nlinkedin leaked DB download\r\nlinkedin DB dump\r\nleaked linkedin passwords pastebin\r\nlinkedin password leak list\r\nlinkedin DB download\r\nDB , HACKED, LEAKED , COMBOLIST , EMAIL:PASS , COMBO ,\r\nEMAIL:PASSWORD ,TWITTER , OVH , HACKED , HAXOR , HACKER , LEAK ,\r\nLINKEDIN , TUMBLR , HACKED DB , LEAKED DB , HQ COMBO,\r\nT-MOBILE , EXPERIAN , DBOX DB , DROPBOX , DROPBOX DB, CLIXSENSE ,\r\nCLIXSENSE DB , HQ ACCOUNTS , FRESH COMBO , EMAIL:PASS FRESH ,\r\nDB LEAKED , SPOTIFY , HBO NOW , NETFLIX , UBER ACCOUNTS , UBER ,\r\nNETFLIX ACCOUNT , HBO NOW ACCOUNT , SPOTIFY ACCOUNT , MINECRAFT ACCOUNT ,\r\nLOL ACCOUNT , EUNE , EUNE ACCOUNT , RP EUNE ACCOUNT , CHEAP SPOTIFY PREMIUM ,\r\nZENMATE ACCOUNT , DEATH BY CAPTCHA ACCOUNT , ZENMATE , RISEUP INVITE ,\r\nRISEUP.NET INVITE, INVITE CODE , MINECRAFT , CRACKED PROGRAMS\r\nThe world came to know about massive data breaches in some of the most popular social media websites including LinkedIn, MySpace, Tumblr, linkedin, and VK.com when an unknown Russian hacker published the data dumps for sale on the underground black marketplace.\r\nHowever, these are only data breaches that have been publicly disclosed by the hacker.\r\nI wonder how much more stolen data sets this Russian, or other hackers are holding that have yet to be released.\r\nThe answer is still unknown, but the same hacker is now claiming another major data breach, this time, in linkedin.\r\nLogin credentials of more than 159 Million users are now being sold on the dark web marketplace for 10 Bitcoins (over $5,800).\r\nLeakedSource, a search engine site that indexes leaked login credentials from data breaches, noted in a blog post that it received a copy of the linkedin DB from Tessa88, the same alias used by the hacker who provided it hacked data from Russian social network VK.com last week.\r\nThe DB includes usernames, email addresses, sometimes second email addresses, and plain-text passwords for more than 159 Million linkedin accounts.http://pastebin.com/u/DBleaker\r\nlinkedin strongly denied the claims by saying that \"these usernames and credentials were not obtained by a linkedin data breach\" their \"systems have not been breached,\" but LeakedSource believed that the data leak was the result of malware.\r\n\"Tens of millions of people have become infected by malware, and the malware sent every saved username and password from browsers like Chrome and Firefox back to the hackers from all websites including Twitter,\" LeakedSource wrote in its blog post.\r\nBut, do you remember how Facebook CEO Mark Zuckerberg Twitter account was compromised?\r\nThe hackers obtained Zuck's account credentials from the recent LinkedIn data breach, then broke his SHA1-hashed password string, tried on his several social media accounts and successfully hacked Zuckerbergs Twitter and Pinterest account.\r\nSo, one possibility could also be that the alleged linkedin DB dump of over 159 Million users is made up of already available records from the previous LinkedIn, MySpace and linkedin data breaches.\r\nThe hacker might just have published already leaked data from other sites and services as a new hack against linkedin that actually never happened.\r\nWhatever the reason is, the fact remain that hackers may have had their hands on your personal data, including your online credentials. \r\nSo, its high time you changed your passwords for all social media sites as well as other online sites if you are using the same password.",
    "YaraRule": [
        "email_list",
        "email_filter"
    ],
    "total_emails": 99,
    "unique_emails": 99,
    "unique_domains": 73
}