{
    "scrape_url": "https://scrape.pastebin.com/api_scrape_item.php?i=btFvTiUs",
    "full_url": "https://pastebin.com/btFvTiUs",
    "date": "1594452963",
    "key": "btFvTiUs",
    "size": 4039,
    "expire": "1594539363",
    "title": "",
    "syntax": "html4strict",
    "user": "",
    "filename": "btFvTiUs",
    "pasteid": "btFvTiUs",
    "pastesite": "pastebin.com",
    "@timestamp": "2020-07-11T07:36:03",
    "MD5": "1d222ef6c81cb26faadb5d373e2f6a92",
    "SHA256": "fcdc2640340e3a4d9ad937d2b7cb02bc2693a2d7e94f279b0b0111afae08abdb",
    "raw_paste": "<html><head>\r\n<meta http-equiv=\"Content-Type\" content=\"text/html; charset=Windows-1254\" /> \r\n<link href='https://fonts.googleapis.com/css?family=Shadows+Into+Light' rel='stylesheet' type='text/css'>\r\n<title>~! HaCKeD By An9el4-137 !~</title>\r\n<meta name=\"description\" content=\" was here ~ \">\r\n<iframe src=\"https://l.top4top.io/m_1633a6xkj0.mp3\" frameborder=\"0\" width=\"1\" scrolling=\"no\" height=\"1\" name=\"stop\" id=\"stop\"></iframe>\r\n<script>\r\nvar snowmax=35\r\nvar snowcolor=new Array(\"#aaaacc\",\"#ddddFF\",\"#ccccDD\")\r\nvar snowtype=new Array(\"Arial Black\",\"Arial Narrow\",\"Times\",\"Comic Sans MS\")\r\nvar snowletter=\"*\"\r\nvar sinkspeed=1.5\r\nvar snowmaxsize=25\r\nvar snowminsize=10\r\nvar snowingzone=1\r\nvar snow=new Array()\r\nvar marginbottom\r\nvar marginright\r\nvar timer\r\nvar i_snow=0\r\nvar x_mv=new Array();\r\nvar crds=new Array();\r\nvar lftrght=new Array();\r\nvar browserinfos=navigator.userAgent \r\nvar ie5=document.all&&document.getElementById&&!browserinfos.match(/Opera/)\r\nvar ns6=document.getElementById&&!document.all\r\nvar opera=browserinfos.match(/Opera/)  \r\nvar browserok=ie5||ns6||opera\r\n\r\nfunction randommaker(range) {        \r\n    rand=Math.floor(range*Math.random())\r\n    return rand\r\n}\r\n\r\nfunction initsnow() {\r\n    if (ie5 || opera) {\r\n        marginbottom = document.body.clientHeight\r\n        marginright = document.body.clientWidth\r\n    }\r\n    else if (ns6) {\r\n        marginbottom = window.innerHeight\r\n        marginright = window.innerWidth\r\n    }\r\n    var snowsizerange=snowmaxsize-snowminsize\r\n    for (i=0;i<=snowmax;i++) {\r\n        crds[i] = 0;                      \r\n        lftrght[i] = Math.random()*15;         \r\n        x_mv[i] = 0.03 + Math.random()/10;\r\n        snow[i]=document.getElementById(\"s\"+i)\r\n        snow[i].style.fontFamily=snowtype[randommaker(snowtype.length)]\r\n        snow[i].size=randommaker(snowsizerange)+snowminsize\r\n        snow[i].style.fontSize=snow[i].size\r\n        snow[i].style.color=snowcolor[randommaker(snowcolor.length)]\r\n        snow[i].sink=sinkspeed*snow[i].size/5\r\n        if (snowingzone==1) {snow[i].posx=randommaker(marginright-snow[i].size)}\r\n        if (snowingzone==2) {snow[i].posx=randommaker(marginright/2-snow[i].size)}\r\n        if (snowingzone==3) {snow[i].posx=randommaker(marginright/2-snow[i].size)+marginright/4}\r\n        if (snowingzone==4) {snow[i].posx=randommaker(marginright/2-snow[i].size)+marginright/2}\r\n        snow[i].posy=randommaker(2*marginbottom-marginbottom-2*snow[i].size)\r\n        snow[i].style.left=snow[i].posx\r\n        snow[i].style.top=snow[i].posy\r\n    }\r\n    movesnow()\r\n}\r\n\r\nfunction movesnow() {\r\n    for (i=0;i<=snowmax;i++) {\r\n        crds[i] += x_mv[i];\r\n        snow[i].posy+=snow[i].sink\r\n        snow[i].style.left=snow[i].posx+lftrght[i]*Math.sin(crds[i]);\r\n        snow[i].style.top=snow[i].posy\r\n        \r\n        if (snow[i].posy>=marginbottom-2*snow[i].size || parseInt(snow[i].style.left)>(marginright-3*lftrght[i])){\r\n            if (snowingzone==1) {snow[i].posx=randommaker(marginright-snow[i].size)}\r\n            if (snowingzone==2) {snow[i].posx=randommaker(marginright/2-snow[i].size)}\r\n            if (snowingzone==3) {snow[i].posx=randommaker(marginright/2-snow[i].size)+marginright/4}\r\n            if (snowingzone==4) {snow[i].posx=randommaker(marginright/2-snow[i].size)+marginright/2}\r\n            snow[i].posy=0\r\n        }\r\n    }\r\n    var timer=setTimeout(\"movesnow()\",50)\r\n}\r\n\r\nfor (i=0;i<=snowmax;i++) {\r\n    document.write(\"<span id='s\"+i+\"' style='position:absolute;top:-\"+snowmaxsize+\"'>\"+snowletter+\"</span>\")\r\n}\r\nif (browserok) {\r\n    window.onload=initsnow\r\n}\r\n</script>\r\n<link rel=\"icon\" type=\"image/png\" href=\"http://www.jxdlqly.com/pic/i.ico\" />\r\n</head>\r\n<body bgcolor=black><table width=100% height=100%><td align=center><span style='font: 55px tahoma;size:55px;color:cyan;text-shadow: 10px 10px 10px;'><font style=\"font-family: 'Shadows Into Light', cursive;\">Hacked By An9el4-137<br><br><font color=red>greetings for all<font color=white> indonesian defacer </span></font></center>\r\n</body></html>\r\n<style>\r\n</html>",
    "YaraRule": [
        "hacked",
        "core_keywords"
    ]
}