{
    "scrape_url": "https://scrape.pastebin.com/api_scrape_item.php?i=D47ZbAaN",
    "full_url": "https://pastebin.com/D47ZbAaN",
    "date": "1594498744",
    "key": "D47ZbAaN",
    "size": 43137,
    "expire": "0",
    "title": "",
    "syntax": "xml",
    "user": "",
    "filename": "D47ZbAaN",
    "pasteid": "D47ZbAaN",
    "pastesite": "pastebin.com",
    "@timestamp": "2020-07-11T20:19:04",
    "MD5": "e81e82f3a69e67a96a886d8a984fe0a5",
    "SHA256": "5cefcb86371608a4397d14051be85125848e8d55f867930e70acc4a83a52bd31",
    "raw_paste": "<?xml version=\"1.0\" encoding=\"UTF-8\"?>\r\n<!DOCTYPE plist PUBLIC \"-//Apple//DTD PLIST 1.0//EN\" \"http://www.apple.com/DTDs/PropertyList-1.0.dtd\">\r\n<plist version=\"1.0\">\r\n<dict>\r\n\t<key>#WARNING - 1</key>\r\n\t<string>This is just a sample. Do NOT try loading it.</string>\r\n\t<key>#WARNING - 2</key>\r\n\t<string>Ensure you understand EVERY field before booting.</string>\r\n\t<key>#WARNING - 3</key>\r\n\t<string>In most cases recommended to use Sample.plist</string>\r\n\t<key>#WARNING - 4</key>\r\n\t<string>Use SampleFull.plist for end of life models: 2011 and older.</string>\r\n\t<key>#WARNING - 5</key>\r\n\t<string>https://github.com/acidanthera/OpenCorePkg/blob/master/AppleModels/DataBase.md</string>\r\n\t<key>ACPI</key>\r\n\t<dict>\r\n\t\t<key>Add</key>\r\n\t\t<array>\r\n\t\t\t<dict>\r\n\t\t\t\t<key>Comment</key>\r\n\t\t\t\t<string>Read the comment in dsl sample</string>\r\n\t\t\t\t<key>Enabled</key>\r\n\t\t\t\t<false/>\r\n\t\t\t\t<key>Path</key>\r\n\t\t\t\t<string>SSDT-EC.aml</string>\r\n\t\t\t</dict>\r\n\t\t</array>\r\n\t\t<key>Delete</key>\r\n\t\t<array>\r\n\t\t\t<dict>\r\n\t\t\t\t<key>All</key>\r\n\t\t\t\t<false/>\r\n\t\t\t\t<key>Comment</key>\r\n\t\t\t\t<string>Delete CpuPm</string>\r\n\t\t\t\t<key>Enabled</key>\r\n\t\t\t\t<false/>\r\n\t\t\t\t<key>OemTableId</key>\r\n\t\t\t\t<data>Q3B1UG0AAAA=</data>\r\n\t\t\t\t<key>TableLength</key>\r\n\t\t\t\t<integer>0</integer>\r\n\t\t\t\t<key>TableSignature</key>\r\n\t\t\t\t<data>U1NEVA==</data>\r\n\t\t\t</dict>\r\n\t\t\t<dict>\r\n\t\t\t\t<key>All</key>\r\n\t\t\t\t<false/>\r\n\t\t\t\t<key>Comment</key>\r\n\t\t\t\t<string>Delete Cpu0Ist</string>\r\n\t\t\t\t<key>Enabled</key>\r\n\t\t\t\t<false/>\r\n\t\t\t\t<key>OemTableId</key>\r\n\t\t\t\t<data>Q3B1MElzdAA=</data>\r\n\t\t\t\t<key>TableLength</key>\r\n\t\t\t\t<integer>0</integer>\r\n\t\t\t\t<key>TableSignature</key>\r\n\t\t\t\t<data>U1NEVA==</data>\r\n\t\t\t</dict>\r\n\t\t</array>\r\n\t\t<key>Patch</key>\r\n\t\t<array>\r\n\t\t\t<dict>\r\n\t\t\t\t<key>Comment</key>\r\n\t\t\t\t<string>_Q11 to XQ11</string>\r\n\t\t\t\t<key>Count</key>\r\n\t\t\t\t<integer>1</integer>\r\n\t\t\t\t<key>Enabled</key>\r\n\t\t\t\t<false/>\r\n\t\t\t\t<key>Find</key>\r\n\t\t\t\t<data>X1ExMQ==</data>\r\n\t\t\t\t<key>Limit</key>\r\n\t\t\t\t<integer>0</integer>\r\n\t\t\t\t<key>Mask</key>\r\n\t\t\t\t<data></data>\r\n\t\t\t\t<key>OemTableId</key>\r\n\t\t\t\t<data></data>\r\n\t\t\t\t<key>Replace</key>\r\n\t\t\t\t<data>WFExMQ==</data>\r\n\t\t\t\t<key>ReplaceMask</key>\r\n\t\t\t\t<data></data>\r\n\t\t\t\t<key>Skip</key>\r\n\t\t\t\t<integer>0</integer>\r\n\t\t\t\t<key>TableLength</key>\r\n\t\t\t\t<integer>0</integer>\r\n\t\t\t\t<key>TableSignature</key>\r\n\t\t\t\t<data></data>\r\n\t\t\t</dict>\r\n\t\t\t<dict>\r\n\t\t\t\t<key>Comment</key>\r\n\t\t\t\t<string>_Q12 to XQ12</string>\r\n\t\t\t\t<key>Count</key>\r\n\t\t\t\t<integer>1</integer>\r\n\t\t\t\t<key>Enabled</key>\r\n\t\t\t\t<false/>\r\n\t\t\t\t<key>Find</key>\r\n\t\t\t\t<data>X1ExMg==</data>\r\n\t\t\t\t<key>Limit</key>\r\n\t\t\t\t<integer>0</integer>\r\n\t\t\t\t<key>Mask</key>\r\n\t\t\t\t<data></data>\r\n\t\t\t\t<key>OemTableId</key>\r\n\t\t\t\t<data></data>\r\n\t\t\t\t<key>Replace</key>\r\n\t\t\t\t<data>WFExMg==</data>\r\n\t\t\t\t<key>ReplaceMask</key>\r\n\t\t\t\t<data></data>\r\n\t\t\t\t<key>Skip</key>\r\n\t\t\t\t<integer>0</integer>\r\n\t\t\t\t<key>TableLength</key>\r\n\t\t\t\t<integer>0</integer>\r\n\t\t\t\t<key>TableSignature</key>\r\n\t\t\t\t<data></data>\r\n\t\t\t</dict>\r\n\t\t</array>\r\n\t\t<key>Quirks</key>\r\n\t\t<dict>\r\n\t\t\t<key>FadtEnableReset</key>\r\n\t\t\t<false/>\r\n\t\t\t<key>NormalizeHeaders</key>\r\n\t\t\t<false/>\r\n\t\t\t<key>RebaseRegions</key>\r\n\t\t\t<false/>\r\n\t\t\t<key>ResetHwSig</key>\r\n\t\t\t<false/>\r\n\t\t\t<key>ResetLogoStatus</key>\r\n\t\t\t<false/>\r\n\t\t</dict>\r\n\t</dict>\r\n\t<key>Booter</key>\r\n\t<dict>\r\n\t\t<key>MmioWhitelist</key>\r\n\t\t<array>\r\n\t\t\t<dict>\r\n\t\t\t\t<key>Address</key>\r\n\t\t\t\t<integer>4275159040</integer>\r\n\t\t\t\t<key>Comment</key>\r\n\t\t\t\t<string>Haswell: SB_RCBA is a 0x4 page memory region, containing SPI_BASE at 0x3800 (SPI_BASE_ADDRESS)</string>\r\n\t\t\t\t<key>Enabled</key>\r\n\t\t\t\t<false/>\r\n\t\t\t</dict>\r\n\t\t\t<dict>\r\n\t\t\t\t<key>Address</key>\r\n\t\t\t\t<integer>4278190080</integer>\r\n\t\t\t\t<key>Comment</key>\r\n\t\t\t\t<string>Generic: PCI root is a 0x1000 page memory region used by some firmwares</string>\r\n\t\t\t\t<key>Enabled</key>\r\n\t\t\t\t<false/>\r\n\t\t\t</dict>\r\n\t\t</array>\r\n\t\t<key>Quirks</key>\r\n\t\t<dict>\r\n\t\t\t<key>AvoidRuntimeDefrag</key>\r\n\t\t\t<true/>\r\n\t\t\t<key>DevirtualiseMmio</key>\r\n\t\t\t<false/>\r\n\t\t\t<key>DisableSingleUser</key>\r\n\t\t\t<false/>\r\n\t\t\t<key>DisableVariableWrite</key>\r\n\t\t\t<false/>\r\n\t\t\t<key>DiscardHibernateMap</key>\r\n\t\t\t<false/>\r\n\t\t\t<key>EnableSafeModeSlide</key>\r\n\t\t\t<true/>\r\n\t\t\t<key>EnableWriteUnprotector</key>\r\n\t\t\t<true/>\r\n\t\t\t<key>ForceExitBootServices</key>\r\n\t\t\t<false/>\r\n\t\t\t<key>ProtectMemoryRegions</key>\r\n\t\t\t<false/>\r\n\t\t\t<key>ProtectSecureBoot</key>\r\n\t\t\t<false/>\r\n\t\t\t<key>ProtectUefiServices</key>\r\n\t\t\t<false/>\r\n\t\t\t<key>ProvideCustomSlide</key>\r\n\t\t\t<true/>\r\n\t\t\t<key>RebuildAppleMemoryMap</key>\r\n\t\t\t<false/>\r\n\t\t\t<key>SetupVirtualMap</key>\r\n\t\t\t<true/>\r\n\t\t\t<key>SignalAppleOS</key>\r\n\t\t\t<false/>\r\n\t\t\t<key>SyncRuntimePermissions</key>\r\n\t\t\t<false/>\r\n\t\t</dict>\r\n\t</dict>\r\n\t<key>DeviceProperties</key>\r\n\t<dict>\r\n\t\t<key>Add</key>\r\n\t\t<dict>\r\n\t\t\t<key>PciRoot(0x0)/Pci(0x1b,0x0)</key>\r\n\t\t\t<dict>\r\n\t\t\t\t<key>layout-id</key>\r\n\t\t\t\t<data>AQAAAA==</data>\r\n\t\t\t</dict>\r\n\t\t</dict>\r\n\t\t<key>Delete</key>\r\n\t\t<dict/>\r\n\t</dict>\r\n\t<key>Kernel</key>\r\n\t<dict>\r\n\t\t<key>Add</key>\r\n\t\t<array>\r\n\t\t\t<dict>\r\n\t\t\t\t<key>Comment</key>\r\n\t\t\t\t<string></string>\r\n\t\t\t\t<key>Enabled</key>\r\n\t\t\t\t<true/>\r\n\t\t\t\t<key>MaxKernel</key>\r\n\t\t\t\t<string></string>\r\n\t\t\t\t<key>MinKernel</key>\r\n\t\t\t\t<string></string>\r\n\t\t\t\t<key>BundlePath</key>\r\n\t\t\t\t<string>SmallTree-Intel-211-AT-PCIe-GBE.kext</string>\r\n\t\t\t\t<key>ExecutablePath</key>\r\n\t\t\t\t<string>Contents/MacOS/SmallTreeIntel82576</string>\r\n\t\t\t\t<key>PlistPath</key>\r\n\t\t\t\t<string>Contents/Info.plist</string>\r\n\t\t\t</dict>\r\n\t\t</array>\r\n\t\t<key>Block</key>\r\n\t\t<array>\r\n\t\t\t<dict>\r\n\t\t\t\t<key>Comment</key>\r\n\t\t\t\t<string></string>\r\n\t\t\t\t<key>Enabled</key>\r\n\t\t\t\t<false/>\r\n\t\t\t\t<key>Identifier</key>\r\n\t\t\t\t<string>com.apple.driver.AppleTyMCEDriver</string>\r\n\t\t\t\t<key>MaxKernel</key>\r\n\t\t\t\t<string></string>\r\n\t\t\t\t<key>MinKernel</key>\r\n\t\t\t\t<string></string>\r\n\t\t\t</dict>\r\n\t\t</array>\r\n\t\t<key>Emulate</key>\r\n\t\t<dict>\r\n\t\t\t<key>Cpuid1Data</key>\r\n\t\t\t<data></data>\r\n\t\t\t<key>Cpuid1Mask</key>\r\n\t\t\t<data></data>\r\n\t\t</dict>\r\n\t\t<key>Patch</key>\r\n\t\t<array>\r\n\t\t\t<dict>\r\n\t\t\t\t<key>Base</key>\r\n\t\t\t\t<string></string>\r\n\t\t\t\t<key>Comment</key>\r\n\t\t\t\t<string>algrey - commpage_populate -remove rdmsr</string>\r\n\t\t\t\t<key>Count</key>\r\n\t\t\t\t<integer>1</integer>\r\n\t\t\t\t<key>Enabled</key>\r\n\t\t\t\t<true/>\r\n\t\t\t\t<key>Find</key>\r\n\t\t\t\t<data>uaABAAAPMg==</data>\r\n\t\t\t\t<key>Identifier</key>\r\n\t\t\t\t<string>kernel</string>\r\n\t\t\t\t<key>Limit</key>\r\n\t\t\t\t<integer>0</integer>\r\n\t\t\t\t<key>Mask</key>\r\n\t\t\t\t<data></data>\r\n\t\t\t\t<key>MaxKernel</key>\r\n\t\t\t\t<string>19.99.99</string>\r\n\t\t\t\t<key>MinKernel</key>\r\n\t\t\t\t<string>17.0.0</string>\r\n\t\t\t\t<key>Replace</key>\r\n\t\t\t\t<data>Dx+AAAAAAA==</data>\r\n\t\t\t\t<key>ReplaceMask</key>\r\n\t\t\t\t<data></data>\r\n\t\t\t\t<key>Skip</key>\r\n\t\t\t\t<integer>0</integer>\r\n\t\t\t</dict>\r\n\t\t\t<dict>\r\n\t\t\t\t<key>Base</key>\r\n\t\t\t\t<string>_cpu_topology_sort</string>\r\n\t\t\t\t<key>Comment</key>\r\n\t\t\t\t<string>algrey - cpu_topology_sort -disable _x86_validate_topology</string>\r\n\t\t\t\t<key>Count</key>\r\n\t\t\t\t<integer>1</integer>\r\n\t\t\t\t<key>Enabled</key>\r\n\t\t\t\t<true/>\r\n\t\t\t\t<key>Find</key>\r\n\t\t\t\t<data>6AAA//8=</data>\r\n\t\t\t\t<key>Identifier</key>\r\n\t\t\t\t<string>kernel</string>\r\n\t\t\t\t<key>Limit</key>\r\n\t\t\t\t<integer>0</integer>\r\n\t\t\t\t<key>Mask</key>\r\n\t\t\t\t<data>/wAA//8=</data>\r\n\t\t\t\t<key>MaxKernel</key>\r\n\t\t\t\t<string>19.99.99</string>\r\n\t\t\t\t<key>MinKernel</key>\r\n\t\t\t\t<string>17.0.0</string>\r\n\t\t\t\t<key>Replace</key>\r\n\t\t\t\t<data>Dx9EAAA=</data>\r\n\t\t\t\t<key>ReplaceMask</key>\r\n\t\t\t\t<data></data>\r\n\t\t\t\t<key>Skip</key>\r\n\t\t\t\t<integer>0</integer>\r\n\t\t\t</dict>\r\n\t\t\t<dict>\r\n\t\t\t\t<key>Base</key>\r\n\t\t\t\t<string></string>\r\n\t\t\t\t<key>Comment</key>\r\n\t\t\t\t<string>algrey - cpuid_set_cache_info - cpuid 0x8000001D instead 0 - 10.15</string>\r\n\t\t\t\t<key>Count</key>\r\n\t\t\t\t<integer>1</integer>\r\n\t\t\t\t<key>Enabled</key>\r\n\t\t\t\t<true/>\r\n\t\t\t\t<key>Find</key>\r\n\t\t\t\t<data>McAx2zHJMdIPokGJxgAAAAAAAAB0</data>\r\n\t\t\t\t<key>Identifier</key>\r\n\t\t\t\t<string>kernel</string>\r\n\t\t\t\t<key>Limit</key>\r\n\t\t\t\t<integer>0</integer>\r\n\t\t\t\t<key>Mask</key>\r\n\t\t\t\t<data>/////////////////wAAAAAA////</data>\r\n\t\t\t\t<key>MaxKernel</key>\r\n\t\t\t\t<string>19.99.99</string>\r\n\t\t\t\t<key>MinKernel</key>\r\n\t\t\t\t<string>19.0.0</string>\r\n\t\t\t\t<key>Replace</key>\r\n\t\t\t\t<data>uB0AAIAx2zHJMdIPokGJxg8fQADr</data>\r\n\t\t\t\t<key>ReplaceMask</key>\r\n\t\t\t\t<data></data>\r\n\t\t\t\t<key>Skip</key>\r\n\t\t\t\t<integer>0</integer>\r\n\t\t\t</dict>\r\n\t\t\t<dict>\r\n\t\t\t\t<key>Base</key>\r\n\t\t\t\t<string></string>\r\n\t\t\t\t<key>Comment</key>\r\n\t\t\t\t<string>algrey - cpuid_set_cache_info - cpuid 0x8000001D instead 0</string>\r\n\t\t\t\t<key>Count</key>\r\n\t\t\t\t<integer>1</integer>\r\n\t\t\t\t<key>Enabled</key>\r\n\t\t\t\t<true/>\r\n\t\t\t\t<key>Find</key>\r\n\t\t\t\t<data>McAx2zHJMdIPokGJxkGJ0QAAAAAAAAA=</data>\r\n\t\t\t\t<key>Identifier</key>\r\n\t\t\t\t<string>kernel</string>\r\n\t\t\t\t<key>Limit</key>\r\n\t\t\t\t<integer>0</integer>\r\n\t\t\t\t<key>Mask</key>\r\n\t\t\t\t<data>/////////////////////wAAAAAA//8=</data>\r\n\t\t\t\t<key>MaxKernel</key>\r\n\t\t\t\t<string>18.99.99</string>\r\n\t\t\t\t<key>MinKernel</key>\r\n\t\t\t\t<string>17.0.0</string>\r\n\t\t\t\t<key>Replace</key>\r\n\t\t\t\t<data>uB0AAIAx2zHJMdIPokGJxkGJ0escZpA=</data>\r\n\t\t\t\t<key>ReplaceMask</key>\r\n\t\t\t\t<data></data>\r\n\t\t\t\t<key>Skip</key>\r\n\t\t\t\t<integer>0</integer>\r\n\t\t\t</dict>\r\n\t\t\t<dict>\r\n\t\t\t\t<key>Base</key>\r\n\t\t\t\t<string></string>\r\n\t\t\t\t<key>Comment</key>\r\n\t\t\t\t<string>algrey - cpuid_set_cache_info - cpuid 0x8000001D instead 4</string>\r\n\t\t\t\t<key>Count</key>\r\n\t\t\t\t<integer>1</integer>\r\n\t\t\t\t<key>Enabled</key>\r\n\t\t\t\t<true/>\r\n\t\t\t\t<key>Find</key>\r\n\t\t\t\t<data>uAQAAABEifFEiQ==</data>\r\n\t\t\t\t<key>Identifier</key>\r\n\t\t\t\t<string>kernel</string>\r\n\t\t\t\t<key>Limit</key>\r\n\t\t\t\t<integer>0</integer>\r\n\t\t\t\t<key>Mask</key>\r\n\t\t\t\t<data></data>\r\n\t\t\t\t<key>MaxKernel</key>\r\n\t\t\t\t<string>19.99.99</string>\r\n\t\t\t\t<key>MinKernel</key>\r\n\t\t\t\t<string>17.0.0</string>\r\n\t\t\t\t<key>Replace</key>\r\n\t\t\t\t<data>uB0AAIBEifFEiQ==</data>\r\n\t\t\t\t<key>ReplaceMask</key>\r\n\t\t\t\t<data></data>\r\n\t\t\t\t<key>Skip</key>\r\n\t\t\t\t<integer>0</integer>\r\n\t\t\t</dict>\r\n\t\t\t<dict>\r\n\t\t\t\t<key>Base</key>\r\n\t\t\t\t<string></string>\r\n\t\t\t\t<key>Comment</key>\r\n\t\t\t\t<string>algrey - cpuid_set_cache_info - don't set cpuid_cores_per_package</string>\r\n\t\t\t\t<key>Count</key>\r\n\t\t\t\t<integer>1</integer>\r\n\t\t\t\t<key>Enabled</key>\r\n\t\t\t\t<true/>\r\n\t\t\t\t<key>Find</key>\r\n\t\t\t\t<data>weAa/8A=</data>\r\n\t\t\t\t<key>Identifier</key>\r\n\t\t\t\t<string>kernel</string>\r\n\t\t\t\t<key>Limit</key>\r\n\t\t\t\t<integer>0</integer>\r\n\t\t\t\t<key>Mask</key>\r\n\t\t\t\t<data>//D///A=</data>\r\n\t\t\t\t<key>MaxKernel</key>\r\n\t\t\t\t<string>19.99.99</string>\r\n\t\t\t\t<key>MinKernel</key>\r\n\t\t\t\t<string>17.0.0</string>\r\n\t\t\t\t<key>Replace</key>\r\n\t\t\t\t<data>Dx8A6wY=</data>\r\n\t\t\t\t<key>ReplaceMask</key>\r\n\t\t\t\t<data></data>\r\n\t\t\t\t<key>Skip</key>\r\n\t\t\t\t<integer>0</integer>\r\n\t\t\t</dict>\r\n\t\t\t<dict>\r\n\t\t\t\t<key>Base</key>\r\n\t\t\t\t<string></string>\r\n\t\t\t\t<key>Comment</key>\r\n\t\t\t\t<string>algrey - - skip cpuid_cores_per_package test -10.15</string>\r\n\t\t\t\t<key>Count</key>\r\n\t\t\t\t<integer>0</integer>\r\n\t\t\t\t<key>Enabled</key>\r\n\t\t\t\t<true/>\r\n\t\t\t\t<key>Find</key>\r\n\t\t\t\t<data>gz0AAAAAAA8AAAAAAItdvA==</data>\r\n\t\t\t\t<key>Identifier</key>\r\n\t\t\t\t<string>kernel</string>\r\n\t\t\t\t<key>Limit</key>\r\n\t\t\t\t<integer>0</integer>\r\n\t\t\t\t<key>Mask</key>\r\n\t\t\t\t<data>//8AAAD///8AAAAA/////w==</data>\r\n\t\t\t\t<key>MaxKernel</key>\r\n\t\t\t\t<string>19.99.99</string>\r\n\t\t\t\t<key>MinKernel</key>\r\n\t\t\t\t<string>19.0.0</string>\r\n\t\t\t\t<key>Replace</key>\r\n\t\t\t\t<data>AAAAAAAAAQAAAAAAAAAAAA==</data>\r\n\t\t\t\t<key>ReplaceMask</key>\r\n\t\t\t\t<data>AAAAAAAADwAAAAAAAAAAAA==</data>\r\n\t\t\t\t<key>Skip</key>\r\n\t\t\t\t<integer>0</integer>\r\n\t\t\t</dict>\r\n\t\t\t<dict>\r\n\t\t\t\t<key>Base</key>\r\n\t\t\t\t<string></string>\r\n\t\t\t\t<key>Comment</key>\r\n\t\t\t\t<string>algrey - - skip cpuid_cores_per_package test</string>\r\n\t\t\t\t<key>Count</key>\r\n\t\t\t\t<integer>0</integer>\r\n\t\t\t\t<key>Enabled</key>\r\n\t\t\t\t<true/>\r\n\t\t\t\t<key>Find</key>\r\n\t\t\t\t<data>gz0AAAAAAHQAi128</data>\r\n\t\t\t\t<key>Identifier</key>\r\n\t\t\t\t<string>kernel</string>\r\n\t\t\t\t<key>Limit</key>\r\n\t\t\t\t<integer>0</integer>\r\n\t\t\t\t<key>Mask</key>\r\n\t\t\t\t<data>//8AAAD///8A////</data>\r\n\t\t\t\t<key>MaxKernel</key>\r\n\t\t\t\t<string>18.99.99</string>\r\n\t\t\t\t<key>MinKernel</key>\r\n\t\t\t\t<string>17.0.0</string>\r\n\t\t\t\t<key>Replace</key>\r\n\t\t\t\t<data>AAAAAAAAAQAAAAAA</data>\r\n\t\t\t\t<key>ReplaceMask</key>\r\n\t\t\t\t<data>AAAAAAAADwAAAAAA</data>\r\n\t\t\t\t<key>Skip</key>\r\n\t\t\t\t<integer>0</integer>\r\n\t\t\t</dict>\r\n\t\t\t<dict>\r\n\t\t\t\t<key>Base</key>\r\n\t\t\t\t<string></string>\r\n\t\t\t\t<key>Comment</key>\r\n\t\t\t\t<string>algrey - cpuid_set_generic_info - remove wrmsr</string>\r\n\t\t\t\t<key>Count</key>\r\n\t\t\t\t<integer>1</integer>\r\n\t\t\t\t<key>Enabled</key>\r\n\t\t\t\t<true/>\r\n\t\t\t\t<key>Find</key>\r\n\t\t\t\t<data>uYsAAAAxwDHSDzA=</data>\r\n\t\t\t\t<key>Identifier</key>\r\n\t\t\t\t<string>kernel</string>\r\n\t\t\t\t<key>Limit</key>\r\n\t\t\t\t<integer>0</integer>\r\n\t\t\t\t<key>Mask</key>\r\n\t\t\t\t<data></data>\r\n\t\t\t\t<key>MaxKernel</key>\r\n\t\t\t\t<string>19.99.99</string>\r\n\t\t\t\t<key>MinKernel</key>\r\n\t\t\t\t<string>17.0.0</string>\r\n\t\t\t\t<key>Replace</key>\r\n\t\t\t\t<data>Zg8fhAAAAAAAZpA=</data>\r\n\t\t\t\t<key>ReplaceMask</key>\r\n\t\t\t\t<data></data>\r\n\t\t\t\t<key>Skip</key>\r\n\t\t\t\t<integer>0</integer>\r\n\t\t\t</dict>\r\n\t\t\t<dict>\r\n\t\t\t\t<key>Base</key>\r\n\t\t\t\t<string></string>\r\n\t\t\t\t<key>Comment</key>\r\n\t\t\t\t<string>algrey - cpuid_set_generic_info - set microcode=186</string>\r\n\t\t\t\t<key>Count</key>\r\n\t\t\t\t<integer>1</integer>\r\n\t\t\t\t<key>Enabled</key>\r\n\t\t\t\t<true/>\r\n\t\t\t\t<key>Find</key>\r\n\t\t\t\t<data>uYsAAAAPMg==</data>\r\n\t\t\t\t<key>Identifier</key>\r\n\t\t\t\t<string>kernel</string>\r\n\t\t\t\t<key>Limit</key>\r\n\t\t\t\t<integer>0</integer>\r\n\t\t\t\t<key>Mask</key>\r\n\t\t\t\t<data></data>\r\n\t\t\t\t<key>MaxKernel</key>\r\n\t\t\t\t<string>19.99.99</string>\r\n\t\t\t\t<key>MinKernel</key>\r\n\t\t\t\t<string>17.0.0</string>\r\n\t\t\t\t<key>Replace</key>\r\n\t\t\t\t<data>uroAAABmkA==</data>\r\n\t\t\t\t<key>ReplaceMask</key>\r\n\t\t\t\t<data></data>\r\n\t\t\t\t<key>Skip</key>\r\n\t\t\t\t<integer>0</integer>\r\n\t\t\t</dict>\r\n\t\t\t<dict>\r\n\t\t\t\t<key>Base</key>\r\n\t\t\t\t<string></string>\r\n\t\t\t\t<key>Comment</key>\r\n\t\t\t\t<string>algrey - cpuid_set_generic_info - set flag=1</string>\r\n\t\t\t\t<key>Count</key>\r\n\t\t\t\t<integer>1</integer>\r\n\t\t\t\t<key>Enabled</key>\r\n\t\t\t\t<true/>\r\n\t\t\t\t<key>Find</key>\r\n\t\t\t\t<data>uRcAAAAPMsHqEoDiBw==</data>\r\n\t\t\t\t<key>Identifier</key>\r\n\t\t\t\t<string>kernel</string>\r\n\t\t\t\t<key>Limit</key>\r\n\t\t\t\t<integer>0</integer>\r\n\t\t\t\t<key>Mask</key>\r\n\t\t\t\t<data></data>\r\n\t\t\t\t<key>MaxKernel</key>\r\n\t\t\t\t<string>19.99.99</string>\r\n\t\t\t\t<key>MinKernel</key>\r\n\t\t\t\t<string>17.0.0</string>\r\n\t\t\t\t<key>Replace</key>\r\n\t\t\t\t<data>sgFmDx+EAAAAAABmkA==</data>\r\n\t\t\t\t<key>ReplaceMask</key>\r\n\t\t\t\t<data></data>\r\n\t\t\t\t<key>Skip</key>\r\n\t\t\t\t<integer>0</integer>\r\n\t\t\t</dict>\r\n\t\t\t<dict>\r\n\t\t\t\t<key>Base</key>\r\n\t\t\t\t<string></string>\r\n\t\t\t\t<key>Comment</key>\r\n\t\t\t\t<string>algrey - cpuid_set_generic_info - disable check to allow leaf7</string>\r\n\t\t\t\t<key>Count</key>\r\n\t\t\t\t<integer>1</integer>\r\n\t\t\t\t<key>Enabled</key>\r\n\t\t\t\t<true/>\r\n\t\t\t\t<key>Find</key>\r\n\t\t\t\t<data>ADoPgg==</data>\r\n\t\t\t\t<key>Identifier</key>\r\n\t\t\t\t<string>kernel</string>\r\n\t\t\t\t<key>Limit</key>\r\n\t\t\t\t<integer>0</integer>\r\n\t\t\t\t<key>Mask</key>\r\n\t\t\t\t<data></data>\r\n\t\t\t\t<key>MaxKernel</key>\r\n\t\t\t\t<string>19.99.99</string>\r\n\t\t\t\t<key>MinKernel</key>\r\n\t\t\t\t<string>17.0.0</string>\r\n\t\t\t\t<key>Replace</key>\r\n\t\t\t\t<data>AAAPgg==</data>\r\n\t\t\t\t<key>ReplaceMask</key>\r\n\t\t\t\t<data></data>\r\n\t\t\t\t<key>Skip</key>\r\n\t\t\t\t<integer>0</integer>\r\n\t\t\t</dict>\r\n\t\t\t<dict>\r\n\t\t\t\t<key>Base</key>\r\n\t\t\t\t<string></string>\r\n\t\t\t\t<key>Comment</key>\r\n\t\t\t\t<string>algrey - cpuid_set_info - GenuineIntel to AuthenticAMD </string>\r\n\t\t\t\t<key>Count</key>\r\n\t\t\t\t<integer>1</integer>\r\n\t\t\t\t<key>Enabled</key>\r\n\t\t\t\t<true/>\r\n\t\t\t\t<key>Find</key>\r\n\t\t\t\t<data>R2VudWluZUludGVsAA==</data>\r\n\t\t\t\t<key>Identifier</key>\r\n\t\t\t\t<string>kernel</string>\r\n\t\t\t\t<key>Limit</key>\r\n\t\t\t\t<integer>0</integer>\r\n\t\t\t\t<key>Mask</key>\r\n\t\t\t\t<data></data>\r\n\t\t\t\t<key>MaxKernel</key>\r\n\t\t\t\t<string>19.99.99</string>\r\n\t\t\t\t<key>MinKernel</key>\r\n\t\t\t\t<string>17.0.0</string>\r\n\t\t\t\t<key>Replace</key>\r\n\t\t\t\t<data>QXV0aGVudGljQU1EAA==</data>\r\n\t\t\t\t<key>ReplaceMask</key>\r\n\t\t\t\t<data></data>\r\n\t\t\t\t<key>Skip</key>\r\n\t\t\t\t<integer>0</integer>\r\n\t\t\t</dict>\r\n\t\t\t<dict>\r\n\t\t\t\t<key>Base</key>\r\n\t\t\t\t<string></string>\r\n\t\t\t\t<key>Comment</key>\r\n\t\t\t\t<string>algrey - cpuid_set_cpufamily - force CPUFAMILY_INTEL_PENRYN</string>\r\n\t\t\t\t<key>Count</key>\r\n\t\t\t\t<integer>1</integer>\r\n\t\t\t\t<key>Enabled</key>\r\n\t\t\t\t<true/>\r\n\t\t\t\t<key>Find</key>\r\n\t\t\t\t<data>MduAPQAAAAAGdQA=</data>\r\n\t\t\t\t<key>Identifier</key>\r\n\t\t\t\t<string>kernel</string>\r\n\t\t\t\t<key>Limit</key>\r\n\t\t\t\t<integer>0</integer>\r\n\t\t\t\t<key>Mask</key>\r\n\t\t\t\t<data>/////wAAAP///wA=</data>\r\n\t\t\t\t<key>MaxKernel</key>\r\n\t\t\t\t<string>19.99.99</string>\r\n\t\t\t\t<key>MinKernel</key>\r\n\t\t\t\t<string>17.0.0</string>\r\n\t\t\t\t<key>Replace</key>\r\n\t\t\t\t<data>u7xP6njpXQAAAJA=</data>\r\n\t\t\t\t<key>ReplaceMask</key>\r\n\t\t\t\t<data></data>\r\n\t\t\t\t<key>Skip</key>\r\n\t\t\t\t<integer>0</integer>\r\n\t\t\t</dict>\r\n\t\t\t<dict>\r\n\t\t\t\t<key>Base</key>\r\n\t\t\t\t<string>_cpuid_set_info</string>\r\n\t\t\t\t<key>Comment</key>\r\n\t\t\t\t<string>algrey - cpuid_set_info - jmp to calculations and set cpuid_cores_per_package - 10.15</string>\r\n\t\t\t\t<key>Count</key>\r\n\t\t\t\t<integer>1</integer>\r\n\t\t\t\t<key>Enabled</key>\r\n\t\t\t\t<true/>\r\n\t\t\t\t<key>Find</key>\r\n\t\t\t\t<data>dXHoAAAAAEiLBQAAAABIiQUAAAAA</data>\r\n\t\t\t\t<key>Identifier</key>\r\n\t\t\t\t<string>kernel</string>\r\n\t\t\t\t<key>Limit</key>\r\n\t\t\t\t<integer>0</integer>\r\n\t\t\t\t<key>Mask</key>\r\n\t\t\t\t<data>////AAAAAP///wAAAAD///8AAAAA</data>\r\n\t\t\t\t<key>MaxKernel</key>\r\n\t\t\t\t<string>19.99.99</string>\r\n\t\t\t\t<key>MinKernel</key>\r\n\t\t\t\t<string>19.0.0</string>\r\n\t\t\t\t<key>Replace</key>\r\n\t\t\t\t<data>dE4AAAAAAJCJDQAAAADpfgAAAGaQ</data>\r\n\t\t\t\t<key>ReplaceMask</key>\r\n\t\t\t\t<data>//8AAAAAAP///wAAAAD/////////</data>\r\n\t\t\t\t<key>Skip</key>\r\n\t\t\t\t<integer>0</integer>\r\n\t\t\t</dict>\r\n\t\t\t<dict>\r\n\t\t\t\t<key>Base</key>\r\n\t\t\t\t<string>_cpuid_set_info</string>\r\n\t\t\t\t<key>Comment</key>\r\n\t\t\t\t<string>algrey - cpuid_set_info - cores and threads calculations - 10.15</string>\r\n\t\t\t\t<key>Count</key>\r\n\t\t\t\t<integer>1</integer>\r\n\t\t\t\t<key>Enabled</key>\r\n\t\t\t\t<true/>\r\n\t\t\t\t<key>Find</key>\r\n\t\t\t\t<data>uTUAAAAPMkjB4iCJwUgJ0bkBAAEAD0XID7fBwekQg+EP6x65NQAAAA8ySMHiIInBSAnRuQEAAQAPRcgPt8HB6RA=</data>\r\n\t\t\t\t<key>Identifier</key>\r\n\t\t\t\t<string>kernel</string>\r\n\t\t\t\t<key>Limit</key>\r\n\t\t\t\t<integer>0</integer>\r\n\t\t\t\t<key>Mask</key>\r\n\t\t\t\t<data></data>\r\n\t\t\t\t<key>MaxKernel</key>\r\n\t\t\t\t<string>19.99.99</string>\r\n\t\t\t\t<key>MinKernel</key>\r\n\t\t\t\t<string>19.0.0</string>\r\n\t\t\t\t<key>Replace</key>\r\n\t\t\t\t<data>uAgAAIAx2zHJMdIPokGJzkUPtvZB/8a4HgAAgDHbMckx0g+iD7b3/8ZEifEx0onI9/aJwUSJ8Ol8////Dx9EAAA=</data>\r\n\t\t\t\t<key>ReplaceMask</key>\r\n\t\t\t\t<data></data>\r\n\t\t\t\t<key>Skip</key>\r\n\t\t\t\t<integer>0</integer>\r\n\t\t\t</dict>\r\n\t\t\t<dict>\r\n\t\t\t\t<key>Base</key>\r\n\t\t\t\t<string></string>\r\n\t\t\t\t<key>Comment</key>\r\n\t\t\t\t<string>algrey - cpuid_set_info - ryzen cores and logicals count - part 1 - 10.13</string>\r\n\t\t\t\t<key>Count</key>\r\n\t\t\t\t<integer>1</integer>\r\n\t\t\t\t<key>Enabled</key>\r\n\t\t\t\t<true/>\r\n\t\t\t\t<key>Find</key>\r\n\t\t\t\t<data>6xa5NQAAAA==</data>\r\n\t\t\t\t<key>Identifier</key>\r\n\t\t\t\t<string>kernel</string>\r\n\t\t\t\t<key>Limit</key>\r\n\t\t\t\t<integer>0</integer>\r\n\t\t\t\t<key>Mask</key>\r\n\t\t\t\t<data></data>\r\n\t\t\t\t<key>MaxKernel</key>\r\n\t\t\t\t<string>17.99.99</string>\r\n\t\t\t\t<key>MinKernel</key>\r\n\t\t\t\t<string>17.0.0</string>\r\n\t\t\t\t<key>Replace</key>\r\n\t\t\t\t<data>6yK5NQAAAA==</data>\r\n\t\t\t\t<key>ReplaceMask</key>\r\n\t\t\t\t<data></data>\r\n\t\t\t\t<key>Skip</key>\r\n\t\t\t\t<integer>0</integer>\r\n\t\t\t</dict>\r\n\t\t\t<dict>\r\n\t\t\t\t<key>Base</key>\r\n\t\t\t\t<string></string>\r\n\t\t\t\t<key>Comment</key>\r\n\t\t\t\t<string>algrey - cpuid_set_info - ryzen cores and logicals count - part 1 - 10.14</string>\r\n\t\t\t\t<key>Count</key>\r\n\t\t\t\t<integer>1</integer>\r\n\t\t\t\t<key>Enabled</key>\r\n\t\t\t\t<true/>\r\n\t\t\t\t<key>Find</key>\r\n\t\t\t\t<data>6zi5NQAAAA==</data>\r\n\t\t\t\t<key>Identifier</key>\r\n\t\t\t\t<string>kernel</string>\r\n\t\t\t\t<key>Limit</key>\r\n\t\t\t\t<integer>0</integer>\r\n\t\t\t\t<key>Mask</key>\r\n\t\t\t\t<data></data>\r\n\t\t\t\t<key>MaxKernel</key>\r\n\t\t\t\t<string>18.99.99</string>\r\n\t\t\t\t<key>MinKernel</key>\r\n\t\t\t\t<string>18.0.0</string>\r\n\t\t\t\t<key>Replace</key>\r\n\t\t\t\t<data>6xK5NQAAAA==</data>\r\n\t\t\t\t<key>ReplaceMask</key>\r\n\t\t\t\t<data></data>\r\n\t\t\t\t<key>Skip</key>\r\n\t\t\t\t<integer>0</integer>\r\n\t\t\t</dict>\r\n\t\t\t<dict>\r\n\t\t\t\t<key>Base</key>\r\n\t\t\t\t<string>_cpuid_set_info</string>\r\n\t\t\t\t<key>Comment</key>\r\n\t\t\t\t<string>algrey - cpuid_set_info - ryzen cores and logicals count - part 2</string>\r\n\t\t\t\t<key>Count</key>\r\n\t\t\t\t<integer>1</integer>\r\n\t\t\t\t<key>Enabled</key>\r\n\t\t\t\t<true/>\r\n\t\t\t\t<key>Find</key>\r\n\t\t\t\t<data>uTUAAAAPMkjB4iAAAAAAAAAAAAAAAAAAAAAAAAAAAAA=</data>\r\n\t\t\t\t<key>Identifier</key>\r\n\t\t\t\t<string>kernel</string>\r\n\t\t\t\t<key>Limit</key>\r\n\t\t\t\t<integer>0</integer>\r\n\t\t\t\t<key>Mask</key>\r\n\t\t\t\t<data>//////////////8AAAAAAAAAAAAAAAAAAAAAAAAAAAA=</data>\r\n\t\t\t\t<key>MaxKernel</key>\r\n\t\t\t\t<string>18.99.99</string>\r\n\t\t\t\t<key>MinKernel</key>\r\n\t\t\t\t<string>17.0.0</string>\r\n\t\t\t\t<key>Replace</key>\r\n\t\t\t\t<data>QYnOuB4AAIAx2zHJMdIPog+29//GRInxMdKJyPf2ZpA=</data>\r\n\t\t\t\t<key>ReplaceMask</key>\r\n\t\t\t\t<data></data>\r\n\t\t\t\t<key>Skip</key>\r\n\t\t\t\t<integer>0</integer>\r\n\t\t\t</dict>\r\n\t\t\t<dict>\r\n\t\t\t\t<key>Base</key>\r\n\t\t\t\t<string>_cpuid_set_info</string>\r\n\t\t\t\t<key>Comment</key>\r\n\t\t\t\t<string>algrey - cpuid_set_info - ryzen cores and logicals count - part 3 - 10.13</string>\r\n\t\t\t\t<key>Count</key>\r\n\t\t\t\t<integer>1</integer>\r\n\t\t\t\t<key>Enabled</key>\r\n\t\t\t\t<true/>\r\n\t\t\t\t<key>Find</key>\r\n\t\t\t\t<data>iQUAAAAAiRUAAAAAhcB1GA==</data>\r\n\t\t\t\t<key>Identifier</key>\r\n\t\t\t\t<string>kernel</string>\r\n\t\t\t\t<key>Limit</key>\r\n\t\t\t\t<integer>0</integer>\r\n\t\t\t\t<key>Mask</key>\r\n\t\t\t\t<data>//8AAAD///8AAAD//////w==</data>\r\n\t\t\t\t<key>MaxKernel</key>\r\n\t\t\t\t<string>17.99.99</string>\r\n\t\t\t\t<key>MinKernel</key>\r\n\t\t\t\t<string>17.0.0</string>\r\n\t\t\t\t<key>Replace</key>\r\n\t\t\t\t<data>Dx+EAAAAAAAPH4QAAAAAAA==</data>\r\n\t\t\t\t<key>ReplaceMask</key>\r\n\t\t\t\t<data></data>\r\n\t\t\t\t<key>Skip</key>\r\n\t\t\t\t<integer>0</integer>\r\n\t\t\t</dict>\r\n\t\t\t<dict>\r\n\t\t\t\t<key>Base</key>\r\n\t\t\t\t<string>_cpuid_set_info</string>\r\n\t\t\t\t<key>Comment</key>\r\n\t\t\t\t<string>algrey - cpuid_set_info - ryzen cores and logicals count - part 3 - 10.14</string>\r\n\t\t\t\t<key>Count</key>\r\n\t\t\t\t<integer>1</integer>\r\n\t\t\t\t<key>Enabled</key>\r\n\t\t\t\t<true/>\r\n\t\t\t\t<key>Find</key>\r\n\t\t\t\t<data>hcB0</data>\r\n\t\t\t\t<key>Identifier</key>\r\n\t\t\t\t<string>kernel</string>\r\n\t\t\t\t<key>Limit</key>\r\n\t\t\t\t<integer>0</integer>\r\n\t\t\t\t<key>Mask</key>\r\n\t\t\t\t<data></data>\r\n\t\t\t\t<key>MaxKernel</key>\r\n\t\t\t\t<string>18.99.99</string>\r\n\t\t\t\t<key>MinKernel</key>\r\n\t\t\t\t<string>18.0.0</string>\r\n\t\t\t\t<key>Replace</key>\r\n\t\t\t\t<data>ZpDr</data>\r\n\t\t\t\t<key>ReplaceMask</key>\r\n\t\t\t\t<data></data>\r\n\t\t\t\t<key>Skip</key>\r\n\t\t\t\t<integer>1</integer>\r\n\t\t\t</dict>\r\n\t\t\t<dict>\r\n\t\t\t\t<key>Base</key>\r\n\t\t\t\t<string>_cpuid_set_info</string>\r\n\t\t\t\t<key>Comment</key>\r\n\t\t\t\t<string>algrey - cpuid_set_info - ryzen cores and logicals count - part 4 - 10.13</string>\r\n\t\t\t\t<key>Count</key>\r\n\t\t\t\t<integer>1</integer>\r\n\t\t\t\t<key>Enabled</key>\r\n\t\t\t\t<true/>\r\n\t\t\t\t<key>Find</key>\r\n\t\t\t\t<data>iwUAAAAAiQAAAAAAiwU=</data>\r\n\t\t\t\t<key>Identifier</key>\r\n\t\t\t\t<string>kernel</string>\r\n\t\t\t\t<key>Limit</key>\r\n\t\t\t\t<integer>0</integer>\r\n\t\t\t\t<key>Mask</key>\r\n\t\t\t\t<data>//8AAAD//wAAAAD///8=</data>\r\n\t\t\t\t<key>MaxKernel</key>\r\n\t\t\t\t<string>17.99.99</string>\r\n\t\t\t\t<key>MinKernel</key>\r\n\t\t\t\t<string>17.0.0</string>\r\n\t\t\t\t<key>Replace</key>\r\n\t\t\t\t<data>iQAAAAAAAAAAAAAAAAA=</data>\r\n\t\t\t\t<key>ReplaceMask</key>\r\n\t\t\t\t<data>/wAAAAAAAAAAAAAAAAA=</data>\r\n\t\t\t\t<key>Skip</key>\r\n\t\t\t\t<integer>0</integer>\r\n\t\t\t</dict>\r\n\t\t\t<dict>\r\n\t\t\t\t<key>Base</key>\r\n\t\t\t\t<string>_cpuid_set_info</string>\r\n\t\t\t\t<key>Comment</key>\r\n\t\t\t\t<string>algrey - cpuid_set_info - ryzen cores and logicals count - part 4 - 10.14</string>\r\n\t\t\t\t<key>Count</key>\r\n\t\t\t\t<integer>1</integer>\r\n\t\t\t\t<key>Enabled</key>\r\n\t\t\t\t<true/>\r\n\t\t\t\t<key>Find</key>\r\n\t\t\t\t<data>SIsFAAAAAEiJBQAAAAA=</data>\r\n\t\t\t\t<key>Identifier</key>\r\n\t\t\t\t<string>kernel</string>\r\n\t\t\t\t<key>Limit</key>\r\n\t\t\t\t<integer>0</integer>\r\n\t\t\t\t<key>Mask</key>\r\n\t\t\t\t<data>////AAAA/////wAAAP8=</data>\r\n\t\t\t\t<key>MaxKernel</key>\r\n\t\t\t\t<string>18.99.99</string>\r\n\t\t\t\t<key>MinKernel</key>\r\n\t\t\t\t<string>18.0.0</string>\r\n\t\t\t\t<key>Replace</key>\r\n\t\t\t\t<data>kIkAAAAAAJAAAAAAAAA=</data>\r\n\t\t\t\t<key>ReplaceMask</key>\r\n\t\t\t\t<data>//8AAAAAAP8AAAAAAAA=</data>\r\n\t\t\t\t<key>Skip</key>\r\n\t\t\t\t<integer>0</integer>\r\n\t\t\t</dict>\r\n\t\t\t<dict>\r\n\t\t\t\t<key>Base</key>\r\n\t\t\t\t<string></string>\r\n\t\t\t\t<key>Comment</key>\r\n\t\t\t\t<string>algrey - i386_init - remove rdmsr (x3)</string>\r\n\t\t\t\t<key>Count</key>\r\n\t\t\t\t<integer>0</integer>\r\n\t\t\t\t<key>Enabled</key>\r\n\t\t\t\t<true/>\r\n\t\t\t\t<key>Find</key>\r\n\t\t\t\t<data>uZkBAAAPMkjB4iCJxkgJ1rmYAQAADzJIweIgicBICcK/WAIxBTHJRTHA</data>\r\n\t\t\t\t<key>Identifier</key>\r\n\t\t\t\t<string>kernel</string>\r\n\t\t\t\t<key>Limit</key>\r\n\t\t\t\t<integer>0</integer>\r\n\t\t\t\t<key>Mask</key>\r\n\t\t\t\t<data></data>\r\n\t\t\t\t<key>MaxKernel</key>\r\n\t\t\t\t<string>19.99.99</string>\r\n\t\t\t\t<key>MinKernel</key>\r\n\t\t\t\t<string>17.0.0</string>\r\n\t\t\t\t<key>Replace</key>\r\n\t\t\t\t<data>Zg8fhAAAAAAAZg8fhAAAAAAAZg8fhAAAAAAAZg8fhAAAAAAAZg8fRAAA</data>\r\n\t\t\t\t<key>ReplaceMask</key>\r\n\t\t\t\t<data></data>\r\n\t\t\t\t<key>Skip</key>\r\n\t\t\t\t<integer>0</integer>\r\n\t\t\t</dict>\r\n\t\t\t<dict>\r\n\t\t\t\t<key>Base</key>\r\n\t\t\t\t<string></string>\r\n\t\t\t\t<key>Comment</key>\r\n\t\t\t\t<string>algrey - tsc_init - remove Penryn check to execute default case 10.14.1-.3</string>\r\n\t\t\t\t<key>Count</key>\r\n\t\t\t\t<integer>1</integer>\r\n\t\t\t\t<key>Enabled</key>\r\n\t\t\t\t<true/>\r\n\t\t\t\t<key>Find</key>\r\n\t\t\t\t<data>gfm8T+p4D4TFAQAA</data>\r\n\t\t\t\t<key>Identifier</key>\r\n\t\t\t\t<string>kernel</string>\r\n\t\t\t\t<key>Limit</key>\r\n\t\t\t\t<integer>0</integer>\r\n\t\t\t\t<key>Mask</key>\r\n\t\t\t\t<data></data>\r\n\t\t\t\t<key>MaxKernel</key>\r\n\t\t\t\t<string>18.99.99</string>\r\n\t\t\t\t<key>MinKernel</key>\r\n\t\t\t\t<string>18.0.0</string>\r\n\t\t\t\t<key>Replace</key>\r\n\t\t\t\t<data>ZmZmDx+EAAAAAACQ</data>\r\n\t\t\t\t<key>ReplaceMask</key>\r\n\t\t\t\t<data></data>\r\n\t\t\t\t<key>Skip</key>\r\n\t\t\t\t<integer>0</integer>\r\n\t\t\t</dict>\r\n\t\t\t<dict>\r\n\t\t\t\t<key>Base</key>\r\n\t\t\t\t<string></string>\r\n\t\t\t\t<key>Comment</key>\r\n\t\t\t\t<string>algrey - tsc_init - remove Penryn check to execute default case</string>\r\n\t\t\t\t<key>Count</key>\r\n\t\t\t\t<integer>1</integer>\r\n\t\t\t\t<key>Enabled</key>\r\n\t\t\t\t<true/>\r\n\t\t\t\t<key>Find</key>\r\n\t\t\t\t<data>PbxP6ngPhAABAAA=</data>\r\n\t\t\t\t<key>Identifier</key>\r\n\t\t\t\t<string>kernel</string>\r\n\t\t\t\t<key>Limit</key>\r\n\t\t\t\t<integer>0</integer>\r\n\t\t\t\t<key>Mask</key>\r\n\t\t\t\t<data>/////////wD///8=</data>\r\n\t\t\t\t<key>MaxKernel</key>\r\n\t\t\t\t<string>19.99.99</string>\r\n\t\t\t\t<key>MinKernel</key>\r\n\t\t\t\t<string>17.0.0</string>\r\n\t\t\t\t<key>Replace</key>\r\n\t\t\t\t<data>ZmZmDx+EAAAAAAA=</data>\r\n\t\t\t\t<key>ReplaceMask</key>\r\n\t\t\t\t<data></data>\r\n\t\t\t\t<key>Skip</key>\r\n\t\t\t\t<integer>0</integer>\r\n\t\t\t</dict>\r\n\t\t\t<dict>\r\n\t\t\t\t<key>Base</key>\r\n\t\t\t\t<string></string>\r\n\t\t\t\t<key>Comment</key>\r\n\t\t\t\t<string>algrey - tsc_init - grab DID and VID from MSR</string>\r\n\t\t\t\t<key>Count</key>\r\n\t\t\t\t<integer>1</integer>\r\n\t\t\t\t<key>Enabled</key>\r\n\t\t\t\t<true/>\r\n\t\t\t\t<key>Find</key>\r\n\t\t\t\t<data>uZQBAAAPMonDuc4AAAAPMg+2zokNAAAAAA+2xIkFAAAAAA==</data>\r\n\t\t\t\t<key>Identifier</key>\r\n\t\t\t\t<string>kernel</string>\r\n\t\t\t\t<key>Limit</key>\r\n\t\t\t\t<integer>0</integer>\r\n\t\t\t\t<key>Mask</key>\r\n\t\t\t\t<data>////////////////////////////AAAA////////AAAA/w==</data>\r\n\t\t\t\t<key>MaxKernel</key>\r\n\t\t\t\t<string>19.99.99</string>\r\n\t\t\t\t<key>MinKernel</key>\r\n\t\t\t\t<string>17.0.0</string>\r\n\t\t\t\t<key>Replace</key>\r\n\t\t\t\t<data>uWQAAcAPMg+2yInGwe4Ig+Y/RTH/MdJIichI9/ZIAcBmkA==</data>\r\n\t\t\t\t<key>ReplaceMask</key>\r\n\t\t\t\t<data></data>\r\n\t\t\t\t<key>Skip</key>\r\n\t\t\t\t<integer>0</integer>\r\n\t\t\t</dict>\r\n\t\t\t<dict>\r\n\t\t\t\t<key>Base</key>\r\n\t\t\t\t<string>_tsc_init</string>\r\n\t\t\t\t<key>Comment</key>\r\n\t\t\t\t<string>algrey - tsc_init - skip msr_flex_ratio test and go grab FSBFrequency from EFI</string>\r\n\t\t\t\t<key>Count</key>\r\n\t\t\t\t<integer>1</integer>\r\n\t\t\t\t<key>Enabled</key>\r\n\t\t\t\t<true/>\r\n\t\t\t\t<key>Find</key>\r\n\t\t\t\t<data>98MAAAEAdA==</data>\r\n\t\t\t\t<key>Identifier</key>\r\n\t\t\t\t<string>kernel</string>\r\n\t\t\t\t<key>Limit</key>\r\n\t\t\t\t<integer>0</integer>\r\n\t\t\t\t<key>Mask</key>\r\n\t\t\t\t<data></data>\r\n\t\t\t\t<key>MaxKernel</key>\r\n\t\t\t\t<string>19.99.99</string>\r\n\t\t\t\t<key>MinKernel</key>\r\n\t\t\t\t<string>17.0.0</string>\r\n\t\t\t\t<key>Replace</key>\r\n\t\t\t\t<data>Zg8fRAAA6w==</data>\r\n\t\t\t\t<key>ReplaceMask</key>\r\n\t\t\t\t<data></data>\r\n\t\t\t\t<key>Skip</key>\r\n\t\t\t\t<integer>0</integer>\r\n\t\t\t</dict>\r\n\t\t\t<dict>\r\n\t\t\t\t<key>Base</key>\r\n\t\t\t\t<string></string>\r\n\t\t\t\t<key>Comment</key>\r\n\t\t\t\t<string>algrey - lapic_init - remove version check and panic - 10.15</string>\r\n\t\t\t\t<key>Count</key>\r\n\t\t\t\t<integer>1</integer>\r\n\t\t\t\t<key>Enabled</key>\r\n\t\t\t\t<true/>\r\n\t\t\t\t<key>Find</key>\r\n\t\t\t\t<data>g/gTdl4=</data>\r\n\t\t\t\t<key>Identifier</key>\r\n\t\t\t\t<string>kernel</string>\r\n\t\t\t\t<key>Limit</key>\r\n\t\t\t\t<integer>0</integer>\r\n\t\t\t\t<key>Mask</key>\r\n\t\t\t\t<data></data>\r\n\t\t\t\t<key>MaxKernel</key>\r\n\t\t\t\t<string>19.99.99</string>\r\n\t\t\t\t<key>MinKernel</key>\r\n\t\t\t\t<string>19.0.0</string>\r\n\t\t\t\t<key>Replace</key>\r\n\t\t\t\t<data>Dx9EAAA=</data>\r\n\t\t\t\t<key>ReplaceMask</key>\r\n\t\t\t\t<data></data>\r\n\t\t\t\t<key>Skip</key>\r\n\t\t\t\t<integer>0</integer>\r\n\t\t\t</dict>\r\n\t\t\t<dict>\r\n\t\t\t\t<key>Base</key>\r\n\t\t\t\t<string></string>\r\n\t\t\t\t<key>Comment</key>\r\n\t\t\t\t<string>algrey - lapic_init - remove version check and panic</string>\r\n\t\t\t\t<key>Count</key>\r\n\t\t\t\t<integer>1</integer>\r\n\t\t\t\t<key>Enabled</key>\r\n\t\t\t\t<true/>\r\n\t\t\t\t<key>Find</key>\r\n\t\t\t\t<data>JfwAAACD+BM=</data>\r\n\t\t\t\t<key>Identifier</key>\r\n\t\t\t\t<string>kernel</string>\r\n\t\t\t\t<key>Limit</key>\r\n\t\t\t\t<integer>0</integer>\r\n\t\t\t\t<key>Mask</key>\r\n\t\t\t\t<data></data>\r\n\t\t\t\t<key>MaxKernel</key>\r\n\t\t\t\t<string>18.99.99</string>\r\n\t\t\t\t<key>MinKernel</key>\r\n\t\t\t\t<string>17.0.0</string>\r\n\t\t\t\t<key>Replace</key>\r\n\t\t\t\t<data>JfAAAADrI5A=</data>\r\n\t\t\t\t<key>ReplaceMask</key>\r\n\t\t\t\t<data></data>\r\n\t\t\t\t<key>Skip</key>\r\n\t\t\t\t<integer>0</integer>\r\n\t\t\t</dict>\r\n\t\t\t<dict>\r\n\t\t\t\t<key>Base</key>\r\n\t\t\t\t<string></string>\r\n\t\t\t\t<key>Comment</key>\r\n\t\t\t\t<string>algrey - lapic_interrupt - skip checks and prevent panic - 10.15</string>\r\n\t\t\t\t<key>Count</key>\r\n\t\t\t\t<integer>1</integer>\r\n\t\t\t\t<key>Enabled</key>\r\n\t\t\t\t<true/>\r\n\t\t\t\t<key>Find</key>\r\n\t\t\t\t<data>gz0AAAAAAHQO</data>\r\n\t\t\t\t<key>Identifier</key>\r\n\t\t\t\t<string>kernel</string>\r\n\t\t\t\t<key>Limit</key>\r\n\t\t\t\t<integer>0</integer>\r\n\t\t\t\t<key>Mask</key>\r\n\t\t\t\t<data>//8AAAD/////</data>\r\n\t\t\t\t<key>MaxKernel</key>\r\n\t\t\t\t<string>19.99.99</string>\r\n\t\t\t\t<key>MinKernel</key>\r\n\t\t\t\t<string>19.0.0</string>\r\n\t\t\t\t<key>Replace</key>\r\n\t\t\t\t<data>6zkPH4AAAAAA</data>\r\n\t\t\t\t<key>ReplaceMask</key>\r\n\t\t\t\t<data></data>\r\n\t\t\t\t<key>Skip</key>\r\n\t\t\t\t<integer>0</integer>\r\n\t\t\t</dict>\r\n\t\t\t<dict>\r\n\t\t\t\t<key>Base</key>\r\n\t\t\t\t<string>_lapic_interrupt</string>\r\n\t\t\t\t<key>Comment</key>\r\n\t\t\t\t<string>algrey - lapic_interrupt - skip checks and prevent panic</string>\r\n\t\t\t\t<key>Count</key>\r\n\t\t\t\t<integer>1</integer>\r\n\t\t\t\t<key>Enabled</key>\r\n\t\t\t\t<true/>\r\n\t\t\t\t<key>Find</key>\r\n\t\t\t\t<data>gz0AAAAAAHQK</data>\r\n\t\t\t\t<key>Identifier</key>\r\n\t\t\t\t<string>kernel</string>\r\n\t\t\t\t<key>Limit</key>\r\n\t\t\t\t<integer>250</integer>\r\n\t\t\t\t<key>Mask</key>\r\n\t\t\t\t<data>//8AAAD/////</data>\r\n\t\t\t\t<key>MaxKernel</key>\r\n\t\t\t\t<string>18.99.99</string>\r\n\t\t\t\t<key>MinKernel</key>\r\n\t\t\t\t<string>17.0.0</string>\r\n\t\t\t\t<key>Replace</key>\r\n\t\t\t\t<data>60gPH4AAAAAA</data>\r\n\t\t\t\t<key>ReplaceMask</key>\r\n\t\t\t\t<data></data>\r\n\t\t\t\t<key>Skip</key>\r\n\t\t\t\t<integer>0</integer>\r\n\t\t\t</dict>\r\n\t\t\t<dict>\r\n\t\t\t\t<key>Base</key>\r\n\t\t\t\t<string></string>\r\n\t\t\t\t<key>Comment</key>\r\n\t\t\t\t<string>algrey - mtrr_update_action - fix PAT</string>\r\n\t\t\t\t<key>Count</key>\r\n\t\t\t\t<integer>0</integer>\r\n\t\t\t\t<key>Enabled</key>\r\n\t\t\t\t<true/>\r\n\t\t\t\t<key>Find</key>\r\n\t\t\t\t<data>icCB4v//AP+BygAAAQC5dwIAAA==</data>\r\n\t\t\t\t<key>Identifier</key>\r\n\t\t\t\t<string>kernel</string>\r\n\t\t\t\t<key>Limit</key>\r\n\t\t\t\t<integer>0</integer>\r\n\t\t\t\t<key>Mask</key>\r\n\t\t\t\t<data>////////D////////////////w==</data>\r\n\t\t\t\t<key>MaxKernel</key>\r\n\t\t\t\t<string>19.99.99</string>\r\n\t\t\t\t<key>MinKernel</key>\r\n\t\t\t\t<string>17.0.0</string>\r\n\t\t\t\t<key>Replace</key>\r\n\t\t\t\t<data>uXcCAAC4BgEHALoGAQcADx9AAA==</data>\r\n\t\t\t\t<key>ReplaceMask</key>\r\n\t\t\t\t<data></data>\r\n\t\t\t\t<key>Skip</key>\r\n\t\t\t\t<integer>0</integer>\r\n\t\t\t</dict>\r\n\t\t</array>\r\n\t\t<key>Quirks</key>\r\n\t\t<dict>\r\n\t\t\t<key>AppleCpuPmCfgLock</key>\r\n\t\t\t<false/>\r\n\t\t\t<key>AppleXcpmCfgLock</key>\r\n\t\t\t<false/>\r\n\t\t\t<key>AppleXcpmExtraMsrs</key>\r\n\t\t\t<false/>\r\n\t\t\t<key>AppleXcpmForceBoost</key>\r\n\t\t\t<false/>\r\n\t\t\t<key>CustomSMBIOSGuid</key>\r\n\t\t\t<false/>\r\n\t\t\t<key>DisableIoMapper</key>\r\n\t\t\t<false/>\r\n\t\t\t<key>DisableRtcChecksum</key>\r\n\t\t\t<false/>\r\n\t\t\t<key>DummyPowerManagement</key>\r\n\t\t\t<false/>\r\n\t\t\t<key>ExternalDiskIcons</key>\r\n\t\t\t<false/>\r\n\t\t\t<key>IncreasePciBarSize</key>\r\n\t\t\t<false/>\r\n\t\t\t<key>LapicKernelPanic</key>\r\n\t\t\t<false/>\r\n\t\t\t<key>PanicNoKextDump</key>\r\n\t\t\t<false/>\r\n\t\t\t<key>PowerTimeoutKernelPanic</key>\r\n\t\t\t<false/>\r\n\t\t\t<key>ThirdPartyDrives</key>\r\n\t\t\t<false/>\r\n\t\t\t<key>XhciPortLimit</key>\r\n\t\t\t<false/>\r\n\t\t</dict>\r\n\t</dict>\r\n\t<key>Misc</key>\r\n\t<dict>\r\n\t\t<key>BlessOverride</key>\r\n\t\t<array/>\r\n\t\t<key>Boot</key>\r\n\t\t<dict>\r\n\t\t\t<key>ConsoleAttributes</key>\r\n\t\t\t<integer>0</integer>\r\n\t\t\t<key>HibernateMode</key>\r\n\t\t\t<string>None</string>\r\n\t\t\t<key>HideAuxiliary</key>\r\n\t\t\t<false/>\r\n\t\t\t<key>PickerAttributes</key>\r\n\t\t\t<integer>1</integer>\r\n\t\t\t<key>PickerAudioAssist</key>\r\n\t\t\t<false/>\r\n\t\t\t<key>PickerMode</key>\r\n\t\t\t<string>Builtin</string>\r\n\t\t\t<key>PollAppleHotKeys</key>\r\n\t\t\t<false/>\r\n\t\t\t<key>ShowPicker</key>\r\n\t\t\t<true/>\r\n\t\t\t<key>TakeoffDelay</key>\r\n\t\t\t<integer>0</integer>\r\n\t\t\t<key>Timeout</key>\r\n\t\t\t<integer>5</integer>\r\n\t\t</dict>\r\n\t\t<key>Debug</key>\r\n\t\t<dict>\r\n\t\t\t<key>AppleDebug</key>\r\n\t\t\t<false/>\r\n\t\t\t<key>ApplePanic</key>\r\n\t\t\t<false/>\r\n\t\t\t<key>DisableWatchDog</key>\r\n\t\t\t<false/>\r\n\t\t\t<key>DisplayDelay</key>\r\n\t\t\t<integer>0</integer>\r\n\t\t\t<key>DisplayLevel</key>\r\n\t\t\t<integer>2147483650</integer>\r\n\t\t\t<key>SysReport</key>\r\n\t\t\t<false/>\r\n\t\t\t<key>Target</key>\r\n\t\t\t<integer>3</integer>\r\n\t\t</dict>\r\n\t\t<key>Entries</key>\r\n\t\t<array>\r\n\t\t\t<dict>\r\n\t\t\t\t<key>Arguments</key>\r\n\t\t\t\t<string></string>\r\n\t\t\t\t<key>Auxiliary</key>\r\n\t\t\t\t<false/>\r\n\t\t\t\t<key>Comment</key>\r\n\t\t\t\t<string>Not signed for security reasons</string>\r\n\t\t\t\t<key>Enabled</key>\r\n\t\t\t\t<false/>\r\n\t\t\t\t<key>Name</key>\r\n\t\t\t\t<string>CustomOS</string>\r\n\t\t\t\t<key>Path</key>\r\n\t\t\t\t<string>PciRoot(0x0)/Pci(0x1,0x1)/Pci(0x0,0x0)/NVMe(0x1,11-22-33-44-55-66-77-88)/HD(1,GPT,00000000-0000-0000-0000-000000000000,0x800,0x64000)/\\EFI\\BOOT\\BOOTX64.EFI</string>\r\n\t\t\t</dict>\r\n\t\t</array>\r\n\t\t<key>Security</key>\r\n\t\t<dict>\r\n\t\t\t<key>AllowNvramReset</key>\r\n\t\t\t<false/>\r\n\t\t\t<key>AllowSetDefault</key>\r\n\t\t\t<false/>\r\n\t\t\t<key>AuthRestart</key>\r\n\t\t\t<false/>\r\n\t\t\t<key>BlacklistAppleUpdate</key>\r\n\t\t\t<true/>\r\n\t\t\t<key>BootProtect</key>\r\n\t\t\t<string>Bootstrap</string>\r\n\t\t\t<key>ExposeSensitiveData</key>\r\n\t\t\t<integer>6</integer>\r\n\t\t\t<key>HaltLevel</key>\r\n\t\t\t<integer>2147483648</integer>\r\n\t\t\t<key>ScanPolicy</key>\r\n\t\t\t<integer>0</integer>\r\n\t\t\t<key>Vault</key>\r\n\t\t\t<string>Optional</string>\r\n\t\t</dict>\r\n\t\t<key>Tools</key>\r\n\t\t<array>\r\n\t\t\t<dict>\r\n\t\t\t\t<key>Arguments</key>\r\n\t\t\t\t<string></string>\r\n\t\t\t\t<key>Auxiliary</key>\r\n\t\t\t\t<false/>\r\n\t\t\t\t<key>Comment</key>\r\n\t\t\t\t<string>Not signed for security reasons</string>\r\n\t\t\t\t<key>Enabled</key>\r\n\t\t\t\t<false/>\r\n\t\t\t\t<key>Name</key>\r\n\t\t\t\t<string>UEFI Shell</string>\r\n\t\t\t\t<key>Path</key>\r\n\t\t\t\t<string>OpenShell.efi</string>\r\n\t\t\t</dict>\r\n\t\t\t<dict>\r\n\t\t\t\t<key>Arguments</key>\r\n\t\t\t\t<string>Shutdown</string>\r\n\t\t\t\t<key>Auxiliary</key>\r\n\t\t\t\t<true/>\r\n\t\t\t\t<key>Comment</key>\r\n\t\t\t\t<string>Perform shutdown</string>\r\n\t\t\t\t<key>Enabled</key>\r\n\t\t\t\t<false/>\r\n\t\t\t\t<key>Name</key>\r\n\t\t\t\t<string>Shutdown</string>\r\n\t\t\t\t<key>Path</key>\r\n\t\t\t\t<string>ResetSystem.efi</string>\r\n\t\t\t</dict>\r\n\t\t\t<dict>\r\n\t\t\t\t<key>Arguments</key>\r\n\t\t\t\t<string></string>\r\n\t\t\t\t<key>Auxiliary</key>\r\n\t\t\t\t<true/>\r\n\t\t\t\t<key>Name</key>\r\n\t\t\t\t<string>BootKicker.efi</string>\r\n\t\t\t\t<key>Comment</key>\r\n\t\t\t\t<string>BootKicker.efi</string>\r\n\t\t\t\t<key>Enabled</key>\r\n\t\t\t\t<true/>\r\n\t\t\t\t<key>Path</key>\r\n\t\t\t\t<string>BootKicker.efi</string>\r\n\t\t\t</dict>\r\n\t\t\t<dict>\r\n\t\t\t\t<key>Arguments</key>\r\n\t\t\t\t<string></string>\r\n\t\t\t\t<key>Auxiliary</key>\r\n\t\t\t\t<true/>\r\n\t\t\t\t<key>Name</key>\r\n\t\t\t\t<string>ChipTune.efi</string>\r\n\t\t\t\t<key>Comment</key>\r\n\t\t\t\t<string>ChipTune.efi</string>\r\n\t\t\t\t<key>Enabled</key>\r\n\t\t\t\t<true/>\r\n\t\t\t\t<key>Path</key>\r\n\t\t\t\t<string>ChipTune.efi</string>\r\n\t\t\t</dict>\r\n\t\t\t<dict>\r\n\t\t\t\t<key>Arguments</key>\r\n\t\t\t\t<string></string>\r\n\t\t\t\t<key>Auxiliary</key>\r\n\t\t\t\t<true/>\r\n\t\t\t\t<key>Name</key>\r\n\t\t\t\t<string>GopStop.efi</string>\r\n\t\t\t\t<key>Comment</key>\r\n\t\t\t\t<string>GopStop.efi</string>\r\n\t\t\t\t<key>Enabled</key>\r\n\t\t\t\t<true/>\r\n\t\t\t\t<key>Path</key>\r\n\t\t\t\t<string>GopStop.efi</string>\r\n\t\t\t</dict>\r\n\t\t\t<dict>\r\n\t\t\t\t<key>Arguments</key>\r\n\t\t\t\t<string></string>\r\n\t\t\t\t<key>Auxiliary</key>\r\n\t\t\t\t<true/>\r\n\t\t\t\t<key>Name</key>\r\n\t\t\t\t<string>HdaCodecDump.efi</string>\r\n\t\t\t\t<key>Comment</key>\r\n\t\t\t\t<string>HdaCodecDump.efi</string>\r\n\t\t\t\t<key>Enabled</key>\r\n\t\t\t\t<true/>\r\n\t\t\t\t<key>Path</key>\r\n\t\t\t\t<string>HdaCodecDump.efi</string>\r\n\t\t\t</dict>\r\n\t\t\t<dict>\r\n\t\t\t\t<key>Arguments</key>\r\n\t\t\t\t<string></string>\r\n\t\t\t\t<key>Auxiliary</key>\r\n\t\t\t\t<true/>\r\n\t\t\t\t<key>Name</key>\r\n\t\t\t\t<string>KeyTester.efi</string>\r\n\t\t\t\t<key>Comment</key>\r\n\t\t\t\t<string>KeyTester.efi</string>\r\n\t\t\t\t<key>Enabled</key>\r\n\t\t\t\t<true/>\r\n\t\t\t\t<key>Path</key>\r\n\t\t\t\t<string>KeyTester.efi</string>\r\n\t\t\t</dict>\r\n\t\t\t<dict>\r\n\t\t\t\t<key>Arguments</key>\r\n\t\t\t\t<string></string>\r\n\t\t\t\t<key>Auxiliary</key>\r\n\t\t\t\t<true/>\r\n\t\t\t\t<key>Name</key>\r\n\t\t\t\t<string>MmapDump.efi</string>\r\n\t\t\t\t<key>Comment</key>\r\n\t\t\t\t<string>MmapDump.efi</string>\r\n\t\t\t\t<key>Enabled</key>\r\n\t\t\t\t<true/>\r\n\t\t\t\t<key>Path</key>\r\n\t\t\t\t<string>MmapDump.efi</string>\r\n\t\t\t</dict>\r\n\t\t\t<dict>\r\n\t\t\t\t<key>Arguments</key>\r\n\t\t\t\t<string></string>\r\n\t\t\t\t<key>Auxiliary</key>\r\n\t\t\t\t<true/>\r\n\t\t\t\t<key>Name</key>\r\n\t\t\t\t<string>OpenControl.efi</string>\r\n\t\t\t\t<key>Comment</key>\r\n\t\t\t\t<string>OpenControl.efi</string>\r\n\t\t\t\t<key>Enabled</key>\r\n\t\t\t\t<true/>\r\n\t\t\t\t<key>Path</key>\r\n\t\t\t\t<string>OpenControl.efi</string>\r\n\t\t\t</dict>\r\n\t\t\t<dict>\r\n\t\t\t\t<key>Arguments</key>\r\n\t\t\t\t<string></string>\r\n\t\t\t\t<key>Auxiliary</key>\r\n\t\t\t\t<true/>\r\n\t\t\t\t<key>Name</key>\r\n\t\t\t\t<string>RtcRw.efi</string>\r\n\t\t\t\t<key>Comment</key>\r\n\t\t\t\t<string>RtcRw.efi</string>\r\n\t\t\t\t<key>Enabled</key>\r\n\t\t\t\t<true/>\r\n\t\t\t\t<key>Path</key>\r\n\t\t\t\t<string>RtcRw.efi</string>\r\n\t\t\t</dict>\r\n\t\t</array>\r\n\t</dict>\r\n\t<key>NVRAM</key>\r\n\t<dict>\r\n\t\t<key>Add</key>\r\n\t\t<dict>\r\n\t\t\t<key>4D1EDE05-38C7-4A6A-9CC6-4BCCA8B38C14</key>\r\n\t\t\t<dict>\r\n\t\t\t\t<key>DefaultBackgroundColor</key>\r\n\t\t\t\t<data>AAAAAA==</data>\r\n\t\t\t\t<key>UIScale</key>\r\n\t\t\t\t<data>AQ==</data>\r\n\t\t\t</dict>\r\n\t\t\t<key>4D1FDA02-38C7-4A6A-9CC6-4BCCA8B30102</key>\r\n\t\t\t<dict>\r\n\t\t\t\t<key>rtc-blacklist</key>\r\n\t\t\t\t<data></data>\r\n\t\t\t</dict>\r\n\t\t\t<key>7C436110-AB2A-4BBB-A880-FE41995C9F82</key>\r\n\t\t\t<dict>\r\n\t\t\t\t<key>SystemAudioVolume</key>\r\n\t\t\t\t<data>Rg==</data>\r\n\t\t\t\t<key>boot-args</key>\r\n\t\t\t\t<string>-v keepsyms=1 debug=0x100 npci=0x2000 alcid=1</string>\r\n\t\t\t\t<key>csr-active-config</key>\r\n\t\t\t\t<data>AAAAAA==</data>\r\n\t\t\t\t<key>prev-lang:kbd</key>\r\n\t\t\t\t<data>cnUtUlU6MjUy</data>\r\n\t\t\t</dict>\r\n\t\t</dict>\r\n\t\t<key>Delete</key>\r\n\t\t<dict>\r\n\t\t\t<key>4D1EDE05-38C7-4A6A-9CC6-4BCCA8B38C14</key>\r\n\t\t\t<array>\r\n\t\t\t\t<string>UIScale</string>\r\n\t\t\t\t<string>DefaultBackgroundColor</string>\r\n\t\t\t</array>\r\n\t\t\t<key>4D1FDA02-38C7-4A6A-9CC6-4BCCA8B30102</key>\r\n\t\t\t<array>\r\n\t\t\t\t<string>rtc-blacklist</string>\r\n\t\t\t</array>\r\n\t\t\t<key>7C436110-AB2A-4BBB-A880-FE41995C9F82</key>\r\n\t\t\t<array>\r\n\t\t\t\t<string>boot-args</string>\r\n\t\t\t</array>\r\n\t\t</dict>\r\n\t\t<key>LegacyEnable</key>\r\n\t\t<false/>\r\n\t\t<key>LegacyOverwrite</key>\r\n\t\t<false/>\r\n\t\t<key>LegacySchema</key>\r\n\t\t<dict>\r\n\t\t\t<key>7C436110-AB2A-4BBB-A880-FE41995C9F82</key>\r\n\t\t\t<array>\r\n\t\t\t\t<string>EFILoginHiDPI</string>\r\n\t\t\t\t<string>EFIBluetoothDelay</string>\r\n\t\t\t\t<string>LocationServicesEnabled</string>\r\n\t\t\t\t<string>SystemAudioVolume</string>\r\n\t\t\t\t<string>SystemAudioVolumeDB</string>\r\n\t\t\t\t<string>SystemAudioVolumeSaved</string>\r\n\t\t\t\t<string>bluetoothActiveControllerInfo</string>\r\n\t\t\t\t<string>bluetoothInternalControllerInfo</string>\r\n\t\t\t\t<string>flagstate</string>\r\n\t\t\t\t<string>fmm-computer-name</string>\r\n\t\t\t\t<string>nvda_drv</string>\r\n\t\t\t\t<string>prev-lang:kbd</string>\r\n\t\t\t</array>\r\n\t\t\t<key>8BE4DF61-93CA-11D2-AA0D-00E098032B8C</key>\r\n\t\t\t<array>\r\n\t\t\t\t<string>Boot0080</string>\r\n\t\t\t\t<string>Boot0081</string>\r\n\t\t\t\t<string>Boot0082</string>\r\n\t\t\t\t<string>BootNext</string>\r\n\t\t\t\t<string>BootOrder</string>\r\n\t\t\t</array>\r\n\t\t</dict>\r\n\t\t<key>WriteFlash</key>\r\n\t\t<true/>\r\n\t</dict>\r\n\t<key>PlatformInfo</key>\r\n\t<dict>\r\n\t\t<key>Automatic</key>\r\n\t\t<true/>\r\n\t\t<key>Generic</key>\r\n\t\t<dict>\r\n\t\t\t<key>AdviseWindows</key>\r\n\t\t\t<false/>\r\n\t\t\t<key>MLB</key>\r\n\t\t\t<string>C02726200GUJG361H</string>\r\n\t\t\t<key>ROM</key>\r\n\t\t\t<data>ESIzRFVm</data>\r\n\t\t\t<key>SpoofVendor</key>\r\n\t\t\t<true/>\r\n\t\t\t<key>SystemProductName</key>\r\n\t\t\t<string>iMacPro1,1</string>\r\n\t\t\t<key>SystemSerialNumber</key>\r\n\t\t\t<string>C02TX4YXHX87</string>\r\n\t\t\t<key>SystemUUID</key>\r\n\t\t\t<string>F33F887C-B834-4A14-B547-7924EB49107A</string>\r\n\t\t</dict>\r\n\t\t<key>UpdateDataHub</key>\r\n\t\t<true/>\r\n\t\t<key>UpdateNVRAM</key>\r\n\t\t<true/>\r\n\t\t<key>UpdateSMBIOS</key>\r\n\t\t<true/>\r\n\t\t<key>UpdateSMBIOSMode</key>\r\n\t\t<string>Create</string>\r\n\t</dict>\r\n\t<key>UEFI</key>\r\n\t<dict>\r\n\t\t<key>APFS</key>\r\n\t\t<dict>\r\n\t\t\t<key>EnableJumpstart</key>\r\n\t\t\t<true/>\r\n\t\t\t<key>HideVerbose</key>\r\n\t\t\t<true/>\r\n\t\t\t<key>JumpstartHotPlug</key>\r\n\t\t\t<false/>\r\n\t\t\t<key>MinDate</key>\r\n\t\t\t<integer>0</integer>\r\n\t\t\t<key>MinVersion</key>\r\n\t\t\t<integer>0</integer>\r\n\t\t</dict>\r\n\t\t<key>Audio</key>\r\n\t\t<dict>\r\n\t\t\t<key>AudioCodec</key>\r\n\t\t\t<integer>0</integer>\r\n\t\t\t<key>AudioDevice</key>\r\n\t\t\t<string>PciRoot(0x0)/Pci(0x1b,0x0)</string>\r\n\t\t\t<key>AudioOut</key>\r\n\t\t\t<integer>0</integer>\r\n\t\t\t<key>AudioSupport</key>\r\n\t\t\t<false/>\r\n\t\t\t<key>MinimumVolume</key>\r\n\t\t\t<integer>20</integer>\r\n\t\t\t<key>PlayChime</key>\r\n\t\t\t<false/>\r\n\t\t\t<key>VolumeAmplifier</key>\r\n\t\t\t<integer>0</integer>\r\n\t\t</dict>\r\n\t\t<key>ConnectDrivers</key>\r\n\t\t<true/>\r\n\t\t<key>Drivers</key>\r\n\t\t<array>\r\n\t\t\t<string>OpenRuntime.efi</string>\r\n\t\t\t<string>AudioDxe.efi</string>\r\n\t\t\t<string>CrScreenshotDxe.efi</string>\r\n\t\t\t<string>HiiDatabase.efi</string>\r\n\t\t\t<string>OpenCanopy.efi</string>\r\n\t\t\t<string>OpenUsbKbDxe.efi</string>\r\n\t\t\t<string>Ps2KeyboardDxe.efi</string>\r\n\t\t\t<string>Ps2MouseDxe.efi</string>\r\n\t\t\t<string>UsbMouseDxe.efi</string>\r\n\t\t\t<string>VBoxHfs.efi</string>\r\n\t\t</array>\r\n\t\t<key>Input</key>\r\n\t\t<dict>\r\n\t\t\t<key>KeyFiltering</key>\r\n\t\t\t<false/>\r\n\t\t\t<key>KeyForgetThreshold</key>\r\n\t\t\t<integer>5</integer>\r\n\t\t\t<key>KeyMergeThreshold</key>\r\n\t\t\t<integer>2</integer>\r\n\t\t\t<key>KeySupport</key>\r\n\t\t\t<true/>\r\n\t\t\t<key>KeySupportMode</key>\r\n\t\t\t<string>Auto</string>\r\n\t\t\t<key>KeySwap</key>\r\n\t\t\t<false/>\r\n\t\t\t<key>PointerSupport</key>\r\n\t\t\t<false/>\r\n\t\t\t<key>PointerSupportMode</key>\r\n\t\t\t<string>ASUS</string>\r\n\t\t\t<key>TimerResolution</key>\r\n\t\t\t<integer>50000</integer>\r\n\t\t</dict>\r\n\t\t<key>Output</key>\r\n\t\t<dict>\r\n\t\t\t<key>ClearScreenOnModeSwitch</key>\r\n\t\t\t<false/>\r\n\t\t\t<key>ConsoleMode</key>\r\n\t\t\t<string></string>\r\n\t\t\t<key>DirectGopRendering</key>\r\n\t\t\t<false/>\r\n\t\t\t<key>IgnoreTextInGraphics</key>\r\n\t\t\t<false/>\r\n\t\t\t<key>ProvideConsoleGop</key>\r\n\t\t\t<true/>\r\n\t\t\t<key>ReconnectOnResChange</key>\r\n\t\t\t<false/>\r\n\t\t\t<key>ReplaceTabWithSpace</key>\r\n\t\t\t<false/>\r\n\t\t\t<key>Resolution</key>\r\n\t\t\t<string>Max</string>\r\n\t\t\t<key>SanitiseClearScreen</key>\r\n\t\t\t<false/>\r\n\t\t\t<key>TextRenderer</key>\r\n\t\t\t<string>BuiltinGraphics</string>\r\n\t\t</dict>\r\n\t\t<key>ProtocolOverrides</key>\r\n\t\t<dict>\r\n\t\t\t<key>AppleAudio</key>\r\n\t\t\t<false/>\r\n\t\t\t<key>AppleBootPolicy</key>\r\n\t\t\t<false/>\r\n\t\t\t<key>AppleDebugLog</key>\r\n\t\t\t<false/>\r\n\t\t\t<key>AppleEvent</key>\r\n\t\t\t<false/>\r\n\t\t\t<key>AppleImageConversion</key>\r\n\t\t\t<false/>\r\n\t\t\t<key>AppleKeyMap</key>\r\n\t\t\t<false/>\r\n\t\t\t<key>AppleRtcRam</key>\r\n\t\t\t<false/>\r\n\t\t\t<key>AppleSmcIo</key>\r\n\t\t\t<false/>\r\n\t\t\t<key>AppleUserInterfaceTheme</key>\r\n\t\t\t<false/>\r\n\t\t\t<key>DataHub</key>\r\n\t\t\t<false/>\r\n\t\t\t<key>DeviceProperties</key>\r\n\t\t\t<false/>\r\n\t\t\t<key>FirmwareVolume</key>\r\n\t\t\t<false/>\r\n\t\t\t<key>HashServices</key>\r\n\t\t\t<false/>\r\n\t\t\t<key>OSInfo</key>\r\n\t\t\t<false/>\r\n\t\t\t<key>UnicodeCollation</key>\r\n\t\t\t<false/>\r\n\t\t</dict>\r\n\t\t<key>Quirks</key>\r\n\t\t<dict>\r\n\t\t\t<key>DeduplicateBootOrder</key>\r\n\t\t\t<true/>\r\n\t\t\t<key>ExitBootServicesDelay</key>\r\n\t\t\t<integer>0</integer>\r\n\t\t\t<key>IgnoreInvalidFlexRatio</key>\r\n\t\t\t<false/>\r\n\t\t\t<key>ReleaseUsbOwnership</key>\r\n\t\t\t<false/>\r\n\t\t\t<key>RequestBootVarRouting</key>\r\n\t\t\t<true/>\r\n\t\t\t<key>TscSyncTimeout</key>\r\n\t\t\t<integer>0</integer>\r\n\t\t\t<key>UnblockFsConnect</key>\r\n\t\t\t<false/>\r\n\t\t</dict>\r\n\t\t<key>ReservedMemory</key>\r\n\t\t<array>\r\n\t\t\t<dict>\r\n\t\t\t\t<key>Address</key>\r\n\t\t\t\t<integer>268435456</integer>\r\n\t\t\t\t<key>Comment</key>\r\n\t\t\t\t<string>HD3000: IGPU memory corruption errata</string>\r\n\t\t\t\t<key>Enabled</key>\r\n\t\t\t\t<false/>\r\n\t\t\t\t<key>Size</key>\r\n\t\t\t\t<integer>268435456</integer>\r\n\t\t\t</dict>\r\n\t\t</array>\r\n\t</dict>\r\n</dict>\r\n</plist>",
    "YaraRule": [
        "enable_org32",
        "core_keywords"
    ]
}