{
    "scrape_url": "https://scrape.pastebin.com/api_scrape_item.php?i=EWpxV2sx",
    "full_url": "https://pastebin.com/EWpxV2sx",
    "date": "1594475165",
    "key": "EWpxV2sx",
    "size": 17916,
    "expire": "0",
    "title": "recom",
    "syntax": "json",
    "user": "rejaulkarim",
    "filename": "EWpxV2sx",
    "pasteid": "EWpxV2sx",
    "pastesite": "pastebin.com",
    "@timestamp": "2020-07-11T13:46:05",
    "MD5": "a312a2e8200bd7767255c943420e3211",
    "SHA256": "7fa8d0d3d57cc1681a75a860c6dcecc43ad2958b4e4c564e4d996882f91fb47e",
    "raw_paste": "{\r\n    \"success\": true,\r\n    \"message\": \"Recommended topics fetched successfully!\",\r\n    \"data\": [\r\n        {\r\n            \"_id\": \"5d0224c08bae0c3384fe2585\",\r\n            \"name\": \"Physics\",\r\n            \"sequenceNo\": 1,\r\n            \"recommendedLessons\": [\r\n                {\r\n                    \"_id\": \"5e65fdb4abf3b30c4e058af0\",\r\n                    \"name\": \"lesson two\",\r\n                    \"classId\": \"5d02227e8bae0c3384fe2584\",\r\n                    \"subjectId\": \"5d0224c08bae0c3384fe2585\",\r\n                    \"chapterId\": \"5e65e4faee6b4d04f0c03294\",\r\n                    \"flowId\": \"5e65e508ee6b4d04f0c03295\",\r\n                    \"duration\": \"06:59\"\r\n                },\r\n                {\r\n                    \"_id\": \"5d022f4c8bae0c3384fe258f\",\r\n                    \"name\": \"\u09aa\u09a6\u09be\u09b0\u09cd\u09a5\u09ac\u09bf\u099c\u09cd\u099e\u09be\u09a8\u09c7\u09b0 \u09aa\u09b0\u09bf\u09b8\u09b0 (Scope of Physics)\",\r\n                    \"subjectId\": \"5d0224c08bae0c3384fe2585\",\r\n                    \"chapterId\": \"5d02254e8bae0c3384fe2586\",\r\n                    \"flowId\": \"5d0227058bae0c3384fe2588\",\r\n                    \"classId\": \"5d02227e8bae0c3384fe2584\",\r\n                    \"duration\": \"03:44\"\r\n                },\r\n                {\r\n                    \"_id\": \"5d0a1cf97262e37d35e12912\",\r\n                    \"name\": \"\u0997\u09a4\u09bf \u0993 \u09b8\u09cd\u09a5\u09bf\u09a4\u09bf \u0995\u09bf? (What is rest and motion?) \",\r\n                    \"classId\": \"5d02227e8bae0c3384fe2584\",\r\n                    \"subjectId\": \"5d0224c08bae0c3384fe2585\",\r\n                    \"chapterId\": \"5d09f936dfb716714fd3c934\",\r\n                    \"flowId\": \"5d09fd5bdfb716714fd3c935\",\r\n                    \"duration\": \"04:41\"\r\n                },\r\n                {\r\n                    \"_id\": \"5d0a22e07262e37d35e12928\",\r\n                    \"name\": \"\u0997\u09a4\u09bf\u09b0 \u09a6\u09cd\u09ac\u09bf\u09a4\u09c0\u09df \u09b8\u09ae\u09c0\u0995\u09b0\u09a3 \u09b8\u0982\u0995\u09cd\u09b0\u09be\u09a8\u09cd\u09a4 \u0985\u09a8\u09c1\u09b6\u09c0\u09b2\u09a8\u09c0 (Math using 2nd equation of motion) \",\r\n                    \"classId\": \"5d02227e8bae0c3384fe2584\",\r\n                    \"subjectId\": \"5d0224c08bae0c3384fe2585\",\r\n                    \"chapterId\": \"5d09f936dfb716714fd3c934\",\r\n                    \"flowId\": \"5d0a18d582648d782e4e7bea\",\r\n                    \"duration\": \"03:03\"\r\n                },\r\n                {\r\n                    \"_id\": \"5d2c1c5231dc015511191f61\",\r\n                    \"name\": \"\u09ae\u09b9\u09be\u0995\u09b0\u09cd\u09b7\u09c7\u09b0 \u0987\u09a4\u09bf\u09b9\u09be\u09b8 (History of Gravitation)\",\r\n                    \"classId\": \"5d02227e8bae0c3384fe2584\",\r\n                    \"subjectId\": \"5d0224c08bae0c3384fe2585\",\r\n                    \"chapterId\": \"5d13117a8a380f4749205f91\",\r\n                    \"flowId\": \"5d2c184431dc015511191f5a\",\r\n                    \"duration\": \"05:01\"\r\n                },\r\n                {\r\n                    \"_id\": \"5d2c1e1831dc015511191f6b\",\r\n                    \"name\": \"\u09a8\u09bf\u0989\u099f\u09a8\u09c7\u09b0 \u09a6\u09cd\u09ac\u09bf\u09a4\u09c0\u09df \u09b8\u09c2\u09a4\u09cd\u09b0 \u09ac\u09bf\u09b7\u09df\u0995 \u0985\u09a8\u09c1\u09b6\u09c0\u09b2\u09a8\u09c0 (Math on Newton's 2nd Law)\",\r\n                    \"classId\": \"5d02227e8bae0c3384fe2584\",\r\n                    \"subjectId\": \"5d0224c08bae0c3384fe2585\",\r\n                    \"chapterId\": \"5d13117a8a380f4749205f91\",\r\n                    \"flowId\": \"5d2c18b231dc015511191f5c\",\r\n                    \"duration\": \"03:10\"\r\n                }\r\n            ],\r\n            \"recommendedBasics\": [\r\n                {\r\n                    \"_id\": \"5ea17bee84365b349f81e878\",\r\n                    \"isLocked\": false,\r\n                    \"title\": \"Another Basic Title\",\r\n                    \"readTime\": \"3 mins\",\r\n                    \"sequenceNo\": 1,\r\n                    \"thumbnailUrl\": \"https://bdix.classroom.com.bd/public/images/basics/5ea17bee84365b349f81e878.jpeg\",\r\n                    \"thumbnailUrlS3\": \"https://s3.amazonaws.com/new.classroom.com.bd/public/images/basics/5ea17bee84365b349f81e878.jpeg\"\r\n                },\r\n                {\r\n                    \"_id\": \"5ea25abb2b0d4907220bbe04\",\r\n                    \"isLocked\": false,\r\n                    \"title\": \"Unique Basic Title\",\r\n                    \"readTime\": \"3 mins\",\r\n                    \"sequenceNo\": 1,\r\n                    \"thumbnailUrl\": \"https://bdix.classroom.com.bd/public/images/basics/5ea25abb2b0d4907220bbe04.jpeg\",\r\n                    \"thumbnailUrlS3\": \"https://s3.amazonaws.com/new.classroom.com.bd/public/images/basics/5ea25abb2b0d4907220bbe04.jpeg\"\r\n                },\r\n                {\r\n                    \"_id\": \"5ea7fd1f3fbb8f2674fcaf58\",\r\n                    \"isLocked\": true,\r\n                    \"title\": \"Latest Complete Basic Title\",\r\n                    \"readTime\": \"4 mins\",\r\n                    \"sequenceNo\": 1,\r\n                    \"thumbnailUrl\": \"https://bdix.classroom.com.bd/public/images/basics/5ea7fd1f3fbb8f2674fcaf58.jpeg\",\r\n                    \"thumbnailUrlS3\": \"https://s3.amazonaws.com/new.classroom.com.bd/public/images/basics/5ea7fd1f3fbb8f2674fcaf58.jpeg\"\r\n                },\r\n                {\r\n                    \"_id\": \"5eaab0098a85f529e5a3257f\",\r\n                    \"isLocked\": true,\r\n                    \"title\": \"Latest s Complete Basic Title\",\r\n                    \"readTime\": \"4 mins\",\r\n                    \"sequenceNo\": 1,\r\n                    \"thumbnailUrl\": \"https://bdix.classroom.com.bd/public/images/basics/5eaab0098a85f529e5a3257f.jpeg\",\r\n                    \"thumbnailUrlS3\": \"https://s3.amazonaws.com/new.classroom.com.bd/public/images/basics/5eaab0098a85f529e5a3257f.jpeg\"\r\n                }\r\n            ],\r\n            \"recommendedConcepts\": [\r\n                {\r\n                    \"_id\": \"5eab0d486fb679443ef0894b\",\r\n                    \"isPublished\": true,\r\n                    \"subjectId\": \"5d0224c08bae0c3384fe2585\",\r\n                    \"chapterId\": \"5d02254e8bae0c3384fe2586\",\r\n                    \"classId\": \"5d02227e8bae0c3384fe2584\",\r\n                    \"conceptTypeId\": \"5eaad9fdfc20563641aa3b85\",\r\n                    \"title\": \"\u0986\u09b2\u09cb\u09b0 \u09aa\u09cd\u09b0\u09a4\u09bf\u09ab\u09b2\u09a8 (Reflection)\",\r\n                    \"description\": \"Reflection: Bouncing back of a&nbsp;light<span>&nbsp;ray after hitting a surface.<br>Incident ray: The light ray which strikes the surface.<br>Reflected ray: The light ray which returns from the surface after reflection.<br>Normal: An imaginary line perpendicular to the surface passing from the point of contact.<br>Angle of incidence$$i$$: Angle between the incident ray and the normal<br>Angle of reflection $$r$$: Angle between the reflected ray and the normal.</span>\",\r\n                    \"sequenceNo\": 1,\r\n                    \"createdAt\": \"2020-04-30T17:39:20.385Z\",\r\n                    \"updatedAt\": \"2020-04-30T17:55:15.203Z\",\r\n                    \"imageUrl\": \"https://bdix.classroom.com.bd/public/images/concepts/5eab0d486fb679443ef0894b.png\",\r\n                    \"imageUrlS3\": \"https://s3.amazonaws.com/new.classroom.com.bd/public/images/concepts/5eab0d486fb679443ef0894b.png\",\r\n                    \"isBookmarked\": true,\r\n                    \"conceptType\": {\r\n                        \"_id\": \"5eaad9fdfc20563641aa3b85\",\r\n                        \"title\": \"\u09b8\u0982\u099c\u09cd\u099e\u09be\",\r\n                        \"sequenceNo\": 1,\r\n                        \"value\": \"Definition\"\r\n                    }\r\n                },\r\n                {\r\n                    \"_id\": \"5eab0e1d6fb679443ef0894c\",\r\n                    \"isPublished\": true,\r\n                    \"subjectId\": \"5d0224c08bae0c3384fe2585\",\r\n                    \"chapterId\": \"5d02254e8bae0c3384fe2586\",\r\n                    \"classId\": \"5d02227e8bae0c3384fe2584\",\r\n                    \"conceptTypeId\": \"5eaadadcfc20563641aa3b86\",\r\n                    \"title\": \"Laws of reflection\",\r\n                    \"description\": \"Laws of reflection states that:<br><ol><li>The incident ray, the reflected ray and the normal at the point of incidence&nbsp;all lie in the same plane.&nbsp;</li><li>Angle of incidence is equal to the angle of reflection.&nbsp;</li></ol>\",\r\n                    \"sequenceNo\": 1,\r\n                    \"createdAt\": \"2020-04-30T17:42:53.472Z\",\r\n                    \"updatedAt\": \"2020-04-30T17:57:33.361Z\",\r\n                    \"imageUrl\": \"https://bdix.classroom.com.bd/public/images/concepts/5eab0e1d6fb679443ef0894c.jpeg\",\r\n                    \"imageUrlS3\": \"https://s3.amazonaws.com/new.classroom.com.bd/public/images/concepts/5eab0e1d6fb679443ef0894c.jpeg\",\r\n                    \"isBookmarked\": false,\r\n                    \"conceptType\": {\r\n                        \"_id\": \"5eaadadcfc20563641aa3b86\",\r\n                        \"title\": \"\u09b8\u09c2\u09a4\u09cd\u09b0\",\r\n                        \"sequenceNo\": 2,\r\n                        \"value\": \"Laws\"\r\n                    }\r\n                },\r\n                {\r\n                    \"_id\": \"5eab0f446fb679443ef0894d\",\r\n                    \"isPublished\": true,\r\n                    \"subjectId\": \"5d0224c08bae0c3384fe2585\",\r\n                    \"chapterId\": \"5d02254e8bae0c3384fe2586\",\r\n                    \"classId\": \"5d02227e8bae0c3384fe2584\",\r\n                    \"conceptTypeId\": \"5eaadc1bcba11f37690b303e\",\r\n                    \"title\": \"Characteristics of images by symmetrical lens\",\r\n                    \"description\": \"Characteristics of image formed by convex lens is summarized in the table below:<table class=\\\\\\\"wysiwyg-table\\\\\\\"><tbody><tr><td>Object position</td><td>Image position</td><td>Image size</td><td>Nature of image</td><td>Application</td></tr><tr><td>Infinity</td><td>$$F_2$$<br></td><td>Point-sized<br></td><td>Real, inverted</td><td>Burning glass,&nbsp;To concentrate solar energy on small&nbsp;photovoltaic cells</td></tr><tr><td>Beyond $$2F_1$$<br></td><td>Between $$F_2$$ and $$2F_2$$<br></td><td>Diminished<br></td><td>Real,, inverted</td><td>Camera lens</td></tr><tr><td>At $$2F_1$$</td><td>At $$2F_2$$</td><td>Same size as object</td><td>Real, inverted</td><td>Telescope</td></tr><tr><td>Between $$F_1$$ and $$2F_1$$</td><td>Beyond $$2F_2$$</td><td>Magnified</td><td>Real, inverted</td><td>Slide projector</td></tr><tr><td>At $$F_1$$</td><td>infinity</td><td>Highly magnified</td><td>Real, inverted</td><td>Spectrometer</td></tr><tr><td>Between $$F_1$$ and $$O$$</td><td>On same side as object</td><td>Magnified</td><td>Virtual, erect</td><td>Magnifying glass</td></tr></tbody></table>Concave lens form virtual and erect image on the same side of the lens between $$F_1$$ and $$O$$. It is always diminished. They are used in Galilean telescope.\",\r\n                    \"sequenceNo\": 1,\r\n                    \"createdAt\": \"2020-04-30T17:47:48.074Z\",\r\n                    \"updatedAt\": \"2020-04-30T17:47:53.264Z\",\r\n                    \"imageUrl\": \"https://bdix.classroom.com.bd/public/images/concepts/5eab0f446fb679443ef0894d.jpeg\",\r\n                    \"imageUrlS3\": \"https://s3.amazonaws.com/new.classroom.com.bd/public/images/concepts/5eab0f446fb679443ef0894d.jpeg\",\r\n                    \"isBookmarked\": false,\r\n                    \"conceptType\": {\r\n                        \"_id\": \"5eaadc1bcba11f37690b303e\",\r\n                        \"title\": \"\u099a\u09bf\u09a4\u09cd\u09b0\",\r\n                        \"sequenceNo\": 3,\r\n                        \"value\": \"Figure\"\r\n                    }\r\n                },\r\n                {\r\n                    \"_id\": \"5eab0fe76fb679443ef0894e\",\r\n                    \"isPublished\": true,\r\n                    \"subjectId\": \"5d0224c08bae0c3384fe2585\",\r\n                    \"chapterId\": \"5d02254e8bae0c3384fe2586\",\r\n                    \"classId\": \"5d02227e8bae0c3384fe2584\",\r\n                    \"conceptTypeId\": \"5eaadcbfcba11f37690b3040\",\r\n                    \"title\": \"Examples of scattering\",\r\n                    \"description\": \"Some effects of scattering in everyday life are:<br><ul><li>Red colour of sun at sunrise and sunset.</li><li>White colour of sky at noon.</li><li>Blue colour of sky.</li><li>Red colour used as danger signal.</li></ul>\",\r\n                    \"sequenceNo\": 1,\r\n                    \"createdAt\": \"2020-04-30T17:50:31.268Z\",\r\n                    \"updatedAt\": \"2020-04-30T17:50:31.268Z\",\r\n                    \"isBookmarked\": false,\r\n                    \"conceptType\": {\r\n                        \"_id\": \"5eaadcbfcba11f37690b3040\",\r\n                        \"title\": \"\u0989\u09a6\u09be\u09b9\u09b0\u09a3\",\r\n                        \"sequenceNo\": 4,\r\n                        \"value\": \"Example\"\r\n                    }\r\n                }\r\n            ]\r\n        },\r\n        {\r\n            \"_id\": \"5d0761c746161168575770a7\",\r\n            \"name\": \"Chemistry\",\r\n            \"sequenceNo\": 2,\r\n            \"recommendedLessons\": [],\r\n            \"recommendedBasics\": [],\r\n            \"recommendedConcepts\": []\r\n        },\r\n        {\r\n            \"_id\": \"5d0761d246161168575770a8\",\r\n            \"name\": \"Higher Math\",\r\n            \"sequenceNo\": 3,\r\n            \"recommendedLessons\": [\r\n                {\r\n                    \"_id\": \"5d11fdc831c0e441b7ed01d5\",\r\n                    \"name\": \"\u09b8\u09ae\u09cd\u09aa\u09be\u09a6\u09cd\u09af \u09e6\u09e7\",\r\n                    \"classId\": \"5d02227e8bae0c3384fe2584\",\r\n                    \"subjectId\": \"5d0761d246161168575770a8\",\r\n                    \"chapterId\": \"5d12f47831fe9e432d3ec6e8\",\r\n                    \"flowId\": \"5d11ef7a31c0e441b7ed01d3\",\r\n                    \"duration\": \"1:21\"\r\n                },\r\n                {\r\n                    \"_id\": \"5d11fe1031c0e441b7ed01d9\",\r\n                    \"name\": \"\u09b8\u09ae\u09cd\u09aa\u09be\u09a6\u09cd\u09af \u09e6\u09eb (Construction-05) \",\r\n                    \"classId\": \"5d02227e8bae0c3384fe2584\",\r\n                    \"subjectId\": \"5d0761d246161168575770a8\",\r\n                    \"chapterId\": \"5d12f47831fe9e432d3ec6e8\",\r\n                    \"flowId\": \"5d11efd531c0e441b7ed01d4\",\r\n                    \"duration\": \"1:07\"\r\n                },\r\n                {\r\n                    \"_id\": \"5d120ba931fe9e432d3ec6e2\",\r\n                    \"name\": \"\u09b8\u09ae\u09cd\u09aa\u09be\u09a6\u09cd\u09af \u09e6\u09ec (Construction-06)\",\r\n                    \"classId\": \"5d02227e8bae0c3384fe2584\",\r\n                    \"subjectId\": \"5d0761d246161168575770a8\",\r\n                    \"chapterId\": \"5d12f47831fe9e432d3ec6e8\",\r\n                    \"flowId\": \"5d11efd531c0e441b7ed01d4\",\r\n                    \"duration\": \"1:20\"\r\n                },\r\n                {\r\n                    \"_id\": \"5d120ba931fe9e432d3ec6e3\",\r\n                    \"name\": \"\u09b8\u09ae\u09cd\u09aa\u09be\u09a6\u09cd\u09af \u09e6\u09ed (Construction-07)\",\r\n                    \"classId\": \"5d02227e8bae0c3384fe2584\",\r\n                    \"subjectId\": \"5d0761d246161168575770a8\",\r\n                    \"chapterId\": \"5d12f47831fe9e432d3ec6e8\",\r\n                    \"flowId\": \"5d11efd531c0e441b7ed01d4\",\r\n                    \"duration\": \"1:18\"\r\n                },\r\n                {\r\n                    \"_id\": \"5d120ba931fe9e432d3ec6e4\",\r\n                    \"name\": \"\u09b8\u09ae\u09cd\u09aa\u09be\u09a6\u09cd\u09af \u09e6\u09ee (Construction-08)\",\r\n                    \"classId\": \"5d02227e8bae0c3384fe2584\",\r\n                    \"subjectId\": \"5d0761d246161168575770a8\",\r\n                    \"chapterId\": \"5d12f47831fe9e432d3ec6e8\",\r\n                    \"flowId\": \"5d11efd531c0e441b7ed01d4\",\r\n                    \"duration\": \"1:15\"\r\n                }\r\n            ],\r\n            \"recommendedBasics\": [],\r\n            \"recommendedConcepts\": []\r\n        },\r\n        {\r\n            \"_id\": \"5d0761e246161168575770a9\",\r\n            \"name\": \"Biology\",\r\n            \"sequenceNo\": 4,\r\n            \"recommendedLessons\": [],\r\n            \"recommendedBasics\": [],\r\n            \"recommendedConcepts\": []\r\n        },\r\n        {\r\n            \"_id\": \"5d0761eb46161168575770aa\",\r\n            \"name\": \"Bangla\",\r\n            \"sequenceNo\": 5,\r\n            \"recommendedLessons\": [],\r\n            \"recommendedBasics\": [],\r\n            \"recommendedConcepts\": []\r\n        },\r\n        {\r\n            \"_id\": \"5d0761f146161168575770ab\",\r\n            \"name\": \"General Math\",\r\n            \"sequenceNo\": 6,\r\n            \"recommendedLessons\": [\r\n                {\r\n                    \"_id\": \"5d11cbfc3ec8ab3e7056f275\",\r\n                    \"name\": \"\u09ac\u09be\u09b8\u09cd\u09a4\u09ac \u09b8\u0982\u0996\u09cd\u09af\u09be\u09b0 \u09ac\u09c8\u09b6\u09bf\u09b7\u09cd\u099f\u09cd\u09af\",\r\n                    \"classId\": \"5d02227e8bae0c3384fe2584\",\r\n                    \"subjectId\": \"5d0761f146161168575770ab\",\r\n                    \"chapterId\": \"5d0cd65cc7f18d285551509b\",\r\n                    \"flowId\": \"5d11ca913ec8ab3e7056f26f\",\r\n                    \"duration\": \"03:16\"\r\n                },\r\n                {\r\n                    \"_id\": \"5d11cc5f3ec8ab3e7056f278\",\r\n                    \"name\": \"\u09a6\u09cd\u09ac\u09bf\u09a4\u09c0\u09df \u0997\u09a3\u09bf\u09a4 \u0989\u09a6\u09be\u09b9\u09b0\u09a3\",\r\n                    \"classId\": \"5d02227e8bae0c3384fe2584\",\r\n                    \"subjectId\": \"5d0761f146161168575770ab\",\r\n                    \"chapterId\": \"5d0cd65cc7f18d285551509b\",\r\n                    \"flowId\": \"5d11caaf3ec8ab3e7056f270\",\r\n                    \"duration\": \"02:32\"\r\n                },\r\n                {\r\n                    \"_id\": \"5d11ccb73ec8ab3e7056f27a\",\r\n                    \"name\": \"\u09b8\u09be\u09a7\u09be\u09b0\u09a3 \u09ad\u0997\u09cd\u09a8\u09be\u0982\u09b6 \u09a5\u09c7\u0995\u09c7 \u0986\u09ac\u09c3\u09a4\u09cd\u09a4 \u09a6\u09b6\u09ae\u09bf\u0995 \u09ad\u0997\u09cd\u09a8\u09be\u0982\u09b6\u09c7 \u09b0\u09c2\u09aa\u09be\u09a8\u09cd\u09a4\u09b0 \u09aa\u09cd\u09b0\u09a5\u09ae \u0985\u0982\u09b6\",\r\n                    \"classId\": \"5d02227e8bae0c3384fe2584\",\r\n                    \"subjectId\": \"5d0761f146161168575770ab\",\r\n                    \"chapterId\": \"5d0cd65cc7f18d285551509b\",\r\n                    \"flowId\": \"5d11cac73ec8ab3e7056f271\",\r\n                    \"duration\": \"02:14\"\r\n                },\r\n                {\r\n                    \"_id\": \"5d11cce13ec8ab3e7056f280\",\r\n                    \"name\": \"\u0986\u09ac\u09c3\u09a4\u09cd\u09a4 \u09a6\u09b6\u09ae\u09bf\u0995 \u09ad\u0997\u09cd\u09a8\u09be\u0982\u09b6\u09c7\u09b0 \u09af\u09cb\u0997 \u09a6\u09cd\u09ac\u09bf\u09a4\u09c0\u09df \u0985\u0982\u09b6\",\r\n                    \"classId\": \"5d02227e8bae0c3384fe2584\",\r\n                    \"subjectId\": \"5d0761f146161168575770ab\",\r\n                    \"chapterId\": \"5d0cd65cc7f18d285551509b\",\r\n                    \"flowId\": \"5d11cb033ec8ab3e7056f272\",\r\n                    \"duration\": \"03:59\"\r\n                },\r\n                {\r\n                    \"_id\": \"5d11ccfe3ec8ab3e7056f285\",\r\n                    \"name\": \"\u09ac\u09b0\u09cd\u0997\u09ae\u09c2\u09b2 \u09a8\u09bf\u09b0\u09cd\u09a3\u09df\",\r\n                    \"classId\": \"5d02227e8bae0c3384fe2584\",\r\n                    \"subjectId\": \"5d0761f146161168575770ab\",\r\n                    \"chapterId\": \"5d0cd65cc7f18d285551509b\",\r\n                    \"flowId\": \"5d11cb1a3ec8ab3e7056f273\",\r\n                    \"duration\": \"09:19\"\r\n                }\r\n            ],\r\n            \"recommendedBasics\": [],\r\n            \"recommendedConcepts\": []\r\n        },\r\n        {\r\n            \"_id\": \"5d0761fc46161168575770ac\",\r\n            \"name\": \"English\",\r\n            \"sequenceNo\": 7,\r\n            \"recommendedLessons\": [],\r\n            \"recommendedBasics\": [],\r\n            \"recommendedConcepts\": []\r\n        }\r\n    ]\r\n}",
    "YaraRule": [
        "sw_bucket"
    ]
}