{
    "scrape_url": "https://scrape.pastebin.com/api_scrape_item.php?i=f39qSSbZ",
    "full_url": "https://pastebin.com/f39qSSbZ",
    "date": "1594632226",
    "key": "f39qSSbZ",
    "size": 4363,
    "expire": "0",
    "title": "MSNotificationType",
    "syntax": "sql",
    "user": "",
    "filename": "f39qSSbZ",
    "pasteid": "f39qSSbZ",
    "pastesite": "pastebin.com",
    "@timestamp": "2020-07-13T09:23:46",
    "MD5": "2b12cc6e6e227a3b401ee32914c6117e",
    "SHA256": "beef256e6572c813787baee397070f864abef16cac272d4d90d0fc6a3d6a5d4f",
    "raw_paste": "USE [careernew]\r\nGO\r\n/****** Object:  Table [dbo].[MsNotificationType]    Script Date: 13/07/2020 16:23:10 ******/\r\nSET ANSI_NULLS ON\r\nGO\r\nSET QUOTED_IDENTIFIER ON\r\nGO\r\nCREATE TABLE [dbo].[MsNotificationType](\r\n\t[NotificationTypeId] [int] IDENTITY(0,1) NOT NULL,\r\n\t[NotificationType] [varchar](100) NULL,\r\n\t[Message] [text] NULL,\r\n\t[Title] [varchar](200) NULL,\r\nPRIMARY KEY CLUSTERED \r\n(\r\n\t[NotificationTypeId] ASC\r\n)WITH (PAD_INDEX = OFF, STATISTICS_NORECOMPUTE = OFF, IGNORE_DUP_KEY = OFF, ALLOW_ROW_LOCKS = ON, ALLOW_PAGE_LOCKS = ON) ON [PRIMARY]\r\n) ON [PRIMARY] TEXTIMAGE_ON [PRIMARY]\r\nGO\r\nSET IDENTITY_INSERT [dbo].[MsNotificationType] ON \r\nGO\r\nINSERT [dbo].[MsNotificationType] ([NotificationTypeId], [NotificationType], [Message], [Title]) VALUES (1, N'LikePost', N'likes your post', N'Like Post')\r\nGO\r\nINSERT [dbo].[MsNotificationType] ([NotificationTypeId], [NotificationType], [Message], [Title]) VALUES (2, N'AcceptFriend', N'accepted your friend request', N'Friend Request')\r\nGO\r\nINSERT [dbo].[MsNotificationType] ([NotificationTypeId], [NotificationType], [Message], [Title]) VALUES (3, N'FriendRequest', N'added you as friend', N'Friend Request')\r\nGO\r\nINSERT [dbo].[MsNotificationType] ([NotificationTypeId], [NotificationType], [Message], [Title]) VALUES (4, N'CommentPost', N'comment in your post', N'Comment Post')\r\nGO\r\nINSERT [dbo].[MsNotificationType] ([NotificationTypeId], [NotificationType], [Message], [Title]) VALUES (5, N'Chat', N'', N'Send Chat')\r\nGO\r\nINSERT [dbo].[MsNotificationType] ([NotificationTypeId], [NotificationType], [Message], [Title]) VALUES (6, N'ServiceBuy', N'buy new service', N'Service Buy')\r\nGO\r\nINSERT [dbo].[MsNotificationType] ([NotificationTypeId], [NotificationType], [Message], [Title]) VALUES (7, N'RequestCampusHiring', N'added request campus hiring', N'New Request')\r\nGO\r\nINSERT [dbo].[MsNotificationType] ([NotificationTypeId], [NotificationType], [Message], [Title]) VALUES (8, N'AcceptRequestCampusHiring', N'BINUS Career accepting your campus hiring request', N'Accepting Campus Hiring')\r\nGO\r\nINSERT [dbo].[MsNotificationType] ([NotificationTypeId], [NotificationType], [Message], [Title]) VALUES (9, N'RejectRequestCampusHiring', N'BINUS Career rejecting your campus hiring rrequest', N'Rejecting Campus Hiring')\r\nGO\r\nINSERT [dbo].[MsNotificationType] ([NotificationTypeId], [NotificationType], [Message], [Title]) VALUES (10, N'ParticipantCampusHiring', N'New participant join your campus hiring event', N'New participant')\r\nGO\r\nINSERT [dbo].[MsNotificationType] ([NotificationTypeId], [NotificationType], [Message], [Title]) VALUES (11, N'RequestSosmed', N'New request for publishing a social media', N'New Request')\r\nGO\r\nINSERT [dbo].[MsNotificationType] ([NotificationTypeId], [NotificationType], [Message], [Title]) VALUES (12, N'RequestDBStudent', N'New request database student', N'New Request Database')\r\nGO\r\nINSERT [dbo].[MsNotificationType] ([NotificationTypeId], [NotificationType], [Message], [Title]) VALUES (13, N'RequestAssesment', N'New request assesment services', N'New Request Assesment')\r\nGO\r\nINSERT [dbo].[MsNotificationType] ([NotificationTypeId], [NotificationType], [Message], [Title]) VALUES (14, N'RequestNewNewsLetter', N'Create new news letter ', N'News letter request')\r\nGO\r\nINSERT [dbo].[MsNotificationType] ([NotificationTypeId], [NotificationType], [Message], [Title]) VALUES (15, N'RequestBoardPosting', N'Request board posting', N'Request board posting')\r\nGO\r\nINSERT [dbo].[MsNotificationType] ([NotificationTypeId], [NotificationType], [Message], [Title]) VALUES (16, N'RequestCandidate', N'Request recomendation candidate', N'Request candidate')\r\nGO\r\nINSERT [dbo].[MsNotificationType] ([NotificationTypeId], [NotificationType], [Message], [Title]) VALUES (17, N'ReqNewArticle', N'Request create article', N'New Article')\r\nGO\r\nINSERT [dbo].[MsNotificationType] ([NotificationTypeId], [NotificationType], [Message], [Title]) VALUES (18, N'Purchase ', N'Purchase some product', N'Purchase')\r\nGO\r\nINSERT [dbo].[MsNotificationType] ([NotificationTypeId], [NotificationType], [Message], [Title]) VALUES (19, N'Feedback', N'Send feedback', N'Feedback')\r\nGO\r\nINSERT [dbo].[MsNotificationType] ([NotificationTypeId], [NotificationType], [Message], [Title]) VALUES (20, N'PostingJob', N'Posting new job', N'New Jobs')\r\nGO\r\nSET IDENTITY_INSERT [dbo].[MsNotificationType] OFF\r\nGO",
    "YaraRule": [
        "db_structure"
    ]
}