{
    "scrape_url": "https://scrape.pastebin.com/api_scrape_item.php?i=HV2JKrKC",
    "full_url": "https://pastebin.com/HV2JKrKC",
    "date": "1594496071",
    "key": "HV2JKrKC",
    "size": 32507,
    "expire": "0",
    "title": "Central Ranked Song List: 2020-07-11",
    "syntax": "json",
    "user": "blissfulyoshi",
    "filename": "HV2JKrKC",
    "pasteid": "HV2JKrKC",
    "pastesite": "pastebin.com",
    "@timestamp": "2020-07-11T19:34:31",
    "MD5": "172df5a95a73d5309f6a55425c37fd9f",
    "SHA256": "0f30ef1fefdb67ee9a88e6cacdb9cc04907f978e81453400d39625389a6968d6",
    "raw_paste": "[\n  {\n    \"animeEng\": \"The World God Only Knows: Goddesses Arc\",\n    \"animeRomaji\": \"The World God Only Knows: Goddesses Arc\",\n    \"songName\": \"God only knows Daisanmaku\",\n    \"artist\": \"Oratorio The World God Only Knows\",\n    \"type\": \"Insert Song\",\n    \"correctCount\": 170,\n    \"startTime\": 9,\n    \"songDuration\": 87.936,\n    \"songNumber\": 1,\n    \"activePlayerCount\": 254,\n    \"LinkVideo\": \"https://files.catbox.moe/8i5ymy.webm\",\n    \"LinkMp3\": \"https://files.catbox.moe/gmf15u.mp3\"\n  },\n  {\n    \"animeEng\": \"Mob Psycho 100 II\",\n    \"animeRomaji\": \"Mob Psycho 100 Dai Ikkai Rei to ka S\u014ddansho Ianryok\u014d -Kokoro Mitasu Iyashi no Tabi-\",\n    \"songName\": \"Ikiru Hitobito\",\n    \"artist\": \"sajou no hana\",\n    \"type\": \"Ending 1\",\n    \"correctCount\": 71,\n    \"startTime\": 9,\n    \"songDuration\": 89.016,\n    \"songNumber\": 2,\n    \"activePlayerCount\": 264,\n    \"LinkVideo\": \"https://files.catbox.moe/krtjca.webm\",\n    \"LinkMp3\": \"https://files.catbox.moe/r34n0g.mp3\"\n  },\n  {\n    \"animeEng\": \"Zetsuai 1989\",\n    \"animeRomaji\": \"Zetsuai 1989\",\n    \"songName\": \"Dousurebaii\",\n    \"artist\": \"Shou Hayami\",\n    \"type\": \"Insert Song\",\n    \"correctCount\": 3,\n    \"startTime\": 56,\n    \"songDuration\": 144.48,\n    \"songNumber\": 3,\n    \"activePlayerCount\": 266,\n    \"LinkVideo\": \"https://files.catbox.moe/gwyj8c.webm\",\n    \"LinkMp3\": \"https://files.catbox.moe/2oejx7.mp3\",\n    \"correctPlayers\": [\n      \"GangSTAR\",\n      \"Zurex\",\n      \"asleep\"\n    ]\n  },\n  {\n    \"animeEng\": \"Best Student Council\",\n    \"animeRomaji\": \"Gokujo Seitokai\",\n    \"songName\": \"Koi se yo Onnanoko\",\n    \"artist\": \"Yukari Tamura\",\n    \"type\": \"Opening 1\",\n    \"correctCount\": 16,\n    \"startTime\": 51,\n    \"songDuration\": 89.856,\n    \"songNumber\": 4,\n    \"activePlayerCount\": 265,\n    \"LinkVideo\": \"https://files.catbox.moe/drp9hu.webm\",\n    \"LinkMp3\": \"https://files.catbox.moe/druqpr.mp3\"\n  },\n  {\n    \"animeEng\": \"Teenage Mutant Ninja Turtles: Superman Legend\",\n    \"animeRomaji\": \"Mutant Turtles: Ch\u014djin Densetsu-hen\",\n    \"songName\": \"Power-Up Turtles\",\n    \"artist\": \"Hironobu Kageyama\",\n    \"type\": \"Opening 1\",\n    \"correctCount\": 18,\n    \"startTime\": 48,\n    \"songDuration\": 122.112,\n    \"songNumber\": 5,\n    \"activePlayerCount\": 267,\n    \"LinkVideo\": \"https://files.catbox.moe/bnekvb.webm\",\n    \"LinkMp3\": \"https://files.catbox.moe/lbxwad.mp3\"\n  },\n  {\n    \"animeEng\": \"Sound! Euphonium The Movie: Welcome to the Kitauji High School Concert Band\",\n    \"animeRomaji\": \"Gekij\u014dban Hibike! Euphonium: Kitauji K\u014dk\u014d Suis\u014dgaku-bu e Y\u014dkoso\",\n    \"songName\": \"Jigoku no Orph\u00e9e\",\n    \"artist\": \"Freshman Wind Ensemble\",\n    \"type\": \"Insert Song\",\n    \"correctCount\": 148,\n    \"startTime\": 17,\n    \"songDuration\": 63.096,\n    \"songNumber\": 6,\n    \"activePlayerCount\": 267,\n    \"LinkVideo\": \"https://files.catbox.moe/to7kzy.webm\",\n    \"LinkMp3\": \"https://files.catbox.moe/bydrcc.mp3\"\n  },\n  {\n    \"animeEng\": \"Pok\u00e9mon: Mewtwo Returns\",\n    \"animeRomaji\": \"Pocket Monsters: Mewtwo! Ware wa Koko ni Ari\",\n    \"songName\": \"OK!\",\n    \"artist\": \"Rica Matsumoto\",\n    \"type\": \"Opening 1\",\n    \"correctCount\": 153,\n    \"startTime\": 16,\n    \"songDuration\": 87.648,\n    \"songNumber\": 7,\n    \"activePlayerCount\": 265,\n    \"LinkVideo\": \"https://files.catbox.moe/b0rnw2.webm\",\n    \"LinkMp3\": \"https://files.catbox.moe/57ed40.mp3\"\n  },\n  {\n    \"animeEng\": \"Momo-iro Sisters\",\n    \"animeRomaji\": \"Momo-iro Sisters\",\n    \"songName\": \"Vector wa Uemuki\",\n    \"artist\": \"CAZACY\",\n    \"type\": \"Ending 1\",\n    \"correctCount\": 0,\n    \"startTime\": 52,\n    \"songDuration\": 94.704,\n    \"songNumber\": 8,\n    \"activePlayerCount\": 262,\n    \"LinkVideo\": \"https://files.catbox.moe/xvg503.webm\"\n  },\n  {\n    \"animeEng\": \"New Game!\",\n    \"animeRomaji\": \"New Game!\",\n    \"songName\": \"Haru-iro Runway\",\n    \"artist\": \"Y\u016bki Takada\",\n    \"type\": \"Insert Song\",\n    \"correctCount\": 37,\n    \"startTime\": 31,\n    \"songDuration\": 64.728,\n    \"songNumber\": 9,\n    \"activePlayerCount\": 263,\n    \"LinkVideo\": \"https://files.catbox.moe/cobix4.webm\",\n    \"LinkMp3\": \"https://files.catbox.moe/ionvon.mp3\"\n  },\n  {\n    \"animeEng\": \"Black Bullet\",\n    \"animeRomaji\": \"Black Bullet\",\n    \"songName\": \"black bullet\",\n    \"artist\": \"fripSide\",\n    \"type\": \"Opening 1\",\n    \"correctCount\": 185,\n    \"startTime\": 16,\n    \"songDuration\": 87.90053,\n    \"songNumber\": 10,\n    \"activePlayerCount\": 263,\n    \"LinkVideo\": \"https://files.catbox.moe/aeppq7.webm\",\n    \"LinkMp3\": \"https://files.catbox.moe/57m787.mp3\"\n  },\n  {\n    \"animeEng\": \"Luna Varga\",\n    \"animeRomaji\": \"Maj\u016b Senshi Luna Varga\",\n    \"songName\": \"LUNA Great\",\n    \"artist\": \"Akiko Ikuina\",\n    \"type\": \"Ending 1\",\n    \"correctCount\": 0,\n    \"startTime\": 84,\n    \"songDuration\": 134.016,\n    \"songNumber\": 11,\n    \"activePlayerCount\": 262,\n    \"LinkVideo\": \"https://files.catbox.moe/a5hhj0.webm\",\n    \"LinkMp3\": \"https://files.catbox.moe/kg3w49.mp3\"\n  },\n  {\n    \"animeEng\": \"Kiss\u00d7sis\",\n    \"animeRomaji\": \"Kiss\u00d7sis\",\n    \"songName\": \"Futari no \u2665Honey Boy\",\n    \"artist\": \"Akoriko\",\n    \"type\": \"Opening 1\",\n    \"correctCount\": 153,\n    \"startTime\": 51,\n    \"songDuration\": 89.712,\n    \"songNumber\": 12,\n    \"activePlayerCount\": 262,\n    \"LinkVideo\": \"https://files.catbox.moe/ht1ah1.webm\",\n    \"LinkMp3\": \"https://files.catbox.moe/dyz4dc.mp3\"\n  },\n  {\n    \"animeEng\": \"Overlord: Fushisha no \u014c\",\n    \"animeRomaji\": \"Overlord: Fushisha no \u014c\",\n    \"songName\": \"Crazy Scary Holy Fantasy\",\n    \"artist\": \"MYTH & ROID\",\n    \"type\": \"Ending 1\",\n    \"correctCount\": 84,\n    \"startTime\": 100,\n    \"songDuration\": 195.072,\n    \"songNumber\": 13,\n    \"activePlayerCount\": 261,\n    \"LinkVideo\": \"https://files.catbox.moe/lmx1qh.webm\",\n    \"LinkMp3\": \"https://files.catbox.moe/kmaw4l.mp3\"\n  },\n  {\n    \"animeEng\": \"Neon Genesis Evangelion\",\n    \"animeRomaji\": \"Shinseiki Evangelion\",\n    \"songName\": \"Fly Me to the Moon (Rei #25 Version)\",\n    \"artist\": \"Megumi Hayashibara\",\n    \"type\": \"Ending 13\",\n    \"correctCount\": 234,\n    \"startTime\": 23,\n    \"songDuration\": 65.088,\n    \"songNumber\": 14,\n    \"activePlayerCount\": 262,\n    \"LinkVideo\": \"https://files.catbox.moe/0nph3y.webm\",\n    \"LinkMp3\": \"https://files.catbox.moe/liwdj2.mp3\"\n  },\n  {\n    \"animeEng\": \"Please Take My Brother Away! 2\",\n    \"animeRomaji\": \"Ani Ni Tsukeru Kusuri wa Nai! 2\",\n    \"songName\": \"Let Him Go!!\",\n    \"artist\": \"Yuuka Neko\",\n    \"type\": \"Opening 1\",\n    \"correctCount\": 86,\n    \"startTime\": 0,\n    \"songDuration\": 25.872,\n    \"songNumber\": 15,\n    \"activePlayerCount\": 262,\n    \"LinkVideo\": \"https://files.catbox.moe/gr2pwc.webm\",\n    \"LinkMp3\": \"https://files.catbox.moe/5l37qm.mp3\"\n  },\n  {\n    \"animeEng\": \"FLCL\",\n    \"animeRomaji\": \"Furi Kuri\",\n    \"songName\": \"Blues Drive Monster\",\n    \"artist\": \"the pillows\",\n    \"type\": \"Insert Song\",\n    \"correctCount\": 71,\n    \"startTime\": 66,\n    \"songDuration\": 206.938484,\n    \"songNumber\": 16,\n    \"activePlayerCount\": 262,\n    \"LinkVideo\": \"https://files.catbox.moe/edrqvn.webm\",\n    \"LinkMp3\": \"https://files.catbox.moe/cdl7ph.mp3\"\n  },\n  {\n    \"animeEng\": \"ReLIFE\",\n    \"animeRomaji\": \"ReLIFE\",\n    \"songName\": \"Button (Piano Version)\",\n    \"artist\": \"PENGUIN RESEARCH\",\n    \"type\": \"Ending 4\",\n    \"correctCount\": 205,\n    \"startTime\": 23,\n    \"songDuration\": 89.352,\n    \"songNumber\": 17,\n    \"activePlayerCount\": 259,\n    \"LinkVideo\": \"https://files.catbox.moe/nqw9k0.webm\",\n    \"LinkMp3\": \"https://files.catbox.moe/nnr28e.mp3\"\n  },\n  {\n    \"animeEng\": \"Persona4 the Golden ANIMATION\",\n    \"animeRomaji\": \"Persona4 the Golden ANIMATION\",\n    \"songName\": \"True story\",\n    \"artist\": \"Rie Kugimiya & Kana Hanazawa\",\n    \"type\": \"Insert Song\",\n    \"correctCount\": 18,\n    \"startTime\": 37,\n    \"songDuration\": 102.048,\n    \"songNumber\": 18,\n    \"activePlayerCount\": 260,\n    \"LinkVideo\": \"https://files.catbox.moe/1702qz.webm\",\n    \"LinkMp3\": \"https://files.catbox.moe/tw62dn.mp3\"\n  },\n  {\n    \"animeEng\": \"Aikatsu Stars!\",\n    \"animeRomaji\": \"Aikatsu Stars!\",\n    \"songName\": \"Aikatsu\u2606Step!\",\n    \"artist\": \"Sena from AIKATSU\u2606STARS!\",\n    \"type\": \"Insert Song\",\n    \"correctCount\": 101,\n    \"startTime\": 91,\n    \"songDuration\": 124.968,\n    \"songNumber\": 19,\n    \"activePlayerCount\": 260,\n    \"LinkVideo\": \"https://files.catbox.moe/5yviuj.webm\",\n    \"LinkMp3\": \"https://files.catbox.moe/fxp1jt.mp3\"\n  },\n  {\n    \"animeEng\": \"Hozuki's Coolheadedness\",\n    \"animeRomaji\": \"H\u014dzuki no Reitetsu\",\n    \"songName\": \"Jigoku no Sata mo Kimi Shidai\",\n    \"artist\": \"Jigoku no Sata All Stars\",\n    \"type\": \"Ending 2\",\n    \"correctCount\": 166,\n    \"startTime\": 51,\n    \"songDuration\": 88.56,\n    \"songNumber\": 20,\n    \"activePlayerCount\": 261,\n    \"LinkVideo\": \"https://files.catbox.moe/zjze7p.webm\",\n    \"LinkMp3\": \"https://files.catbox.moe/j1bqlq.mp3\"\n  },\n  {\n    \"animeEng\": \"Gintama'\",\n    \"animeRomaji\": \"Gintama'\",\n    \"songName\": \"Ring a Ding Dong\",\n    \"artist\": \"Saeko Suzuki\",\n    \"type\": \"Ending 1\",\n    \"correctCount\": 28,\n    \"startTime\": 25,\n    \"songDuration\": 88.296,\n    \"songNumber\": 21,\n    \"activePlayerCount\": 262,\n    \"LinkVideo\": \"https://files.catbox.moe/xxx0i9.webm\",\n    \"LinkMp3\": \"https://files.catbox.moe/kg8c5u.mp3\"\n  },\n  {\n    \"animeEng\": \"Ketsuekigata-kun! 4\",\n    \"animeRomaji\": \"Ketsuekigata-kun! 4\",\n    \"songName\": \"Sayonara Full Moon\",\n    \"artist\": \"Ky\u014dko Narumi\",\n    \"type\": \"Opening 1\",\n    \"correctCount\": 15,\n    \"startTime\": 0,\n    \"songDuration\": 28.56,\n    \"songNumber\": 22,\n    \"activePlayerCount\": 262,\n    \"LinkVideo\": \"https://files.catbox.moe/atvvx7.webm\",\n    \"LinkMp3\": \"https://files.catbox.moe/lv1dxk.mp3\"\n  },\n  {\n    \"animeEng\": \"Is the order a rabbit?\",\n    \"animeRomaji\": \"GochiUsa?\",\n    \"songName\": \"Daydream caf\u00e9\",\n    \"artist\": \"Petit Rabbit's\",\n    \"type\": \"Opening 1\",\n    \"correctCount\": 156,\n    \"startTime\": 42,\n    \"songDuration\": 90.096,\n    \"songNumber\": 23,\n    \"activePlayerCount\": 262,\n    \"LinkVideo\": \"https://files.catbox.moe/x0pm2g.webm\",\n    \"LinkMp3\": \"https://files.catbox.moe/u6gpap.mp3\"\n  },\n  {\n    \"animeEng\": \"Fire Force\",\n    \"animeRomaji\": \"Enen no Sh\u014db\u014dtai\",\n    \"songName\": \"MAYDAY\",\n    \"artist\": \"coldrain feat.Ryo from CRYSTAL LAKE\",\n    \"type\": \"Opening 2\",\n    \"correctCount\": 203,\n    \"startTime\": 55,\n    \"songDuration\": 89.016,\n    \"songNumber\": 24,\n    \"activePlayerCount\": 262,\n    \"LinkVideo\": \"https://files.catbox.moe/y832nz.webm\",\n    \"LinkMp3\": \"https://files.catbox.moe/6zvdlx.mp3\"\n  },\n  {\n    \"animeEng\": \"SSSS.Gridman\",\n    \"animeRomaji\": \"SSSS.Gridman\",\n    \"songName\": \"youthful beautiful\",\n    \"artist\": \"Maaya Uchida\",\n    \"type\": \"Ending 1\",\n    \"correctCount\": 87,\n    \"startTime\": 2,\n    \"songDuration\": 89.592,\n    \"songNumber\": 25,\n    \"activePlayerCount\": 262,\n    \"LinkVideo\": \"https://files.catbox.moe/kkw0cs.webm\",\n    \"LinkMp3\": \"https://files.catbox.moe/cjc4ur.mp3\"\n  },\n  {\n    \"animeEng\": \"Obake Zukan\",\n    \"animeRomaji\": \"Obake Zukan\",\n    \"songName\": \"Obake Zukan no Uta\",\n    \"artist\": \"Nana Mizuki\",\n    \"type\": \"Opening 2\",\n    \"correctCount\": 18,\n    \"startTime\": 0,\n    \"songDuration\": 29.496,\n    \"songNumber\": 26,\n    \"activePlayerCount\": 262,\n    \"LinkVideo\": \"https://files.catbox.moe/1vh7db.webm\",\n    \"LinkMp3\": \"https://files.catbox.moe/gadh1s.mp3\"\n  },\n  {\n    \"animeEng\": \"Gegege no Kitar\u014d\",\n    \"animeRomaji\": \"Gegege no Kitar\u014d\",\n    \"songName\": \"Gegege no Kitaro\",\n    \"artist\": \"Ikuzo Yoshi\",\n    \"type\": \"Opening 1\",\n    \"correctCount\": 251,\n    \"startTime\": 19,\n    \"songDuration\": 87.768,\n    \"songNumber\": 27,\n    \"activePlayerCount\": 261,\n    \"LinkVideo\": \"https://files.catbox.moe/piqgnu.webm\",\n    \"LinkMp3\": \"https://files.catbox.moe/zaurv4.mp3\"\n  },\n  {\n    \"animeEng\": \"To LOVE-Ru\",\n    \"animeRomaji\": \"To LOVE-Ru -Trouble-\",\n    \"songName\": \"forever we can make it!\",\n    \"artist\": \"THYME\",\n    \"type\": \"Opening 1\",\n    \"correctCount\": 184,\n    \"startTime\": 10,\n    \"songDuration\": 89.88,\n    \"songNumber\": 28,\n    \"activePlayerCount\": 262,\n    \"LinkVideo\": \"https://files.catbox.moe/c6cw17.webm\",\n    \"LinkMp3\": \"https://files.catbox.moe/nasenk.mp3\"\n  },\n  {\n    \"animeEng\": \"Haikyu!! Movie Concept no Tatakai\",\n    \"animeRomaji\": \"Haikyu!! Movie Concept no Tatakai\",\n    \"songName\": \"Hikari Are\",\n    \"artist\": \"BURNOUT SYNDROMES\",\n    \"type\": \"Ending 1\",\n    \"correctCount\": 77,\n    \"startTime\": 99,\n    \"songDuration\": 239.952,\n    \"songNumber\": 29,\n    \"activePlayerCount\": 262,\n    \"LinkVideo\": \"https://files.catbox.moe/tywqad.webm\",\n    \"LinkMp3\": \"https://files.catbox.moe/gb071d.mp3\"\n  },\n  {\n    \"animeEng\": \"KINMOZA! Pretty Days\",\n    \"animeRomaji\": \"kin-iro mosaic: Pretty Days\",\n    \"songName\": \"Starring!!\",\n    \"artist\": \"Rhodanthe*\",\n    \"type\": \"Ending 1\",\n    \"correctCount\": 8,\n    \"startTime\": 129,\n    \"songDuration\": 198.696,\n    \"songNumber\": 30,\n    \"activePlayerCount\": 261,\n    \"LinkVideo\": \"https://files.catbox.moe/j3n579.webm\",\n    \"LinkMp3\": \"https://files.catbox.moe/jh7aoo.mp3\"\n  },\n  {\n    \"animeEng\": \"The Phoenix: Chapter of Ho-o\",\n    \"animeRomaji\": \"Hi no Tori: Ho-o-hen\",\n    \"songName\": \"Hi no Tori\",\n    \"artist\": \"Noriko Watanabe\",\n    \"type\": \"Ending 1\",\n    \"correctCount\": 3,\n    \"startTime\": 69,\n    \"songDuration\": 265.752,\n    \"songNumber\": 31,\n    \"activePlayerCount\": 261,\n    \"LinkVideo\": \"https://files.catbox.moe/xuufna.webm\",\n    \"LinkMp3\": \"https://files.catbox.moe/bgz6st.mp3\",\n    \"correctPlayers\": [\n      \"Owari_Nagi\",\n      \"Koneko2375\",\n      \"Davidconst\"\n    ]\n  },\n  {\n    \"animeEng\": \"Infinite Stratos 2: Long Vacation Edition\",\n    \"animeRomaji\": \"Infinite Stratos 2: Long Vacation Edition\",\n    \"songName\": \"BEAUTIFUL SKY\",\n    \"artist\": \"Y\u014dko Hikasa, Yukana, Asami Shimoda, Kana Hanazawa, Marina Inoue\",\n    \"type\": \"Ending 1\",\n    \"correctCount\": 63,\n    \"startTime\": 159,\n    \"songDuration\": 232.56,\n    \"songNumber\": 32,\n    \"activePlayerCount\": 261,\n    \"LinkVideo\": \"https://files.catbox.moe/8iivkm.webm\",\n    \"LinkMp3\": \"https://files.catbox.moe/glfgbp.mp3\"\n  },\n  {\n    \"animeEng\": \"Tsurune: Kazemai K\u014dk\u014d Ky\u016bd\u014d-bu\",\n    \"animeRomaji\": \"Tsurune: Kazemai K\u014dk\u014d Ky\u016bd\u014d-bu\",\n    \"songName\": \"Naru\",\n    \"artist\": \"Luck Life\",\n    \"type\": \"Opening 1\",\n    \"correctCount\": 84,\n    \"startTime\": 4,\n    \"songDuration\": 89.064,\n    \"songNumber\": 33,\n    \"activePlayerCount\": 260,\n    \"LinkVideo\": \"https://files.catbox.moe/tsm12k.webm\",\n    \"LinkMp3\": \"https://files.catbox.moe/gxh7ti.mp3\"\n  },\n  {\n    \"animeEng\": \"Hurricane Polymar\",\n    \"animeRomaji\": \"Hurricane Polymar\",\n    \"songName\": \"Tatakae! Polymar\",\n    \"artist\": \"Isao Sasaki, Columbia Yurikago-kai\",\n    \"type\": \"Opening 1\",\n    \"correctCount\": 47,\n    \"startTime\": 1,\n    \"songDuration\": 83.664,\n    \"songNumber\": 34,\n    \"activePlayerCount\": 259,\n    \"LinkVideo\": \"https://files.catbox.moe/i97eto.webm\",\n    \"LinkMp3\": \"https://files.catbox.moe/af1duy.mp3\"\n  },\n  {\n    \"animeEng\": \"Yuyushiki\",\n    \"animeRomaji\": \"Yuyushiki\",\n    \"songName\": \"Kirameki! no Hi\",\n    \"artist\": \"J\u014dh\u014dshori-bu\",\n    \"type\": \"Opening 1\",\n    \"correctCount\": 23,\n    \"startTime\": 2,\n    \"songDuration\": 89.088,\n    \"songNumber\": 35,\n    \"activePlayerCount\": 260,\n    \"LinkVideo\": \"https://files.catbox.moe/8tstk7.webm\",\n    \"LinkMp3\": \"https://files.catbox.moe/bsnwsv.mp3\"\n  },\n  {\n    \"animeEng\": \"Classroom of the Elite\",\n    \"animeRomaji\": \"Y\u014dkoso Jitsuryoku Shij\u014d Shugi no Ky\u014dshitsu e\",\n    \"songName\": \"Caste Room\",\n    \"artist\": \"ZAQ\",\n    \"type\": \"Opening 1\",\n    \"correctCount\": 180,\n    \"startTime\": 44,\n    \"songDuration\": 90.147022,\n    \"songNumber\": 36,\n    \"activePlayerCount\": 259,\n    \"LinkVideo\": \"https://files.catbox.moe/7vneoh.webm\",\n    \"LinkMp3\": \"https://files.catbox.moe/kmq78b.mp3\"\n  },\n  {\n    \"animeEng\": \"Tantei Opera Milky Holmes Summer Special\",\n    \"animeRomaji\": \"Tantei Opera Milky Holmes SS (Summer Special)\",\n    \"songName\": \"Seikai wa Hitotsu! Janai!!\",\n    \"artist\": \"Milky Holmes\",\n    \"type\": \"Opening 1\",\n    \"correctCount\": 68,\n    \"startTime\": 36,\n    \"songDuration\": 89.572338,\n    \"songNumber\": 37,\n    \"activePlayerCount\": 259,\n    \"LinkVideo\": \"https://files.catbox.moe/x5m8fa.webm\",\n    \"LinkMp3\": \"https://files.catbox.moe/esds0k.mp3\"\n  },\n  {\n    \"animeEng\": \"FLCL Alternative\",\n    \"animeRomaji\": \"FLCL Alternative\",\n    \"songName\": \"LAST DINOSAUR (Fool on cool version)\",\n    \"artist\": \"the pillows\",\n    \"type\": \"Insert Song\",\n    \"correctCount\": 17,\n    \"startTime\": 89,\n    \"songDuration\": 163.368,\n    \"songNumber\": 38,\n    \"activePlayerCount\": 257,\n    \"LinkVideo\": \"https://files.catbox.moe/39lmcj.webm\",\n    \"LinkMp3\": \"https://files.catbox.moe/1b4ewq.mp3\"\n  },\n  {\n    \"animeEng\": \"Noragami\",\n    \"animeRomaji\": \"Noragami\",\n    \"songName\": \"Goya no Machiawase\",\n    \"artist\": \"Hello Sleepwalkers\",\n    \"type\": \"Opening 1\",\n    \"correctCount\": 245,\n    \"startTime\": 44,\n    \"songDuration\": 89.04,\n    \"songNumber\": 39,\n    \"activePlayerCount\": 258,\n    \"LinkVideo\": \"https://files.catbox.moe/kdb9qr.webm\",\n    \"LinkMp3\": \"https://files.catbox.moe/peiivi.mp3\"\n  },\n  {\n    \"animeEng\": \"Star\u2606Twinkle Precure: Hoshi no Uta ni Omoi o Komete\",\n    \"animeRomaji\": \"Star\u2606Twinkle Precure: Hoshi no Uta ni Omoi o Komete\",\n    \"songName\": \"Kirari\u2606 \u5f61Star\u2606Twinkle Precure\",\n    \"artist\": \"Rie Kitagawa\",\n    \"type\": \"Opening 1\",\n    \"correctCount\": 16,\n    \"startTime\": 105,\n    \"songDuration\": 151.128,\n    \"songNumber\": 40,\n    \"activePlayerCount\": 257,\n    \"LinkVideo\": \"https://files.catbox.moe/5efh3f.webm\",\n    \"LinkMp3\": \"https://files.catbox.moe/i11odg.mp3\"\n  },\n  {\n    \"animeEng\": \"School Days: Valentine Days\",\n    \"animeRomaji\": \"School Days: Valentine Days\",\n    \"songName\": \"Innocent Blue\",\n    \"artist\": \"DeviceHigh\",\n    \"type\": \"Opening 1\",\n    \"correctCount\": 168,\n    \"startTime\": 28,\n    \"songDuration\": 89.568,\n    \"songNumber\": 41,\n    \"activePlayerCount\": 257,\n    \"LinkVideo\": \"https://files.catbox.moe/h2lx6t.webm\",\n    \"LinkMp3\": \"https://files.catbox.moe/d3tyo1.mp3\"\n  },\n  {\n    \"animeEng\": \"K-ON! Season 2\",\n    \"animeRomaji\": \"K-ON!!\",\n    \"songName\": \"U&I\",\n    \"artist\": \"Ho-Kago Tea Time\",\n    \"type\": \"Insert Song\",\n    \"correctCount\": 159,\n    \"startTime\": 31,\n    \"songDuration\": 112.58582,\n    \"songNumber\": 42,\n    \"activePlayerCount\": 257,\n    \"LinkVideo\": \"https://files.catbox.moe/enurec.webm\",\n    \"LinkMp3\": \"https://files.catbox.moe/3bkiiw.mp3\"\n  },\n  {\n    \"animeEng\": \"Puella Magi Madoka Magica the Movie Part 1: Beginnings\",\n    \"animeRomaji\": \"Gekij\u014dban Mah\u014d Sh\u014djo Madoka\u2605Magica Zenpen: Hajimari no Monogatari\",\n    \"songName\": \"she is a witch\",\n    \"artist\": \"Yuri Kasahara\",\n    \"type\": \"Insert Song\",\n    \"correctCount\": 45,\n    \"startTime\": 9,\n    \"songDuration\": 76.968,\n    \"songNumber\": 43,\n    \"activePlayerCount\": 257,\n    \"LinkVideo\": \"https://files.catbox.moe/c10fge.webm\",\n    \"LinkMp3\": \"https://files.catbox.moe/m9f9ne.mp3\"\n  },\n  {\n    \"animeEng\": \"Himegoto\",\n    \"animeRomaji\": \"Himegoto\",\n    \"songName\": \"Troublemaker\",\n    \"artist\": \"I My Me Mine\",\n    \"type\": \"Opening 1\",\n    \"correctCount\": 131,\n    \"startTime\": 0,\n    \"songDuration\": 29.592,\n    \"songNumber\": 44,\n    \"activePlayerCount\": 258,\n    \"LinkVideo\": \"https://files.catbox.moe/ksuizo.webm\",\n    \"LinkMp3\": \"https://files.catbox.moe/hmreuo.mp3\"\n  },\n  {\n    \"animeEng\": \"Gantz\",\n    \"animeRomaji\": \"Gantz\",\n    \"songName\": \"Super Shooter\",\n    \"artist\": \"RIP SLYME\",\n    \"type\": \"Opening 1\",\n    \"correctCount\": 187,\n    \"startTime\": 52,\n    \"songDuration\": 88.92,\n    \"songNumber\": 45,\n    \"activePlayerCount\": 257,\n    \"LinkVideo\": \"https://files.catbox.moe/b6xkry.webm\",\n    \"LinkMp3\": \"https://files.catbox.moe/0rnmai.mp3\"\n  },\n  {\n    \"animeEng\": \"Kimi ni Todoke - From Me to You\",\n    \"animeRomaji\": \"Kimi ni Todoke\",\n    \"songName\": \"Kimi ni Todoke\",\n    \"artist\": \"Tomofumi Tanizawa\",\n    \"type\": \"Opening 1\",\n    \"correctCount\": 167,\n    \"startTime\": 9,\n    \"songDuration\": 58.752,\n    \"songNumber\": 46,\n    \"activePlayerCount\": 258,\n    \"LinkVideo\": \"https://files.catbox.moe/bzak9g.webm\",\n    \"LinkMp3\": \"https://files.catbox.moe/54vgxm.mp3\"\n  },\n  {\n    \"animeEng\": \"THE IDOLM@STER MOVIE: Beyond the Brilliant Future!\",\n    \"animeRomaji\": \"THE IDOLM@STER MOVIE: Kagayaki no Muk\u014dgawa e!\",\n    \"songName\": \"The iDOLM@STER\",\n    \"artist\": \"765PRO ALLSTARS\",\n    \"type\": \"Opening 1\",\n    \"correctCount\": 57,\n    \"startTime\": 48,\n    \"songDuration\": 160.2,\n    \"songNumber\": 47,\n    \"activePlayerCount\": 258,\n    \"LinkVideo\": \"https://files.catbox.moe/hkgibf.webm\",\n    \"LinkMp3\": \"https://files.catbox.moe/9ys2n3.mp3\"\n  },\n  {\n    \"animeEng\": \"Lalabel the Magic Girl\",\n    \"animeRomaji\": \"Mah\u014d Sh\u014djo Lalabel\",\n    \"songName\": \"Hello Lalabel\",\n    \"artist\": \"Mitsuko Horie and Columbia Yurikago-kai\",\n    \"type\": \"Opening 1\",\n    \"correctCount\": 88,\n    \"startTime\": 25,\n    \"songDuration\": 67.995566,\n    \"songNumber\": 48,\n    \"activePlayerCount\": 258,\n    \"LinkVideo\": \"https://files.catbox.moe/086oy2.webm\",\n    \"LinkMp3\": \"https://files.catbox.moe/49bvqr.mp3\"\n  },\n  {\n    \"animeEng\": \"Tokimeki Restaurant: Miracle6\",\n    \"animeRomaji\": \"Tokimeki Restaurant: Miracle6\",\n    \"songName\": \"Deja-Vu\",\n    \"artist\": \"X.I.P.\",\n    \"type\": \"Insert Song\",\n    \"correctCount\": 0,\n    \"startTime\": 85,\n    \"songDuration\": 179.856,\n    \"songNumber\": 49,\n    \"activePlayerCount\": 258,\n    \"LinkVideo\": \"https://files.catbox.moe/7kjds4.webm\",\n    \"LinkMp3\": \"https://files.catbox.moe/r1csz6.mp3\"\n  },\n  {\n    \"animeEng\": \"Di Gi Charat Christmas Special\",\n    \"animeRomaji\": \"Di Gi Charat Christmas Special\",\n    \"songName\": \"Megami ni Naritai ~for a yours~\",\n    \"artist\": \"Masami Okui\",\n    \"type\": \"Opening 1\",\n    \"correctCount\": 4,\n    \"startTime\": 10,\n    \"songDuration\": 88.752,\n    \"songNumber\": 50,\n    \"activePlayerCount\": 257,\n    \"LinkVideo\": \"https://files.catbox.moe/z0td1z.webm\",\n    \"LinkMp3\": \"https://files.catbox.moe/cq7hh7.mp3\",\n    \"correctPlayers\": [\n      \"Koneko2375\",\n      \"Davidconst\",\n      \"aryagamis\",\n      \"watashiii\"\n    ]\n  },\n  {\n    \"animeEng\": \"Tales of Gekij\u014d\",\n    \"animeRomaji\": \"Tales of Gekij\u014d\",\n    \"songName\": \"Omotte Iru Zutto...\",\n    \"artist\": \"Shouko Miyata\",\n    \"type\": \"Ending 1\",\n    \"correctCount\": 2,\n    \"startTime\": 23,\n    \"songDuration\": 67.2,\n    \"songNumber\": 51,\n    \"activePlayerCount\": 258,\n    \"LinkVideo\": \"https://files.catbox.moe/t3803u.webm\",\n    \"LinkMp3\": \"https://files.catbox.moe/748h93.mp3\",\n    \"correctPlayers\": [\n      \"GangSTAR\",\n      \"MangoSS\"\n    ]\n  },\n  {\n    \"animeEng\": \"A Sister's All You Need\",\n    \"animeRomaji\": \"Im\u014dto Sae Ireba Ii.\",\n    \"songName\": \"Donna Hoshizora yori mo, Donna Omoide yori mo\",\n    \"artist\": \"Aira Yuuki\",\n    \"type\": \"Ending 1\",\n    \"correctCount\": 43,\n    \"startTime\": 47,\n    \"songDuration\": 87.792,\n    \"songNumber\": 52,\n    \"activePlayerCount\": 257,\n    \"LinkVideo\": \"https://files.catbox.moe/2q0unn.webm\",\n    \"LinkMp3\": \"https://files.catbox.moe/5t6hz6.mp3\"\n  },\n  {\n    \"animeEng\": \"The Girl Who Leapt Through Time\",\n    \"animeRomaji\": \"Toki o Kakeru Sh\u014djo\",\n    \"songName\": \"Kawaranai Mono\",\n    \"artist\": \"Hanako Oku\",\n    \"type\": \"Insert Song\",\n    \"correctCount\": 55,\n    \"startTime\": 20,\n    \"songDuration\": 114.216,\n    \"songNumber\": 53,\n    \"activePlayerCount\": 256,\n    \"LinkVideo\": \"https://files.catbox.moe/tbo46m.webm\",\n    \"LinkMp3\": \"https://files.catbox.moe/cmnwd5.mp3\"\n  },\n  {\n    \"animeEng\": \"Yu Yu Hakusho The Movie\",\n    \"animeRomaji\": \"Yu Yu Hakusho The Movie\",\n    \"songName\": \"Hohoemi no Bakudan\",\n    \"artist\": \"Matsuko Mawatari\",\n    \"type\": \"Opening 1\",\n    \"correctCount\": 205,\n    \"startTime\": 32,\n    \"songDuration\": 82.56,\n    \"songNumber\": 54,\n    \"activePlayerCount\": 256,\n    \"LinkVideo\": \"https://files.catbox.moe/rgjhkr.webm\",\n    \"LinkMp3\": \"https://files.catbox.moe/88qfzp.mp3\"\n  },\n  {\n    \"animeEng\": \"Initial D: Extra Stage 2\",\n    \"animeRomaji\": \"Initial D: Extra Stage 2\",\n    \"songName\": \"EVERYBODY'S LOOKING\",\n    \"artist\": \"PAUL HARRIS\",\n    \"type\": \"Insert Song\",\n    \"correctCount\": 18,\n    \"startTime\": 4,\n    \"songDuration\": 114.888,\n    \"songNumber\": 55,\n    \"activePlayerCount\": 256,\n    \"LinkVideo\": \"https://files.catbox.moe/hs25o4.webm\",\n    \"LinkMp3\": \"https://files.catbox.moe/8sb37g.mp3\"\n  },\n  {\n    \"animeEng\": \"Fortune Dogs\",\n    \"animeRomaji\": \"Fortune Dogs\",\n    \"songName\": \"Chigau Yume\",\n    \"artist\": \"Umeno Yoshizawa\",\n    \"type\": \"Ending 1\",\n    \"correctCount\": 1,\n    \"startTime\": 31,\n    \"songDuration\": 89.568,\n    \"songNumber\": 56,\n    \"activePlayerCount\": 256,\n    \"LinkVideo\": \"https://files.catbox.moe/ryuc9b.webm\",\n    \"LinkMp3\": \"https://files.catbox.moe/og1331.mp3\",\n    \"correctPlayers\": [\n      \"GangSTAR\"\n    ]\n  },\n  {\n    \"animeEng\": \"Gegege no Kitar\u014d\",\n    \"animeRomaji\": \"Gegege no Kitar\u014d\",\n    \"songName\": \"Ushimitsu Jamboree\",\n    \"artist\": \"Stardust\u2606Revue\",\n    \"type\": \"Ending 6\",\n    \"correctCount\": 210,\n    \"startTime\": 3,\n    \"songDuration\": 59.064,\n    \"songNumber\": 57,\n    \"activePlayerCount\": 255,\n    \"LinkVideo\": \"https://files.catbox.moe/pl0b7c.webm\",\n    \"LinkMp3\": \"https://files.catbox.moe/pgvain.mp3\"\n  },\n  {\n    \"animeEng\": \"No Game No Life\",\n    \"animeRomaji\": \"No Game No Life\",\n    \"songName\": \"Onegai\u2606Snyaiper\",\n    \"artist\": \"Miyuki Sawashiro\",\n    \"type\": \"Opening 2\",\n    \"correctCount\": 217,\n    \"startTime\": 11,\n    \"songDuration\": 88.68,\n    \"songNumber\": 58,\n    \"activePlayerCount\": 255,\n    \"LinkVideo\": \"https://files.catbox.moe/pm2xg1.webm\",\n    \"LinkMp3\": \"https://files.catbox.moe/0fa9oc.mp3\"\n  },\n  {\n    \"animeEng\": \"Waiting in the Summer\",\n    \"animeRomaji\": \"Ano Natsu de Matteru\",\n    \"songName\": \"Vidro Moy\u014d\",\n    \"artist\": \"Nagi Yanagi\",\n    \"type\": \"Ending 1\",\n    \"correctCount\": 79,\n    \"startTime\": 6,\n    \"songDuration\": 89.496,\n    \"songNumber\": 59,\n    \"activePlayerCount\": 255,\n    \"LinkVideo\": \"https://files.catbox.moe/7jijlh.webm\",\n    \"LinkMp3\": \"https://files.catbox.moe/7nt62s.mp3\"\n  },\n  {\n    \"animeEng\": \"Muhyo & Roji's Bureau of Supernatural Investigation\",\n    \"animeRomaji\": \"Muhyo to Roji no Mah\u014dritsu S\u014ddan Jimusho\",\n    \"songName\": \"Inochi no Akashi\",\n    \"artist\": \"ZAQ\",\n    \"type\": \"Opening 1\",\n    \"correctCount\": 8,\n    \"startTime\": 11,\n    \"songDuration\": 89.064,\n    \"songNumber\": 60,\n    \"activePlayerCount\": 255,\n    \"LinkVideo\": \"https://files.catbox.moe/76np4p.webm\",\n    \"LinkMp3\": \"https://files.catbox.moe/i6r5n6.mp3\"\n  },\n  {\n    \"animeEng\": \"The Pet Girl of Sakurasou\",\n    \"animeRomaji\": \"Sakura-s\u014d no Pet na Kanojo\",\n    \"songName\": \"DAYS of DASH\",\n    \"artist\": \"Konomi Suzuki\",\n    \"type\": \"Ending 1\",\n    \"correctCount\": 146,\n    \"startTime\": 7,\n    \"songDuration\": 85.2,\n    \"songNumber\": 61,\n    \"activePlayerCount\": 256,\n    \"LinkVideo\": \"https://files.catbox.moe/k4m1h5.webm\",\n    \"LinkMp3\": \"https://files.catbox.moe/625otn.mp3\"\n  },\n  {\n    \"animeEng\": \"Shakugan no Shana Special: Off-Campus Class on Love and Onsen!\",\n    \"animeRomaji\": \"Shakugan no Shana Tokubetsuhen: Koi to Onsen no Kougai Gakushuu!\",\n    \"songName\": \"Yoake Umarekuru Shoujo\",\n    \"artist\": \"Yoko Takahashi\",\n    \"type\": \"Ending 1\",\n    \"correctCount\": 87,\n    \"startTime\": 2,\n    \"songDuration\": 89.736,\n    \"songNumber\": 62,\n    \"activePlayerCount\": 256,\n    \"LinkVideo\": \"https://files.catbox.moe/qh68t6.webm\",\n    \"LinkMp3\": \"https://files.catbox.moe/34uxcz.mp3\"\n  },\n  {\n    \"animeEng\": \"Genesis Climber Mospeada\",\n    \"animeRomaji\": \"Kiko Soseiki Mospeada\",\n    \"songName\": \"Dream Eaters\",\n    \"artist\": \"Mine Matsuki\",\n    \"type\": \"Insert Song\",\n    \"correctCount\": 3,\n    \"startTime\": 24,\n    \"songDuration\": 61.700164,\n    \"songNumber\": 63,\n    \"activePlayerCount\": 256,\n    \"LinkVideo\": \"https://files.catbox.moe/r1fwla.webm\",\n    \"LinkMp3\": \"https://files.catbox.moe/3uujwn.mp3\",\n    \"correctPlayers\": [\n      \"Tenesquik\",\n      \"freshqka\",\n      \"Aleister_Crowley\"\n    ]\n  },\n  {\n    \"animeEng\": \"Murder Princess\",\n    \"animeRomaji\": \"Murder Princess\",\n    \"songName\": \"Hikari Sasuhou (FK Metal ver.)\",\n    \"artist\": \"BACK-ON\",\n    \"type\": \"Opening 1\",\n    \"correctCount\": 56,\n    \"startTime\": 17,\n    \"songDuration\": 89.88,\n    \"songNumber\": 64,\n    \"activePlayerCount\": 256,\n    \"LinkVideo\": \"https://files.catbox.moe/o25poq.webm\",\n    \"LinkMp3\": \"https://files.catbox.moe/8la86c.mp3\"\n  },\n  {\n    \"animeEng\": \"Inazuma Eleven GO\",\n    \"animeRomaji\": \"Inazuma Eleven GO\",\n    \"songName\": \"Naseba Naru no sa Nanairo Tamago\",\n    \"artist\": \"T-Pistonz+KMC\",\n    \"type\": \"Opening 2\",\n    \"correctCount\": 86,\n    \"startTime\": 49,\n    \"songDuration\": 84.060596,\n    \"songNumber\": 65,\n    \"activePlayerCount\": 256,\n    \"LinkVideo\": \"https://files.catbox.moe/qrh3th.webm\",\n    \"LinkMp3\": \"https://files.catbox.moe/cnw8r6.mp3\"\n  },\n  {\n    \"animeEng\": \"Gakuen Handsome the Animation\",\n    \"animeRomaji\": \"Gakuen Handsome the Animation\",\n    \"songName\": \"Handsome Tais\u014d de Zundokohoi\",\n    \"artist\": \"10Re;\",\n    \"type\": \"Ending 1\",\n    \"correctCount\": 12,\n    \"startTime\": 0,\n    \"songDuration\": 71.544,\n    \"songNumber\": 66,\n    \"activePlayerCount\": 256,\n    \"LinkVideo\": \"https://files.catbox.moe/vn4j9s.webm\",\n    \"LinkMp3\": \"https://files.catbox.moe/dpoktv.mp3\"\n  },\n  {\n    \"animeEng\": \"Samurai Deeper Kyo\",\n    \"animeRomaji\": \"Samurai Deeper Kyo\",\n    \"songName\": \"Ao no Requiem\",\n    \"artist\": \"Yuiko Tsubokura\",\n    \"type\": \"Opening 1\",\n    \"correctCount\": 16,\n    \"startTime\": 17,\n    \"songDuration\": 85.967502,\n    \"songNumber\": 67,\n    \"activePlayerCount\": 256,\n    \"LinkVideo\": \"https://files.catbox.moe/pkawo2.webm\",\n    \"LinkMp3\": \"https://files.catbox.moe/y8ghk6.mp3\"\n  },\n  {\n    \"animeEng\": \"Yamada's First Time: B Gata H Kei\",\n    \"animeRomaji\": \"B Gata H Kei\",\n    \"songName\": \"Kondo-san Nara Oni Jirushi\",\n    \"artist\": \"MI-KO\",\n    \"type\": \"Insert Song\",\n    \"correctCount\": 24,\n    \"startTime\": 0,\n    \"songDuration\": 24.12,\n    \"songNumber\": 68,\n    \"activePlayerCount\": 255,\n    \"LinkVideo\": \"https://files.catbox.moe/ffz7a8.webm\",\n    \"LinkMp3\": \"https://files.catbox.moe/g96i0k.mp3\"\n  },\n  {\n    \"animeEng\": \"Digimon Adventure:\",\n    \"animeRomaji\": \"Digimon Adventure:\",\n    \"songName\": \"Mikakunin Hikousen\",\n    \"artist\": \"Takayoshi Tanimoto\",\n    \"type\": \"Opening 1\",\n    \"correctCount\": 64,\n    \"startTime\": 36,\n    \"songDuration\": 82.224,\n    \"songNumber\": 69,\n    \"activePlayerCount\": 255,\n    \"LinkVideo\": \"https://files.catbox.moe/zpazb6.webm\",\n    \"LinkMp3\": \"https://files.catbox.moe/bcgpu9.mp3\"\n  },\n  {\n    \"animeEng\": \"Dog Days'\",\n    \"animeRomaji\": \"Dog Days'\",\n    \"songName\": \"Miracle Colors\",\n    \"artist\": \"Yui Horie\",\n    \"type\": \"Insert Song\",\n    \"correctCount\": 62,\n    \"startTime\": 46,\n    \"songDuration\": 93.048,\n    \"songNumber\": 70,\n    \"activePlayerCount\": 255,\n    \"LinkVideo\": \"https://files.catbox.moe/tnnnwm.webm\",\n    \"LinkMp3\": \"https://files.catbox.moe/yks156.mp3\"\n  },\n  {\n    \"animeEng\": \"Gingitsune: Messenger Fox of the Gods\",\n    \"animeRomaji\": \"Gingitsune\",\n    \"songName\": \"Gekk\u014d Story\",\n    \"artist\": \"SCREEN mode\",\n    \"type\": \"Ending 1\",\n    \"correctCount\": 9,\n    \"startTime\": 35,\n    \"songDuration\": 88.056,\n    \"songNumber\": 71,\n    \"activePlayerCount\": 255,\n    \"LinkVideo\": \"https://files.catbox.moe/a276qb.webm\",\n    \"LinkMp3\": \"https://files.catbox.moe/ic6o69.mp3\"\n  },\n  {\n    \"animeEng\": \"Actually, I Am\u2026\",\n    \"animeRomaji\": \"Jitsu wa Watashi wa\",\n    \"songName\": \"Himitsu o Ch\u014ddai\",\n    \"artist\": \"Ars Magna\",\n    \"type\": \"Opening 1\",\n    \"correctCount\": 103,\n    \"startTime\": 31,\n    \"songDuration\": 89.064,\n    \"songNumber\": 72,\n    \"activePlayerCount\": 255,\n    \"LinkVideo\": \"https://files.catbox.moe/5kntui.webm\",\n    \"LinkMp3\": \"https://files.catbox.moe/4hjgb8.mp3\"\n  },\n  {\n    \"animeEng\": \"Girly Air Force\",\n    \"animeRomaji\": \"Girly Air Force\",\n    \"songName\": \"Break the Blue!!\",\n    \"artist\": \"Run Girls, Run!\",\n    \"type\": \"Opening 1\",\n    \"correctCount\": 91,\n    \"startTime\": 25,\n    \"songDuration\": 89.284996,\n    \"songNumber\": 73,\n    \"activePlayerCount\": 254,\n    \"LinkVideo\": \"https://files.catbox.moe/tutsfb.webm\",\n    \"LinkMp3\": \"https://files.catbox.moe/bhccxe.mp3\"\n  },\n  {\n    \"animeEng\": \"Ronja the Robber's Daughter\",\n    \"animeRomaji\": \"Sanzoku no Musume Ronja\",\n    \"songName\": \"Haru no Sakebi\",\n    \"artist\": \"Aoi Teshima\",\n    \"type\": \"Opening 1\",\n    \"correctCount\": 13,\n    \"startTime\": 20,\n    \"songDuration\": 87.888,\n    \"songNumber\": 74,\n    \"activePlayerCount\": 254,\n    \"LinkVideo\": \"https://files.catbox.moe/6v6s6j.webm\",\n    \"LinkMp3\": \"https://files.catbox.moe/1mwgrw.mp3\"\n  },\n  {\n    \"animeEng\": \"Grimoire of Zero\",\n    \"animeRomaji\": \"Zero Kara Hajimeru Mah\u014d no Sho\",\n    \"songName\": \"Hakkensha wa Watashi\",\n    \"artist\": \"Tapimiru\",\n    \"type\": \"Opening 1\",\n    \"correctCount\": 118,\n    \"startTime\": 21,\n    \"songDuration\": 88.584,\n    \"songNumber\": 75,\n    \"activePlayerCount\": 254,\n    \"LinkVideo\": \"https://files.catbox.moe/0a7xig.webm\",\n    \"LinkMp3\": \"https://files.catbox.moe/8xlnzh.mp3\"\n  }\n]",
    "YaraRule": [
        "enable_org32",
        "core_keywords"
    ]
}