{
    "scrape_url": "https://scrape.pastebin.com/api_scrape_item.php?i=Js0Sm69S",
    "full_url": "https://pastebin.com/Js0Sm69S",
    "date": "1594472698",
    "key": "Js0Sm69S",
    "size": 91256,
    "expire": "1594559098",
    "title": "",
    "syntax": "tsql",
    "user": "",
    "filename": "Js0Sm69S",
    "pasteid": "Js0Sm69S",
    "pastesite": "pastebin.com",
    "@timestamp": "2020-07-11T13:04:58",
    "MD5": "f667cf39a1679efe0641a874b882fddb",
    "SHA256": "a8e820700a472a4e5ada0389e47fbd06414875f08fbbdc59dd2d4331e3d80fd2",
    "raw_paste": "SET ANSI_NULLS ON\r\nGO\r\nSET QUOTED_IDENTIFIER ON\r\nGO\r\nCREATE TABLE [dbo].[Departments](\r\n\t[DepartmentID] [int] IDENTITY(1,1) NOT NULL,\r\n\t[Name] [varchar](50) NOT NULL,\r\n\t[ManagerID] [int] NOT NULL,\r\n CONSTRAINT [PK_Departments] PRIMARY KEY CLUSTERED \r\n(\r\n\t[DepartmentID] ASC\r\n)WITH (PAD_INDEX = OFF, STATISTICS_NORECOMPUTE = OFF, IGNORE_DUP_KEY = OFF, ALLOW_ROW_LOCKS = ON, ALLOW_PAGE_LOCKS = ON, OPTIMIZE_FOR_SEQUENTIAL_KEY = OFF) ON [PRIMARY]\r\n) ON [PRIMARY]\r\nGO\r\n/****** Object:  Table [dbo].[Employees]    Script Date: 7/11/2020 4:03:58 PM ******/\r\nSET ANSI_NULLS ON\r\nGO\r\nSET QUOTED_IDENTIFIER ON\r\nGO\r\nCREATE TABLE [dbo].[Employees](\r\n\t[EmployeeID] [int] IDENTITY(1,1) NOT NULL,\r\n\t[FirstName] [varchar](50) NOT NULL,\r\n\t[LastName] [varchar](50) NOT NULL,\r\n\t[MiddleName] [varchar](50) NULL,\r\n\t[JobTitle] [varchar](50) NOT NULL,\r\n\t[DepartmentID] [int] NOT NULL,\r\n\t[ManagerID] [int] NULL,\r\n\t[HireDate] [smalldatetime] NOT NULL,\r\n\t[Salary] [money] NOT NULL,\r\n\t[AddressID] [int] NULL,\r\n CONSTRAINT [PK_Employees] PRIMARY KEY CLUSTERED \r\n(\r\n\t[EmployeeID] ASC\r\n)WITH (PAD_INDEX = OFF, STATISTICS_NORECOMPUTE = OFF, IGNORE_DUP_KEY = OFF, ALLOW_ROW_LOCKS = ON, ALLOW_PAGE_LOCKS = ON, OPTIMIZE_FOR_SEQUENTIAL_KEY = OFF) ON [PRIMARY]\r\n) ON [PRIMARY]\r\nGO\r\nSET IDENTITY_INSERT [dbo].[Departments] ON \r\nGO\r\nINSERT [dbo].[Departments] ([DepartmentID], [Name], [ManagerID]) VALUES (1, N'Engineering', 12)\r\nGO\r\nINSERT [dbo].[Departments] ([DepartmentID], [Name], [ManagerID]) VALUES (2, N'Tool Design', 4)\r\nGO\r\nINSERT [dbo].[Departments] ([DepartmentID], [Name], [ManagerID]) VALUES (3, N'Sales', 273)\r\nGO\r\nINSERT [dbo].[Departments] ([DepartmentID], [Name], [ManagerID]) VALUES (4, N'Marketing', 46)\r\nGO\r\nINSERT [dbo].[Departments] ([DepartmentID], [Name], [ManagerID]) VALUES (5, N'Purchasing', 6)\r\nGO\r\nINSERT [dbo].[Departments] ([DepartmentID], [Name], [ManagerID]) VALUES (6, N'Research and Development', 42)\r\nGO\r\nINSERT [dbo].[Departments] ([DepartmentID], [Name], [ManagerID]) VALUES (7, N'Production', 148)\r\nGO\r\nINSERT [dbo].[Departments] ([DepartmentID], [Name], [ManagerID]) VALUES (8, N'Production Control', 21)\r\nGO\r\nINSERT [dbo].[Departments] ([DepartmentID], [Name], [ManagerID]) VALUES (9, N'Human Resources', 30)\r\nGO\r\nINSERT [dbo].[Departments] ([DepartmentID], [Name], [ManagerID]) VALUES (10, N'Finance', 3)\r\nGO\r\nINSERT [dbo].[Departments] ([DepartmentID], [Name], [ManagerID]) VALUES (11, N'Information Services', 42)\r\nGO\r\nINSERT [dbo].[Departments] ([DepartmentID], [Name], [ManagerID]) VALUES (12, N'Document Control', 90)\r\nGO\r\nINSERT [dbo].[Departments] ([DepartmentID], [Name], [ManagerID]) VALUES (13, N'Quality Assurance', 274)\r\nGO\r\nINSERT [dbo].[Departments] ([DepartmentID], [Name], [ManagerID]) VALUES (14, N'Facilities and Maintenance', 218)\r\nGO\r\nINSERT [dbo].[Departments] ([DepartmentID], [Name], [ManagerID]) VALUES (15, N'Shipping and Receiving', 85)\r\nGO\r\nINSERT [dbo].[Departments] ([DepartmentID], [Name], [ManagerID]) VALUES (16, N'Executive', 109)\r\nGO\r\nSET IDENTITY_INSERT [dbo].[Departments] OFF\r\nGO\r\nSET IDENTITY_INSERT [dbo].[Employees] ON \r\nGO\r\nINSERT [dbo].[Employees] ([EmployeeID], [FirstName], [LastName], [MiddleName], [JobTitle], [DepartmentID], [ManagerID], [HireDate], [Salary], [AddressID]) VALUES (1, N'Guy', N'Gilbert', N'R', N'Production Technician', 7, 16, CAST(N'1998-07-31T00:00:00' AS SmallDateTime), 12500.0000, 166)\r\nGO\r\nINSERT [dbo].[Employees] ([EmployeeID], [FirstName], [LastName], [MiddleName], [JobTitle], [DepartmentID], [ManagerID], [HireDate], [Salary], [AddressID]) VALUES (2, N'Kevin', N'Brown', N'F', N'Marketing Assistant', 4, 6, CAST(N'1999-02-26T00:00:00' AS SmallDateTime), 13500.0000, 102)\r\nGO\r\nINSERT [dbo].[Employees] ([EmployeeID], [FirstName], [LastName], [MiddleName], [JobTitle], [DepartmentID], [ManagerID], [HireDate], [Salary], [AddressID]) VALUES (3, N'Roberto', N'Tamburello', NULL, N'Engineering Manager', 1, 12, CAST(N'1999-12-12T00:00:00' AS SmallDateTime), 43300.0000, 193)\r\nGO\r\nINSERT [dbo].[Employees] ([EmployeeID], [FirstName], [LastName], [MiddleName], [JobTitle], [DepartmentID], [ManagerID], [HireDate], [Salary], [AddressID]) VALUES (4, N'Rob', N'Walters', NULL, N'Senior Tool Designer', 2, 3, CAST(N'2000-01-05T00:00:00' AS SmallDateTime), 29800.0000, 155)\r\nGO\r\nINSERT [dbo].[Employees] ([EmployeeID], [FirstName], [LastName], [MiddleName], [JobTitle], [DepartmentID], [ManagerID], [HireDate], [Salary], [AddressID]) VALUES (5, N'Thierry', N'D''Hers', N'B', N'Tool Designer', 2, 263, CAST(N'2000-01-11T00:00:00' AS SmallDateTime), 25000.0000, 40)\r\nGO\r\nINSERT [dbo].[Employees] ([EmployeeID], [FirstName], [LastName], [MiddleName], [JobTitle], [DepartmentID], [ManagerID], [HireDate], [Salary], [AddressID]) VALUES (6, N'David', N'Bradley', N'M', N'Marketing Manager', 5, 109, CAST(N'2000-01-20T00:00:00' AS SmallDateTime), 37500.0000, 199)\r\nGO\r\nINSERT [dbo].[Employees] ([EmployeeID], [FirstName], [LastName], [MiddleName], [JobTitle], [DepartmentID], [ManagerID], [HireDate], [Salary], [AddressID]) VALUES (7, N'JoLynn', N'Dobney', N'M', N'Production Supervisor', 7, 21, CAST(N'2000-01-26T00:00:00' AS SmallDateTime), 25000.0000, 275)\r\nGO\r\nINSERT [dbo].[Employees] ([EmployeeID], [FirstName], [LastName], [MiddleName], [JobTitle], [DepartmentID], [ManagerID], [HireDate], [Salary], [AddressID]) VALUES (8, N'Ruth', N'Ellerbrock', N'Ann', N'Production Technician', 7, 185, CAST(N'2000-02-06T00:00:00' AS SmallDateTime), 13500.0000, 108)\r\nGO\r\nINSERT [dbo].[Employees] ([EmployeeID], [FirstName], [LastName], [MiddleName], [JobTitle], [DepartmentID], [ManagerID], [HireDate], [Salary], [AddressID]) VALUES (9, N'Gail', N'Erickson', N'A', N'Design Engineer', 1, 3, CAST(N'2000-02-06T00:00:00' AS SmallDateTime), 32700.0000, 22)\r\nGO\r\nINSERT [dbo].[Employees] ([EmployeeID], [FirstName], [LastName], [MiddleName], [JobTitle], [DepartmentID], [ManagerID], [HireDate], [Salary], [AddressID]) VALUES (10, N'Barry', N'Johnson', N'K', N'Production Technician', 7, 185, CAST(N'2000-02-07T00:00:00' AS SmallDateTime), 13500.0000, 285)\r\nGO\r\nINSERT [dbo].[Employees] ([EmployeeID], [FirstName], [LastName], [MiddleName], [JobTitle], [DepartmentID], [ManagerID], [HireDate], [Salary], [AddressID]) VALUES (11, N'Jossef', N'Goldberg', N'H', N'Design Engineer', 1, 3, CAST(N'2000-02-24T00:00:00' AS SmallDateTime), 32700.0000, 214)\r\nGO\r\nINSERT [dbo].[Employees] ([EmployeeID], [FirstName], [LastName], [MiddleName], [JobTitle], [DepartmentID], [ManagerID], [HireDate], [Salary], [AddressID]) VALUES (12, N'Terri', N'Duffy', N'Lee', N'Vice President of Engineering', 1, 109, CAST(N'2000-03-03T00:00:00' AS SmallDateTime), 63500.0000, 209)\r\nGO\r\nINSERT [dbo].[Employees] ([EmployeeID], [FirstName], [LastName], [MiddleName], [JobTitle], [DepartmentID], [ManagerID], [HireDate], [Salary], [AddressID]) VALUES (13, N'Sidney', N'Higa', N'M', N'Production Technician', 7, 185, CAST(N'2000-03-05T00:00:00' AS SmallDateTime), 13500.0000, 73)\r\nGO\r\nINSERT [dbo].[Employees] ([EmployeeID], [FirstName], [LastName], [MiddleName], [JobTitle], [DepartmentID], [ManagerID], [HireDate], [Salary], [AddressID]) VALUES (14, N'Taylor', N'Maxwell', N'R', N'Production Supervisor', 7, 21, CAST(N'2000-03-11T00:00:00' AS SmallDateTime), 25000.0000, 82)\r\nGO\r\nINSERT [dbo].[Employees] ([EmployeeID], [FirstName], [LastName], [MiddleName], [JobTitle], [DepartmentID], [ManagerID], [HireDate], [Salary], [AddressID]) VALUES (15, N'Jeffrey', N'Ford', N'L', N'Production Technician', 7, 185, CAST(N'2000-03-23T00:00:00' AS SmallDateTime), 13500.0000, 156)\r\nGO\r\nINSERT [dbo].[Employees] ([EmployeeID], [FirstName], [LastName], [MiddleName], [JobTitle], [DepartmentID], [ManagerID], [HireDate], [Salary], [AddressID]) VALUES (16, N'Jo', N'Brown', N'A', N'Production Supervisor', 7, 21, CAST(N'2000-03-30T00:00:00' AS SmallDateTime), 25000.0000, 70)\r\nGO\r\nINSERT [dbo].[Employees] ([EmployeeID], [FirstName], [LastName], [MiddleName], [JobTitle], [DepartmentID], [ManagerID], [HireDate], [Salary], [AddressID]) VALUES (17, N'Doris', N'Hartwig', N'M', N'Production Technician', 7, 185, CAST(N'2000-04-11T00:00:00' AS SmallDateTime), 13500.0000, 144)\r\nGO\r\nINSERT [dbo].[Employees] ([EmployeeID], [FirstName], [LastName], [MiddleName], [JobTitle], [DepartmentID], [ManagerID], [HireDate], [Salary], [AddressID]) VALUES (18, N'John', N'Campbell', N'T', N'Production Supervisor', 7, 21, CAST(N'2000-04-18T00:00:00' AS SmallDateTime), 25000.0000, 245)\r\nGO\r\nINSERT [dbo].[Employees] ([EmployeeID], [FirstName], [LastName], [MiddleName], [JobTitle], [DepartmentID], [ManagerID], [HireDate], [Salary], [AddressID]) VALUES (19, N'Diane', N'Glimp', N'R', N'Production Technician', 7, 185, CAST(N'2000-04-29T00:00:00' AS SmallDateTime), 13500.0000, 184)\r\nGO\r\nINSERT [dbo].[Employees] ([EmployeeID], [FirstName], [LastName], [MiddleName], [JobTitle], [DepartmentID], [ManagerID], [HireDate], [Salary], [AddressID]) VALUES (20, N'Steven', N'Selikoff', N'T', N'Production Technician', 7, 173, CAST(N'2001-01-02T00:00:00' AS SmallDateTime), 9500.0000, 104)\r\nGO\r\nINSERT [dbo].[Employees] ([EmployeeID], [FirstName], [LastName], [MiddleName], [JobTitle], [DepartmentID], [ManagerID], [HireDate], [Salary], [AddressID]) VALUES (21, N'Peter', N'Krebs', N'J', N'Production Control Manager', 8, 148, CAST(N'2001-01-02T00:00:00' AS SmallDateTime), 24500.0000, 11)\r\nGO\r\nINSERT [dbo].[Employees] ([EmployeeID], [FirstName], [LastName], [MiddleName], [JobTitle], [DepartmentID], [ManagerID], [HireDate], [Salary], [AddressID]) VALUES (22, N'Stuart', N'Munson', N'V', N'Production Technician', 7, 197, CAST(N'2001-01-03T00:00:00' AS SmallDateTime), 10000.0000, 36)\r\nGO\r\nINSERT [dbo].[Employees] ([EmployeeID], [FirstName], [LastName], [MiddleName], [JobTitle], [DepartmentID], [ManagerID], [HireDate], [Salary], [AddressID]) VALUES (23, N'Greg', N'Alderson', N'F', N'Production Technician', 7, 197, CAST(N'2001-01-03T00:00:00' AS SmallDateTime), 10000.0000, 18)\r\nGO\r\nINSERT [dbo].[Employees] ([EmployeeID], [FirstName], [LastName], [MiddleName], [JobTitle], [DepartmentID], [ManagerID], [HireDate], [Salary], [AddressID]) VALUES (24, N'David', N'Johnson', N'', N'Production Technician', 7, 184, CAST(N'2001-01-03T00:00:00' AS SmallDateTime), 9500.0000, 142)\r\nGO\r\nINSERT [dbo].[Employees] ([EmployeeID], [FirstName], [LastName], [MiddleName], [JobTitle], [DepartmentID], [ManagerID], [HireDate], [Salary], [AddressID]) VALUES (25, N'Zheng', N'Mu', N'W', N'Production Supervisor', 7, 21, CAST(N'2001-01-04T00:00:00' AS SmallDateTime), 25000.0000, 278)\r\nGO\r\nINSERT [dbo].[Employees] ([EmployeeID], [FirstName], [LastName], [MiddleName], [JobTitle], [DepartmentID], [ManagerID], [HireDate], [Salary], [AddressID]) VALUES (26, N'Ivo', N'Salmre', N'William', N'Production Technician', 7, 108, CAST(N'2001-01-05T00:00:00' AS SmallDateTime), 14000.0000, 165)\r\nGO\r\nINSERT [dbo].[Employees] ([EmployeeID], [FirstName], [LastName], [MiddleName], [JobTitle], [DepartmentID], [ManagerID], [HireDate], [Salary], [AddressID]) VALUES (27, N'Paul', N'Komosinski', N'B', N'Production Technician', 7, 87, CAST(N'2001-01-05T00:00:00' AS SmallDateTime), 15000.0000, 32)\r\nGO\r\nINSERT [dbo].[Employees] ([EmployeeID], [FirstName], [LastName], [MiddleName], [JobTitle], [DepartmentID], [ManagerID], [HireDate], [Salary], [AddressID]) VALUES (28, N'Ashvini', N'Sharma', N'R', N'Network Administrator', 11, 150, CAST(N'2001-01-05T00:00:00' AS SmallDateTime), 32500.0000, 133)\r\nGO\r\nINSERT [dbo].[Employees] ([EmployeeID], [FirstName], [LastName], [MiddleName], [JobTitle], [DepartmentID], [ManagerID], [HireDate], [Salary], [AddressID]) VALUES (29, N'Kendall', N'Keil', N'C', N'Production Technician', 7, 14, CAST(N'2001-01-06T00:00:00' AS SmallDateTime), 11000.0000, 257)\r\nGO\r\nINSERT [dbo].[Employees] ([EmployeeID], [FirstName], [LastName], [MiddleName], [JobTitle], [DepartmentID], [ManagerID], [HireDate], [Salary], [AddressID]) VALUES (30, N'Paula', N'Barreto de Mattos', N'M', N'Human Resources Manager', 9, 140, CAST(N'2001-01-07T00:00:00' AS SmallDateTime), 27100.0000, 2)\r\nGO\r\nINSERT [dbo].[Employees] ([EmployeeID], [FirstName], [LastName], [MiddleName], [JobTitle], [DepartmentID], [ManagerID], [HireDate], [Salary], [AddressID]) VALUES (31, N'Alejandro', N'McGuel', N'E', N'Production Technician', 7, 210, CAST(N'2001-01-07T00:00:00' AS SmallDateTime), 15000.0000, 274)\r\nGO\r\nINSERT [dbo].[Employees] ([EmployeeID], [FirstName], [LastName], [MiddleName], [JobTitle], [DepartmentID], [ManagerID], [HireDate], [Salary], [AddressID]) VALUES (32, N'Garrett', N'Young', N'R', N'Production Technician', 7, 184, CAST(N'2001-01-08T00:00:00' AS SmallDateTime), 9500.0000, 283)\r\nGO\r\nINSERT [dbo].[Employees] ([EmployeeID], [FirstName], [LastName], [MiddleName], [JobTitle], [DepartmentID], [ManagerID], [HireDate], [Salary], [AddressID]) VALUES (33, N'Jian Shuo', N'Wang', NULL, N'Production Technician', 7, 135, CAST(N'2001-01-08T00:00:00' AS SmallDateTime), 9500.0000, 160)\r\nGO\r\nINSERT [dbo].[Employees] ([EmployeeID], [FirstName], [LastName], [MiddleName], [JobTitle], [DepartmentID], [ManagerID], [HireDate], [Salary], [AddressID]) VALUES (34, N'Susan', N'Eaton', N'W', N'Stocker', 15, 85, CAST(N'2001-01-08T00:00:00' AS SmallDateTime), 9000.0000, 204)\r\nGO\r\nINSERT [dbo].[Employees] ([EmployeeID], [FirstName], [LastName], [MiddleName], [JobTitle], [DepartmentID], [ManagerID], [HireDate], [Salary], [AddressID]) VALUES (35, N'Vamsi', N'Kuppa', N'', N'Shipping and Receiving Clerk', 15, 85, CAST(N'2001-01-08T00:00:00' AS SmallDateTime), 9500.0000, 51)\r\nGO\r\nINSERT [dbo].[Employees] ([EmployeeID], [FirstName], [LastName], [MiddleName], [JobTitle], [DepartmentID], [ManagerID], [HireDate], [Salary], [AddressID]) VALUES (36, N'Alice', N'Ciccu', N'O', N'Production Technician', 7, 38, CAST(N'2001-01-08T00:00:00' AS SmallDateTime), 11000.0000, 284)\r\nGO\r\nINSERT [dbo].[Employees] ([EmployeeID], [FirstName], [LastName], [MiddleName], [JobTitle], [DepartmentID], [ManagerID], [HireDate], [Salary], [AddressID]) VALUES (37, N'Simon', N'Rapier', N'D', N'Production Technician', 7, 7, CAST(N'2001-01-09T00:00:00' AS SmallDateTime), 12500.0000, 64)\r\nGO\r\nINSERT [dbo].[Employees] ([EmployeeID], [FirstName], [LastName], [MiddleName], [JobTitle], [DepartmentID], [ManagerID], [HireDate], [Salary], [AddressID]) VALUES (38, N'Jinghao', N'Liu', N'K', N'Production Supervisor', 7, 21, CAST(N'2001-01-09T00:00:00' AS SmallDateTime), 25000.0000, 55)\r\nGO\r\nINSERT [dbo].[Employees] ([EmployeeID], [FirstName], [LastName], [MiddleName], [JobTitle], [DepartmentID], [ManagerID], [HireDate], [Salary], [AddressID]) VALUES (39, N'Michael', N'Hines', N'T', N'Production Technician', 7, 182, CAST(N'2001-01-10T00:00:00' AS SmallDateTime), 14000.0000, 168)\r\nGO\r\nINSERT [dbo].[Employees] ([EmployeeID], [FirstName], [LastName], [MiddleName], [JobTitle], [DepartmentID], [ManagerID], [HireDate], [Salary], [AddressID]) VALUES (40, N'Yvonne', N'McKay', N'S', N'Production Technician', 7, 159, CAST(N'2001-01-10T00:00:00' AS SmallDateTime), 10000.0000, 107)\r\nGO\r\nINSERT [dbo].[Employees] ([EmployeeID], [FirstName], [LastName], [MiddleName], [JobTitle], [DepartmentID], [ManagerID], [HireDate], [Salary], [AddressID]) VALUES (41, N'Peng', N'Wu', N'J', N'Quality Assurance Supervisor', 13, 200, CAST(N'2001-01-10T00:00:00' AS SmallDateTime), 21600.0000, 39)\r\nGO\r\nINSERT [dbo].[Employees] ([EmployeeID], [FirstName], [LastName], [MiddleName], [JobTitle], [DepartmentID], [ManagerID], [HireDate], [Salary], [AddressID]) VALUES (42, N'Jean', N'Trenary', N'E', N'Information Services Manager', 11, 109, CAST(N'2001-01-12T00:00:00' AS SmallDateTime), 50500.0000, 194)\r\nGO\r\nINSERT [dbo].[Employees] ([EmployeeID], [FirstName], [LastName], [MiddleName], [JobTitle], [DepartmentID], [ManagerID], [HireDate], [Salary], [AddressID]) VALUES (43, N'Russell', N'Hunter', NULL, N'Production Technician', 7, 74, CAST(N'2001-01-13T00:00:00' AS SmallDateTime), 11000.0000, 258)\r\nGO\r\nINSERT [dbo].[Employees] ([EmployeeID], [FirstName], [LastName], [MiddleName], [JobTitle], [DepartmentID], [ManagerID], [HireDate], [Salary], [AddressID]) VALUES (44, N'A. Scott', N'Wright', NULL, N'Master Scheduler', 8, 148, CAST(N'2001-01-13T00:00:00' AS SmallDateTime), 23600.0000, 172)\r\nGO\r\nINSERT [dbo].[Employees] ([EmployeeID], [FirstName], [LastName], [MiddleName], [JobTitle], [DepartmentID], [ManagerID], [HireDate], [Salary], [AddressID]) VALUES (45, N'Fred', N'Northup', N'T', N'Production Technician', 7, 210, CAST(N'2001-01-13T00:00:00' AS SmallDateTime), 15000.0000, 282)\r\nGO\r\nINSERT [dbo].[Employees] ([EmployeeID], [FirstName], [LastName], [MiddleName], [JobTitle], [DepartmentID], [ManagerID], [HireDate], [Salary], [AddressID]) VALUES (46, N'Sariya', N'Harnpadoungsataya', N'E', N'Marketing Specialist', 4, 6, CAST(N'2001-01-13T00:00:00' AS SmallDateTime), 14400.0000, 106)\r\nGO\r\nINSERT [dbo].[Employees] ([EmployeeID], [FirstName], [LastName], [MiddleName], [JobTitle], [DepartmentID], [ManagerID], [HireDate], [Salary], [AddressID]) VALUES (47, N'Willis', N'Johnson', N'T', N'Recruiter', 9, 30, CAST(N'2001-01-14T00:00:00' AS SmallDateTime), 18300.0000, 99)\r\nGO\r\nINSERT [dbo].[Employees] ([EmployeeID], [FirstName], [LastName], [MiddleName], [JobTitle], [DepartmentID], [ManagerID], [HireDate], [Salary], [AddressID]) VALUES (48, N'Jun', N'Cao', N'T', N'Production Technician', 7, 38, CAST(N'2001-01-15T00:00:00' AS SmallDateTime), 11000.0000, 197)\r\nGO\r\nINSERT [dbo].[Employees] ([EmployeeID], [FirstName], [LastName], [MiddleName], [JobTitle], [DepartmentID], [ManagerID], [HireDate], [Salary], [AddressID]) VALUES (49, N'Christian', N'Kleinerman', N'E', N'Maintenance Supervisor', 14, 218, CAST(N'2001-01-15T00:00:00' AS SmallDateTime), 20400.0000, 118)\r\nGO\r\nINSERT [dbo].[Employees] ([EmployeeID], [FirstName], [LastName], [MiddleName], [JobTitle], [DepartmentID], [ManagerID], [HireDate], [Salary], [AddressID]) VALUES (50, N'Susan', N'Metters', N'A', N'Production Technician', 7, 184, CAST(N'2001-01-15T00:00:00' AS SmallDateTime), 9500.0000, 224)\r\nGO\r\nINSERT [dbo].[Employees] ([EmployeeID], [FirstName], [LastName], [MiddleName], [JobTitle], [DepartmentID], [ManagerID], [HireDate], [Salary], [AddressID]) VALUES (51, N'Reuben', N'D''sa', N'H', N'Production Supervisor', 7, 21, CAST(N'2001-01-16T00:00:00' AS SmallDateTime), 25000.0000, 249)\r\nGO\r\nINSERT [dbo].[Employees] ([EmployeeID], [FirstName], [LastName], [MiddleName], [JobTitle], [DepartmentID], [ManagerID], [HireDate], [Salary], [AddressID]) VALUES (52, N'Kirk', N'Koenigsbauer', N'J', N'Production Technician', 7, 123, CAST(N'2001-01-16T00:00:00' AS SmallDateTime), 10000.0000, 250)\r\nGO\r\nINSERT [dbo].[Employees] ([EmployeeID], [FirstName], [LastName], [MiddleName], [JobTitle], [DepartmentID], [ManagerID], [HireDate], [Salary], [AddressID]) VALUES (53, N'David', N'Ortiz', N'J', N'Production Technician', 7, 18, CAST(N'2001-01-16T00:00:00' AS SmallDateTime), 12500.0000, 267)\r\nGO\r\nINSERT [dbo].[Employees] ([EmployeeID], [FirstName], [LastName], [MiddleName], [JobTitle], [DepartmentID], [ManagerID], [HireDate], [Salary], [AddressID]) VALUES (54, N'Tengiz', N'Kharatishvili', N'', N'Control Specialist', 12, 90, CAST(N'2001-01-17T00:00:00' AS SmallDateTime), 16800.0000, 129)\r\nGO\r\nINSERT [dbo].[Employees] ([EmployeeID], [FirstName], [LastName], [MiddleName], [JobTitle], [DepartmentID], [ManagerID], [HireDate], [Salary], [AddressID]) VALUES (55, N'Hanying', N'Feng', N'P', N'Production Technician', 7, 143, CAST(N'2001-01-17T00:00:00' AS SmallDateTime), 14000.0000, 182)\r\nGO\r\nINSERT [dbo].[Employees] ([EmployeeID], [FirstName], [LastName], [MiddleName], [JobTitle], [DepartmentID], [ManagerID], [HireDate], [Salary], [AddressID]) VALUES (56, N'Kevin', N'Liu', N'H', N'Production Technician', 7, 210, CAST(N'2001-01-18T00:00:00' AS SmallDateTime), 15000.0000, 259)\r\nGO\r\nINSERT [dbo].[Employees] ([EmployeeID], [FirstName], [LastName], [MiddleName], [JobTitle], [DepartmentID], [ManagerID], [HireDate], [Salary], [AddressID]) VALUES (57, N'Annik', N'Stahl', N'O', N'Production Technician', 7, 16, CAST(N'2001-01-18T00:00:00' AS SmallDateTime), 12500.0000, 262)\r\nGO\r\nINSERT [dbo].[Employees] ([EmployeeID], [FirstName], [LastName], [MiddleName], [JobTitle], [DepartmentID], [ManagerID], [HireDate], [Salary], [AddressID]) VALUES (58, N'Suroor', N'Fatima', N'R', N'Production Technician', 7, 38, CAST(N'2001-01-18T00:00:00' AS SmallDateTime), 11000.0000, 86)\r\nGO\r\nINSERT [dbo].[Employees] ([EmployeeID], [FirstName], [LastName], [MiddleName], [JobTitle], [DepartmentID], [ManagerID], [HireDate], [Salary], [AddressID]) VALUES (59, N'Deborah', N'Poe', N'E', N'Accounts Receivable Specialist', 10, 139, CAST(N'2001-01-19T00:00:00' AS SmallDateTime), 19000.0000, 103)\r\nGO\r\nINSERT [dbo].[Employees] ([EmployeeID], [FirstName], [LastName], [MiddleName], [JobTitle], [DepartmentID], [ManagerID], [HireDate], [Salary], [AddressID]) VALUES (60, N'Jim', N'Scardelis', N'H', N'Production Technician', 7, 74, CAST(N'2001-01-20T00:00:00' AS SmallDateTime), 11000.0000, 88)\r\nGO\r\nINSERT [dbo].[Employees] ([EmployeeID], [FirstName], [LastName], [MiddleName], [JobTitle], [DepartmentID], [ManagerID], [HireDate], [Salary], [AddressID]) VALUES (61, N'Carole', N'Poland', N'M', N'Production Technician', 7, 173, CAST(N'2001-01-20T00:00:00' AS SmallDateTime), 9500.0000, 72)\r\nGO\r\nINSERT [dbo].[Employees] ([EmployeeID], [FirstName], [LastName], [MiddleName], [JobTitle], [DepartmentID], [ManagerID], [HireDate], [Salary], [AddressID]) VALUES (62, N'George', N'Li', N'Z', N'Production Technician', 7, 184, CAST(N'2001-01-22T00:00:00' AS SmallDateTime), 9500.0000, 58)\r\nGO\r\nINSERT [dbo].[Employees] ([EmployeeID], [FirstName], [LastName], [MiddleName], [JobTitle], [DepartmentID], [ManagerID], [HireDate], [Salary], [AddressID]) VALUES (63, N'Gary', N'Yukish', N'W', N'Production Technician', 7, 87, CAST(N'2001-01-23T00:00:00' AS SmallDateTime), 15000.0000, 80)\r\nGO\r\nINSERT [dbo].[Employees] ([EmployeeID], [FirstName], [LastName], [MiddleName], [JobTitle], [DepartmentID], [ManagerID], [HireDate], [Salary], [AddressID]) VALUES (64, N'Cristian', N'Petculescu', N'K', N'Production Supervisor', 7, 21, CAST(N'2001-01-23T00:00:00' AS SmallDateTime), 25000.0000, 276)\r\nGO\r\nINSERT [dbo].[Employees] ([EmployeeID], [FirstName], [LastName], [MiddleName], [JobTitle], [DepartmentID], [ManagerID], [HireDate], [Salary], [AddressID]) VALUES (65, N'Raymond', N'Sam', N'K', N'Production Technician', 7, 143, CAST(N'2001-01-24T00:00:00' AS SmallDateTime), 14000.0000, 75)\r\nGO\r\nINSERT [dbo].[Employees] ([EmployeeID], [FirstName], [LastName], [MiddleName], [JobTitle], [DepartmentID], [ManagerID], [HireDate], [Salary], [AddressID]) VALUES (66, N'Janaina', N'Bueno', N'Barreiro Gambaro', N'Application Specialist', 11, 42, CAST(N'2001-01-24T00:00:00' AS SmallDateTime), 27400.0000, 131)\r\nGO\r\nINSERT [dbo].[Employees] ([EmployeeID], [FirstName], [LastName], [MiddleName], [JobTitle], [DepartmentID], [ManagerID], [HireDate], [Salary], [AddressID]) VALUES (67, N'Bob', N'Hohman', N'', N'Production Technician', 7, 14, CAST(N'2001-01-25T00:00:00' AS SmallDateTime), 11000.0000, 44)\r\nGO\r\nINSERT [dbo].[Employees] ([EmployeeID], [FirstName], [LastName], [MiddleName], [JobTitle], [DepartmentID], [ManagerID], [HireDate], [Salary], [AddressID]) VALUES (68, N'Shammi', N'Mohamed', N'G', N'Production Technician', 7, 210, CAST(N'2001-01-25T00:00:00' AS SmallDateTime), 15000.0000, 4)\r\nGO\r\nINSERT [dbo].[Employees] ([EmployeeID], [FirstName], [LastName], [MiddleName], [JobTitle], [DepartmentID], [ManagerID], [HireDate], [Salary], [AddressID]) VALUES (69, N'Linda', N'Moschell', N'K', N'Production Technician', 7, 38, CAST(N'2001-01-26T00:00:00' AS SmallDateTime), 11000.0000, 5)\r\nGO\r\nINSERT [dbo].[Employees] ([EmployeeID], [FirstName], [LastName], [MiddleName], [JobTitle], [DepartmentID], [ManagerID], [HireDate], [Salary], [AddressID]) VALUES (70, N'Mindy', N'Martin', N'C', N'Benefits Specialist', 9, 30, CAST(N'2001-01-26T00:00:00' AS SmallDateTime), 16600.0000, 171)\r\nGO\r\nINSERT [dbo].[Employees] ([EmployeeID], [FirstName], [LastName], [MiddleName], [JobTitle], [DepartmentID], [ManagerID], [HireDate], [Salary], [AddressID]) VALUES (71, N'Wendy', N'Kahn', N'Beth', N'Finance Manager', 10, 140, CAST(N'2001-01-26T00:00:00' AS SmallDateTime), 43300.0000, 232)\r\nGO\r\nINSERT [dbo].[Employees] ([EmployeeID], [FirstName], [LastName], [MiddleName], [JobTitle], [DepartmentID], [ManagerID], [HireDate], [Salary], [AddressID]) VALUES (72, N'Kim', N'Ralls', N'T', N'Stocker', 15, 85, CAST(N'2001-01-27T00:00:00' AS SmallDateTime), 9000.0000, 42)\r\nGO\r\nINSERT [dbo].[Employees] ([EmployeeID], [FirstName], [LastName], [MiddleName], [JobTitle], [DepartmentID], [ManagerID], [HireDate], [Salary], [AddressID]) VALUES (73, N'Sandra', N'Reategui Alayo', NULL, N'Production Technician', 7, 135, CAST(N'2001-01-27T00:00:00' AS SmallDateTime), 9500.0000, 255)\r\nGO\r\nINSERT [dbo].[Employees] ([EmployeeID], [FirstName], [LastName], [MiddleName], [JobTitle], [DepartmentID], [ManagerID], [HireDate], [Salary], [AddressID]) VALUES (74, N'Kok-Ho', N'Loh', N'T', N'Production Supervisor', 7, 21, CAST(N'2001-01-28T00:00:00' AS SmallDateTime), 25000.0000, 10)\r\nGO\r\nINSERT [dbo].[Employees] ([EmployeeID], [FirstName], [LastName], [MiddleName], [JobTitle], [DepartmentID], [ManagerID], [HireDate], [Salary], [AddressID]) VALUES (75, N'Douglas', N'Hite', N'B', N'Production Technician', 7, 159, CAST(N'2001-01-28T00:00:00' AS SmallDateTime), 10000.0000, 57)\r\nGO\r\nINSERT [dbo].[Employees] ([EmployeeID], [FirstName], [LastName], [MiddleName], [JobTitle], [DepartmentID], [ManagerID], [HireDate], [Salary], [AddressID]) VALUES (76, N'James', N'Kramer', N'D', N'Production Technician', 7, 7, CAST(N'2001-01-28T00:00:00' AS SmallDateTime), 12500.0000, 162)\r\nGO\r\nINSERT [dbo].[Employees] ([EmployeeID], [FirstName], [LastName], [MiddleName], [JobTitle], [DepartmentID], [ManagerID], [HireDate], [Salary], [AddressID]) VALUES (77, N'Sean', N'Alexander', N'P', N'Quality Assurance Technician', 13, 41, CAST(N'2001-01-29T00:00:00' AS SmallDateTime), 10600.0000, 210)\r\nGO\r\nINSERT [dbo].[Employees] ([EmployeeID], [FirstName], [LastName], [MiddleName], [JobTitle], [DepartmentID], [ManagerID], [HireDate], [Salary], [AddressID]) VALUES (78, N'Nitin', N'Mirchandani', N'S', N'Production Technician', 7, 182, CAST(N'2001-01-29T00:00:00' AS SmallDateTime), 14000.0000, 231)\r\nGO\r\nINSERT [dbo].[Employees] ([EmployeeID], [FirstName], [LastName], [MiddleName], [JobTitle], [DepartmentID], [ManagerID], [HireDate], [Salary], [AddressID]) VALUES (79, N'Diane', N'Margheim', N'L', N'Research and Development Engineer', 6, 158, CAST(N'2001-01-30T00:00:00' AS SmallDateTime), 40900.0000, 111)\r\nGO\r\nINSERT [dbo].[Employees] ([EmployeeID], [FirstName], [LastName], [MiddleName], [JobTitle], [DepartmentID], [ManagerID], [HireDate], [Salary], [AddressID]) VALUES (80, N'Rebecca', N'Laszlo', N'A', N'Production Technician', 7, 16, CAST(N'2001-01-30T00:00:00' AS SmallDateTime), 12500.0000, 6)\r\nGO\r\nINSERT [dbo].[Employees] ([EmployeeID], [FirstName], [LastName], [MiddleName], [JobTitle], [DepartmentID], [ManagerID], [HireDate], [Salary], [AddressID]) VALUES (81, N'Rajesh', N'Patel', N'M', N'Production Technician', 7, 210, CAST(N'2001-02-01T00:00:00' AS SmallDateTime), 15000.0000, 81)\r\nGO\r\nINSERT [dbo].[Employees] ([EmployeeID], [FirstName], [LastName], [MiddleName], [JobTitle], [DepartmentID], [ManagerID], [HireDate], [Salary], [AddressID]) VALUES (82, N'Vidur', N'Luthra', N'X', N'Recruiter', 9, 30, CAST(N'2001-02-02T00:00:00' AS SmallDateTime), 18300.0000, 176)\r\nGO\r\nINSERT [dbo].[Employees] ([EmployeeID], [FirstName], [LastName], [MiddleName], [JobTitle], [DepartmentID], [ManagerID], [HireDate], [Salary], [AddressID]) VALUES (83, N'John', N'Evans', N'P', N'Production Technician', 7, 38, CAST(N'2001-02-02T00:00:00' AS SmallDateTime), 11000.0000, 253)\r\nGO\r\nINSERT [dbo].[Employees] ([EmployeeID], [FirstName], [LastName], [MiddleName], [JobTitle], [DepartmentID], [ManagerID], [HireDate], [Salary], [AddressID]) VALUES (84, N'Nancy', N'Anderson', N'A', N'Production Technician', 7, 7, CAST(N'2001-02-03T00:00:00' AS SmallDateTime), 12500.0000, 227)\r\nGO\r\nINSERT [dbo].[Employees] ([EmployeeID], [FirstName], [LastName], [MiddleName], [JobTitle], [DepartmentID], [ManagerID], [HireDate], [Salary], [AddressID]) VALUES (85, N'Pilar', N'Ackerman', N'G', N'Shipping and Receiving Supervisor', 15, 21, CAST(N'2001-02-03T00:00:00' AS SmallDateTime), 19200.0000, 269)\r\nGO\r\nINSERT [dbo].[Employees] ([EmployeeID], [FirstName], [LastName], [MiddleName], [JobTitle], [DepartmentID], [ManagerID], [HireDate], [Salary], [AddressID]) VALUES (86, N'David', N'Yalovsky', N'A', N'Production Technician', 7, 184, CAST(N'2001-02-03T00:00:00' AS SmallDateTime), 9500.0000, 241)\r\nGO\r\nINSERT [dbo].[Employees] ([EmployeeID], [FirstName], [LastName], [MiddleName], [JobTitle], [DepartmentID], [ManagerID], [HireDate], [Salary], [AddressID]) VALUES (87, N'David', N'Hamilton', N'P', N'Production Supervisor', 7, 21, CAST(N'2001-02-04T00:00:00' AS SmallDateTime), 25000.0000, 150)\r\nGO\r\nINSERT [dbo].[Employees] ([EmployeeID], [FirstName], [LastName], [MiddleName], [JobTitle], [DepartmentID], [ManagerID], [HireDate], [Salary], [AddressID]) VALUES (88, N'Laura', N'Steele', N'C', N'Production Technician', 7, 123, CAST(N'2001-02-04T00:00:00' AS SmallDateTime), 10000.0000, 62)\r\nGO\r\nINSERT [dbo].[Employees] ([EmployeeID], [FirstName], [LastName], [MiddleName], [JobTitle], [DepartmentID], [ManagerID], [HireDate], [Salary], [AddressID]) VALUES (89, N'Margie', N'Shoop', N'W', N'Production Technician', 7, 16, CAST(N'2001-02-05T00:00:00' AS SmallDateTime), 12500.0000, 92)\r\nGO\r\nINSERT [dbo].[Employees] ([EmployeeID], [FirstName], [LastName], [MiddleName], [JobTitle], [DepartmentID], [ManagerID], [HireDate], [Salary], [AddressID]) VALUES (90, N'Zainal', N'Arifin', N'T', N'Document Control Manager', 12, 200, CAST(N'2001-02-05T00:00:00' AS SmallDateTime), 17800.0000, 128)\r\nGO\r\nINSERT [dbo].[Employees] ([EmployeeID], [FirstName], [LastName], [MiddleName], [JobTitle], [DepartmentID], [ManagerID], [HireDate], [Salary], [AddressID]) VALUES (91, N'Lorraine', N'Nay', N'O', N'Production Technician', 7, 210, CAST(N'2001-02-05T00:00:00' AS SmallDateTime), 15000.0000, 94)\r\nGO\r\nINSERT [dbo].[Employees] ([EmployeeID], [FirstName], [LastName], [MiddleName], [JobTitle], [DepartmentID], [ManagerID], [HireDate], [Salary], [AddressID]) VALUES (92, N'Fadi', N'Fakhouri', N'K', N'Production Technician', 7, 143, CAST(N'2001-02-05T00:00:00' AS SmallDateTime), 14000.0000, 281)\r\nGO\r\nINSERT [dbo].[Employees] ([EmployeeID], [FirstName], [LastName], [MiddleName], [JobTitle], [DepartmentID], [ManagerID], [HireDate], [Salary], [AddressID]) VALUES (93, N'Ryan', N'Cornelsen', N'L', N'Production Technician', 7, 51, CAST(N'2001-02-06T00:00:00' AS SmallDateTime), 15000.0000, 228)\r\nGO\r\nINSERT [dbo].[Employees] ([EmployeeID], [FirstName], [LastName], [MiddleName], [JobTitle], [DepartmentID], [ManagerID], [HireDate], [Salary], [AddressID]) VALUES (94, N'Candy', N'Spoon', N'L', N'Accounts Receivable Specialist', 10, 139, CAST(N'2001-02-07T00:00:00' AS SmallDateTime), 19000.0000, 122)\r\nGO\r\nINSERT [dbo].[Employees] ([EmployeeID], [FirstName], [LastName], [MiddleName], [JobTitle], [DepartmentID], [ManagerID], [HireDate], [Salary], [AddressID]) VALUES (95, N'Nuan', N'Yu', NULL, N'Production Technician', 7, 74, CAST(N'2001-02-07T00:00:00' AS SmallDateTime), 11000.0000, 12)\r\nGO\r\nINSERT [dbo].[Employees] ([EmployeeID], [FirstName], [LastName], [MiddleName], [JobTitle], [DepartmentID], [ManagerID], [HireDate], [Salary], [AddressID]) VALUES (96, N'William', N'Vong', N'S', N'Scheduling Assistant', 8, 44, CAST(N'2001-02-08T00:00:00' AS SmallDateTime), 16000.0000, 35)\r\nGO\r\nINSERT [dbo].[Employees] ([EmployeeID], [FirstName], [LastName], [MiddleName], [JobTitle], [DepartmentID], [ManagerID], [HireDate], [Salary], [AddressID]) VALUES (97, N'Bjorn', N'Rettig', N'M', N'Production Technician', 7, 173, CAST(N'2001-02-08T00:00:00' AS SmallDateTime), 9500.0000, 268)\r\nGO\r\nINSERT [dbo].[Employees] ([EmployeeID], [FirstName], [LastName], [MiddleName], [JobTitle], [DepartmentID], [ManagerID], [HireDate], [Salary], [AddressID]) VALUES (98, N'Scott', N'Gode', N'R', N'Production Technician', 7, 197, CAST(N'2001-02-09T00:00:00' AS SmallDateTime), 10000.0000, 256)\r\nGO\r\nINSERT [dbo].[Employees] ([EmployeeID], [FirstName], [LastName], [MiddleName], [JobTitle], [DepartmentID], [ManagerID], [HireDate], [Salary], [AddressID]) VALUES (99, N'Michael', N'Rothkugel', N'L', N'Production Technician', 7, 87, CAST(N'2001-02-11T00:00:00' AS SmallDateTime), 15000.0000, 93)\r\nGO\r\nINSERT [dbo].[Employees] ([EmployeeID], [FirstName], [LastName], [MiddleName], [JobTitle], [DepartmentID], [ManagerID], [HireDate], [Salary], [AddressID]) VALUES (100, N'Lane', N'Sacksteder', N'M', N'Production Technician', 7, 143, CAST(N'2001-02-12T00:00:00' AS SmallDateTime), 14000.0000, 239)\r\nGO\r\nINSERT [dbo].[Employees] ([EmployeeID], [FirstName], [LastName], [MiddleName], [JobTitle], [DepartmentID], [ManagerID], [HireDate], [Salary], [AddressID]) VALUES (101, N'Pete', N'Male', N'C', N'Production Technician', 7, 14, CAST(N'2001-02-12T00:00:00' AS SmallDateTime), 11000.0000, 273)\r\nGO\r\nINSERT [dbo].[Employees] ([EmployeeID], [FirstName], [LastName], [MiddleName], [JobTitle], [DepartmentID], [ManagerID], [HireDate], [Salary], [AddressID]) VALUES (102, N'Dan', N'Bacon', N'K', N'Application Specialist', 11, 42, CAST(N'2001-02-12T00:00:00' AS SmallDateTime), 27400.0000, 126)\r\nGO\r\nINSERT [dbo].[Employees] ([EmployeeID], [FirstName], [LastName], [MiddleName], [JobTitle], [DepartmentID], [ManagerID], [HireDate], [Salary], [AddressID]) VALUES (103, N'David', N'Barber', N'M', N'Assistant to the Chief Financial Officer', 10, 140, CAST(N'2001-02-13T00:00:00' AS SmallDateTime), 13500.0000, 173)\r\nGO\r\nINSERT [dbo].[Employees] ([EmployeeID], [FirstName], [LastName], [MiddleName], [JobTitle], [DepartmentID], [ManagerID], [HireDate], [Salary], [AddressID]) VALUES (104, N'Lolan', N'Song', N'B', N'Production Technician', 7, 74, CAST(N'2001-02-13T00:00:00' AS SmallDateTime), 11000.0000, 77)\r\nGO\r\nINSERT [dbo].[Employees] ([EmployeeID], [FirstName], [LastName], [MiddleName], [JobTitle], [DepartmentID], [ManagerID], [HireDate], [Salary], [AddressID]) VALUES (105, N'Paula', N'Nartker', N'R', N'Production Technician', 7, 210, CAST(N'2001-02-13T00:00:00' AS SmallDateTime), 15000.0000, 247)\r\nGO\r\nINSERT [dbo].[Employees] ([EmployeeID], [FirstName], [LastName], [MiddleName], [JobTitle], [DepartmentID], [ManagerID], [HireDate], [Salary], [AddressID]) VALUES (106, N'Mary', N'Gibson', N'E', N'Marketing Specialist', 4, 6, CAST(N'2001-02-13T00:00:00' AS SmallDateTime), 14400.0000, 110)\r\nGO\r\nINSERT [dbo].[Employees] ([EmployeeID], [FirstName], [LastName], [MiddleName], [JobTitle], [DepartmentID], [ManagerID], [HireDate], [Salary], [AddressID]) VALUES (107, N'Mindaugas', N'Krapauskas', N'J', N'Production Technician', 7, 38, CAST(N'2001-02-14T00:00:00' AS SmallDateTime), 11000.0000, 74)\r\nGO\r\nINSERT [dbo].[Employees] ([EmployeeID], [FirstName], [LastName], [MiddleName], [JobTitle], [DepartmentID], [ManagerID], [HireDate], [Salary], [AddressID]) VALUES (108, N'Eric', N'Gubbels', NULL, N'Production Supervisor', 7, 21, CAST(N'2001-02-15T00:00:00' AS SmallDateTime), 25000.0000, 85)\r\nGO\r\nINSERT [dbo].[Employees] ([EmployeeID], [FirstName], [LastName], [MiddleName], [JobTitle], [DepartmentID], [ManagerID], [HireDate], [Salary], [AddressID]) VALUES (109, N'Ken', N'Sanchez', N'J', N'Chief Executive Officer', 16, NULL, CAST(N'2001-02-15T00:00:00' AS SmallDateTime), 125500.0000, 177)\r\nGO\r\nINSERT [dbo].[Employees] ([EmployeeID], [FirstName], [LastName], [MiddleName], [JobTitle], [DepartmentID], [ManagerID], [HireDate], [Salary], [AddressID]) VALUES (110, N'Jason', N'Watters', N'M', N'Production Technician', 7, 135, CAST(N'2001-02-15T00:00:00' AS SmallDateTime), 9500.0000, 21)\r\nGO\r\nINSERT [dbo].[Employees] ([EmployeeID], [FirstName], [LastName], [MiddleName], [JobTitle], [DepartmentID], [ManagerID], [HireDate], [Salary], [AddressID]) VALUES (111, N'Mark', N'Harrington', N'L', N'Quality Assurance Technician', 13, 41, CAST(N'2001-02-16T00:00:00' AS SmallDateTime), 10600.0000, 139)\r\nGO\r\nINSERT [dbo].[Employees] ([EmployeeID], [FirstName], [LastName], [MiddleName], [JobTitle], [DepartmentID], [ManagerID], [HireDate], [Salary], [AddressID]) VALUES (112, N'Janeth', N'Esteves', N'M', N'Production Technician', 7, 159, CAST(N'2001-02-16T00:00:00' AS SmallDateTime), 10000.0000, 163)\r\nGO\r\nINSERT [dbo].[Employees] ([EmployeeID], [FirstName], [LastName], [MiddleName], [JobTitle], [DepartmentID], [ManagerID], [HireDate], [Salary], [AddressID]) VALUES (113, N'Marc', N'Ingle', N'J', N'Production Technician', 7, 184, CAST(N'2001-02-17T00:00:00' AS SmallDateTime), 9500.0000, 230)\r\nGO\r\nINSERT [dbo].[Employees] ([EmployeeID], [FirstName], [LastName], [MiddleName], [JobTitle], [DepartmentID], [ManagerID], [HireDate], [Salary], [AddressID]) VALUES (114, N'Gigi', N'Matthew', N'', N'Research and Development Engineer', 6, 158, CAST(N'2001-02-17T00:00:00' AS SmallDateTime), 40900.0000, 23)\r\nGO\r\nINSERT [dbo].[Employees] ([EmployeeID], [FirstName], [LastName], [MiddleName], [JobTitle], [DepartmentID], [ManagerID], [HireDate], [Salary], [AddressID]) VALUES (115, N'Paul', N'Singh', N'R', N'Production Technician', 7, 108, CAST(N'2001-02-18T00:00:00' AS SmallDateTime), 14000.0000, 16)\r\nGO\r\nINSERT [dbo].[Employees] ([EmployeeID], [FirstName], [LastName], [MiddleName], [JobTitle], [DepartmentID], [ManagerID], [HireDate], [Salary], [AddressID]) VALUES (116, N'Frank', N'Lee', N'T', N'Production Technician', 7, 210, CAST(N'2001-02-18T00:00:00' AS SmallDateTime), 15000.0000, 263)\r\nGO\r\nINSERT [dbo].[Employees] ([EmployeeID], [FirstName], [LastName], [MiddleName], [JobTitle], [DepartmentID], [ManagerID], [HireDate], [Salary], [AddressID]) VALUES (117, N'Francois', N'Ajenstat', N'P', N'Database Administrator', 11, 42, CAST(N'2001-02-18T00:00:00' AS SmallDateTime), 38500.0000, 127)\r\nGO\r\nINSERT [dbo].[Employees] ([EmployeeID], [FirstName], [LastName], [MiddleName], [JobTitle], [DepartmentID], [ManagerID], [HireDate], [Salary], [AddressID]) VALUES (118, N'Diane', N'Tibbott', N'H', N'Production Technician', 7, 14, CAST(N'2001-02-19T00:00:00' AS SmallDateTime), 11000.0000, 140)\r\nGO\r\nINSERT [dbo].[Employees] ([EmployeeID], [FirstName], [LastName], [MiddleName], [JobTitle], [DepartmentID], [ManagerID], [HireDate], [Salary], [AddressID]) VALUES (119, N'Jill', N'Williams', N'A', N'Marketing Specialist', 4, 6, CAST(N'2001-02-19T00:00:00' AS SmallDateTime), 14400.0000, 114)\r\nGO\r\nINSERT [dbo].[Employees] ([EmployeeID], [FirstName], [LastName], [MiddleName], [JobTitle], [DepartmentID], [ManagerID], [HireDate], [Salary], [AddressID]) VALUES (120, N'Angela', N'Barbariol', N'W', N'Production Technician', 7, 38, CAST(N'2001-02-21T00:00:00' AS SmallDateTime), 11000.0000, 91)\r\nGO\r\nINSERT [dbo].[Employees] ([EmployeeID], [FirstName], [LastName], [MiddleName], [JobTitle], [DepartmentID], [ManagerID], [HireDate], [Salary], [AddressID]) VALUES (121, N'Matthias', N'Berndt', N'T', N'Shipping and Receiving Clerk', 15, 85, CAST(N'2001-02-21T00:00:00' AS SmallDateTime), 9500.0000, 201)\r\nGO\r\nINSERT [dbo].[Employees] ([EmployeeID], [FirstName], [LastName], [MiddleName], [JobTitle], [DepartmentID], [ManagerID], [HireDate], [Salary], [AddressID]) VALUES (122, N'Bryan', N'Baker', NULL, N'Production Technician', 7, 7, CAST(N'2001-02-22T00:00:00' AS SmallDateTime), 12500.0000, 166)\r\nGO\r\nINSERT [dbo].[Employees] ([EmployeeID], [FirstName], [LastName], [MiddleName], [JobTitle], [DepartmentID], [ManagerID], [HireDate], [Salary], [AddressID]) VALUES (123, N'Jeff', N'Hay', N'V', N'Production Supervisor', 7, 21, CAST(N'2001-02-22T00:00:00' AS SmallDateTime), 25000.0000, 113)\r\nGO\r\nINSERT [dbo].[Employees] ([EmployeeID], [FirstName], [LastName], [MiddleName], [JobTitle], [DepartmentID], [ManagerID], [HireDate], [Salary], [AddressID]) VALUES (124, N'Eugene', N'Zabokritski', N'R', N'Production Technician', 7, 184, CAST(N'2001-02-22T00:00:00' AS SmallDateTime), 9500.0000, 226)\r\nGO\r\nINSERT [dbo].[Employees] ([EmployeeID], [FirstName], [LastName], [MiddleName], [JobTitle], [DepartmentID], [ManagerID], [HireDate], [Salary], [AddressID]) VALUES (125, N'Barbara', N'Decker', N'S', N'Production Technician', 7, 182, CAST(N'2001-02-23T00:00:00' AS SmallDateTime), 14000.0000, 219)\r\nGO\r\nINSERT [dbo].[Employees] ([EmployeeID], [FirstName], [LastName], [MiddleName], [JobTitle], [DepartmentID], [ManagerID], [HireDate], [Salary], [AddressID]) VALUES (126, N'Chris', N'Preston', N'T', N'Production Technician', 7, 123, CAST(N'2001-02-23T00:00:00' AS SmallDateTime), 10000.0000, 279)\r\nGO\r\nINSERT [dbo].[Employees] ([EmployeeID], [FirstName], [LastName], [MiddleName], [JobTitle], [DepartmentID], [ManagerID], [HireDate], [Salary], [AddressID]) VALUES (127, N'Sean', N'Chai', N'', N'Document Control Assistant', 12, 90, CAST(N'2001-02-23T00:00:00' AS SmallDateTime), 10300.0000, 138)\r\nGO\r\nINSERT [dbo].[Employees] ([EmployeeID], [FirstName], [LastName], [MiddleName], [JobTitle], [DepartmentID], [ManagerID], [HireDate], [Salary], [AddressID]) VALUES (128, N'Dan', N'Wilson', N'B', N'Database Administrator', 11, 42, CAST(N'2001-02-23T00:00:00' AS SmallDateTime), 38500.0000, 30)\r\nGO\r\nINSERT [dbo].[Employees] ([EmployeeID], [FirstName], [LastName], [MiddleName], [JobTitle], [DepartmentID], [ManagerID], [HireDate], [Salary], [AddressID]) VALUES (129, N'Mark', N'McArthur', N'K', N'Production Technician', 7, 16, CAST(N'2001-02-24T00:00:00' AS SmallDateTime), 12500.0000, 186)\r\nGO\r\nINSERT [dbo].[Employees] ([EmployeeID], [FirstName], [LastName], [MiddleName], [JobTitle], [DepartmentID], [ManagerID], [HireDate], [Salary], [AddressID]) VALUES (130, N'Bryan', N'Walton', N'A', N'Accounts Receivable Specialist', 10, 139, CAST(N'2001-02-25T00:00:00' AS SmallDateTime), 19000.0000, 175)\r\nGO\r\nINSERT [dbo].[Employees] ([EmployeeID], [FirstName], [LastName], [MiddleName], [JobTitle], [DepartmentID], [ManagerID], [HireDate], [Salary], [AddressID]) VALUES (131, N'Houman', N'Pournasseh', N'', N'Production Technician', 7, 74, CAST(N'2001-02-26T00:00:00' AS SmallDateTime), 11000.0000, 185)\r\nGO\r\nINSERT [dbo].[Employees] ([EmployeeID], [FirstName], [LastName], [MiddleName], [JobTitle], [DepartmentID], [ManagerID], [HireDate], [Salary], [AddressID]) VALUES (132, N'Sairaj', N'Uddin', N'L', N'Scheduling Assistant', 8, 44, CAST(N'2001-02-27T00:00:00' AS SmallDateTime), 16000.0000, 190)\r\nGO\r\nINSERT [dbo].[Employees] ([EmployeeID], [FirstName], [LastName], [MiddleName], [JobTitle], [DepartmentID], [ManagerID], [HireDate], [Salary], [AddressID]) VALUES (133, N'Michiko', N'Osada', N'F', N'Production Technician', 7, 173, CAST(N'2001-02-27T00:00:00' AS SmallDateTime), 9500.0000, 229)\r\nGO\r\nINSERT [dbo].[Employees] ([EmployeeID], [FirstName], [LastName], [MiddleName], [JobTitle], [DepartmentID], [ManagerID], [HireDate], [Salary], [AddressID]) VALUES (134, N'Benjamin', N'Martin', N'R', N'Production Technician', 7, 184, CAST(N'2001-02-28T00:00:00' AS SmallDateTime), 9500.0000, 286)\r\nGO\r\nINSERT [dbo].[Employees] ([EmployeeID], [FirstName], [LastName], [MiddleName], [JobTitle], [DepartmentID], [ManagerID], [HireDate], [Salary], [AddressID]) VALUES (135, N'Cynthia', N'Randall', N'S', N'Production Supervisor', 7, 21, CAST(N'2001-02-28T00:00:00' AS SmallDateTime), 25000.0000, 147)\r\nGO\r\nINSERT [dbo].[Employees] ([EmployeeID], [FirstName], [LastName], [MiddleName], [JobTitle], [DepartmentID], [ManagerID], [HireDate], [Salary], [AddressID]) VALUES (136, N'Kathie', N'Flood', N'E', N'Production Technician', 7, 197, CAST(N'2001-02-28T00:00:00' AS SmallDateTime), 10000.0000, 100)\r\nGO\r\nINSERT [dbo].[Employees] ([EmployeeID], [FirstName], [LastName], [MiddleName], [JobTitle], [DepartmentID], [ManagerID], [HireDate], [Salary], [AddressID]) VALUES (137, N'Britta', N'Simon', N'L', N'Production Technician', 7, 16, CAST(N'2001-03-02T00:00:00' AS SmallDateTime), 12500.0000, 95)\r\nGO\r\nINSERT [dbo].[Employees] ([EmployeeID], [FirstName], [LastName], [MiddleName], [JobTitle], [DepartmentID], [ManagerID], [HireDate], [Salary], [AddressID]) VALUES (138, N'Brian', N'Lloyd', N'T', N'Production Technician', 7, 210, CAST(N'2001-03-02T00:00:00' AS SmallDateTime), 15000.0000, 288)\r\nGO\r\nINSERT [dbo].[Employees] ([EmployeeID], [FirstName], [LastName], [MiddleName], [JobTitle], [DepartmentID], [ManagerID], [HireDate], [Salary], [AddressID]) VALUES (139, N'David', N'Liu', N'J', N'Accounts Manager', 10, 140, CAST(N'2001-03-03T00:00:00' AS SmallDateTime), 34700.0000, 119)\r\nGO\r\nINSERT [dbo].[Employees] ([EmployeeID], [FirstName], [LastName], [MiddleName], [JobTitle], [DepartmentID], [ManagerID], [HireDate], [Salary], [AddressID]) VALUES (140, N'Laura', N'Norman', N'F', N'Chief Financial Officer', 16, 109, CAST(N'2001-03-04T00:00:00' AS SmallDateTime), 60100.0000, 215)\r\nGO\r\nINSERT [dbo].[Employees] ([EmployeeID], [FirstName], [LastName], [MiddleName], [JobTitle], [DepartmentID], [ManagerID], [HireDate], [Salary], [AddressID]) VALUES (141, N'Michael', N'Patten', N'W', N'Production Technician', 7, 38, CAST(N'2001-03-04T00:00:00' AS SmallDateTime), 11000.0000, 96)\r\nGO\r\nINSERT [dbo].[Employees] ([EmployeeID], [FirstName], [LastName], [MiddleName], [JobTitle], [DepartmentID], [ManagerID], [HireDate], [Salary], [AddressID]) VALUES (142, N'Andy', N'Ruth', N'M', N'Production Technician', 7, 135, CAST(N'2001-03-04T00:00:00' AS SmallDateTime), 9500.0000, 1)\r\nGO\r\nINSERT [dbo].[Employees] ([EmployeeID], [FirstName], [LastName], [MiddleName], [JobTitle], [DepartmentID], [ManagerID], [HireDate], [Salary], [AddressID]) VALUES (143, N'Yuhong', N'Li', N'L', N'Production Supervisor', 7, 21, CAST(N'2001-03-05T00:00:00' AS SmallDateTime), 25000.0000, 242)\r\nGO\r\nINSERT [dbo].[Employees] ([EmployeeID], [FirstName], [LastName], [MiddleName], [JobTitle], [DepartmentID], [ManagerID], [HireDate], [Salary], [AddressID]) VALUES (144, N'Robert', N'Rounthwaite', N'J', N'Production Technician', 7, 159, CAST(N'2001-03-06T00:00:00' AS SmallDateTime), 10000.0000, 280)\r\nGO\r\nINSERT [dbo].[Employees] ([EmployeeID], [FirstName], [LastName], [MiddleName], [JobTitle], [DepartmentID], [ManagerID], [HireDate], [Salary], [AddressID]) VALUES (145, N'Andreas', N'Berglund', N'T', N'Quality Assurance Technician', 13, 41, CAST(N'2001-03-06T00:00:00' AS SmallDateTime), 10600.0000, 208)\r\nGO\r\nINSERT [dbo].[Employees] ([EmployeeID], [FirstName], [LastName], [MiddleName], [JobTitle], [DepartmentID], [ManagerID], [HireDate], [Salary], [AddressID]) VALUES (146, N'Reed', N'Koch', N'T', N'Production Technician', 7, 184, CAST(N'2001-03-06T00:00:00' AS SmallDateTime), 9500.0000, 191)\r\nGO\r\nINSERT [dbo].[Employees] ([EmployeeID], [FirstName], [LastName], [MiddleName], [JobTitle], [DepartmentID], [ManagerID], [HireDate], [Salary], [AddressID]) VALUES (147, N'Linda', N'Randall', N'A', N'Production Technician', 7, 143, CAST(N'2001-03-07T00:00:00' AS SmallDateTime), 14000.0000, 260)\r\nGO\r\nINSERT [dbo].[Employees] ([EmployeeID], [FirstName], [LastName], [MiddleName], [JobTitle], [DepartmentID], [ManagerID], [HireDate], [Salary], [AddressID]) VALUES (148, N'James', N'Hamilton', N'R', N'Vice President of Production', 7, 109, CAST(N'2001-03-07T00:00:00' AS SmallDateTime), 84100.0000, 158)\r\nGO\r\nINSERT [dbo].[Employees] ([EmployeeID], [FirstName], [LastName], [MiddleName], [JobTitle], [DepartmentID], [ManagerID], [HireDate], [Salary], [AddressID]) VALUES (149, N'Ramesh', N'Meyyappan', N'V', N'Application Specialist', 11, 42, CAST(N'2001-03-07T00:00:00' AS SmallDateTime), 27400.0000, 130)\r\nGO\r\nINSERT [dbo].[Employees] ([EmployeeID], [FirstName], [LastName], [MiddleName], [JobTitle], [DepartmentID], [ManagerID], [HireDate], [Salary], [AddressID]) VALUES (150, N'Stephanie', N'Conroy', N'A', N'Network Manager', 11, 42, CAST(N'2001-03-08T00:00:00' AS SmallDateTime), 39700.0000, 136)\r\nGO\r\nINSERT [dbo].[Employees] ([EmployeeID], [FirstName], [LastName], [MiddleName], [JobTitle], [DepartmentID], [ManagerID], [HireDate], [Salary], [AddressID]) VALUES (151, N'Samantha', N'Smith', N'H', N'Production Technician', 7, 108, CAST(N'2001-03-08T00:00:00' AS SmallDateTime), 14000.0000, 14)\r\nGO\r\nINSERT [dbo].[Employees] ([EmployeeID], [FirstName], [LastName], [MiddleName], [JobTitle], [DepartmentID], [ManagerID], [HireDate], [Salary], [AddressID]) VALUES (152, N'Tawana', N'Nusbaum', N'G', N'Production Technician', 7, 210, CAST(N'2001-03-09T00:00:00' AS SmallDateTime), 15000.0000, 237)\r\nGO\r\nINSERT [dbo].[Employees] ([EmployeeID], [FirstName], [LastName], [MiddleName], [JobTitle], [DepartmentID], [ManagerID], [HireDate], [Salary], [AddressID]) VALUES (153, N'Denise', N'Smith', N'H', N'Production Technician', 7, 14, CAST(N'2001-03-09T00:00:00' AS SmallDateTime), 11000.0000, 143)\r\nGO\r\nINSERT [dbo].[Employees] ([EmployeeID], [FirstName], [LastName], [MiddleName], [JobTitle], [DepartmentID], [ManagerID], [HireDate], [Salary], [AddressID]) VALUES (154, N'Hao', N'Chen', N'O', N'Human Resources Administrative Assistant', 9, 30, CAST(N'2001-03-10T00:00:00' AS SmallDateTime), 13900.0000, 135)\r\nGO\r\nINSERT [dbo].[Employees] ([EmployeeID], [FirstName], [LastName], [MiddleName], [JobTitle], [DepartmentID], [ManagerID], [HireDate], [Salary], [AddressID]) VALUES (155, N'Alex', N'Nayberg', N'M', N'Production Technician', 7, 123, CAST(N'2001-03-12T00:00:00' AS SmallDateTime), 10000.0000, 174)\r\nGO\r\nINSERT [dbo].[Employees] ([EmployeeID], [FirstName], [LastName], [MiddleName], [JobTitle], [DepartmentID], [ManagerID], [HireDate], [Salary], [AddressID]) VALUES (156, N'Eugene', N'Kogan', N'O', N'Production Technician', 7, 7, CAST(N'2001-03-12T00:00:00' AS SmallDateTime), 12500.0000, 71)\r\nGO\r\nINSERT [dbo].[Employees] ([EmployeeID], [FirstName], [LastName], [MiddleName], [JobTitle], [DepartmentID], [ManagerID], [HireDate], [Salary], [AddressID]) VALUES (157, N'Brandon', N'Heidepriem', N'G', N'Production Technician', 7, 16, CAST(N'2001-03-12T00:00:00' AS SmallDateTime), 12500.0000, 189)\r\nGO\r\nINSERT [dbo].[Employees] ([EmployeeID], [FirstName], [LastName], [MiddleName], [JobTitle], [DepartmentID], [ManagerID], [HireDate], [Salary], [AddressID]) VALUES (158, N'Dylan', N'Miller', N'A', N'Research and Development Manager', 6, 3, CAST(N'2001-03-12T00:00:00' AS SmallDateTime), 50500.0000, 141)\r\nGO\r\nINSERT [dbo].[Employees] ([EmployeeID], [FirstName], [LastName], [MiddleName], [JobTitle], [DepartmentID], [ManagerID], [HireDate], [Salary], [AddressID]) VALUES (159, N'Shane', N'Kim', N'S', N'Production Supervisor', 7, 21, CAST(N'2001-03-12T00:00:00' AS SmallDateTime), 25000.0000, 20)\r\nGO\r\nINSERT [dbo].[Employees] ([EmployeeID], [FirstName], [LastName], [MiddleName], [JobTitle], [DepartmentID], [ManagerID], [HireDate], [Salary], [AddressID]) VALUES (160, N'John', N'Chen', N'Y', N'Production Technician', 7, 182, CAST(N'2001-03-13T00:00:00' AS SmallDateTime), 14000.0000, 65)\r\nGO\r\nINSERT [dbo].[Employees] ([EmployeeID], [FirstName], [LastName], [MiddleName], [JobTitle], [DepartmentID], [ManagerID], [HireDate], [Salary], [AddressID]) VALUES (161, N'Karen', N'Berge', N'R', N'Document Control Assistant', 12, 90, CAST(N'2001-03-13T00:00:00' AS SmallDateTime), 10300.0000, 123)\r\nGO\r\nINSERT [dbo].[Employees] ([EmployeeID], [FirstName], [LastName], [MiddleName], [JobTitle], [DepartmentID], [ManagerID], [HireDate], [Salary], [AddressID]) VALUES (162, N'Jose', N'Lugo', N'R', N'Production Technician', 7, 16, CAST(N'2001-03-14T00:00:00' AS SmallDateTime), 12500.0000, 271)\r\nGO\r\nINSERT [dbo].[Employees] ([EmployeeID], [FirstName], [LastName], [MiddleName], [JobTitle], [DepartmentID], [ManagerID], [HireDate], [Salary], [AddressID]) VALUES (163, N'Mandar', N'Samant', N'H', N'Production Technician', 7, 74, CAST(N'2001-03-14T00:00:00' AS SmallDateTime), 11000.0000, 63)\r\nGO\r\nINSERT [dbo].[Employees] ([EmployeeID], [FirstName], [LastName], [MiddleName], [JobTitle], [DepartmentID], [ManagerID], [HireDate], [Salary], [AddressID]) VALUES (164, N'Mikael', N'Sandberg', N'Q', N'Buyer', 5, 274, CAST(N'2001-03-14T00:00:00' AS SmallDateTime), 18300.0000, 50)\r\nGO\r\nINSERT [dbo].[Employees] ([EmployeeID], [FirstName], [LastName], [MiddleName], [JobTitle], [DepartmentID], [ManagerID], [HireDate], [Salary], [AddressID]) VALUES (165, N'Sameer', N'Tejani', N'A', N'Production Technician', 7, 74, CAST(N'2001-03-15T00:00:00' AS SmallDateTime), 11000.0000, 66)\r\nGO\r\nINSERT [dbo].[Employees] ([EmployeeID], [FirstName], [LastName], [MiddleName], [JobTitle], [DepartmentID], [ManagerID], [HireDate], [Salary], [AddressID]) VALUES (166, N'Dragan', N'Tomic', N'K', N'Accounts Payable Specialist', 10, 139, CAST(N'2001-03-15T00:00:00' AS SmallDateTime), 19000.0000, 115)\r\nGO\r\nINSERT [dbo].[Employees] ([EmployeeID], [FirstName], [LastName], [MiddleName], [JobTitle], [DepartmentID], [ManagerID], [HireDate], [Salary], [AddressID]) VALUES (167, N'Carol', N'Philips', N'M', N'Production Technician', 7, 173, CAST(N'2001-03-16T00:00:00' AS SmallDateTime), 9500.0000, 45)\r\nGO\r\nINSERT [dbo].[Employees] ([EmployeeID], [FirstName], [LastName], [MiddleName], [JobTitle], [DepartmentID], [ManagerID], [HireDate], [Salary], [AddressID]) VALUES (168, N'Rob', N'Caron', N'T', N'Production Technician', 7, 87, CAST(N'2001-03-17T00:00:00' AS SmallDateTime), 15000.0000, 161)\r\nGO\r\nINSERT [dbo].[Employees] ([EmployeeID], [FirstName], [LastName], [MiddleName], [JobTitle], [DepartmentID], [ManagerID], [HireDate], [Salary], [AddressID]) VALUES (169, N'Don', N'Hall', N'L', N'Production Technician', 7, 38, CAST(N'2001-03-17T00:00:00' AS SmallDateTime), 11000.0000, 59)\r\nGO\r\nINSERT [dbo].[Employees] ([EmployeeID], [FirstName], [LastName], [MiddleName], [JobTitle], [DepartmentID], [ManagerID], [HireDate], [Salary], [AddressID]) VALUES (170, N'Alan', N'Brewer', N'J', N'Scheduling Assistant', 8, 44, CAST(N'2001-03-17T00:00:00' AS SmallDateTime), 16000.0000, 151)\r\nGO\r\nINSERT [dbo].[Employees] ([EmployeeID], [FirstName], [LastName], [MiddleName], [JobTitle], [DepartmentID], [ManagerID], [HireDate], [Salary], [AddressID]) VALUES (171, N'David', N'Lawrence', N'Oliver', N'Production Technician', 7, 184, CAST(N'2001-03-18T00:00:00' AS SmallDateTime), 9500.0000, 167)\r\nGO\r\nINSERT [dbo].[Employees] ([EmployeeID], [FirstName], [LastName], [MiddleName], [JobTitle], [DepartmentID], [ManagerID], [HireDate], [Salary], [AddressID]) VALUES (172, N'Baris', N'Cetinok', N'F', N'Production Technician', 7, 87, CAST(N'2001-03-19T00:00:00' AS SmallDateTime), 15000.0000, 244)\r\nGO\r\nINSERT [dbo].[Employees] ([EmployeeID], [FirstName], [LastName], [MiddleName], [JobTitle], [DepartmentID], [ManagerID], [HireDate], [Salary], [AddressID]) VALUES (173, N'Michael', N'Ray', N'Sean', N'Production Supervisor', 7, 21, CAST(N'2001-03-19T00:00:00' AS SmallDateTime), 25000.0000, 277)\r\nGO\r\nINSERT [dbo].[Employees] ([EmployeeID], [FirstName], [LastName], [MiddleName], [JobTitle], [DepartmentID], [ManagerID], [HireDate], [Salary], [AddressID]) VALUES (174, N'Steve', N'Masters', N'F', N'Production Technician', 7, 18, CAST(N'2001-03-19T00:00:00' AS SmallDateTime), 12500.0000, 252)\r\nGO\r\nINSERT [dbo].[Employees] ([EmployeeID], [FirstName], [LastName], [MiddleName], [JobTitle], [DepartmentID], [ManagerID], [HireDate], [Salary], [AddressID]) VALUES (175, N'Suchitra', N'Mohan', N'O', N'Production Technician', 7, 16, CAST(N'2001-03-20T00:00:00' AS SmallDateTime), 12500.0000, 31)\r\nGO\r\nINSERT [dbo].[Employees] ([EmployeeID], [FirstName], [LastName], [MiddleName], [JobTitle], [DepartmentID], [ManagerID], [HireDate], [Salary], [AddressID]) VALUES (176, N'Karen', N'Berg', N'A', N'Application Specialist', 11, 42, CAST(N'2001-03-20T00:00:00' AS SmallDateTime), 27400.0000, 132)\r\nGO\r\nINSERT [dbo].[Employees] ([EmployeeID], [FirstName], [LastName], [MiddleName], [JobTitle], [DepartmentID], [ManagerID], [HireDate], [Salary], [AddressID]) VALUES (177, N'Terrence', N'Earls', N'W', N'Production Technician', 7, 143, CAST(N'2001-03-20T00:00:00' AS SmallDateTime), 14000.0000, 34)\r\nGO\r\nINSERT [dbo].[Employees] ([EmployeeID], [FirstName], [LastName], [MiddleName], [JobTitle], [DepartmentID], [ManagerID], [HireDate], [Salary], [AddressID]) VALUES (178, N'Barbara', N'Moreland', N'C', N'Accountant', 10, 139, CAST(N'2001-03-22T00:00:00' AS SmallDateTime), 26400.0000, 254)\r\nGO\r\nINSERT [dbo].[Employees] ([EmployeeID], [FirstName], [LastName], [MiddleName], [JobTitle], [DepartmentID], [ManagerID], [HireDate], [Salary], [AddressID]) VALUES (179, N'Chad', N'Niswonger', N'W', N'Production Technician', 7, 38, CAST(N'2001-03-22T00:00:00' AS SmallDateTime), 11000.0000, 46)\r\nGO\r\nINSERT [dbo].[Employees] ([EmployeeID], [FirstName], [LastName], [MiddleName], [JobTitle], [DepartmentID], [ManagerID], [HireDate], [Salary], [AddressID]) VALUES (180, N'Rostislav', N'Shabalin', N'E', N'Production Technician', 7, 135, CAST(N'2001-03-23T00:00:00' AS SmallDateTime), 9500.0000, 9)\r\nGO\r\nINSERT [dbo].[Employees] ([EmployeeID], [FirstName], [LastName], [MiddleName], [JobTitle], [DepartmentID], [ManagerID], [HireDate], [Salary], [AddressID]) VALUES (181, N'Belinda', N'Newman', N'M', N'Production Technician', 7, 197, CAST(N'2001-03-24T00:00:00' AS SmallDateTime), 10000.0000, 43)\r\nGO\r\nINSERT [dbo].[Employees] ([EmployeeID], [FirstName], [LastName], [MiddleName], [JobTitle], [DepartmentID], [ManagerID], [HireDate], [Salary], [AddressID]) VALUES (182, N'Katie', N'McAskill-White', N'L', N'Production Supervisor', 7, 21, CAST(N'2001-03-24T00:00:00' AS SmallDateTime), 25000.0000, 240)\r\nGO\r\nINSERT [dbo].[Employees] ([EmployeeID], [FirstName], [LastName], [MiddleName], [JobTitle], [DepartmentID], [ManagerID], [HireDate], [Salary], [AddressID]) VALUES (183, N'Russell', N'King', N'M', N'Production Technician', 7, 184, CAST(N'2001-03-25T00:00:00' AS SmallDateTime), 9500.0000, 3)\r\nGO\r\nINSERT [dbo].[Employees] ([EmployeeID], [FirstName], [LastName], [MiddleName], [JobTitle], [DepartmentID], [ManagerID], [HireDate], [Salary], [AddressID]) VALUES (184, N'Jack', N'Richins', N'S', N'Production Supervisor', 7, 21, CAST(N'2001-03-25T00:00:00' AS SmallDateTime), 25000.0000, 169)\r\nGO\r\nINSERT [dbo].[Employees] ([EmployeeID], [FirstName], [LastName], [MiddleName], [JobTitle], [DepartmentID], [ManagerID], [HireDate], [Salary], [AddressID]) VALUES (185, N'Andrew', N'Hill', N'R', N'Production Supervisor', 7, 21, CAST(N'2001-03-26T00:00:00' AS SmallDateTime), 25000.0000, 97)\r\nGO\r\nINSERT [dbo].[Employees] ([EmployeeID], [FirstName], [LastName], [MiddleName], [JobTitle], [DepartmentID], [ManagerID], [HireDate], [Salary], [AddressID]) VALUES (186, N'Nicole', N'Holliday', N'B', N'Production Technician', 7, 87, CAST(N'2001-03-26T00:00:00' AS SmallDateTime), 15000.0000, 238)\r\nGO\r\nINSERT [dbo].[Employees] ([EmployeeID], [FirstName], [LastName], [MiddleName], [JobTitle], [DepartmentID], [ManagerID], [HireDate], [Salary], [AddressID]) VALUES (187, N'Frank', N'Miller', N'T', N'Production Technician', 7, 14, CAST(N'2001-03-27T00:00:00' AS SmallDateTime), 11000.0000, 289)\r\nGO\r\nINSERT [dbo].[Employees] ([EmployeeID], [FirstName], [LastName], [MiddleName], [JobTitle], [DepartmentID], [ManagerID], [HireDate], [Salary], [AddressID]) VALUES (188, N'Peter', N'Connelly', N'I', N'Network Administrator', 11, 150, CAST(N'2001-03-27T00:00:00' AS SmallDateTime), 32500.0000, 137)\r\nGO\r\nINSERT [dbo].[Employees] ([EmployeeID], [FirstName], [LastName], [MiddleName], [JobTitle], [DepartmentID], [ManagerID], [HireDate], [Salary], [AddressID]) VALUES (189, N'Anibal', N'Sousa', N'T', N'Production Technician', 7, 108, CAST(N'2001-03-27T00:00:00' AS SmallDateTime), 14000.0000, 183)\r\nGO\r\nINSERT [dbo].[Employees] ([EmployeeID], [FirstName], [LastName], [MiddleName], [JobTitle], [DepartmentID], [ManagerID], [HireDate], [Salary], [AddressID]) VALUES (190, N'Ken', N'Myer', N'L', N'Production Technician', 7, 210, CAST(N'2001-03-28T00:00:00' AS SmallDateTime), 15000.0000, 105)\r\nGO\r\nINSERT [dbo].[Employees] ([EmployeeID], [FirstName], [LastName], [MiddleName], [JobTitle], [DepartmentID], [ManagerID], [HireDate], [Salary], [AddressID]) VALUES (191, N'Grant', N'Culbertson', N'', N'Human Resources Administrative Assistant', 9, 30, CAST(N'2001-03-29T00:00:00' AS SmallDateTime), 13900.0000, 117)\r\nGO\r\nINSERT [dbo].[Employees] ([EmployeeID], [FirstName], [LastName], [MiddleName], [JobTitle], [DepartmentID], [ManagerID], [HireDate], [Salary], [AddressID]) VALUES (192, N'Michael', N'Entin', N'T', N'Production Technician', 7, 38, CAST(N'2001-03-29T00:00:00' AS SmallDateTime), 11000.0000, 195)\r\nGO\r\nINSERT [dbo].[Employees] ([EmployeeID], [FirstName], [LastName], [MiddleName], [JobTitle], [DepartmentID], [ManagerID], [HireDate], [Salary], [AddressID]) VALUES (193, N'Lionel', N'Penuchot', N'C', N'Production Technician', 7, 159, CAST(N'2001-03-30T00:00:00' AS SmallDateTime), 10000.0000, 261)\r\nGO\r\nINSERT [dbo].[Employees] ([EmployeeID], [FirstName], [LastName], [MiddleName], [JobTitle], [DepartmentID], [ManagerID], [HireDate], [Salary], [AddressID]) VALUES (194, N'Thomas', N'Michaels', N'R', N'Production Technician', 7, 7, CAST(N'2001-03-30T00:00:00' AS SmallDateTime), 12500.0000, 78)\r\nGO\r\nINSERT [dbo].[Employees] ([EmployeeID], [FirstName], [LastName], [MiddleName], [JobTitle], [DepartmentID], [ManagerID], [HireDate], [Salary], [AddressID]) VALUES (195, N'Jimmy', N'Bischoff', N'T', N'Stocker', 15, 85, CAST(N'2001-03-30T00:00:00' AS SmallDateTime), 9000.0000, 206)\r\nGO\r\nINSERT [dbo].[Employees] ([EmployeeID], [FirstName], [LastName], [MiddleName], [JobTitle], [DepartmentID], [ManagerID], [HireDate], [Salary], [AddressID]) VALUES (196, N'Michael', N'Vanderhyde', N'T', N'Production Technician', 7, 135, CAST(N'2001-03-30T00:00:00' AS SmallDateTime), 9500.0000, 90)\r\nGO\r\nINSERT [dbo].[Employees] ([EmployeeID], [FirstName], [LastName], [MiddleName], [JobTitle], [DepartmentID], [ManagerID], [HireDate], [Salary], [AddressID]) VALUES (197, N'Lori', N'Kane', N'A', N'Production Supervisor', 7, 21, CAST(N'2001-03-30T00:00:00' AS SmallDateTime), 25000.0000, 198)\r\nGO\r\nINSERT [dbo].[Employees] ([EmployeeID], [FirstName], [LastName], [MiddleName], [JobTitle], [DepartmentID], [ManagerID], [HireDate], [Salary], [AddressID]) VALUES (198, N'Arvind', N'Rao', N'B', N'Buyer', 5, 274, CAST(N'2001-04-01T00:00:00' AS SmallDateTime), 18300.0000, 212)\r\nGO\r\nINSERT [dbo].[Employees] ([EmployeeID], [FirstName], [LastName], [MiddleName], [JobTitle], [DepartmentID], [ManagerID], [HireDate], [Salary], [AddressID]) VALUES (199, N'Stefen', N'Hesse', N'A', N'Production Technician', 7, 182, CAST(N'2001-04-01T00:00:00' AS SmallDateTime), 14000.0000, 68)\r\nGO\r\nINSERT [dbo].[Employees] ([EmployeeID], [FirstName], [LastName], [MiddleName], [JobTitle], [DepartmentID], [ManagerID], [HireDate], [Salary], [AddressID]) VALUES (200, N'Hazem', N'Abolrous', N'E', N'Quality Assurance Manager', 13, 148, CAST(N'2001-04-01T00:00:00' AS SmallDateTime), 28800.0000, 148)\r\nGO\r\nINSERT [dbo].[Employees] ([EmployeeID], [FirstName], [LastName], [MiddleName], [JobTitle], [DepartmentID], [ManagerID], [HireDate], [Salary], [AddressID]) VALUES (201, N'Janet', N'Sheperdigian', N'L', N'Accounts Payable Specialist', 10, 139, CAST(N'2001-04-02T00:00:00' AS SmallDateTime), 19000.0000, 218)\r\nGO\r\nINSERT [dbo].[Employees] ([EmployeeID], [FirstName], [LastName], [MiddleName], [JobTitle], [DepartmentID], [ManagerID], [HireDate], [Salary], [AddressID]) VALUES (202, N'Elizabeth', N'Keyser', N'I', N'Production Technician', 7, 74, CAST(N'2001-04-03T00:00:00' AS SmallDateTime), 11000.0000, 152)\r\nGO\r\nINSERT [dbo].[Employees] ([EmployeeID], [FirstName], [LastName], [MiddleName], [JobTitle], [DepartmentID], [ManagerID], [HireDate], [Salary], [AddressID]) VALUES (203, N'Terry', N'Eminhizer', N'J', N'Marketing Specialist', 4, 6, CAST(N'2001-04-03T00:00:00' AS SmallDateTime), 14400.0000, 19)\r\nGO\r\nINSERT [dbo].[Employees] ([EmployeeID], [FirstName], [LastName], [MiddleName], [JobTitle], [DepartmentID], [ManagerID], [HireDate], [Salary], [AddressID]) VALUES (204, N'John', N'Frum', N'', N'Production Technician', 7, 184, CAST(N'2001-04-04T00:00:00' AS SmallDateTime), 9500.0000, 112)\r\nGO\r\nINSERT [dbo].[Employees] ([EmployeeID], [FirstName], [LastName], [MiddleName], [JobTitle], [DepartmentID], [ManagerID], [HireDate], [Salary], [AddressID]) VALUES (205, N'Merav', N'Netz', N'A', N'Production Technician', 7, 173, CAST(N'2001-04-04T00:00:00' AS SmallDateTime), 9500.0000, 270)\r\nGO\r\nINSERT [dbo].[Employees] ([EmployeeID], [FirstName], [LastName], [MiddleName], [JobTitle], [DepartmentID], [ManagerID], [HireDate], [Salary], [AddressID]) VALUES (206, N'Brian', N'LaMee', N'P', N'Scheduling Assistant', 8, 44, CAST(N'2001-04-04T00:00:00' AS SmallDateTime), 16000.0000, 109)\r\nGO\r\nINSERT [dbo].[Employees] ([EmployeeID], [FirstName], [LastName], [MiddleName], [JobTitle], [DepartmentID], [ManagerID], [HireDate], [Salary], [AddressID]) VALUES (207, N'Kitti', N'Lertpiriyasuwat', N'H', N'Production Technician', 7, 38, CAST(N'2001-04-05T00:00:00' AS SmallDateTime), 11000.0000, 272)\r\nGO\r\nINSERT [dbo].[Employees] ([EmployeeID], [FirstName], [LastName], [MiddleName], [JobTitle], [DepartmentID], [ManagerID], [HireDate], [Salary], [AddressID]) VALUES (208, N'Jay', N'Adams', N'G', N'Production Technician', 7, 18, CAST(N'2001-04-06T00:00:00' AS SmallDateTime), 12500.0000, 157)\r\nGO\r\nINSERT [dbo].[Employees] ([EmployeeID], [FirstName], [LastName], [MiddleName], [JobTitle], [DepartmentID], [ManagerID], [HireDate], [Salary], [AddressID]) VALUES (209, N'Jan', N'Miksovsky', N'S', N'Production Technician', 7, 184, CAST(N'2001-04-06T00:00:00' AS SmallDateTime), 9500.0000, 101)\r\nGO\r\nINSERT [dbo].[Employees] ([EmployeeID], [FirstName], [LastName], [MiddleName], [JobTitle], [DepartmentID], [ManagerID], [HireDate], [Salary], [AddressID]) VALUES (210, N'Brenda', N'Diaz', N'M', N'Production Supervisor', 7, 21, CAST(N'2001-04-06T00:00:00' AS SmallDateTime), 25000.0000, 251)\r\nGO\r\nINSERT [dbo].[Employees] ([EmployeeID], [FirstName], [LastName], [MiddleName], [JobTitle], [DepartmentID], [ManagerID], [HireDate], [Salary], [AddressID]) VALUES (211, N'Andrew', N'Cencini', N'M', N'Production Technician', 7, 123, CAST(N'2001-04-07T00:00:00' AS SmallDateTime), 10000.0000, 233)\r\nGO\r\nINSERT [dbo].[Employees] ([EmployeeID], [FirstName], [LastName], [MiddleName], [JobTitle], [DepartmentID], [ManagerID], [HireDate], [Salary], [AddressID]) VALUES (212, N'Chris', N'Norred', N'K', N'Control Specialist', 12, 90, CAST(N'2001-04-07T00:00:00' AS SmallDateTime), 16800.0000, 125)\r\nGO\r\nINSERT [dbo].[Employees] ([EmployeeID], [FirstName], [LastName], [MiddleName], [JobTitle], [DepartmentID], [ManagerID], [HireDate], [Salary], [AddressID]) VALUES (213, N'Chris', N'Okelberry', N'O', N'Production Technician', 7, 16, CAST(N'2001-04-08T00:00:00' AS SmallDateTime), 12500.0000, 188)\r\nGO\r\nINSERT [dbo].[Employees] ([EmployeeID], [FirstName], [LastName], [MiddleName], [JobTitle], [DepartmentID], [ManagerID], [HireDate], [Salary], [AddressID]) VALUES (214, N'Shelley', N'Dyck', N'', N'Production Technician', 7, 143, CAST(N'2001-04-08T00:00:00' AS SmallDateTime), 14000.0000, 164)\r\nGO\r\nINSERT [dbo].[Employees] ([EmployeeID], [FirstName], [LastName], [MiddleName], [JobTitle], [DepartmentID], [ManagerID], [HireDate], [Salary], [AddressID]) VALUES (215, N'Gabe', N'Mares', N'B', N'Production Technician', 7, 210, CAST(N'2001-04-09T00:00:00' AS SmallDateTime), 15000.0000, 87)\r\nGO\r\nINSERT [dbo].[Employees] ([EmployeeID], [FirstName], [LastName], [MiddleName], [JobTitle], [DepartmentID], [ManagerID], [HireDate], [Salary], [AddressID]) VALUES (216, N'Mike', N'Seamans', N'K', N'Accountant', 10, 139, CAST(N'2001-04-09T00:00:00' AS SmallDateTime), 26400.0000, 120)\r\nGO\r\nINSERT [dbo].[Employees] ([EmployeeID], [FirstName], [LastName], [MiddleName], [JobTitle], [DepartmentID], [ManagerID], [HireDate], [Salary], [AddressID]) VALUES (217, N'Michael', N'Raheem', NULL, N'Research and Development Manager', 6, 158, CAST(N'2001-06-04T00:00:00' AS SmallDateTime), 42500.0000, 236)\r\nGO\r\nINSERT [dbo].[Employees] ([EmployeeID], [FirstName], [LastName], [MiddleName], [JobTitle], [DepartmentID], [ManagerID], [HireDate], [Salary], [AddressID]) VALUES (218, N'Gary', N'Altman', N'E.', N'Facilities Manager', 14, 148, CAST(N'2002-01-03T00:00:00' AS SmallDateTime), 24000.0000, 203)\r\nGO\r\nINSERT [dbo].[Employees] ([EmployeeID], [FirstName], [LastName], [MiddleName], [JobTitle], [DepartmentID], [ManagerID], [HireDate], [Salary], [AddressID]) VALUES (219, N'Charles', N'Fitzgerald', N'B', N'Production Technician', 7, 18, CAST(N'2002-01-04T00:00:00' AS SmallDateTime), 12500.0000, 223)\r\nGO\r\nINSERT [dbo].[Employees] ([EmployeeID], [FirstName], [LastName], [MiddleName], [JobTitle], [DepartmentID], [ManagerID], [HireDate], [Salary], [AddressID]) VALUES (220, N'Ebru', N'Ersan', N'', N'Production Technician', 7, 25, CAST(N'2002-01-07T00:00:00' AS SmallDateTime), 13500.0000, 225)\r\nGO\r\nINSERT [dbo].[Employees] ([EmployeeID], [FirstName], [LastName], [MiddleName], [JobTitle], [DepartmentID], [ManagerID], [HireDate], [Salary], [AddressID]) VALUES (221, N'Sylvester', N'Valdez', N'A', N'Production Technician', 7, 108, CAST(N'2002-01-12T00:00:00' AS SmallDateTime), 14000.0000, 25)\r\nGO\r\nINSERT [dbo].[Employees] ([EmployeeID], [FirstName], [LastName], [MiddleName], [JobTitle], [DepartmentID], [ManagerID], [HireDate], [Salary], [AddressID]) VALUES (222, N'Brian', N'Goldstein', N'Richard', N'Production Technician', 7, 51, CAST(N'2002-01-12T00:00:00' AS SmallDateTime), 15000.0000, 48)\r\nGO\r\nINSERT [dbo].[Employees] ([EmployeeID], [FirstName], [LastName], [MiddleName], [JobTitle], [DepartmentID], [ManagerID], [HireDate], [Salary], [AddressID]) VALUES (223, N'Linda', N'Meisner', N'P', N'Buyer', 5, 274, CAST(N'2002-01-18T00:00:00' AS SmallDateTime), 18300.0000, 28)\r\nGO\r\nINSERT [dbo].[Employees] ([EmployeeID], [FirstName], [LastName], [MiddleName], [JobTitle], [DepartmentID], [ManagerID], [HireDate], [Salary], [AddressID]) VALUES (224, N'Betsy', N'Stadick', N'A', N'Production Technician', 7, 64, CAST(N'2002-01-19T00:00:00' AS SmallDateTime), 13500.0000, 47)\r\nGO\r\nINSERT [dbo].[Employees] ([EmployeeID], [FirstName], [LastName], [MiddleName], [JobTitle], [DepartmentID], [ManagerID], [HireDate], [Salary], [AddressID]) VALUES (225, N'Magnus', N'Hedlund', N'E', N'Facilities Administrative Assistant', 14, 218, CAST(N'2002-01-22T00:00:00' AS SmallDateTime), 9800.0000, 211)\r\nGO\r\nINSERT [dbo].[Employees] ([EmployeeID], [FirstName], [LastName], [MiddleName], [JobTitle], [DepartmentID], [ManagerID], [HireDate], [Salary], [AddressID]) VALUES (226, N'Karan', N'Khanna', N'R', N'Production Technician', 7, 18, CAST(N'2002-01-23T00:00:00' AS SmallDateTime), 12500.0000, 248)\r\nGO\r\nINSERT [dbo].[Employees] ([EmployeeID], [FirstName], [LastName], [MiddleName], [JobTitle], [DepartmentID], [ManagerID], [HireDate], [Salary], [AddressID]) VALUES (227, N'Mary', N'Baker', N'R', N'Production Technician', 7, 25, CAST(N'2002-01-26T00:00:00' AS SmallDateTime), 13500.0000, 246)\r\nGO\r\nINSERT [dbo].[Employees] ([EmployeeID], [FirstName], [LastName], [MiddleName], [JobTitle], [DepartmentID], [ManagerID], [HireDate], [Salary], [AddressID]) VALUES (228, N'Kevin', N'Homer', N'M', N'Production Technician', 7, 25, CAST(N'2002-01-26T00:00:00' AS SmallDateTime), 13500.0000, 29)\r\nGO\r\nINSERT [dbo].[Employees] ([EmployeeID], [FirstName], [LastName], [MiddleName], [JobTitle], [DepartmentID], [ManagerID], [HireDate], [Salary], [AddressID]) VALUES (229, N'Mihail', N'Frintu', N'U', N'Production Technician', 7, 51, CAST(N'2002-01-30T00:00:00' AS SmallDateTime), 15000.0000, 89)\r\nGO\r\nINSERT [dbo].[Employees] ([EmployeeID], [FirstName], [LastName], [MiddleName], [JobTitle], [DepartmentID], [ManagerID], [HireDate], [Salary], [AddressID]) VALUES (230, N'Bonnie', N'Kearney', N'', N'Production Technician', 7, 185, CAST(N'2002-02-02T00:00:00' AS SmallDateTime), 13500.0000, 287)\r\nGO\r\nINSERT [dbo].[Employees] ([EmployeeID], [FirstName], [LastName], [MiddleName], [JobTitle], [DepartmentID], [ManagerID], [HireDate], [Salary], [AddressID]) VALUES (231, N'Fukiko', N'Ogisu', N'J', N'Buyer', 5, 274, CAST(N'2002-02-05T00:00:00' AS SmallDateTime), 18300.0000, 17)\r\nGO\r\nINSERT [dbo].[Employees] ([EmployeeID], [FirstName], [LastName], [MiddleName], [JobTitle], [DepartmentID], [ManagerID], [HireDate], [Salary], [AddressID]) VALUES (232, N'Hung-Fu', N'Ting', N'T', N'Production Technician', 7, 108, CAST(N'2002-02-07T00:00:00' AS SmallDateTime), 14000.0000, 220)\r\nGO\r\nINSERT [dbo].[Employees] ([EmployeeID], [FirstName], [LastName], [MiddleName], [JobTitle], [DepartmentID], [ManagerID], [HireDate], [Salary], [AddressID]) VALUES (233, N'Gordon', N'Hee', N'L', N'Buyer', 5, 274, CAST(N'2002-02-12T00:00:00' AS SmallDateTime), 18300.0000, 15)\r\nGO\r\nINSERT [dbo].[Employees] ([EmployeeID], [FirstName], [LastName], [MiddleName], [JobTitle], [DepartmentID], [ManagerID], [HireDate], [Salary], [AddressID]) VALUES (234, N'Kimberly', N'Zimmerman', N'B', N'Production Technician', 7, 64, CAST(N'2002-02-13T00:00:00' AS SmallDateTime), 13500.0000, 266)\r\nGO\r\nINSERT [dbo].[Employees] ([EmployeeID], [FirstName], [LastName], [MiddleName], [JobTitle], [DepartmentID], [ManagerID], [HireDate], [Salary], [AddressID]) VALUES (235, N'Kim', N'Abercrombie', N'B', N'Production Technician', 7, 16, CAST(N'2002-02-17T00:00:00' AS SmallDateTime), 12500.0000, 56)\r\nGO\r\nINSERT [dbo].[Employees] ([EmployeeID], [FirstName], [LastName], [MiddleName], [JobTitle], [DepartmentID], [ManagerID], [HireDate], [Salary], [AddressID]) VALUES (236, N'Sandeep', N'Kaliyath', N'P', N'Production Technician', 7, 51, CAST(N'2002-02-18T00:00:00' AS SmallDateTime), 15000.0000, 234)\r\nGO\r\nINSERT [dbo].[Employees] ([EmployeeID], [FirstName], [LastName], [MiddleName], [JobTitle], [DepartmentID], [ManagerID], [HireDate], [Salary], [AddressID]) VALUES (237, N'Prasanna', N'Samarawickrama', N'E', N'Production Technician', 7, 108, CAST(N'2002-02-23T00:00:00' AS SmallDateTime), 14000.0000, 187)\r\nGO\r\nINSERT [dbo].[Employees] ([EmployeeID], [FirstName], [LastName], [MiddleName], [JobTitle], [DepartmentID], [ManagerID], [HireDate], [Salary], [AddressID]) VALUES (238, N'Frank', N'Pellow', N'S', N'Buyer', 5, 274, CAST(N'2002-02-24T00:00:00' AS SmallDateTime), 18300.0000, 213)\r\nGO\r\nINSERT [dbo].[Employees] ([EmployeeID], [FirstName], [LastName], [MiddleName], [JobTitle], [DepartmentID], [ManagerID], [HireDate], [Salary], [AddressID]) VALUES (239, N'Min', N'Su', N'G', N'Production Technician', 7, 108, CAST(N'2002-02-25T00:00:00' AS SmallDateTime), 14000.0000, 24)\r\nGO\r\nINSERT [dbo].[Employees] ([EmployeeID], [FirstName], [LastName], [MiddleName], [JobTitle], [DepartmentID], [ManagerID], [HireDate], [Salary], [AddressID]) VALUES (240, N'Eric', N'Brown', N'L', N'Production Technician', 7, 51, CAST(N'2002-02-25T00:00:00' AS SmallDateTime), 15000.0000, 67)\r\nGO\r\nINSERT [dbo].[Employees] ([EmployeeID], [FirstName], [LastName], [MiddleName], [JobTitle], [DepartmentID], [ManagerID], [HireDate], [Salary], [AddressID]) VALUES (241, N'Eric', N'Kurjan', N'S', N'Buyer', 5, 274, CAST(N'2002-02-28T00:00:00' AS SmallDateTime), 18300.0000, 207)\r\nGO\r\nINSERT [dbo].[Employees] ([EmployeeID], [FirstName], [LastName], [MiddleName], [JobTitle], [DepartmentID], [ManagerID], [HireDate], [Salary], [AddressID]) VALUES (242, N'Pat', N'Coleman', N'H', N'Janitor', 14, 49, CAST(N'2002-02-28T00:00:00' AS SmallDateTime), 9300.0000, 116)\r\nGO\r\nINSERT [dbo].[Employees] ([EmployeeID], [FirstName], [LastName], [MiddleName], [JobTitle], [DepartmentID], [ManagerID], [HireDate], [Salary], [AddressID]) VALUES (243, N'Maciej', N'Dusza', N'W', N'Production Technician', 7, 18, CAST(N'2002-03-01T00:00:00' AS SmallDateTime), 12500.0000, 83)\r\nGO\r\nINSERT [dbo].[Employees] ([EmployeeID], [FirstName], [LastName], [MiddleName], [JobTitle], [DepartmentID], [ManagerID], [HireDate], [Salary], [AddressID]) VALUES (244, N'Erin', N'Hagens', N'M', N'Buyer', 5, 274, CAST(N'2002-03-03T00:00:00' AS SmallDateTime), 18300.0000, 8)\r\nGO\r\nINSERT [dbo].[Employees] ([EmployeeID], [FirstName], [LastName], [MiddleName], [JobTitle], [DepartmentID], [ManagerID], [HireDate], [Salary], [AddressID]) VALUES (245, N'Patrick', N'Wedge', N'C', N'Production Technician', 7, 64, CAST(N'2002-03-04T00:00:00' AS SmallDateTime), 13500.0000, 7)\r\nGO\r\nINSERT [dbo].[Employees] ([EmployeeID], [FirstName], [LastName], [MiddleName], [JobTitle], [DepartmentID], [ManagerID], [HireDate], [Salary], [AddressID]) VALUES (246, N'Frank', N'Martinez', N'R', N'Production Technician', 7, 51, CAST(N'2002-03-08T00:00:00' AS SmallDateTime), 15000.0000, 290)\r\nGO\r\nINSERT [dbo].[Employees] ([EmployeeID], [FirstName], [LastName], [MiddleName], [JobTitle], [DepartmentID], [ManagerID], [HireDate], [Salary], [AddressID]) VALUES (247, N'Ed', N'Dudenhoefer', N'R', N'Production Technician', 7, 16, CAST(N'2002-03-08T00:00:00' AS SmallDateTime), 12500.0000, 243)\r\nGO\r\nINSERT [dbo].[Employees] ([EmployeeID], [FirstName], [LastName], [MiddleName], [JobTitle], [DepartmentID], [ManagerID], [HireDate], [Salary], [AddressID]) VALUES (248, N'Christopher', N'Hill', N'E', N'Production Technician', 7, 25, CAST(N'2002-03-11T00:00:00' AS SmallDateTime), 13500.0000, 41)\r\nGO\r\nINSERT [dbo].[Employees] ([EmployeeID], [FirstName], [LastName], [MiddleName], [JobTitle], [DepartmentID], [ManagerID], [HireDate], [Salary], [AddressID]) VALUES (249, N'Patrick', N'Cook', N'M', N'Production Technician', 7, 51, CAST(N'2002-03-15T00:00:00' AS SmallDateTime), 15000.0000, 264)\r\nGO\r\nINSERT [dbo].[Employees] ([EmployeeID], [FirstName], [LastName], [MiddleName], [JobTitle], [DepartmentID], [ManagerID], [HireDate], [Salary], [AddressID]) VALUES (250, N'Krishna', N'Sunkammurali', NULL, N'Production Technician', 7, 108, CAST(N'2002-03-16T00:00:00' AS SmallDateTime), 14000.0000, 79)\r\nGO\r\nINSERT [dbo].[Employees] ([EmployeeID], [FirstName], [LastName], [MiddleName], [JobTitle], [DepartmentID], [ManagerID], [HireDate], [Salary], [AddressID]) VALUES (251, N'Lori', N'Penor', N'K', N'Janitor', 14, 49, CAST(N'2002-03-19T00:00:00' AS SmallDateTime), 9300.0000, 124)\r\nGO\r\nINSERT [dbo].[Employees] ([EmployeeID], [FirstName], [LastName], [MiddleName], [JobTitle], [DepartmentID], [ManagerID], [HireDate], [Salary], [AddressID]) VALUES (252, N'Danielle', N'Tiedt', N'C', N'Production Technician', 7, 64, CAST(N'2002-03-23T00:00:00' AS SmallDateTime), 13500.0000, 146)\r\nGO\r\nINSERT [dbo].[Employees] ([EmployeeID], [FirstName], [LastName], [MiddleName], [JobTitle], [DepartmentID], [ManagerID], [HireDate], [Salary], [AddressID]) VALUES (253, N'Sootha', N'Charncherngkha', N'T', N'Quality Assurance Technician', 13, 41, CAST(N'2002-03-26T00:00:00' AS SmallDateTime), 10600.0000, 149)\r\nGO\r\nINSERT [dbo].[Employees] ([EmployeeID], [FirstName], [LastName], [MiddleName], [JobTitle], [DepartmentID], [ManagerID], [HireDate], [Salary], [AddressID]) VALUES (254, N'Michael', N'Zwilling', N'J', N'Production Technician', 7, 18, CAST(N'2002-03-26T00:00:00' AS SmallDateTime), 12500.0000, 76)\r\nGO\r\nINSERT [dbo].[Employees] ([EmployeeID], [FirstName], [LastName], [MiddleName], [JobTitle], [DepartmentID], [ManagerID], [HireDate], [Salary], [AddressID]) VALUES (255, N'Randy', N'Reeves', N'T', N'Production Technician', 7, 18, CAST(N'2002-03-26T00:00:00' AS SmallDateTime), 12500.0000, 84)\r\nGO\r\nINSERT [dbo].[Employees] ([EmployeeID], [FirstName], [LastName], [MiddleName], [JobTitle], [DepartmentID], [ManagerID], [HireDate], [Salary], [AddressID]) VALUES (256, N'John', N'Kane', N'T', N'Production Technician', 7, 25, CAST(N'2002-03-30T00:00:00' AS SmallDateTime), 13500.0000, 69)\r\nGO\r\nINSERT [dbo].[Employees] ([EmployeeID], [FirstName], [LastName], [MiddleName], [JobTitle], [DepartmentID], [ManagerID], [HireDate], [Salary], [AddressID]) VALUES (257, N'Jack', N'Creasey', N'T', N'Production Technician', 7, 51, CAST(N'2002-04-03T00:00:00' AS SmallDateTime), 15000.0000, 265)\r\nGO\r\nINSERT [dbo].[Employees] ([EmployeeID], [FirstName], [LastName], [MiddleName], [JobTitle], [DepartmentID], [ManagerID], [HireDate], [Salary], [AddressID]) VALUES (258, N'Olinda', N'Turner', N'C', N'Production Technician', 7, 108, CAST(N'2002-04-04T00:00:00' AS SmallDateTime), 14000.0000, 33)\r\nGO\r\nINSERT [dbo].[Employees] ([EmployeeID], [FirstName], [LastName], [MiddleName], [JobTitle], [DepartmentID], [ManagerID], [HireDate], [Salary], [AddressID]) VALUES (259, N'Stuart', N'Macrae', N'J', N'Janitor', 14, 49, CAST(N'2002-04-05T00:00:00' AS SmallDateTime), 9300.0000, 205)\r\nGO\r\nINSERT [dbo].[Employees] ([EmployeeID], [FirstName], [LastName], [MiddleName], [JobTitle], [DepartmentID], [ManagerID], [HireDate], [Salary], [AddressID]) VALUES (260, N'Jo', N'Berry', N'L', N'Janitor', 14, 49, CAST(N'2002-04-07T00:00:00' AS SmallDateTime), 9300.0000, 121)\r\nGO\r\nINSERT [dbo].[Employees] ([EmployeeID], [FirstName], [LastName], [MiddleName], [JobTitle], [DepartmentID], [ManagerID], [HireDate], [Salary], [AddressID]) VALUES (261, N'Ben', N'Miller', N'T', N'Buyer', 5, 274, CAST(N'2002-04-09T00:00:00' AS SmallDateTime), 18300.0000, 192)\r\nGO\r\nINSERT [dbo].[Employees] ([EmployeeID], [FirstName], [LastName], [MiddleName], [JobTitle], [DepartmentID], [ManagerID], [HireDate], [Salary], [AddressID]) VALUES (262, N'Tom', N'Vande Velde', N'M', N'Production Technician', 7, 64, CAST(N'2002-04-10T00:00:00' AS SmallDateTime), 13500.0000, 98)\r\nGO\r\nINSERT [dbo].[Employees] ([EmployeeID], [FirstName], [LastName], [MiddleName], [JobTitle], [DepartmentID], [ManagerID], [HireDate], [Salary], [AddressID]) VALUES (263, N'Ovidiu', N'Cracium', N'V', N'Senior Tool Designer', 2, 3, CAST(N'2003-01-05T00:00:00' AS SmallDateTime), 28800.0000, 145)\r\nGO\r\nINSERT [dbo].[Employees] ([EmployeeID], [FirstName], [LastName], [MiddleName], [JobTitle], [DepartmentID], [ManagerID], [HireDate], [Salary], [AddressID]) VALUES (264, N'Annette', N'Hill', N'L', N'Purchasing Assistant', 5, 274, CAST(N'2003-01-06T00:00:00' AS SmallDateTime), 12800.0000, 181)\r\nGO\r\nINSERT [dbo].[Employees] ([EmployeeID], [FirstName], [LastName], [MiddleName], [JobTitle], [DepartmentID], [ManagerID], [HireDate], [Salary], [AddressID]) VALUES (265, N'Janice', N'Galvin', N'M', N'Tool Designer', 2, 263, CAST(N'2003-01-23T00:00:00' AS SmallDateTime), 25000.0000, 200)\r\nGO\r\nINSERT [dbo].[Employees] ([EmployeeID], [FirstName], [LastName], [MiddleName], [JobTitle], [DepartmentID], [ManagerID], [HireDate], [Salary], [AddressID]) VALUES (266, N'Reinout', N'Hillmann', N'', N'Purchasing Assistant', 5, 274, CAST(N'2003-01-25T00:00:00' AS SmallDateTime), 12800.0000, 27)\r\nGO\r\nINSERT [dbo].[Employees] ([EmployeeID], [FirstName], [LastName], [MiddleName], [JobTitle], [DepartmentID], [ManagerID], [HireDate], [Salary], [AddressID]) VALUES (267, N'Michael', N'Sullivan', N'I', N'Senior Design Engineer', 1, 3, CAST(N'2003-01-30T00:00:00' AS SmallDateTime), 36100.0000, 217)\r\nGO\r\nINSERT [dbo].[Employees] ([EmployeeID], [FirstName], [LastName], [MiddleName], [JobTitle], [DepartmentID], [ManagerID], [HireDate], [Salary], [AddressID]) VALUES (268, N'Stephen', N'Jiang', N'Y', N'North American Sales Manager', 3, 273, CAST(N'2003-02-04T00:00:00' AS SmallDateTime), 48100.0000, 196)\r\nGO\r\nINSERT [dbo].[Employees] ([EmployeeID], [FirstName], [LastName], [MiddleName], [JobTitle], [DepartmentID], [ManagerID], [HireDate], [Salary], [AddressID]) VALUES (269, N'Wanida', N'Benshoof', N'M', N'Marketing Assistant', 4, 6, CAST(N'2003-02-07T00:00:00' AS SmallDateTime), 13500.0000, 221)\r\nGO\r\nINSERT [dbo].[Employees] ([EmployeeID], [FirstName], [LastName], [MiddleName], [JobTitle], [DepartmentID], [ManagerID], [HireDate], [Salary], [AddressID]) VALUES (270, N'Sharon', N'Salavaria', N'B', N'Design Engineer', 1, 3, CAST(N'2003-02-18T00:00:00' AS SmallDateTime), 32700.0000, 216)\r\nGO\r\nINSERT [dbo].[Employees] ([EmployeeID], [FirstName], [LastName], [MiddleName], [JobTitle], [DepartmentID], [ManagerID], [HireDate], [Salary], [AddressID]) VALUES (271, N'John', N'Wood', N'L', N'Marketing Specialist', 4, 6, CAST(N'2003-03-10T00:00:00' AS SmallDateTime), 14400.0000, 180)\r\nGO\r\nINSERT [dbo].[Employees] ([EmployeeID], [FirstName], [LastName], [MiddleName], [JobTitle], [DepartmentID], [ManagerID], [HireDate], [Salary], [AddressID]) VALUES (272, N'Mary', N'Dempsey', N'A', N'Marketing Assistant', 4, 6, CAST(N'2003-03-17T00:00:00' AS SmallDateTime), 13500.0000, 26)\r\nGO\r\nINSERT [dbo].[Employees] ([EmployeeID], [FirstName], [LastName], [MiddleName], [JobTitle], [DepartmentID], [ManagerID], [HireDate], [Salary], [AddressID]) VALUES (273, N'Brian', N'Welcker', N'S', N'Vice President of Sales', 3, 109, CAST(N'2003-03-18T00:00:00' AS SmallDateTime), 72100.0000, 134)\r\nGO\r\nINSERT [dbo].[Employees] ([EmployeeID], [FirstName], [LastName], [MiddleName], [JobTitle], [DepartmentID], [ManagerID], [HireDate], [Salary], [AddressID]) VALUES (274, N'Sheela', N'Word', N'H', N'Purchasing Manager', 13, 71, CAST(N'2003-03-28T00:00:00' AS SmallDateTime), 30000.0000, 222)\r\nGO\r\nINSERT [dbo].[Employees] ([EmployeeID], [FirstName], [LastName], [MiddleName], [JobTitle], [DepartmentID], [ManagerID], [HireDate], [Salary], [AddressID]) VALUES (275, N'Michael', N'Blythe', N'G', N'Sales Representative', 3, 268, CAST(N'2003-07-01T00:00:00' AS SmallDateTime), 23100.0000, 60)\r\nGO\r\nINSERT [dbo].[Employees] ([EmployeeID], [FirstName], [LastName], [MiddleName], [JobTitle], [DepartmentID], [ManagerID], [HireDate], [Salary], [AddressID]) VALUES (276, N'Linda', N'Mitchell', N'C', N'Sales Representative', 3, 268, CAST(N'2003-07-01T00:00:00' AS SmallDateTime), 23100.0000, 170)\r\nGO\r\nINSERT [dbo].[Employees] ([EmployeeID], [FirstName], [LastName], [MiddleName], [JobTitle], [DepartmentID], [ManagerID], [HireDate], [Salary], [AddressID]) VALUES (277, N'Jillian', N'Carson', NULL, N'Sales Representative', 3, 268, CAST(N'2003-07-01T00:00:00' AS SmallDateTime), 23100.0000, 61)\r\nGO\r\nINSERT [dbo].[Employees] ([EmployeeID], [FirstName], [LastName], [MiddleName], [JobTitle], [DepartmentID], [ManagerID], [HireDate], [Salary], [AddressID]) VALUES (278, N'Garrett', N'Vargas', N'R', N'Sales Representative', 3, 268, CAST(N'2003-07-01T00:00:00' AS SmallDateTime), 23100.0000, 52)\r\nGO\r\nINSERT [dbo].[Employees] ([EmployeeID], [FirstName], [LastName], [MiddleName], [JobTitle], [DepartmentID], [ManagerID], [HireDate], [Salary], [AddressID]) VALUES (279, N'Tsvi', N'Reiter', N'Michael', N'Sales Representative', 3, 268, CAST(N'2003-07-01T00:00:00' AS SmallDateTime), 23100.0000, 154)\r\nGO\r\nINSERT [dbo].[Employees] ([EmployeeID], [FirstName], [LastName], [MiddleName], [JobTitle], [DepartmentID], [ManagerID], [HireDate], [Salary], [AddressID]) VALUES (280, N'Pamela', N'Ansman-Wolfe', N'O', N'Sales Representative', 3, 268, CAST(N'2003-07-01T00:00:00' AS SmallDateTime), 23100.0000, 179)\r\nGO\r\nINSERT [dbo].[Employees] ([EmployeeID], [FirstName], [LastName], [MiddleName], [JobTitle], [DepartmentID], [ManagerID], [HireDate], [Salary], [AddressID]) VALUES (281, N'Shu', N'Ito', N'K', N'Sales Representative', 3, 268, CAST(N'2003-07-01T00:00:00' AS SmallDateTime), 23100.0000, 235)\r\nGO\r\nINSERT [dbo].[Employees] ([EmployeeID], [FirstName], [LastName], [MiddleName], [JobTitle], [DepartmentID], [ManagerID], [HireDate], [Salary], [AddressID]) VALUES (282, N'Jose', N'Saraiva', N'Edvaldo', N'Sales Representative', 3, 268, CAST(N'2003-07-01T00:00:00' AS SmallDateTime), 23100.0000, 178)\r\nGO\r\nINSERT [dbo].[Employees] ([EmployeeID], [FirstName], [LastName], [MiddleName], [JobTitle], [DepartmentID], [ManagerID], [HireDate], [Salary], [AddressID]) VALUES (283, N'David', N'Campbell', N'R', N'Sales Representative', 3, 268, CAST(N'2003-07-01T00:00:00' AS SmallDateTime), 23100.0000, 13)\r\nGO\r\nINSERT [dbo].[Employees] ([EmployeeID], [FirstName], [LastName], [MiddleName], [JobTitle], [DepartmentID], [ManagerID], [HireDate], [Salary], [AddressID]) VALUES (284, N'Amy', N'Alberts', N'E', N'European Sales Manager', 3, 273, CAST(N'2004-05-18T00:00:00' AS SmallDateTime), 48100.0000, 202)\r\nGO\r\nINSERT [dbo].[Employees] ([EmployeeID], [FirstName], [LastName], [MiddleName], [JobTitle], [DepartmentID], [ManagerID], [HireDate], [Salary], [AddressID]) VALUES (285, N'Jae', N'Pak', N'B', N'Sales Representative', 3, 284, CAST(N'2004-07-01T00:00:00' AS SmallDateTime), 23100.0000, 54)\r\nGO\r\nINSERT [dbo].[Employees] ([EmployeeID], [FirstName], [LastName], [MiddleName], [JobTitle], [DepartmentID], [ManagerID], [HireDate], [Salary], [AddressID]) VALUES (286, N'Ranjit', N'Varkey Chudukatil', N'R', N'Sales Representative', 3, 284, CAST(N'2004-07-01T00:00:00' AS SmallDateTime), 23100.0000, 38)\r\nGO\r\nINSERT [dbo].[Employees] ([EmployeeID], [FirstName], [LastName], [MiddleName], [JobTitle], [DepartmentID], [ManagerID], [HireDate], [Salary], [AddressID]) VALUES (287, N'Tete', N'Mensa-Annan', N'A', N'Sales Representative', 3, 268, CAST(N'2004-11-01T00:00:00' AS SmallDateTime), 23100.0000, 53)\r\nGO\r\nINSERT [dbo].[Employees] ([EmployeeID], [FirstName], [LastName], [MiddleName], [JobTitle], [DepartmentID], [ManagerID], [HireDate], [Salary], [AddressID]) VALUES (288, N'Syed', N'Abbas', N'E', N'Pacific Sales Manager', 3, 273, CAST(N'2005-04-15T00:00:00' AS SmallDateTime), 48100.0000, 49)\r\nGO\r\nINSERT [dbo].[Employees] ([EmployeeID], [FirstName], [LastName], [MiddleName], [JobTitle], [DepartmentID], [ManagerID], [HireDate], [Salary], [AddressID]) VALUES (289, N'Rachel', N'Valdez', N'B', N'Sales Representative', 3, 284, CAST(N'2005-07-01T00:00:00' AS SmallDateTime), 23100.0000, 37)\r\nGO\r\nINSERT [dbo].[Employees] ([EmployeeID], [FirstName], [LastName], [MiddleName], [JobTitle], [DepartmentID], [ManagerID], [HireDate], [Salary], [AddressID]) VALUES (290, N'Lynn', N'Tsoflias', N'', N'Sales Representative', 3, 288, CAST(N'2005-07-01T00:00:00' AS SmallDateTime), 23100.0000, 153)\r\nGO\r\nINSERT [dbo].[Employees] ([EmployeeID], [FirstName], [LastName], [MiddleName], [JobTitle], [DepartmentID], [ManagerID], [HireDate], [Salary], [AddressID]) VALUES (291, N'Svetlin', N'Nakov', N'Ivanov', N'Independent Software Development  Consultant', 6, NULL, CAST(N'2005-03-01T00:00:00' AS SmallDateTime), 48000.0000, 291)\r\nGO\r\nINSERT [dbo].[Employees] ([EmployeeID], [FirstName], [LastName], [MiddleName], [JobTitle], [DepartmentID], [ManagerID], [HireDate], [Salary], [AddressID]) VALUES (292, N'Martin', N'Kulov', NULL, N'Independent .NET Consultant', 6, NULL, CAST(N'2005-03-01T00:00:00' AS SmallDateTime), 48000.0000, 291)\r\nGO\r\nINSERT [dbo].[Employees] ([EmployeeID], [FirstName], [LastName], [MiddleName], [JobTitle], [DepartmentID], [ManagerID], [HireDate], [Salary], [AddressID]) VALUES (293, N'George', N'Denchev', NULL, N'Independent Java Consultant', 6, NULL, CAST(N'2005-03-01T00:00:00' AS SmallDateTime), 48000.0000, 291)\r\nGO\r\nSET IDENTITY_INSERT [dbo].[Employees] OFF\r\nGO\r\nALTER TABLE [dbo].[Departments]  WITH CHECK ADD  CONSTRAINT [FK_Departments_Employees] FOREIGN KEY([ManagerID])\r\nREFERENCES [dbo].[Employees] ([EmployeeID])\r\nGO\r\nALTER TABLE [dbo].[Departments] CHECK CONSTRAINT [FK_Departments_Employees]\r\nGO\r\nALTER TABLE [dbo].[Employees]  WITH CHECK ADD  CONSTRAINT [FK_Employees_Addresses] FOREIGN KEY([AddressID])\r\nREFERENCES [dbo].[Addresses] ([AddressID])\r\nGO\r\nALTER TABLE [dbo].[Employees] CHECK CONSTRAINT [FK_Employees_Addresses]\r\nGO\r\nALTER TABLE [dbo].[Employees]  WITH CHECK ADD  CONSTRAINT [FK_Employees_Departments] FOREIGN KEY([DepartmentID])\r\nREFERENCES [dbo].[Departments] ([DepartmentID])\r\nGO\r\nALTER TABLE [dbo].[Employees] CHECK CONSTRAINT [FK_Employees_Departments]\r\nGO\r\nALTER TABLE [dbo].[Employees]  WITH CHECK ADD  CONSTRAINT [FK_Employees_Employees] FOREIGN KEY([ManagerID])\r\nREFERENCES [dbo].[Employees] ([EmployeeID])\r\nGO\r\nALTER TABLE [dbo].[Employees] CHECK CONSTRAINT [FK_Employees_Employees]\r\nGO",
    "YaraRule": [
        "db_structure"
    ]
}