{
    "scrape_url": "https://scrape.pastebin.com/api_scrape_item.php?i=LqbGMhSa",
    "full_url": "https://pastebin.com/LqbGMhSa",
    "date": "1594639808",
    "key": "LqbGMhSa",
    "size": 13981,
    "expire": "0",
    "title": "",
    "syntax": "erlang",
    "user": "",
    "filename": "LqbGMhSa",
    "pasteid": "LqbGMhSa",
    "pastesite": "pastebin.com",
    "@timestamp": "2020-07-13T11:30:08",
    "MD5": "e5af7c2a4b7f40e8d54c04e16b97f94d",
    "SHA256": "532f4b1dc39a9e583f0a9770afc27856fc253e94fec03d8e33f00be616086625",
    "raw_paste": "14:29:33.141 [info] get_session_id [{<<\"MmZmZGVhNzIyLWM0ZmItMTF1q7Kfu0bva6GExRou7qTW\">>,#{id => 1892,parent => 1891,session_id => \"96ede0c34c3a566f9723f874ac5915f79ffc392f\",user_type => users}}]\r\n14:29:33.141 [info] cargo_wrk process_message Topic <<\"order/offers/test\">>\r\n14:29:33.141 [info] cargo_wrk process_message Pid <0.19139.1>\r\n14:29:33.141 [info] Payload <<\"{\\\"corder_id\\\":\\\"MmZmZGVhNzIyLWM0ZmItMTHy4cDotg7IdOzJKtvV.Nhe\\\",\\\"ctransport_id\\\":\\\"MmZmZGVhNzIyLWM0ZmItMTHSgWSje-IKVXM5kqyKV1Yn\\\",\\\"ctrucker_id\\\":\\\"MmZmZGVhNzIyLWM0ZmItMTEjrN2Cw1UZec7--7V.iIGP\\\",\\\"loading_date\\\":\\\"2020-08-06T08:11:00.000Z\\\"}\">>\r\n14:29:33.141 [info] JSON \r\n[{corder_id,<<\"MmZmZGVhNzIyLWM0ZmItMTHy4cDotg7IdOzJKtvV.Nhe\">>},{ctransport_id,<<\"MmZmZGVhNzIyLWM0ZmItMTHSgWSje-IKVXM5kqyKV1Yn\">>},{ctrucker_id,<<\"MmZmZGVhNzIyLWM0ZmItMTEjrN2Cw1UZec7--7V.iIGP\">>},{loading_date,{{2020,8,6},{8,11,0}}}]\r\n14:29:33.396 [info] Params for testing crossing [{agent_id,1891},{order_id,859},{trucker_id,1899},{transport_id,1893},{loading_date,{{2020,8,6},{8,11,0}}},{begin_date,{{2020,8,6},{8,11,0}}},{end_date,{1596,702396,0}}]\r\nRes crossing truckers []\r\nRes transport []\r\nRes crossing offers []\r\ncargo_wrk:SEND Topic <<\"/MmZmZGVhNzIyLWM0ZmItMTF1q7Kfu0bva6GExRou7qTW/res/order/offers/test\">>\r\ncargo_wrk:SEND Cid <<\"MmZmZGVhNzIyLWM0ZmItMTF1q7Kfu0bva6GExRou7qTW\">>\r\ncargo_wrk:SEND Connection <0.19140.1>\r\ncargo_wrk:SEND Sessionid \"96ede0c34c3a566f9723f874ac5915f79ffc392f\"\r\n14:29:33.667 [info] get_session_id [{<<\"MmZmZGVhNzIyLWM0ZmItMTF1q7Kfu0bva6GExRou7qTW\">>,#{id => 1892,parent => 1891,session_id => \"96ede0c34c3a566f9723f874ac5915f79ffc392f\",user_type => users}}]\r\ncargo_wrk:SEND ::res publish ok\r\n14:29:33.668 [info] Down process {'DOWN',#Ref<0.599340643.2225602562.210772>,process,<0.21357.1>,normal}\r\n14:29:33.668 [info] Down process Find [{#Ref<0.599340643.2225602562.210772>,<0.21357.1>,<<\"MmZmZGVhNzIyLWM0ZmItMTF1q7Kfu0bva6GExRou7qTW\">>,<<\"order/offers/test\">>}]\r\n14:29:33.953 [info] get_session_id [{<<\"MmZmZGVhNzIyLWM0ZmItMTF1q7Kfu0bva6GExRou7qTW\">>,#{id => 1892,parent => 1891,session_id => \"96ede0c34c3a566f9723f874ac5915f79ffc392f\",user_type => users}}]\r\n14:29:33.953 [info] cargo_wrk process_message Topic <<\"order/offers/save\">>\r\n14:29:33.953 [info] cargo_wrk process_message Pid <0.19139.1>\r\n14:29:33.953 [info] Payload <<\"{\\\"cost\\\":123656,\\\"prepaid\\\":25360,\\\"corder_id\\\":\\\"MmZmZGVhNzIyLWM0ZmItMTHy4cDotg7IdOzJKtvV.Nhe\\\",\\\"ctransport_id\\\":\\\"MmZmZGVhNzIyLWM0ZmItMTHSgWSje-IKVXM5kqyKV1Yn\\\",\\\"loading_date\\\":\\\"2020-08-06T08:11:00.000Z\\\",\\\"express_datetime\\\":\\\"2020-08-06T03:11:00.000Z\\\",\\\"payment_type\\\":\\\"cash\\\",\\\"prepayment_type\\\":\\\"cashless\\\",\\\"ctrucker_id\\\":\\\"MmZmZGVhNzIyLWM0ZmItMTEjrN2Cw1UZec7--7V.iIGP\\\",\\\"ccontact_user_id\\\":\\\"MmZmZGVhNzIyLWM0ZmItMTF1q7Kfu0bva6GExRou7qTW\\\",\\\"cid\\\":\\\"MmZmZGVhNzIyLWM0ZmItMTH9ZtNjh24d0Q3SMDbjSEuc\\\"}\">>\r\n14:29:33.956 [info] JSON \r\n[{cost,123656},{prepaid,25360},{corder_id,<<\"MmZmZGVhNzIyLWM0ZmItMTHy4cDotg7IdOzJKtvV.Nhe\">>},{ctransport_id,<<\"MmZmZGVhNzIyLWM0ZmItMTHSgWSje-IKVXM5kqyKV1Yn\">>},{loading_date,{{2020,8,6},{8,11,0}}},{express_datetime,{{2020,8,6},{3,11,0}}},{payment_type,<<\"cash\">>},{prepayment_type,<<\"cashless\">>},{ctrucker_id,<<\"MmZmZGVhNzIyLWM0ZmItMTEjrN2Cw1UZec7--7V.iIGP\">>},{ccontact_user_id,<<\"MmZmZGVhNzIyLWM0ZmItMTF1q7Kfu0bva6GExRou7qTW\">>},{cid,<<\"MmZmZGVhNzIyLWM0ZmItMTH9ZtNjh24d0Q3SMDbjSEuc\">>}]\r\n14:29:33.956 [info] offers save Payload [{cost,123656},{prepaid,25360},{corder_id,<<\"MmZmZGVhNzIyLWM0ZmItMTHy4cDotg7IdOzJKtvV.Nhe\">>},{ctransport_id,<<\"MmZmZGVhNzIyLWM0ZmItMTHSgWSje-IKVXM5kqyKV1Yn\">>},{loading_date,{{2020,8,6},{8,11,0}}},{express_datetime,{{2020,8,6},{3,11,0}}},{payment_type,<<\"cash\">>},{prepayment_type,<<\"cashless\">>},{ctrucker_id,<<\"MmZmZGVhNzIyLWM0ZmItMTEjrN2Cw1UZec7--7V.iIGP\">>},{ccontact_user_id,<<\"MmZmZGVhNzIyLWM0ZmItMTF1q7Kfu0bva6GExRou7qTW\">>},{cid,<<\"MmZmZGVhNzIyLWM0ZmItMTH9ZtNjh24d0Q3SMDbjSEuc\">>}]\r\n14:29:34.566 [info] Account list [[{account_number,<<\"30101830000000000805\">>},{korr_number,<<\"30101810000000000805\">>},{main,true},{bank_name,<<208,159,208,144,208,158,32,34,208,144,208,154,32,208,145,208,144,208,160,208,161,34,32,208,145,208,144,208,157,208,154>>},{bik,<<\"049205805\">>},{inn,<<\"049205805\">>},{status,<<\"verified\">>}]]\r\n14:29:35.552 [info] Offer [{nds,false},{carrier_id,1891},{user_id,1892},{contact_user_id,1892},{order_id,859},{trucker_id,1899},{transport_id,1893},{express,true},{id,1096},{cost,123656},{prepaid,25360},{loading_date,{{2020,8,6},{8,11,0}}},{express_datetime,{{2020,8,6},{3,11,0}}},{payment_type,<<\"cash\">>},{prepayment_type,<<\"cashless\">>}]\r\n14:29:35.772 [info] Deadline {{2020,8,8},{4,35,0}}\r\nExpressDatetime {{2020,8,6},{3,11,0}}\r\n14:29:35.948 [notice] Saving Record {orders_offers,\"orders_offers-1096\",false,123656,25360,true,{{2020,8,6},{3,11,0}},1893,1899,{{2020,8,6},{8,11,0}},1892,<<\"+70000002121\">>,<<\"lez77@ya.ru\">>,<<208,144,208,189,209,130,209,131,208,176,208,189,32,208,159,208,181,209,128,208,181,208,178,208,190,208,183,209,135,208,184,208,186,208,190,208,178>>,false,<<\"cash\">>,<<\"cashless\">>,false,true,{{2020,8,8},{4,35,0}},859,1891,<<\"waiting\">>,1892}\r\n14:29:36.037 [info] Saved offer {orders_offers,\"orders_offers-1096\",false,123656,25360,true,{{2020,8,6},{3,11,0}},1893,1899,{{2020,8,6},{8,11,0}},1892,<<\"+70000002121\">>,<<\"lez77@ya.ru\">>,<<208,144,208,189,209,130,209,131,208,176,208,189,32,208,159,208,181,209,128,208,181,208,178,208,190,208,183,209,135,208,184,208,186,208,190,208,178>>,false,<<\"cash\">>,<<\"cashless\">>,false,true,{{2020,8,8},{4,35,0}},859,1891,<<\"waiting\">>,1892}\r\n14:29:36.037 [info] Saved offer [{id,\"orders_offers-1096\"},{nds,false},{cost,123656},{prepaid,25360},{express,true},{express_datetime,{{2020,8,6},{3,11,0}}},{transport_id,1893},{trucker_id,1899},{loading_date,{{2020,8,6},{8,11,0}}},{contact_user_id,1892},{contact_phone,<<\"+70000002121\">>},{contact_email,<<\"lez77@ya.ru\">>},{contact_name,<<208,144,208,189,209,130,209,131,208,176,208,189,32,208,159,208,181,209,128,208,181,208,178,208,190,208,183,209,135,208,184,208,186,208,190,208,178>>},{deleted,false},{payment_type,<<\"cash\">>},{prepayment_type,<<\"cashless\">>},{new_offers,false},{new_offer,true},{offers_deadline,{{2020,8,8},{4,35,0}}},{order_id,859},{carrier_id,1891},{status,<<\"waiting\">>},{user_id,1892}]\r\nCarrierId 1891\r\ncargo_wrk:SEND Topic <<\"/MmZmZGVhNzIyLWM0ZmItMTF1q7Kfu0bva6GExRou7qTW/res/order/offers/save\">>\r\ncargo_wrk:SEND Cid <<\"MmZmZGVhNzIyLWM0ZmItMTF1q7Kfu0bva6GExRou7qTW\">>\r\ncargo_wrk:SEND Connection <0.19140.1>\r\ncargo_wrk:SEND Sessionid \"96ede0c34c3a566f9723f874ac5915f79ffc392f\"\r\n14:29:36.939 [info] get_session_id [{<<\"MmZmZGVhNzIyLWM0ZmItMTF1q7Kfu0bva6GExRou7qTW\">>,#{id => 1892,parent => 1891,session_id => \"96ede0c34c3a566f9723f874ac5915f79ffc392f\",user_type => users}}]\r\n14:29:36.939 [info] Received notifications from channel orders_offers_update_channel\r\n14:29:36.940 [info] Received notifications from channel orders_offers_update_channel\r\ncargo_wrk:SEND ::res publish ok\r\n14:29:36.940 [info] Down process {'DOWN',#Ref<0.599340643.2225602562.210800>,process,<0.21361.1>,normal}\r\n14:29:36.940 [info] Down process Find [{#Ref<0.599340643.2225602562.210800>,<0.21361.1>,<<\"MmZmZGVhNzIyLWM0ZmItMTF1q7Kfu0bva6GExRou7qTW\">>,<<\"order/offers/save\">>}]\r\n14:29:36.941 [info] Received notifications from channel orders_update_channel\r\n14:29:36.943 [info] Received notifications from channel orders_update_channel\r\n14:29:36.944 [info] Received notifications from channel search_orders_update_channel\r\n14:29:37.208 [info] get_session_id [{<<\"MmZmZGVhNzIyLWM0ZmItMTF1q7Kfu0bva6GExRou7qTW\">>,#{id => 1892,parent => 1891,session_id => \"96ede0c34c3a566f9723f874ac5915f79ffc392f\",user_type => users}}]\r\n14:29:37.208 [info] cargo_wrk process_message Topic <<\"order/offers/my\">>\r\n14:29:37.208 [info] cargo_wrk process_message Pid <0.19139.1>\r\n14:29:37.208 [info] Payload <<\"{}\">>\r\n14:29:37.209 [info] JSON \r\n[{}]\r\ninfo handle timeout \r\ncargo_wrk:SEND Topic <<\"/MmZmZGVhNzIyLWM0ZmItMTF1q7Kfu0bva6GExRou7qTW/res/order/offers/my\">>\r\nhandle timeout 3  \r\ncargo_wrk:SEND Cid <<\"MmZmZGVhNzIyLWM0ZmItMTF1q7Kfu0bva6GExRou7qTW\">>\r\nExpireWindow 1594639680\r\ncargo_wrk:SEND Connection <0.19140.1>\r\ncargo_wrk:SEND Sessionid \"96ede0c34c3a566f9723f874ac5915f79ffc392f\"\r\n14:29:37.414 [info] get_session_id [{<<\"MmZmZGVhNzIyLWM0ZmItMTF1q7Kfu0bva6GExRou7qTW\">>,#{id => 1892,parent => 1891,session_id => \"96ede0c34c3a566f9723f874ac5915f79ffc392f\",user_type => users}}]\r\nRecords []\r\ncargo_wrk:SEND ::res publish ok\r\n14:29:37.429 [info] Down process {'DOWN',#Ref<0.599340643.2226913281.44204>,process,<0.21368.1>,normal}\r\n14:29:37.429 [info] Down process Find [{#Ref<0.599340643.2226913281.44204>,<0.21368.1>,<<\"MmZmZGVhNzIyLWM0ZmItMTF1q7Kfu0bva6GExRou7qTW\">>,<<\"order/offers/my\">>}]\r\n14:29:37.945 [info] SO Messages [#{id => 430,new => #{amount_orders_current => 5,amount_orders_new => 2,id => 430,parent_id => 1891,user_id => 1899},old => #{amount_orders_current => 6,amount_orders_new => 2,id => 430,parent_id => 1891,user_id => 1899},type => <<\"UPDATE\">>}]\r\n14:29:37.945 [info] ToSend #{amount_orders_current => 5,amount_orders_new => 2,id => 430,parent_id => 1891,user_id => 1899}\r\n14:29:37.945 [info] CidsOfTrucker []\r\n14:29:37.972 [info] FORMAT ERROR: \"Logout ~n\" [cargo_wrk]\r\n14:29:37.972 [info] Logout pid <0.19130.1>\r\n14:29:37.972 [info] Logout sessionid -> \"ca42f8f649c7006221b42b064f70ef676b3365be\"\r\n14:29:37.972 [info] Logout Cid <<\"MmU3MzgxNTIwLWM0ZjktMTGQwP2-AkGt.2zPM9pWMrYj\">>\r\n14:29:37.972 [info] Logout 1\r\n14:29:37.972 [info] Logout 2\r\n14:29:37.972 [info] Logout 3\r\n14:29:37.972 [info] Info Sessions [{{users,1892},#{cid => <<\"MmU3MzgxNTIwLWM0ZjktMTGQwP2-AkGt.2zPM9pWMrYj\">>,session_id => \"ca42f8f649c7006221b42b064f70ef676b3365be\"}},{{users,1892},#{cid => <<\"MmZmZGVhNzIyLWM0ZmItMTF1q7Kfu0bva6GExRou7qTW\">>,session_id => \"96ede0c34c3a566f9723f874ac5915f79ffc392f\"}}]\r\n14:29:37.972 [info] Logout 4\r\n14:29:37.972 [info] Delete Session {{users,1892},#{cid => <<\"MmU3MzgxNTIwLWM0ZjktMTGQwP2-AkGt.2zPM9pWMrYj\">>,session_id => \"ca42f8f649c7006221b42b064f70ef676b3365be\"}}\r\n14:29:37.972 [info] Info Sessions 2 [{{users,1892},#{cid => <<\"MmZmZGVhNzIyLWM0ZmItMTF1q7Kfu0bva6GExRou7qTW\">>,session_id => \"96ede0c34c3a566f9723f874ac5915f79ffc392f\"}}]\r\n14:29:37.972 [info] cargo_wrk *Exit process normal ::payload -> {'EXIT',<0.15445.0>,normal}\r\n14:29:37.972 [info] Take2 [{<<\"MmU3MzgxNTIwLWM0ZjktMTGQwP2-AkGt.2zPM9pWMrYj\">>,#{id => 1892,parent => 1891,session_id => \"ca42f8f649c7006221b42b064f70ef676b3365be\",user_type => users}}]\r\n14:29:38.004 [info] search_order: Sending to [{{users,1892},#{cid => <<\"MmZmZGVhNzIyLWM0ZmItMTF1q7Kfu0bva6GExRou7qTW\">>,session_id => \"96ede0c34c3a566f9723f874ac5915f79ffc392f\"}}]\r\ncargo_srv send handle_cast\r\n14:29:38.004 [info] send_do_srv <0.506.0>\r\n14:29:38.004 [info] cargo_srv:SEND Topic <<\"/MmZmZGVhNzIyLWM0ZmItMTF1q7Kfu0bva6GExRou7qTW/upd/search_orders/orders_count\">>\r\n14:29:38.004 [info] cargo_srv:SEND Cid <<\"MmZmZGVhNzIyLWM0ZmItMTF1q7Kfu0bva6GExRou7qTW\">>\r\n14:29:38.004 [info] cargo_srv:SEND Connection <0.506.0>\r\n14:29:38.004 [info] get_session_id [{<<\"MmZmZGVhNzIyLWM0ZmItMTF1q7Kfu0bva6GExRou7qTW\">>,#{id => 1892,parent => 1891,session_id => \"96ede0c34c3a566f9723f874ac5915f79ffc392f\",user_type => users}}]\r\n14:29:38.004 [info] cargo_srv:SEND Sessionid \"96ede0c34c3a566f9723f874ac5915f79ffc392f\"\r\n14:29:38.004 [info] SessionId srv start \"96ede0c34c3a566f9723f874ac5915f79ffc392f\"\r\n14:29:38.005 [info] cargo_srv:SEND ::res publish ok\r\ncargo_srv send handle_cast\r\ncargo_srv send handle_cast\r\n14:29:38.012 [info] send_do_srv <0.506.0>\r\n14:29:38.012 [info] cargo_srv:SEND Topic <<\"/MmZmZGVhNzIyLWM0ZmItMTF1q7Kfu0bva6GExRou7qTW/upd/offer\">>\r\n14:29:38.012 [info] cargo_srv:SEND Cid <<\"MmZmZGVhNzIyLWM0ZmItMTF1q7Kfu0bva6GExRou7qTW\">>\r\n14:29:38.012 [info] cargo_srv:SEND Connection <0.506.0>\r\n14:29:38.012 [info] get_session_id [{<<\"MmZmZGVhNzIyLWM0ZmItMTF1q7Kfu0bva6GExRou7qTW\">>,#{id => 1892,parent => 1891,session_id => \"96ede0c34c3a566f9723f874ac5915f79ffc392f\",user_type => users}}]\r\n14:29:38.012 [info] cargo_srv:SEND Sessionid \"96ede0c34c3a566f9723f874ac5915f79ffc392f\"\r\n14:29:38.012 [info] send_do_srv <0.506.0>\r\n14:29:38.012 [info] cargo_srv:SEND Topic <<\"/MmZmZGVhNzIyLWM0ZmItMTF1q7Kfu0bva6GExRou7qTW/upd/offer\">>\r\n14:29:38.012 [info] cargo_srv:SEND Cid <<\"MmZmZGVhNzIyLWM0ZmItMTF1q7Kfu0bva6GExRou7qTW\">>\r\n14:29:38.012 [info] cargo_srv:SEND Connection <0.506.0>\r\n14:29:38.012 [info] SessionId srv start \"96ede0c34c3a566f9723f874ac5915f79ffc392f\"\r\n14:29:38.012 [info] get_session_id [{<<\"MmZmZGVhNzIyLWM0ZmItMTF1q7Kfu0bva6GExRou7qTW\">>,#{id => 1892,parent => 1891,session_id => \"96ede0c34c3a566f9723f874ac5915f79ffc392f\",user_type => users}}]\r\n14:29:38.012 [info] cargo_srv:SEND ::res publish ok\r\n14:29:38.012 [info] cargo_srv:SEND Sessionid \"96ede0c34c3a566f9723f874ac5915f79ffc392f\"\r\n14:29:38.013 [info] SessionId srv start \"96ede0c34c3a566f9723f874ac5915f79ffc392f\"\r\n14:29:38.013 [info] cargo_srv:SEND ::res publish ok\r\n14:29:38.023 [info] order: Sending to []\r\n14:29:38.059 [info] Redis Results \r\n{ok,<<\"1\">>}\r\n{ok,<<\"1\">>}\r\n{ok,<<\"1\">>}\r\n14:29:38.091 [info] Terminate worker. Reason: normal\r\nState #{acl_connect => <0.386.0>,connect => <0.15445.0>,last_request => 1594639659,name => \"ca42f8f649c7006221b42b064f70ef676b3365be\",node => <<\"+70000002121-e72c3052-c4f9-11ea-8198-9cb6d0c63687-cracozaurus@127.0.0.1\">>,node_pass => <<\"e77392da-c4f9-11ea-b685-9cb6d0c63687\">>,processing => false,prosessing => true,requests => {[],[]},self => <0.15438.0>,session => \"ca42f8f649c7006221b42b064f70ef676b3365be\",session_db => <0.385.0>}\r\n14:29:38.091 [error] Terminate worker. Reason: normal\r\nState #{acl_connect => <0.386.0>,connect => <0.15445.0>,last_request => 1594639659,name => \"ca42f8f649c7006221b42b064f70ef676b3365be\",node => <<\"+70000002121-e72c3052-c4f9-11ea-8198-9cb6d0c63687-cracozaurus@127.0.0.1\">>,node_pass => <<\"e77392da-c4f9-11ea-b685-9cb6d0c63687\">>,processing => false,prosessing => true,requests => {[],[]},self => <0.15438.0>,session => \"ca42f8f649c7006221b42b064f70ef676b3365be\",session_db => <0.385.0>}",
    "YaraRule": [
        "email_list"
    ],
    "results": [],
    "total_emails": 5,
    "unique_emails": 2,
    "unique_domains": 2
}