{
    "scrape_url": "https://scrape.pastebin.com/api_scrape_item.php?i=TUnCdcFN",
    "full_url": "https://pastebin.com/TUnCdcFN",
    "date": "1594496608",
    "key": "TUnCdcFN",
    "size": 22579,
    "expire": "0",
    "title": "",
    "syntax": "json",
    "user": "",
    "filename": "TUnCdcFN",
    "pasteid": "TUnCdcFN",
    "pastesite": "pastebin.com",
    "@timestamp": "2020-07-11T19:43:28",
    "MD5": "5c1a5b42a22ed57d1ba5903f0cb99a16",
    "SHA256": "7a2f689beef71cb00e2cb0cd093352e0e37e97a4046c7bcecf600e05d2332fe6",
    "raw_paste": "[\r\n    {\r\n        \"id\": \"bbfc1aeb-d9cf-46cb-bba8-b02b4fd257d6\",\r\n        \"emailAddress\": \"rose.driver@odc.com\",\r\n        \"fullName\": \"Rose Driver\",\r\n        \"phoneNumber\": \"+18588475774\",\r\n        \"address\": \"575 Sixth Avenue 217\",\r\n        \"state\": \"CA\",\r\n        \"licenseId\": \"\",\r\n        \"latitude\": 32.7111753,\r\n        \"longitude\": -117.1587730,\r\n        \"type\": 0,\r\n        \"status\": 1,\r\n        \"qualifications\": {\r\n            \"trailerTypes\": 1,\r\n            \"trailerSizes\": null,\r\n            \"transmissions\": null,\r\n            \"equipments\": null,\r\n            \"flatbedEquipments\": null,\r\n            \"flatbedTypes\": 1,\r\n            \"eLogs\": null,\r\n            \"endorsements\": null,\r\n            \"id\": \"604c94c0-710a-4e10-aa52-08d81ed58478\",\r\n            \"createdBy\": \"test@odysseyinc.com\",\r\n            \"createdDateTime\": \"2020-07-02T22:16:07.2629661Z\",\r\n            \"modifiedDateTime\": \"2020-07-10T18:28:02.2381764Z\",\r\n            \"modifiedBy\": \"test@odysseyinc.com\"\r\n        },\r\n        \"totalDocuments\": 0,\r\n        \"totalTimesheetHours\": 0,\r\n        \"earned\": 0,\r\n        \"jobTitle\": null,\r\n        \"assignedJobId\": null,\r\n        \"startDate\": \"2020-06-29T15:00:00.0000000Z\",\r\n        \"extendedStatus\": 1\r\n    },\r\n    {\r\n        \"id\": \"bbfc1aeb-d9cf-46cb-bba8-b02b4fd257d6\",\r\n        \"emailAddress\": \"rose.driver@odc.com\",\r\n        \"fullName\": \"Rose Driver\",\r\n        \"phoneNumber\": \"+18588475774\",\r\n        \"address\": \"575 Sixth Avenue 217\",\r\n        \"state\": \"CA\",\r\n        \"licenseId\": \"\",\r\n        \"latitude\": 32.7111753,\r\n        \"longitude\": -117.1587730,\r\n        \"type\": 0,\r\n        \"status\": 1,\r\n        \"qualifications\": {\r\n            \"trailerTypes\": 1,\r\n            \"trailerSizes\": null,\r\n            \"transmissions\": null,\r\n            \"equipments\": null,\r\n            \"flatbedEquipments\": null,\r\n            \"flatbedTypes\": 1,\r\n            \"eLogs\": null,\r\n            \"endorsements\": null,\r\n            \"id\": \"604c94c0-710a-4e10-aa52-08d81ed58478\",\r\n            \"createdBy\": \"test@odysseyinc.com\",\r\n            \"createdDateTime\": \"2020-07-02T22:16:07.2629661Z\",\r\n            \"modifiedDateTime\": \"2020-07-10T18:28:02.2381764Z\",\r\n            \"modifiedBy\": \"test@odysseyinc.com\"\r\n        },\r\n        \"totalDocuments\": 0,\r\n        \"totalTimesheetHours\": 0,\r\n        \"earned\": 0,\r\n        \"jobTitle\": null,\r\n        \"assignedJobId\": null,\r\n        \"startDate\": \"2020-06-29T15:00:00.0000000Z\",\r\n        \"extendedStatus\": 1\r\n    },\r\n    {\r\n        \"id\": \"329173d1-4bcd-4072-854b-5e056b82a205\",\r\n        \"emailAddress\": \"nathan.grant@20minutemail.it\",\r\n        \"fullName\": \"Nathan Grant\",\r\n        \"phoneNumber\": \"+1-202-555-0152\",\r\n        \"address\": \"5820 Oberlin Drive \",\r\n        \"state\": \"CA\",\r\n        \"licenseId\": \"\",\r\n        \"latitude\": 32.8940181,\r\n        \"longitude\": -117.1941613,\r\n        \"type\": 0,\r\n        \"status\": 1,\r\n        \"qualifications\": {\r\n            \"trailerTypes\": 63,\r\n            \"trailerSizes\": 48,\r\n            \"transmissions\": 33,\r\n            \"equipments\": 9,\r\n            \"flatbedEquipments\": 3,\r\n            \"flatbedTypes\": 6,\r\n            \"eLogs\": 1,\r\n            \"endorsements\": 9,\r\n            \"id\": \"f492a531-ed6d-45d8-8682-bb5c5c225b3a\",\r\n            \"createdBy\": \"nathan.grant@abc.com\",\r\n            \"createdDateTime\": \"2019-05-01T00:00:00.0000000Z\",\r\n            \"modifiedDateTime\": \"2020-07-03T09:19:07.5167072Z\",\r\n            \"modifiedBy\": \"test@odysseyinc.com\"\r\n        },\r\n        \"totalDocuments\": 0,\r\n        \"totalTimesheetHours\": 0,\r\n        \"earned\": 0,\r\n        \"jobTitle\": \"3 Days Job\",\r\n        \"assignedJobId\": \"6e069b3b-90e2-4c6e-2cf2-08d822074e8e\",\r\n        \"startDate\": \"2020-06-29T15:00:00.0000000Z\",\r\n        \"extendedStatus\": 3\r\n    },\r\n    {\r\n        \"id\": \"bbfc1aeb-d9cf-46cb-bba8-b02b4fd257d6\",\r\n        \"emailAddress\": \"rose.driver@odc.com\",\r\n        \"fullName\": \"Rose Driver\",\r\n        \"phoneNumber\": \"+18588475774\",\r\n        \"address\": \"575 Sixth Avenue 217\",\r\n        \"state\": \"CA\",\r\n        \"licenseId\": \"\",\r\n        \"latitude\": 32.7111753,\r\n        \"longitude\": -117.1587730,\r\n        \"type\": 0,\r\n        \"status\": 1,\r\n        \"qualifications\": {\r\n            \"trailerTypes\": 1,\r\n            \"trailerSizes\": null,\r\n            \"transmissions\": null,\r\n            \"equipments\": null,\r\n            \"flatbedEquipments\": null,\r\n            \"flatbedTypes\": 1,\r\n            \"eLogs\": null,\r\n            \"endorsements\": null,\r\n            \"id\": \"604c94c0-710a-4e10-aa52-08d81ed58478\",\r\n            \"createdBy\": \"test@odysseyinc.com\",\r\n            \"createdDateTime\": \"2020-07-02T22:16:07.2629661Z\",\r\n            \"modifiedDateTime\": \"2020-07-10T18:28:02.2381764Z\",\r\n            \"modifiedBy\": \"test@odysseyinc.com\"\r\n        },\r\n        \"totalDocuments\": 0,\r\n        \"totalTimesheetHours\": 0,\r\n        \"earned\": 0,\r\n        \"jobTitle\": null,\r\n        \"assignedJobId\": null,\r\n        \"startDate\": \"2020-06-29T15:00:00.0000000Z\",\r\n        \"extendedStatus\": 1\r\n    },\r\n    {\r\n        \"id\": \"329173d1-4bcd-4072-854b-5e056b82a205\",\r\n        \"emailAddress\": \"nathan.grant@20minutemail.it\",\r\n        \"fullName\": \"Nathan Grant\",\r\n        \"phoneNumber\": \"+1-202-555-0152\",\r\n        \"address\": \"5820 Oberlin Drive \",\r\n        \"state\": \"CA\",\r\n        \"licenseId\": \"\",\r\n        \"latitude\": 32.8940181,\r\n        \"longitude\": -117.1941613,\r\n        \"type\": 0,\r\n        \"status\": 1,\r\n        \"qualifications\": {\r\n            \"trailerTypes\": 63,\r\n            \"trailerSizes\": 48,\r\n            \"transmissions\": 33,\r\n            \"equipments\": 9,\r\n            \"flatbedEquipments\": 3,\r\n            \"flatbedTypes\": 6,\r\n            \"eLogs\": 1,\r\n            \"endorsements\": 9,\r\n            \"id\": \"f492a531-ed6d-45d8-8682-bb5c5c225b3a\",\r\n            \"createdBy\": \"nathan.grant@abc.com\",\r\n            \"createdDateTime\": \"2019-05-01T00:00:00.0000000Z\",\r\n            \"modifiedDateTime\": \"2020-07-03T09:19:07.5167072Z\",\r\n            \"modifiedBy\": \"test@odysseyinc.com\"\r\n        },\r\n        \"totalDocuments\": 0,\r\n        \"totalTimesheetHours\": 0,\r\n        \"earned\": 0,\r\n        \"jobTitle\": \"3 Days Job\",\r\n        \"assignedJobId\": \"6e069b3b-90e2-4c6e-2cf2-08d822074e8e\",\r\n        \"startDate\": \"2020-06-29T15:00:00.0000000Z\",\r\n        \"extendedStatus\": 3\r\n    },\r\n    {\r\n        \"id\": \"bbfc1aeb-d9cf-46cb-bba8-b02b4fd257d6\",\r\n        \"emailAddress\": \"rose.driver@odc.com\",\r\n        \"fullName\": \"Rose Driver\",\r\n        \"phoneNumber\": \"+18588475774\",\r\n        \"address\": \"575 Sixth Avenue 217\",\r\n        \"state\": \"CA\",\r\n        \"licenseId\": \"\",\r\n        \"latitude\": 32.7111753,\r\n        \"longitude\": -117.1587730,\r\n        \"type\": 0,\r\n        \"status\": 1,\r\n        \"qualifications\": {\r\n            \"trailerTypes\": 1,\r\n            \"trailerSizes\": null,\r\n            \"transmissions\": null,\r\n            \"equipments\": null,\r\n            \"flatbedEquipments\": null,\r\n            \"flatbedTypes\": 1,\r\n            \"eLogs\": null,\r\n            \"endorsements\": null,\r\n            \"id\": \"604c94c0-710a-4e10-aa52-08d81ed58478\",\r\n            \"createdBy\": \"test@odysseyinc.com\",\r\n            \"createdDateTime\": \"2020-07-02T22:16:07.2629661Z\",\r\n            \"modifiedDateTime\": \"2020-07-10T18:28:02.2381764Z\",\r\n            \"modifiedBy\": \"test@odysseyinc.com\"\r\n        },\r\n        \"totalDocuments\": 0,\r\n        \"totalTimesheetHours\": 0,\r\n        \"earned\": 0,\r\n        \"jobTitle\": null,\r\n        \"assignedJobId\": null,\r\n        \"startDate\": \"2020-06-29T15:00:00.0000000Z\",\r\n        \"extendedStatus\": 1\r\n    },\r\n    {\r\n        \"id\": \"329173d1-4bcd-4072-854b-5e056b82a205\",\r\n        \"emailAddress\": \"nathan.grant@20minutemail.it\",\r\n        \"fullName\": \"Nathan Grant\",\r\n        \"phoneNumber\": \"+1-202-555-0152\",\r\n        \"address\": \"5820 Oberlin Drive \",\r\n        \"state\": \"CA\",\r\n        \"licenseId\": \"\",\r\n        \"latitude\": 32.8940181,\r\n        \"longitude\": -117.1941613,\r\n        \"type\": 0,\r\n        \"status\": 1,\r\n        \"qualifications\": {\r\n            \"trailerTypes\": 63,\r\n            \"trailerSizes\": 48,\r\n            \"transmissions\": 33,\r\n            \"equipments\": 9,\r\n            \"flatbedEquipments\": 3,\r\n            \"flatbedTypes\": 6,\r\n            \"eLogs\": 1,\r\n            \"endorsements\": 9,\r\n            \"id\": \"f492a531-ed6d-45d8-8682-bb5c5c225b3a\",\r\n            \"createdBy\": \"nathan.grant@abc.com\",\r\n            \"createdDateTime\": \"2019-05-01T00:00:00.0000000Z\",\r\n            \"modifiedDateTime\": \"2020-07-03T09:19:07.5167072Z\",\r\n            \"modifiedBy\": \"test@odysseyinc.com\"\r\n        },\r\n        \"totalDocuments\": 0,\r\n        \"totalTimesheetHours\": 0,\r\n        \"earned\": 0,\r\n        \"jobTitle\": \"3 Days Job\",\r\n        \"assignedJobId\": \"6e069b3b-90e2-4c6e-2cf2-08d822074e8e\",\r\n        \"startDate\": \"2020-06-29T15:00:00.0000000Z\",\r\n        \"extendedStatus\": 3\r\n    },\r\n    {\r\n        \"id\": \"7f9d4137-c7d4-44a9-ac0c-151f3dc85e55\",\r\n        \"emailAddress\": \"testdriverthree@gmail.com\",\r\n        \"fullName\": \"Test Driver Three\",\r\n        \"phoneNumber\": \"+18588475003\",\r\n        \"address\": \"Oberlin Drive \",\r\n        \"state\": \"CA\",\r\n        \"licenseId\": null,\r\n        \"latitude\": 32.8920320,\r\n        \"longitude\": -117.1963111,\r\n        \"type\": 0,\r\n        \"status\": 1,\r\n        \"qualifications\": null,\r\n        \"totalDocuments\": 0,\r\n        \"totalTimesheetHours\": 0,\r\n        \"earned\": 0,\r\n        \"jobTitle\": null,\r\n        \"assignedJobId\": null,\r\n        \"startDate\": \"2020-07-31T09:04:00.0000000Z\",\r\n        \"extendedStatus\": 1\r\n    },\r\n    {\r\n        \"id\": \"7f9d4137-c7d4-44a9-ac0c-151f3dc85e55\",\r\n        \"emailAddress\": \"testdriverthree@gmail.com\",\r\n        \"fullName\": \"Test Driver Three\",\r\n        \"phoneNumber\": \"+18588475003\",\r\n        \"address\": \"Oberlin Drive \",\r\n        \"state\": \"CA\",\r\n        \"licenseId\": null,\r\n        \"latitude\": 32.8920320,\r\n        \"longitude\": -117.1963111,\r\n        \"type\": 0,\r\n        \"status\": 1,\r\n        \"qualifications\": null,\r\n        \"totalDocuments\": 0,\r\n        \"totalTimesheetHours\": 0,\r\n        \"earned\": 0,\r\n        \"jobTitle\": null,\r\n        \"assignedJobId\": null,\r\n        \"startDate\": \"2020-07-31T09:04:00.0000000Z\",\r\n        \"extendedStatus\": 1\r\n    },\r\n    {\r\n        \"id\": \"bbfc1aeb-d9cf-46cb-bba8-b02b4fd257d6\",\r\n        \"emailAddress\": \"rose.driver@odc.com\",\r\n        \"fullName\": \"Rose Driver\",\r\n        \"phoneNumber\": \"+18588475774\",\r\n        \"address\": \"575 Sixth Avenue 217\",\r\n        \"state\": \"CA\",\r\n        \"licenseId\": \"\",\r\n        \"latitude\": 32.7111753,\r\n        \"longitude\": -117.1587730,\r\n        \"type\": 0,\r\n        \"status\": 1,\r\n        \"qualifications\": {\r\n            \"trailerTypes\": 1,\r\n            \"trailerSizes\": null,\r\n            \"transmissions\": null,\r\n            \"equipments\": null,\r\n            \"flatbedEquipments\": null,\r\n            \"flatbedTypes\": 1,\r\n            \"eLogs\": null,\r\n            \"endorsements\": null,\r\n            \"id\": \"604c94c0-710a-4e10-aa52-08d81ed58478\",\r\n            \"createdBy\": \"test@odysseyinc.com\",\r\n            \"createdDateTime\": \"2020-07-02T22:16:07.2629661Z\",\r\n            \"modifiedDateTime\": \"2020-07-10T18:28:02.2381764Z\",\r\n            \"modifiedBy\": \"test@odysseyinc.com\"\r\n        },\r\n        \"totalDocuments\": 0,\r\n        \"totalTimesheetHours\": 0,\r\n        \"earned\": 0,\r\n        \"jobTitle\": null,\r\n        \"assignedJobId\": null,\r\n        \"startDate\": \"2020-06-29T15:00:00.0000000Z\",\r\n        \"extendedStatus\": 1\r\n    },\r\n    {\r\n        \"id\": \"bbfc1aeb-d9cf-46cb-bba8-b02b4fd257d6\",\r\n        \"emailAddress\": \"rose.driver@odc.com\",\r\n        \"fullName\": \"Rose Driver\",\r\n        \"phoneNumber\": \"+18588475774\",\r\n        \"address\": \"575 Sixth Avenue 217\",\r\n        \"state\": \"CA\",\r\n        \"licenseId\": \"\",\r\n        \"latitude\": 32.7111753,\r\n        \"longitude\": -117.1587730,\r\n        \"type\": 0,\r\n        \"status\": 1,\r\n        \"qualifications\": {\r\n            \"trailerTypes\": 1,\r\n            \"trailerSizes\": null,\r\n            \"transmissions\": null,\r\n            \"equipments\": null,\r\n            \"flatbedEquipments\": null,\r\n            \"flatbedTypes\": 1,\r\n            \"eLogs\": null,\r\n            \"endorsements\": null,\r\n            \"id\": \"604c94c0-710a-4e10-aa52-08d81ed58478\",\r\n            \"createdBy\": \"test@odysseyinc.com\",\r\n            \"createdDateTime\": \"2020-07-02T22:16:07.2629661Z\",\r\n            \"modifiedDateTime\": \"2020-07-10T18:28:02.2381764Z\",\r\n            \"modifiedBy\": \"test@odysseyinc.com\"\r\n        },\r\n        \"totalDocuments\": 0,\r\n        \"totalTimesheetHours\": 0,\r\n        \"earned\": 0,\r\n        \"jobTitle\": null,\r\n        \"assignedJobId\": null,\r\n        \"startDate\": \"2020-06-29T15:00:00.0000000Z\",\r\n        \"extendedStatus\": 1\r\n    },\r\n    {\r\n        \"id\": \"329173d1-4bcd-4072-854b-5e056b82a205\",\r\n        \"emailAddress\": \"nathan.grant@20minutemail.it\",\r\n        \"fullName\": \"Nathan Grant\",\r\n        \"phoneNumber\": \"+1-202-555-0152\",\r\n        \"address\": \"5820 Oberlin Drive \",\r\n        \"state\": \"CA\",\r\n        \"licenseId\": \"\",\r\n        \"latitude\": 32.8940181,\r\n        \"longitude\": -117.1941613,\r\n        \"type\": 0,\r\n        \"status\": 1,\r\n        \"qualifications\": {\r\n            \"trailerTypes\": 63,\r\n            \"trailerSizes\": 48,\r\n            \"transmissions\": 33,\r\n            \"equipments\": 9,\r\n            \"flatbedEquipments\": 3,\r\n            \"flatbedTypes\": 6,\r\n            \"eLogs\": 1,\r\n            \"endorsements\": 9,\r\n            \"id\": \"f492a531-ed6d-45d8-8682-bb5c5c225b3a\",\r\n            \"createdBy\": \"nathan.grant@abc.com\",\r\n            \"createdDateTime\": \"2019-05-01T00:00:00.0000000Z\",\r\n            \"modifiedDateTime\": \"2020-07-03T09:19:07.5167072Z\",\r\n            \"modifiedBy\": \"test@odysseyinc.com\"\r\n        },\r\n        \"totalDocuments\": 0,\r\n        \"totalTimesheetHours\": 0,\r\n        \"earned\": 0,\r\n        \"jobTitle\": \"3 Days Job\",\r\n        \"assignedJobId\": \"6e069b3b-90e2-4c6e-2cf2-08d822074e8e\",\r\n        \"startDate\": \"2020-06-29T15:00:00.0000000Z\",\r\n        \"extendedStatus\": 3\r\n    },\r\n    {\r\n        \"id\": \"329173d1-4bcd-4072-854b-5e056b82a205\",\r\n        \"emailAddress\": \"nathan.grant@20minutemail.it\",\r\n        \"fullName\": \"Nathan Grant\",\r\n        \"phoneNumber\": \"+1-202-555-0152\",\r\n        \"address\": \"5820 Oberlin Drive \",\r\n        \"state\": \"CA\",\r\n        \"licenseId\": \"\",\r\n        \"latitude\": 32.8940181,\r\n        \"longitude\": -117.1941613,\r\n        \"type\": 0,\r\n        \"status\": 1,\r\n        \"qualifications\": {\r\n            \"trailerTypes\": 63,\r\n            \"trailerSizes\": 48,\r\n            \"transmissions\": 33,\r\n            \"equipments\": 9,\r\n            \"flatbedEquipments\": 3,\r\n            \"flatbedTypes\": 6,\r\n            \"eLogs\": 1,\r\n            \"endorsements\": 9,\r\n            \"id\": \"f492a531-ed6d-45d8-8682-bb5c5c225b3a\",\r\n            \"createdBy\": \"nathan.grant@abc.com\",\r\n            \"createdDateTime\": \"2019-05-01T00:00:00.0000000Z\",\r\n            \"modifiedDateTime\": \"2020-07-03T09:19:07.5167072Z\",\r\n            \"modifiedBy\": \"test@odysseyinc.com\"\r\n        },\r\n        \"totalDocuments\": 0,\r\n        \"totalTimesheetHours\": 0,\r\n        \"earned\": 0,\r\n        \"jobTitle\": \"3 Days Job\",\r\n        \"assignedJobId\": \"6e069b3b-90e2-4c6e-2cf2-08d822074e8e\",\r\n        \"startDate\": \"2020-06-29T15:00:00.0000000Z\",\r\n        \"extendedStatus\": 3\r\n    },\r\n    {\r\n        \"id\": \"bbfc1aeb-d9cf-46cb-bba8-b02b4fd257d6\",\r\n        \"emailAddress\": \"rose.driver@odc.com\",\r\n        \"fullName\": \"Rose Driver\",\r\n        \"phoneNumber\": \"+18588475774\",\r\n        \"address\": \"575 Sixth Avenue 217\",\r\n        \"state\": \"CA\",\r\n        \"licenseId\": \"\",\r\n        \"latitude\": 32.7111753,\r\n        \"longitude\": -117.1587730,\r\n        \"type\": 0,\r\n        \"status\": 1,\r\n        \"qualifications\": {\r\n            \"trailerTypes\": 1,\r\n            \"trailerSizes\": null,\r\n            \"transmissions\": null,\r\n            \"equipments\": null,\r\n            \"flatbedEquipments\": null,\r\n            \"flatbedTypes\": 1,\r\n            \"eLogs\": null,\r\n            \"endorsements\": null,\r\n            \"id\": \"604c94c0-710a-4e10-aa52-08d81ed58478\",\r\n            \"createdBy\": \"test@odysseyinc.com\",\r\n            \"createdDateTime\": \"2020-07-02T22:16:07.2629661Z\",\r\n            \"modifiedDateTime\": \"2020-07-10T18:28:02.2381764Z\",\r\n            \"modifiedBy\": \"test@odysseyinc.com\"\r\n        },\r\n        \"totalDocuments\": 0,\r\n        \"totalTimesheetHours\": 0,\r\n        \"earned\": 0,\r\n        \"jobTitle\": null,\r\n        \"assignedJobId\": null,\r\n        \"startDate\": \"2020-06-29T15:00:00.0000000Z\",\r\n        \"extendedStatus\": 1\r\n    },\r\n    {\r\n        \"id\": \"329173d1-4bcd-4072-854b-5e056b82a205\",\r\n        \"emailAddress\": \"nathan.grant@20minutemail.it\",\r\n        \"fullName\": \"Nathan Grant\",\r\n        \"phoneNumber\": \"+1-202-555-0152\",\r\n        \"address\": \"5820 Oberlin Drive \",\r\n        \"state\": \"CA\",\r\n        \"licenseId\": \"\",\r\n        \"latitude\": 32.8940181,\r\n        \"longitude\": -117.1941613,\r\n        \"type\": 0,\r\n        \"status\": 1,\r\n        \"qualifications\": {\r\n            \"trailerTypes\": 63,\r\n            \"trailerSizes\": 48,\r\n            \"transmissions\": 33,\r\n            \"equipments\": 9,\r\n            \"flatbedEquipments\": 3,\r\n            \"flatbedTypes\": 6,\r\n            \"eLogs\": 1,\r\n            \"endorsements\": 9,\r\n            \"id\": \"f492a531-ed6d-45d8-8682-bb5c5c225b3a\",\r\n            \"createdBy\": \"nathan.grant@abc.com\",\r\n            \"createdDateTime\": \"2019-05-01T00:00:00.0000000Z\",\r\n            \"modifiedDateTime\": \"2020-07-03T09:19:07.5167072Z\",\r\n            \"modifiedBy\": \"test@odysseyinc.com\"\r\n        },\r\n        \"totalDocuments\": 0,\r\n        \"totalTimesheetHours\": 0,\r\n        \"earned\": 0,\r\n        \"jobTitle\": \"3 Days Job\",\r\n        \"assignedJobId\": \"6e069b3b-90e2-4c6e-2cf2-08d822074e8e\",\r\n        \"startDate\": \"2020-06-29T15:00:00.0000000Z\",\r\n        \"extendedStatus\": 3\r\n    },\r\n    {\r\n        \"id\": \"41eb141f-522e-4df3-8d7f-cb5e211b3406\",\r\n        \"emailAddress\": \"rose.driver2@odc.com\",\r\n        \"fullName\": \"Rose Driver Two\",\r\n        \"phoneNumber\": \"+16193023885\",\r\n        \"address\": \"1635 Seventh Avenue \",\r\n        \"state\": \"CA\",\r\n        \"licenseId\": null,\r\n        \"latitude\": 32.7224716,\r\n        \"longitude\": -117.1581164,\r\n        \"type\": 0,\r\n        \"status\": 1,\r\n        \"qualifications\": {\r\n            \"trailerTypes\": 1,\r\n            \"trailerSizes\": null,\r\n            \"transmissions\": null,\r\n            \"equipments\": null,\r\n            \"flatbedEquipments\": null,\r\n            \"flatbedTypes\": 1,\r\n            \"eLogs\": null,\r\n            \"endorsements\": null,\r\n            \"id\": \"930a3edb-4ce3-411d-ff3b-08d822bcc5b8\",\r\n            \"createdBy\": \"test@odysseyinc.com\",\r\n            \"createdDateTime\": \"2020-07-07T21:29:03.9549031Z\",\r\n            \"modifiedDateTime\": \"2020-07-07T21:29:03.9549034Z\",\r\n            \"modifiedBy\": \"test@odysseyinc.com\"\r\n        },\r\n        \"totalDocuments\": 0,\r\n        \"totalTimesheetHours\": 0,\r\n        \"earned\": 0,\r\n        \"jobTitle\": \"Main Trucking\",\r\n        \"assignedJobId\": \"7e995331-f1fb-4856-8321-08d82506d0db\",\r\n        \"startDate\": \"2020-07-07T21:20:00.0000000Z\",\r\n        \"extendedStatus\": 3\r\n    },\r\n    {\r\n        \"id\": \"41eb141f-522e-4df3-8d7f-cb5e211b3406\",\r\n        \"emailAddress\": \"rose.driver2@odc.com\",\r\n        \"fullName\": \"Rose Driver Two\",\r\n        \"phoneNumber\": \"+16193023885\",\r\n        \"address\": \"1635 Seventh Avenue \",\r\n        \"state\": \"CA\",\r\n        \"licenseId\": null,\r\n        \"latitude\": 32.7224716,\r\n        \"longitude\": -117.1581164,\r\n        \"type\": 0,\r\n        \"status\": 1,\r\n        \"qualifications\": {\r\n            \"trailerTypes\": 1,\r\n            \"trailerSizes\": null,\r\n            \"transmissions\": null,\r\n            \"equipments\": null,\r\n            \"flatbedEquipments\": null,\r\n            \"flatbedTypes\": 1,\r\n            \"eLogs\": null,\r\n            \"endorsements\": null,\r\n            \"id\": \"930a3edb-4ce3-411d-ff3b-08d822bcc5b8\",\r\n            \"createdBy\": \"test@odysseyinc.com\",\r\n            \"createdDateTime\": \"2020-07-07T21:29:03.9549031Z\",\r\n            \"modifiedDateTime\": \"2020-07-07T21:29:03.9549034Z\",\r\n            \"modifiedBy\": \"test@odysseyinc.com\"\r\n        },\r\n        \"totalDocuments\": 0,\r\n        \"totalTimesheetHours\": 0,\r\n        \"earned\": 0,\r\n        \"jobTitle\": \"Main Trucking\",\r\n        \"assignedJobId\": \"7e995331-f1fb-4856-8321-08d82506d0db\",\r\n        \"startDate\": \"2020-07-07T21:20:00.0000000Z\",\r\n        \"extendedStatus\": 3\r\n    },\r\n    {\r\n        \"id\": \"bbfc1aeb-d9cf-46cb-bba8-b02b4fd257d6\",\r\n        \"emailAddress\": \"rose.driver@odc.com\",\r\n        \"fullName\": \"Rose Driver\",\r\n        \"phoneNumber\": \"+18588475774\",\r\n        \"address\": \"575 Sixth Avenue 217\",\r\n        \"state\": \"CA\",\r\n        \"licenseId\": \"\",\r\n        \"latitude\": 32.7111753,\r\n        \"longitude\": -117.1587730,\r\n        \"type\": 0,\r\n        \"status\": 1,\r\n        \"qualifications\": {\r\n            \"trailerTypes\": 1,\r\n            \"trailerSizes\": null,\r\n            \"transmissions\": null,\r\n            \"equipments\": null,\r\n            \"flatbedEquipments\": null,\r\n            \"flatbedTypes\": 1,\r\n            \"eLogs\": null,\r\n            \"endorsements\": null,\r\n            \"id\": \"604c94c0-710a-4e10-aa52-08d81ed58478\",\r\n            \"createdBy\": \"test@odysseyinc.com\",\r\n            \"createdDateTime\": \"2020-07-02T22:16:07.2629661Z\",\r\n            \"modifiedDateTime\": \"2020-07-10T18:28:02.2381764Z\",\r\n            \"modifiedBy\": \"test@odysseyinc.com\"\r\n        },\r\n        \"totalDocuments\": 0,\r\n        \"totalTimesheetHours\": 0,\r\n        \"earned\": 0,\r\n        \"jobTitle\": null,\r\n        \"assignedJobId\": null,\r\n        \"startDate\": \"2020-06-29T15:00:00.0000000Z\",\r\n        \"extendedStatus\": 1\r\n    },\r\n    {\r\n        \"id\": \"41eb141f-522e-4df3-8d7f-cb5e211b3406\",\r\n        \"emailAddress\": \"rose.driver2@odc.com\",\r\n        \"fullName\": \"Rose Driver Two\",\r\n        \"phoneNumber\": \"+16193023885\",\r\n        \"address\": \"1635 Seventh Avenue \",\r\n        \"state\": \"CA\",\r\n        \"licenseId\": null,\r\n        \"latitude\": 32.7224716,\r\n        \"longitude\": -117.1581164,\r\n        \"type\": 0,\r\n        \"status\": 1,\r\n        \"qualifications\": {\r\n            \"trailerTypes\": 1,\r\n            \"trailerSizes\": null,\r\n            \"transmissions\": null,\r\n            \"equipments\": null,\r\n            \"flatbedEquipments\": null,\r\n            \"flatbedTypes\": 1,\r\n            \"eLogs\": null,\r\n            \"endorsements\": null,\r\n            \"id\": \"930a3edb-4ce3-411d-ff3b-08d822bcc5b8\",\r\n            \"createdBy\": \"test@odysseyinc.com\",\r\n            \"createdDateTime\": \"2020-07-07T21:29:03.9549031Z\",\r\n            \"modifiedDateTime\": \"2020-07-07T21:29:03.9549034Z\",\r\n            \"modifiedBy\": \"test@odysseyinc.com\"\r\n        },\r\n        \"totalDocuments\": 0,\r\n        \"totalTimesheetHours\": 0,\r\n        \"earned\": 0,\r\n        \"jobTitle\": \"Main Trucking\",\r\n        \"assignedJobId\": \"7e995331-f1fb-4856-8321-08d82506d0db\",\r\n        \"startDate\": \"2020-07-07T21:20:00.0000000Z\",\r\n        \"extendedStatus\": 3\r\n    }\r\n]",
    "YaraRule": [
        "email_list",
        "email_filter"
    ],
    "results": [],
    "total_emails": 53,
    "unique_emails": 6,
    "unique_domains": 5
}