{
    "scrape_url": "https://scrape.pastebin.com/api_scrape_item.php?i=ushppHYg",
    "full_url": "https://pastebin.com/ushppHYg",
    "date": "1594496422",
    "key": "ushppHYg",
    "size": 37056,
    "expire": "0",
    "title": "",
    "syntax": "html4strict",
    "user": "",
    "filename": "ushppHYg",
    "pasteid": "ushppHYg",
    "pastesite": "pastebin.com",
    "@timestamp": "2020-07-11T19:40:22",
    "MD5": "c76de4879613fc2d371667a74bef3d61",
    "SHA256": "aed1a7ea692366b5ec73df30194b531612231f2fde51c19c55a2a34db80647d7",
    "raw_paste": "<!DOCTYPE html>\r\n<head>\r\n<title>{Title} / about</title>\r\n \r\n<link rel=\"shortcut icon\" href=\"{Favicon}\">\r\n<link rel=\"alternate\" type=\"application/rss+xml\" href=\"{RSS}\">\r\n<meta charset=\"utf-8\">\r\n<meta name=\"viewport\" content=\"width=device-width, initial-scale=1.0\">\r\n \r\n<!---\r\n   \r\n    HYACINTH ABOUT PAGE BY SEYCHE.TUMBLR.COM\r\n   \r\n    CREDITS:\r\n    -feather icons by Cole Bemis\r\n    -icons from fontawesome\r\n    -tippy.js tooltips by atomiks\r\n    (full list of credits @ seyche.tumblr.com/credits)\r\n   \r\n--->\r\n \r\n<link href=\"https://fonts.googleapis.com/css2?family=ABeeZee:ital@0;1&family=Barlow:ital,wght@0,400;0,700;1,400;1,700&family=Karla:ital,wght@0,400;0,700;1,400;1,700&family=Lato:ital,wght@0,400;0,700;1,400;1,700&family=Lora:ital,wght@0,400;0,700;1,400;1,700&family=Open+Sans:ital,wght@0,400;0,700;1,400;1,700&family=PT+Sans:ital,wght@0,400;0,700;1,400;1,700&family=PT+Serif:ital,wght@0,400;0,700;1,400;1,700&family=Public+Sans:ital,wght@0,400;0,700;1,400;1,700&family=Roboto:ital,wght@0,400;0,700;1,400;1,700&display=swap\" rel=\"stylesheet\">\r\n \r\n<script src=\"//ajax.googleapis.com/ajax/libs/jquery/3.4.1/jquery.min.js\"></script>\r\n \r\n<script src=\"https://unpkg.com/feather-icons\"></script>\r\n \r\n<script src=\"https://kit.fontawesome.com/6ac5c36b23.js\"></script>\r\n \r\n<style type=\"text/css\">\r\n \r\n/*----- START EDITING HERE -----*/\r\n \r\n/*----- VARIABLES: EDIT THIS SECTION!!!! -----*/\r\n \r\n:root {\r\n   \r\n    /*----- colours -----*/\r\n   \r\n    --background: #a9002e;\r\n    --content-background: #f4eacf;\r\n    --text: #663c14;\r\n    --links: #7d772c;\r\n    --title: #790707;\r\n    --borders: #942d2d;\r\n    --accent: #942d2d;\r\n    --gradient-1: #98810c;\r\n    --gradient-2: #98810c;\r\n    --icon-background: #d2b774;\r\n    --sidebar-link-background: #e6dfbb;\r\n    --statistics-background: #e6dfbb;\r\n   \r\n    --fave-colour-one: #971416;\r\n    --fave-colour-two: #612132;\r\n    --fave-colour-three: #E6BE21;\r\n    --fave-colour-four: #000091;\r\n   \r\n    /*----- font styling -----*/\r\n   \r\n    --body-font: 'Public Sans', sans-serif;\r\n    --font-size: 14px;\r\n   \r\n    /*----- body styling -----*/\r\n   \r\n    --content-corners: 10px;\r\n    --drop-shadows: 1px 1px 3px var(--borders),\r\n                -1px 1px 3px var(--borders);;\r\n               \r\n    /*----- section visiblity: change the values below to \"none\" instead of \"block\" to hide each section if you want to hide them -----*/\r\n   \r\n    --quote-box: block;\r\n    --social-media-box: none;\r\n    --skills-box: block;\r\n    --favourites-box: none;\r\n    --aesthetics-box: none;\r\n   \r\n}\r\n \r\n/*----- END VARIABLES: you don't need to edit the css after here -----*/\r\n \r\n@keyframes lazyload {\r\n    0%   {opacity: 0;}\r\n    100% {opacity: 1;}\r\n}\r\n \r\n@-webkit-keyframes lazyload {\r\n    0%   {opacity: 0;}\r\n    100% {opacity: 1;}\r\n}\r\n \r\n@-moz-keyframes lazyload {\r\n    0%   {opacity: 0;}\r\n    100% {opacity: 1;}\r\n}\r\n \r\n@-o-keyframes lazyload {\r\n    0%   {opacity: 0;}\r\n    100% {opacity: 1;}\r\n}\r\n \r\nbody {\r\n    font-family: var(--body-font);\r\n    font-size: var(--font-size);\r\n    color: var(--text);\r\n    background-color: var(--background);\r\n    text-align: left;\r\n    line-height: 160%;\r\n    word-wrap: break-word;\r\n    letter-spacing: 0.2px;\r\n    margin: 0;\r\n    padding: 0;\r\n    overflow-x: hidden;\r\n    -webkit-animation: lazyload 2s;\r\n    -moz-animation: lazyload 2s;\r\n    -o-animation: lazyload 2s;\r\n    animation: lazyload 2s;\r\n}\r\n \r\na {\r\n    color: var(--links);\r\n    text-decoration: none;\r\n    -webkit-transition: all 0.3s;\r\n    -moz-transition: all 0.3s;\r\n    -ms-transition: all 0.3s;\r\n    -o-transition: all 0.3s;\r\n    transition: all 0.3s;\r\n}\r\n \r\na:hover {\r\n    color: var(--accent);\r\n    -webkit-transition: all 0.3s;\r\n    -moz-transition: all 0.3s;\r\n    -ms-transition: all 0.3s;\r\n    -o-transition: all 0.3s;\r\n    transition: all 0.3s;\r\n}\r\n \r\np a {border-bottom: 2px solid var(--accent);}\r\n \r\nblockquote {\r\n    padding: 0 0 0 1.25em;\r\n    border-left: 1px solid var(--borders);\r\n    margin: 1.25em 0 1.25em 1.25em;\r\n}\r\n \r\nh1, h2, h3, h4, h5, .title {\r\n    color: var(--title);\r\n    letter-spacing: 2px;\r\n    line-height: 160%;\r\n    font-weight: bold;\r\n    text-transform: uppercase;\r\n}\r\n \r\nh1 a, h2 a, h3 a, h4 a, h5 a, .title a {color: var(--title);}\r\nh1 a:hover, h2 a:hover, h3 a:hover, h4 a:hover, h5 a:hover, .title a:hover {color: var(--accent);}\r\nh1, .title {font-size: 1.3em;}\r\nh2 {font-size: 1.25em;}\r\nh3 {font-size: 1.15em;}\r\nh4 {font-size: 1.1em;}\r\nh5 {font-size: 1em;}\r\n \r\nsmall {font-size: 0.9em;}\r\nbig {font-size: 1.1em;}\r\nb, bold, strong {color: var(--title);}\r\nb a, bold a, strong a {color: var(--title);}\r\nb a:hover, bold a:hover, strong a:hover {color: var(--accent);}\r\n \r\n::-webkit-scrollbar {\r\n    width: 17px;\r\n    height: 17px;\r\n    background-color: var(--background);\r\n}\r\n \r\n::-webkit-scrollbar-track {border: 8px solid var(--background); background-color: var(--borders);}\r\n \r\n::-webkit-scrollbar-thumb {\r\n   border: 6px solid var(--background);\r\n   background-color: var(--title);\r\n   min-height: 24px;\r\n   min-width: 24px;\r\n}\r\n \r\n.tippy-tooltip.custom-theme {\r\n    background-color: var(--title);\r\n    color: var(--content-background);\r\n    text-align: center;\r\n    font-family: inherit;\r\n    font-weight: normal;\r\n    text-transform: uppercase;\r\n    letter-spacing: 1px;\r\n    border-radius: 3px;\r\n    font-style: normal;\r\n    padding: 0.25em;\r\n    margin: 20px auto auto 10px;\r\n    font-size: 0.8em;\r\n}\r\n \r\n.tmblr-iframe-compact .tmblr-iframe--unified-controls {\r\n    z-index: 999999999!important;\r\n    opacity: 0.6;\r\n    transform: scale(0.8);\r\n    transform-origin: 100% 0;\r\n    -webkit-transform: scale(0.8);\r\n    -webkit-transform-origin: 100% 0;\r\n    -o-transform: scale(0.8);\r\n    -o-transform-origin: 100% 0;\r\n    -moz-transform: scale(0.8);\r\n    -moz-transform-origin: 100% 0;\r\n    -ms-transform: scale(0.8);\r\n    -ms-transform-origin: 100% 0;\r\n    -webkit-transition: all 0.4s;\r\n    -moz-transition: all 0.4s;\r\n    -ms-transition: all 0.4s;\r\n    -o-transition: all 0.4s;\r\n    transition: all 0.4s;\r\n}\r\n \r\n.tmblr-iframe-compact .tmblr-iframe--unified-controls:hover {\r\n    opacity: 1.0;\r\n    -webkit-transition: all 0.4s;\r\n    -moz-transition: all 0.4s;\r\n    -ms-transition: all 0.4s;\r\n    -o-transition: all 0.4s;\r\n    transition: all 0.4s;\r\n}\r\n \r\n#k {\r\n    text-align: center;\r\n    margin: 100px auto;\r\n}\r\n \r\n/*----- SIDEBAR -----*/\r\n \r\n#sidebar {\r\n    width: 250px;\r\n    text-align: center;\r\n    height: 100%;\r\n    position: fixed;\r\n    top: 0;\r\n    bottom: 0;\r\n    left: 0;\r\n    box-sizing: border-box;\r\n    padding: 50px;\r\n    box-shadow: var(--drop-shadows);\r\n    background-color: var(--content-background);\r\n    overflow: hidden;\r\n}\r\n \r\n#sidebar .icon {\r\n    width: 80px;\r\n    height: 80px;\r\n    padding: 5px;\r\n    display: inline-block;\r\n}\r\n \r\n#side-icon {\r\n    background: linear-gradient(to bottom right, var(--gradient-1), var(--gradient-2));\r\n    border-radius: 50%;\r\n    padding: 5px;\r\n    display: inline-block;\r\n    margin-bottom: 1.25em;\r\n}\r\n \r\n#status-icon {\r\n    position: absolute;\r\n    margin: -16px auto auto 30px;\r\n    width: 20px;\r\n    height: 20px;\r\n    padding: 6px;\r\n    line-height: 20px;\r\n}\r\n \r\n#status-icon .feather {\r\n    width: 20px;\r\n    height: 20px;\r\n}\r\n \r\n#sidebar .title {display: block;}\r\n#description {margin-top: 1.5em;}\r\n \r\n#sidebar nav {\r\n    margin-top: 2.25em;\r\n    text-align: left;\r\n}\r\n \r\n#sidebar nav li {list-style-type: none; margin-bottom: 0.75em;}\r\n.nav-txt {float: right;}\r\n \r\n#sidebar nav a {\r\n    width: 100%;\r\n    display: block;\r\n    border-radius: 1.75em;\r\n    padding: 0.75em;\r\n    box-sizing: border-box;\r\n    background-color: var(--sidebar-link-background);\r\n}\r\n \r\n#sidebar nav a .feather {\r\n    display: inline-block;\r\n    vertical-align: middle;\r\n    margin-right: 1em;\r\n    width: 1.5em;\r\n    height: 1.5em;\r\n    color: var(--accent);\r\n}\r\n \r\n#sidebar nav a:hover {\r\n    background-color: var(--accent);\r\n    color: var(--content-background);\r\n    box-shadow: var(--drop-shadows);\r\n}\r\n \r\n#sidebar nav a:hover .feather {\r\n    color: var(--content-background);\r\n}\r\n \r\n/*----- COMMON -----*/\r\n \r\n.icon, #social-media img, #about-header img {\r\n    border-radius: 50%;\r\n    display: inline-block;\r\n    vertical-align: middle;\r\n    background-color: var(--icon-background);\r\n}\r\n \r\n.icon-gradient {\r\n    background: linear-gradient(to bottom right, var(--gradient-1), var(--gradient-2));\r\n    border-radius: 50%;\r\n    padding: 3px;\r\n    display: inline-block;\r\n}\r\n \r\n.ui-icon {\r\n    position: absolute;\r\n    background-color: var(--accent);\r\n    border-radius: 50%;\r\n    text-align: center;\r\n}\r\n \r\n.ui-icon .feather {color: var(--content-background);}\r\n \r\na .feather {\r\n    -webkit-transition: all 0.3s;\r\n    -moz-transition: all 0.3s;\r\n    -ms-transition: all 0.3s;\r\n    -o-transition: all 0.3s;\r\n    transition: all 0.3s;\r\n}\r\n \r\na:hover .feather {\r\n    -webkit-transition: all 0.3s;\r\n    -moz-transition: all 0.3s;\r\n    -ms-transition: all 0.3s;\r\n    -o-transition: all 0.3s;\r\n    transition: all 0.3s;\r\n}\r\n \r\n.upper {\r\n    text-transform: uppercase;\r\n    letter-spacing: 1px;\r\n    font-size: 0.9em;\r\n}\r\n \r\n.subtitle {\r\n    text-transform: uppercase;\r\n    letter-spacing: 1px;\r\n    font-weight: bold;\r\n    color: #212121;\r\n    margin-bottom: 1em;\r\n    font-size: 1.15em;\r\n}\r\n \r\narticle .feather {\r\n    width: 1.25em;\r\n    height: 1.25em;\r\n    color: var(--accent);\r\n    display: inline-block;\r\n    vertical-align: middle;\r\n}\r\n \r\n/*----- CONTENT -----*/\r\n \r\n#container {\r\n    position: relative;\r\n    width: calc(99vw - 250px);\r\n    margin-left: 250px;\r\n}\r\n \r\n#content-wrap {\r\n    width: 700px;\r\n    margin: 50px auto;\r\n    position: relative;\r\n}\r\n \r\narticle {\r\n    background-color: var(--content-background);\r\n    position: relative;\r\n    padding: 50px;\r\n    box-sizing: border-box;\r\n    border-radius: var(--content-corners);\r\n    box-shadow: var(--drop-shadows);\r\n}\r\n \r\n/*----- MAIN CONTENT -----*/\r\n \r\n#social-media img, #about-header img {\r\n    width: 40px;\r\n    height: 40px;\r\n    padding: 3px;\r\n    display: inline-block;\r\n    vertical-align: middle;\r\n}\r\n \r\narticle .title {\r\n    display: inline-block;\r\n    font-size: 1.25em;\r\n    margin-left: 1em;\r\n}\r\n \r\n.main-flex {\r\n    margin-top: 10px;\r\n    display: flex;\r\n    justify-content: flex-start;\r\n    flex-direction: row;\r\n}\r\n \r\n.stats {width: 240px;}\r\n.stats li {list-style-type: none; margin-bottom: 0.5em;}\r\n.stats li:last-of-type {margin-bottom: 0;}\r\n \r\n.stats span {\r\n    text-transform: uppercase;\r\n    letter-spacing: 1px;\r\n    color: var(--accent);\r\n    font-size: 0.9em;\r\n    margin-right: 0.5em;\r\n    background-color: var(--statistics-background);\r\n    padding: 0.25em 0.5em;\r\n    border-radius: 1em;\r\n}\r\n \r\n.summary {width: 450px; margin-left: 9px;}\r\n.summary p:first-of-type {margin-top: 0;}\r\n.summary p:last-of-type {margin-bottom: 0;}\r\n \r\n/*----- QUOTE -----*/\r\n \r\n#quote {\r\n    margin-top: 10px;\r\n    text-align: center;\r\n    display: var(--quote-box);\r\n}\r\n \r\n#quote b {font-size: 1.25em;}\r\n#quote .upper {color: var(--links); margin-top: 1.5em;}\r\n \r\n#quote b::before, #quote b::after {\r\n    content: '\u275d';\r\n    color: var(--accent);\r\n    font-size: 1.5em;\r\n    display: inline-block;\r\n    position: absolute;\r\n}\r\n \r\n#quote b::before {margin-left: -0.75em;}\r\n \r\n#quote b::after {\r\n    -webkit-transform: rotate(180deg);\r\n    -moz-transform: rotate(180deg);\r\n    -ms-transition: rotate(180deg);\r\n    -o-transition: rotate(180deg);\r\n    transform: rotate(180deg);\r\n    margin: -0.35em auto auto 0.25em;\r\n}\r\n \r\n/*----- BOTTOM BOXES -----*/\r\n \r\n.flexing {\r\n    display: flex;\r\n    justify-content: flex-start;\r\n    flex-direction: row;\r\n}\r\n \r\n.flex-left, .flex-right {width: 345px;}\r\n.flex-right {margin-left: 10px;}\r\n.flexing article {margin: 10px 0;}\r\n \r\n/*----- SOCIAL MEDIA -----*/\r\n \r\n#social-media {display: var(--social-media-box);}\r\n \r\n#social-wrap a {\r\n    font-size: 1.75em;\r\n    color: var(--accent);\r\n    list-style-type: none;\r\n    display: inline-block;\r\n    margin: auto 0.75em 0.75em auto;\r\n}\r\n \r\n#social-wrap a:hover {color: var(--title);}\r\n \r\n.sideblog {\r\n    margin-top: 1.25em;\r\n    display: flex;\r\n    justify-content: flex-start;\r\n    align-items: flex-start;\r\n    flex-direction: row;\r\n}\r\n \r\n.sideblog img {width: 2em; height: 2em;}\r\n \r\n.sideblog-desc {\r\n    display: inline-block;\r\n    vertical-align: middle;\r\n    margin-left: 1em;\r\n}\r\n \r\n.sideblog b, .sideblog i {display: block;}\r\n.sideblog i {color: var(--links);}\r\n \r\n/*----- SKILLS -----*/\r\n \r\n#skills {display: var(--skills-box);}\r\n \r\n.skill-bar {\r\n    width: 100%;\r\n    height: 15px;\r\n    background-color: var(--sidebar-link-background);\r\n    margin-top: 0.5em;\r\n    border-radius: 15px;\r\n    border: 1px solid var(--borders);\r\n    overflow: hidden;\r\n    padding: 3px;\r\n    box-sizing: border-box;\r\n}\r\n \r\n#skills li {list-style-type: none; margin-top: 1.5em;}\r\n#skills li:first-of-type {margin-top: 0;}\r\n \r\n.skill-bar div {\r\n    background: linear-gradient(to right, var(--gradient-1), var(--gradient-2));\r\n    height: 7px;\r\n    border-radius: 10px;\r\n}\r\n \r\n#progress-one {width: var(--skill-one-progress);}\r\n#progress-two {width: var(--skill-two-progress);}\r\n#progress-three {width: var(--skill-three-progress);}\r\n \r\n/*----- FAVOURITES -----*/\r\n \r\n#favourites {display: var(--favourites-box);}\r\n \r\n#favourites li {\r\n    list-style-type: none;\r\n    display: inline-block;\r\n    margin-left: 0.5em;\r\n}\r\n \r\n#favourites .upper {margin-top: 1em;}\r\n#favourites li::after {content: ',';}\r\n#favourites li:last-of-type::after {content: '.';}\r\n \r\n/*----- AESTHETICS -----*/\r\n \r\n#aesthetics {display: var(--aesthetics-box);}\r\n \r\n.moodboard {\r\n    display: flex;\r\n    flex-direction: row;\r\n    flex-wrap: wrap;\r\n    justify-content: space-between;\r\n    border-radius: 5px;\r\n    overflow: hidden;\r\n}\r\n \r\n.moodboard img {\r\n    width: 120px;\r\n    height: 120px;\r\n    object-fit: cover;\r\n    overflow: hidden;\r\n}\r\n \r\n.moodboard img:nth-child(3), .moodboard img:nth-child(4) {\r\n    margin-top: 5px;\r\n}\r\n \r\n.colours {\r\n    display: flex;\r\n    flex-direction: row;\r\n    flex-wrap: wrap;\r\n    justify-content: space-between;\r\n    margin-top: 1em;\r\n}\r\n \r\n.colours div {\r\n    width: 50px;\r\n    height: 50px;\r\n    border-radius: 3px;\r\n}\r\n \r\n#col-1 {background-color: var(--fave-colour-one);}\r\n#col-2 {background-color: var(--fave-colour-two);}\r\n#col-3 {background-color: var(--fave-colour-three);}\r\n#col-4 {background-color: var(--fave-colour-four);}\r\n \r\n/*---- MOBILE HEADER -----*/\r\n \r\n#mobile-header {\r\n    position: fixed;\r\n    z-index: 100;\r\n    padding: 1.75em 2em;\r\n    top: 0;\r\n    left: 0;\r\n    right: 0;\r\n    box-sizing: border-box;\r\n    box-shadow: var(--drop-shadows);\r\n    background-color: var(--content-background);\r\n    display: none;\r\n}\r\n \r\n.menu-button {\r\n    display: inline-block;\r\n    cursor: help;\r\n    vertical-align: middle;\r\n    -webkit-transition: all 0.3s;\r\n    -moz-transition: all 0.3s;\r\n    -ms-transition: all 0.3s;\r\n    -o-transition: all 0.3s;\r\n    transition: all 0.3s;\r\n}\r\n \r\n.menu-button .feather, .close a .feather {\r\n    color: var(--content-background);\r\n    width: 1.5em;\r\n    height: 1.5em;\r\n    background-color: var(--accent);\r\n    border-radius: 50%;\r\n    padding: 0.75em;\r\n    -webkit-transition: all 0.3s;\r\n    -moz-transition: all 0.3s;\r\n    -ms-transition: all 0.3s;\r\n    -o-transition: all 0.3s;\r\n    transition: all 0.3s;\r\n}\r\n \r\n.menu-button:hover .feather, .close a:hover .feather {\r\n    background-color: var(--title);\r\n    -webkit-transition: all 0.3s;\r\n    -moz-transition: all 0.3s;\r\n    -ms-transition: all 0.3s;\r\n    -o-transition: all 0.3s;\r\n    transition: all 0.3s;\r\n}\r\n \r\n#mobile-header .subtitle {\r\n    display: inline-block;\r\n    font-size: 1.15em;\r\n    margin-left: 1em;\r\n}\r\n \r\n#mobile-flex {\r\n    display: flex;\r\n    justify-content: space-between;\r\n    align-items: center;\r\n}\r\n \r\n.mobile-controls a .feather {\r\n    width: 1.75em;\r\n    height: 1.75em;\r\n    -webkit-transition: all 0s;\r\n    -moz-transition: all 0s;\r\n    -ms-transition: all 0s;\r\n    -o-transition: all 0s;\r\n    transition: all 0s;\r\n}\r\n \r\n.mobile-controls a {margin-left: 1em;}\r\n \r\n.close {\r\n    display: none;\r\n    text-align: right;\r\n    margin-bottom: 1em;\r\n}\r\n \r\n.close a {cursor: help;}\r\n \r\n/*---- RESPONSIVENESS -----*/\r\n \r\n@media only screen and (max-width: 1100px) {\r\n    #mobile-header, .close {display: block;}\r\n   \r\n    #sidebar {\r\n        left: -250px;\r\n        z-index: 9999;\r\n        -webkit-transition: ease-in-out 0.7s;\r\n        -moz-transition: ease-in-out 0.7s;\r\n        -ms-transition: ease-in-out 0.7s;\r\n        -o-transition: ease-in-out 0.7s;\r\n        transition: ease-in-out 0.7s;\r\n    }\r\n   \r\n    #sidebar.show {left: 0;}\r\n   \r\n    #container {\r\n        width: 100%;\r\n        margin: 150px auto 50px auto;\r\n    }\r\n}\r\n \r\n@media only screen and (max-width: 800px) {\r\n    #content-wrap {width: 90vw;}\r\n   \r\n    article, .stats, .summary {width: 100%;}\r\n   \r\n    .main-flex {flex-direction: column;}\r\n   \r\n    .summary {margin: 10px auto auto auto;}\r\n}\r\n \r\n@media only screen and (max-width: 780px) {\r\n    .flexing {flex-direction: column;}\r\n    .flexing article {margin: 10px auto auto auto;}\r\n   \r\n    .flex-left, .flex-right {width: 100%;}\r\n    .flex-right {margin: auto;}\r\n   \r\n    .moodboard img {border-radius: 5px; width: 24%; height: 24%;}\r\n    .moodboard img:nth-child(3), .moodboard img:nth-child(4) {\r\n        margin-top: 0;\r\n    }\r\n}\r\n \r\n@media only screen and (max-width: 500px) {\r\n   \r\n    #content-wrap {width: 100vw;}\r\n     \r\n    article {\r\n        width: 100%;\r\n        padding: 30px;\r\n        border-radius: 0;\r\n    }\r\n   \r\n    #sidebar {width: 80vw; left: -80vw;}\r\n}\r\n \r\n</style>\r\n</head>\r\n \r\n<body>\r\n \r\n<!----- HEADER FOR MOBILE LAYOUT: do not edit this section ----->\r\n \r\n<header id=\"mobile-header\">\r\n    <div id=\"mobile-flex\">\r\n        <div id=\"mobile-left\">\r\n            <div class=\"menu-button\" title=\"open menu\"><svg xmlns=\"http://www.w3.org/2000/svg\" width=\"24\" height=\"24\" viewBox=\"0 0 24 24\" fill=\"none\" stroke=\"currentColor\" stroke-width=\"2\" stroke-linecap=\"round\" stroke-linejoin=\"round\" class=\"feather feather-menu\"><line x1=\"3\" y1=\"12\" x2=\"21\" y2=\"12\"></line><line x1=\"3\" y1=\"6\" x2=\"21\" y2=\"6\"></line><line x1=\"3\" y1=\"18\" x2=\"21\" y2=\"18\"></line></svg></div>\r\n            <div class=\"subtitle\">about</div>\r\n        </div>\r\n        <div class=\"mobile-controls\">\r\n            <a href=\"https://www.tumblr.com/follow/{Name}\" title=\"follow\"><svg xmlns=\"http://www.w3.org/2000/svg\" width=\"24\" height=\"24\" viewBox=\"0 0 24 24\" fill=\"none\" stroke=\"currentColor\" stroke-width=\"2\" stroke-linecap=\"round\" stroke-linejoin=\"round\" class=\"feather feather-plus-square\"><rect x=\"3\" y=\"3\" width=\"18\" height=\"18\" rx=\"2\" ry=\"2\"></rect><line x1=\"12\" y1=\"8\" x2=\"12\" y2=\"16\"></line><line x1=\"8\" y1=\"12\" x2=\"16\" y2=\"12\"></line></svg></a>\r\n            <a href=\"https://www.tumblr.com/message/{Name}\" title=\"message\">\r\n<svg xmlns=\"http://www.w3.org/2000/svg\" width=\"24\" height=\"24\" viewBox=\"0 0 24 24\" fill=\"none\" stroke=\"currentColor\" stroke-width=\"2\" stroke-linecap=\"round\" stroke-linejoin=\"round\" class=\"feather feather-message-square\"><path d=\"M21 15a2 2 0 0 1-2 2H7l-4 4V5a2 2 0 0 1 2-2h14a2 2 0 0 1 2 2z\"></path></svg></a>\r\n            <a href=\"https://www.tumblr.com/dashboard\" title=\"dashboard\"><svg xmlns=\"http://www.w3.org/2000/svg\" width=\"24\" height=\"24\" viewBox=\"0 0 24 24\" fill=\"none\" stroke=\"currentColor\" stroke-width=\"2\" stroke-linecap=\"round\" stroke-linejoin=\"round\" class=\"feather feather-compass\"><circle cx=\"12\" cy=\"12\" r=\"10\"></circle><polygon points=\"16.24 7.76 14.12 14.12 7.76 16.24 9.88 9.88 16.24 7.76\"></polygon></svg></a>\r\n        </div>\r\n    </div>\r\n</header>\r\n \r\n<!----- ================================\r\n   \r\n    SIDEBAR\r\n           \r\n====================================== ----->\r\n \r\n<aside id=\"sidebar\">\r\n \r\n    <!--- mobile close button: don't touch --->\r\n   \r\n    <div class=\"close\"><a title=\"close menu\"><svg xmlns=\"http://www.w3.org/2000/svg\" width=\"48\" height=\"48\" viewBox=\"0 0 24 24\" fill=\"none\" stroke=\"currentColor\" stroke-width=\"2\" stroke-linecap=\"round\" stroke-linejoin=\"round\" class=\"feather feather-x\"><line x1=\"18\" y1=\"6\" x2=\"6\" y2=\"18\"></line><line x1=\"6\" y1=\"6\" x2=\"18\" y2=\"18\"></line></svg></a></div>\r\n   \r\n    <!----- START EDITING HERE ----->\r\n   \r\n    <div id=\"side-icon\">\r\n   \r\n        <!--- by default, your blog icon shows up in the sidebar. to change it, replce {PortraitURL-128} below with the url of whatever image you want. --->\r\n       \r\n        <img src=\"{PortraitURL-128}\" class=\"icon\"/>\r\n        <div class=\"ui-icon\" id=\"status-icon\"><i data-feather=\"user\" aria-hidden=\"true\"></i></div>\r\n       \r\n    </div>\r\n   \r\n    <!--- sidebar title --->\r\n       \r\n    <div class=\"title\">The Program</div>\r\n   \r\n    <!--- sidebar links: to change the icons, go to feathericons.com and change the name of the icon below to whatever icon you want --->\r\n       \r\n    <nav class=\"upper\">\r\n   \r\n        <li><a href=\"/\">\r\n            <i data-feather=\"home\"></i>\r\n            <span class=\"nav-txt\">home</span>    \r\n        </a></li>\r\n        <li><a href=\"/ask\">\r\n            <i data-feather=\"mail\"></i>\r\n            <span class=\"nav-txt\">message</span>    \r\n        </a></li>\r\n        <li><a href=\"/archive\">\r\n            <i data-feather=\"grid\"></i>\r\n            <span class=\"nav-txt\">archive</span>\r\n        </a></li>\r\n        <li><a href=\"/\">\r\n            <i data-feather=\"user\"></i>\r\n            <span class=\"nav-txt\">the program</span>\r\n        </a></li>\r\n        <li><a href=\"/\">\r\n        <i data-feather=\"book\"></i>\r\n        <span class=\"nav-txt\">the opera>\r\n    </a></li>\r\n       \r\n    </nav>\r\n   \r\n    <!---\r\n   \r\n    adding more sidebar links:\r\n   \r\n    copy and paste this template:\r\n   \r\n    <li><a href=\"/\">\r\n        <i data-feather=\"link\"></i>\r\n        <span class=\"nav-txt\">link/span>\r\n    </a></li>\r\n   \r\n    and put it above \"</nav>\" in the space above. you can copy and paste as many times as you want,\r\n   \r\n    --->\r\n   \r\n</aside>\r\n \r\n<!----- ================================\r\n   \r\n    END OF SIDEBAR\r\n           \r\n====================================== ----->\r\n \r\n<!----- MAIN CONTENT ----->\r\n \r\n<section id=\"container\">\r\n   \r\n    <!----- ================================\r\n   \r\n    START EDITING ABOUT CONTENT HERE\r\n   \r\n    ====================================== ----->\r\n   \r\n    <div id=\"content-wrap\">\r\n   \r\n        <!----- ABOUT HEADER ----->\r\n \r\n        <article id=\"about-header\">\r\n       \r\n            <!--- by default, your blog icon shows up in the sidebar. to change it, replce {PortraitURL-128} below with the url of whatever image you want. --->\r\n       \r\n            <div class=\"icon-gradient\">\r\n                <img src=https://media.discordapp.net/attachments/643869856340377610/731547146318249984/natasha-pierre-and-the-great-comet-of-1812-josh-groban-04_2.png?width=468&height=468>\r\n            </div>\r\n           \r\n             <div class=\"title\">Carlota</div>\r\n             \r\n        </article>\r\n       \r\n        <!----- END OF ABOUT HEADER ----->\r\n           \r\n        <div class=\"main-flex\">\r\n           \r\n            <!----- STATISTICS BOX ----->\r\n           \r\n            <article class=\"stats\">\r\n               \r\n                <div class=\"subtitle\">details</div>\r\n               \r\n                <!--- to add more, copy and paste everything between and including <li></li> as many times as you need. --->\r\n               \r\n                <li>\r\n                    <span>alas</span>\r\n                    Lottie\r\n                </li>\r\n                   \r\n                <li>\r\n                    <span>Years</span>\r\n                    16\r\n                </li>\r\n                   \r\n                <li>\r\n                    <span>Birthday</span>\r\n                    23rd of July\r\n                </li>\r\n                   \r\n                <li>\r\n                    <span>Pronouns</span>\r\n                    She/Her\r\n                </li>\r\n                \r\n                  <li>\r\n                    <span>Nationality</span>\r\n                    Spanish\r\n                </li>\r\n                \r\n                  <li>\r\n                    <span>Sexuality</span>\r\n                    Biromantic Asexual\r\n                </li>\r\n                  <li>\r\n                    <span>House</span>\r\n                    Hufflepuff\r\n                </li>\r\n                   \r\n                  \r\n           \r\n            <!----- END OF STATISTICS BOX ----->\r\n           \r\n            <!----- ABOUT SUMMARY ----->\r\n               \r\n            <article class=\"summary\">\r\n               \r\n                <div class=\"subtitle\">about me</div>\r\n                   \r\n                <p>\r\n                   Hello everyone! This is Carlota, just another teen obsessed with people singing. Although this looks primarly The Comet focused, I'll post here everything related to musicals!\r\n                </p>\r\n                   \r\n                <p>\r\n                   I'm from Galicia, at the northwest of Spain, where I've lived since I was born! I'm studying translation and interpretation, or at least plan to.\r\n                </p>\r\n                \r\n                <p>\r\n                    I'm an artist, so you should probably check my main, @roboticsorcerer ! If you're only interested in musicals, I'll reblog on this blog everything related to musicals that I post there! Feel free too on hop on my DM's, or drop a request for an art piece!\r\n                 </p>\r\n                    \r\n               \r\n            </article>\r\n           \r\n            <!----- END OF ABOUT SUMMARY ----->\r\n           \r\n        </div>\r\n           \r\n        <!----- ================================\r\n   \r\n            END OF MAIN ABOUT\r\n           \r\n        ====================================== ----->\r\n       \r\n        <!----- QUOTE BOX ----->\r\n           \r\n        <article id=\"quote\">\r\n           \r\n            <b>Do not fear death, but a life left unlived.</b>\r\n               \r\n            <div class=\"upper\">Angus Tuck, Tuck Everlasting</div>\r\n               \r\n        </article>\r\n       \r\n        <!----- END OF QUOTE BOX ----->\r\n           \r\n        <!----- ================================\r\n   \r\n            BEGINNING OF BOTTOM CONTENT\r\n           \r\n        ====================================== ----->\r\n           \r\n        <div class=\"flexing\">\r\n           \r\n            <div class=\"flex-left\">\r\n           \r\n                <!----- SOCIAL MEDIA ----->\r\n                   \r\n                <article id=\"social-media\">\r\n                       \r\n                    <div class=\"subtitle\">elsewhere</div>\r\n                   \r\n                    <div id=\"social-wrap\">\r\n                   \r\n                        <!-----\r\n                       \r\n                        ADDING MORE SOCIAL MEDIA LINKS: the icons are from fontawesome. to change them or add more, go to https://fontawesome.com/icons, find the name of the new icon, and enter it below.\r\n                       \r\n                        the template for a social media lin looks like this:\r\n                       \r\n                        <a href=\"/\" title=\"@username\">\r\n                            <i class=\"fab fa-icon-name\"></i>\r\n                        </a>\r\n                       \r\n                        copy and paste it as many times as you want. make sure to add your url, username, and fontawesome icon - those are the only places you need to edit.\r\n                       \r\n                        ----->\r\n                   \r\n                        <a href=\"/\" title=\"@twitter\">\r\n                            <i class=\"fab fa-twitter\"></i>\r\n                        </a>\r\n                       \r\n                        <a href=\"/\" title=\"@instagram\">\r\n                            <i class=\"fab fa-instagram\"></i>\r\n                        </a>\r\n                       \r\n                        <a href=\"/\" title=\"@discord\">\r\n                            <i class=\"fab fa-discord\"></i>\r\n                        </a>\r\n                       \r\n                        <a href=\"/\" title=\"@snapchat\">\r\n                            <i class=\"fab fa-snapchat-ghost\"></i>\r\n                        </a>\r\n                       \r\n                        <a href=\"/\" title=\"@spotify\">\r\n                            <i class=\"fab fa-spotify\"></i>\r\n                        </a>\r\n                       \r\n                        <a href=\"/\" title=\"@pinterest\">\r\n                            <i class=\"fab fa-pinterest-p\"></i>\r\n                        </a>\r\n                       \r\n                        <a href=\"/\" title=\"@goodreads\">\r\n                            <i class=\"fab fa-goodreads-g\"></i>\r\n                        </a>\r\n                       \r\n                        <a href=\"/\" title=\"@ko-fi\">\r\n                            <i class=\"fas fa-mug-hot\"></i>\r\n                        </a>\r\n                       \r\n                        <a href=\"/\" title=\"@letterboxd\">\r\n                            <i class=\"fas fa-ellipsis-h\"></i>\r\n                        </a>\r\n                   \r\n                    </div>\r\n                   \r\n                    <!--- end of social media links --->\r\n                   \r\n                     <!-----\r\n                     \r\n                     SIDEBLOGS: if you don't want these, delete this section from here to the end. the template for adding more sideblogs looks like:\r\n                     \r\n                     <div class=\"sideblog\">\r\n                   \r\n                        <div class=\"icon-gradient\"><img src=\"https://via.placeholder.com/30x30.png\"/></div>\r\n                       \r\n                        <div class=\"sideblog-desc\">\r\n                            <b><a href=\"/\">@username</a></b>\r\n                            <i>description</i>\r\n                        </div>\r\n                       \r\n                    </div>\r\n                   \r\n                    add as many as you want.\r\n                     \r\n                     ----->\r\n                   \r\n                    <!--- sideblog one --->\r\n                   \r\n                    <div class=\"sideblog\">\r\n                   \r\n                        <div class=\"icon-gradient\"><img src=\"https://via.placeholder.com/30x30.png\"/></div>\r\n                       \r\n                        <div class=\"sideblog-desc\">\r\n                            <b><a href=\"/\">@username</a></b>\r\n                            <i>description</i>\r\n                        </div>\r\n                       \r\n                    </div>\r\n                   \r\n                    <!--- sideblog two --->\r\n                   \r\n                    <div class=\"sideblog\">\r\n                   \r\n                        <div class=\"icon-gradient\"><img src=\"https://via.placeholder.com/30x30.png\"/></div>\r\n                       \r\n                        <div class=\"sideblog-desc\">\r\n                            <b><a href=\"/\">@username</a></b>\r\n                            <i>description</i>\r\n                        </div>\r\n                       \r\n                    </div>\r\n                   \r\n                    <!-----\r\n                   \r\n                    END OF SIDEBLOG SECTION. if you want to add more sideblogs, add them above this line. if you want to delete them, make sure you delete everything above this line.\r\n                   \r\n                    ----->\r\n                       \r\n                </article>\r\n               \r\n                <!-----\r\n               \r\n                SKILLS: the template for a new skill looks like:\r\n               \r\n                <li>\r\n                    <div class=\"upper\">add your skill title here</div>\r\n                    <div class=\"skill-bar\">\r\n                        <div style=\"width: 30%;\"></div>\r\n                    </div>\r\n                </li>\r\n               \r\n                the only things you need to edit here are the skill titles and the width of the progress bar (the part contained in style=\"width: 30%;\". make sure you give it a percentage value.\r\n               \r\n                ----->\r\n               \r\n                <article id=\"My curse\">\r\n                   \r\n                    <div class=\"subtitle\">skills</div>\r\n                   \r\n                    <li>\r\n                        <div class=\"upper\">singing</div>\r\n                        <div class=\"skill-bar\">\r\n                            <div style=\"width: 30%;\"></div>\r\n                        </div>\r\n                    </li>\r\n                   \r\n                    <li>\r\n                        <div class=\"upper\">dancing</div>\r\n                        <div class=\"skill-bar\">\r\n                            <div style=\"width: 15%;\"></div>\r\n                        </div>\r\n                    </li>\r\n                   \r\n                    <li>\r\n                        <div class=\"upper\">attitude :D</div>\r\n                        <div class=\"skill-bar\">\r\n                            <div style=\"width: 100%;\"></div>\r\n                        </div>\r\n                    </li>\r\n                   \r\n                </article>\r\n               \r\n                <!----- END OF SKILLS ----->\r\n                   \r\n            </div>\r\n               \r\n            <div class=\"flex-right\">\r\n           \r\n                <!----- LIKES AND DISLIKES ----->\r\n           \r\n                <article id=\"favourites\">\r\n               \r\n                    <div class=\"subtitle\">favourites</div>\r\n                   \r\n                    <div class=\"upper\">\r\n                        <i data-feather=\"heart\"></i>\r\n                        <li>Natasha, Pierre and the Great Comet of 1812</li>\r\n                        <li>Tuck Everlasting</li>\r\n                        <li>Come From Away</li>\r\n                       \r\n                    </div>\r\n                   \r\n                    <div class=\"upper\">\r\n                        <i data-feather=\"thumbs-up\"></i>\r\n                        <li>Newsies</li>\r\n                        <li>Spongebob: The Musical</li>\r\n                        <li>Fun Home</li>\r\n                        <li>36 questions</li>\r\n                    </div>\r\n                   \r\n                    \r\n               \r\n                </article>\r\n               \r\n                <!----- END OF LIKES AND DISLIKES ----->\r\n               \r\n                <!----- AESTHETICS ----->\r\n               \r\n                <article id=\"aesthetics\">\r\n                   \r\n                    <div class=\"subtitle\">aesthetics</div>\r\n                   \r\n                    <!-----\r\n                   \r\n                    add the urls of four pictures below. if you add pictures larger than 120px x 120px or pictures that don't have a square ratio, the images will resize without being distorted or stretched. the colours of your favourite colours can be added in the css variables at the top of the theme.\r\n                   \r\n                    ----->\r\n                   \r\n                    <div class=\"moodboard\">\r\n                        <img src=\"https://cdn.discordapp.com/attachments/643869856340377610/731592832867106876/27jp-tuckever-articleLarge_2.png\u00a8/>\r\n                        <img src=\"https://cdn.discordapp.com/attachments/643869856340377610/731592872591229029/indice_2.png\"/>\r\n                        <img src=\"https://cdn.discordapp.com/attachments/643869856340377610/731592855151444051/comefromaway4_2.png\"/>\r\n                        <img src=\"https://cdn.discordapp.com/attachments/643869856340377610/731592872591229029/indice_2.png\"/>\r\n                    </div>\r\n                   \r\n                    <!----- STOP EDITING AFTER HERE ----->\r\n                   \r\n                    <div class=\"colours\">\r\n                        <div id=\"col-1\"></div>\r\n                        <div id=\"col-2\"></div>\r\n                        <div id=\"col-3\"></div>\r\n                        <div id=\"col-4\"></div>\r\n                    </div>\r\n                   \r\n                </article>\r\n               \r\n                <!----- END OF AESTHETICS ----->\r\n               \r\n            </div>\r\n           \r\n            <!----- DO NOT TOUCH ANYTHING AFTER HERE ----->\r\n               \r\n        </div>\r\n       \r\n    </div>\r\n   \r\n    <div id=\"k\" class=\"upper\"><a href=\"https://seyche.tumblr.com/\" title=\"hyacinth\">page by seyche</a></div>\r\n   \r\n</section>\r\n \r\n<!----- TOOLTIPS ----->\r\n \r\n<script src=\"https://unpkg.com/popper.js@1\"></script>\r\n<script src=\"https://unpkg.com/tippy.js@5/dist/tippy-bundle.iife.js\"></script>\r\n \r\n<script>\r\n \r\n$(document).ready(function() {\r\n   \r\n    /// SLIDE-IN MOBILE SIDEBAR\r\n   \r\n   $('.menu-button').click(function(){\r\n        $('#sidebar').addClass('show', 700);\r\n    });\r\n   \r\n    $('.close').click(function(){\r\n        $('#sidebar').removeClass('show', 700);\r\n    });\r\n   \r\n    /// TOOLTIPS\r\n \r\n    tippy('[title]', {\r\n        theme: 'custom',\r\n        arrow: false,\r\n        followCursor: true,\r\n        delay: 100,\r\n        placement: 'bottom-start',\r\n        zIndex: 9999999999,\r\n        maxWidth: 400,\r\n   \r\n        content(reference) {\r\n          const title = reference.getAttribute('title');\r\n          reference.removeAttribute('title');\r\n          return title;\r\n        },\r\n    });\r\n});\r\n \r\n    feather.replace()\r\n   \r\n</script>\r\n \r\n</body>\r\n</html>",
    "YaraRule": [
        "db_connection"
    ]
}