{
    "scrape_url": "https://scrape.pastebin.com/api_scrape_item.php?i=VfUPfJHV",
    "full_url": "https://pastebin.com/VfUPfJHV",
    "date": "1594490197",
    "key": "VfUPfJHV",
    "size": 20892,
    "expire": "0",
    "title": "Witchy Shit",
    "syntax": "html4strict",
    "user": "mebuckner",
    "filename": "VfUPfJHV",
    "pasteid": "VfUPfJHV",
    "pastesite": "pastebin.com",
    "@timestamp": "2020-07-11T17:56:37",
    "MD5": "2f7fb16f3c59e04910cfd7fe22cea80a",
    "SHA256": "66fd856c7002455415db8ac8bcb1773515ac7e66591f1358c42d29629a46ffbf",
    "raw_paste": "<!-- About me -->\r\n\r\n<link href=\"//dl.dropbox.com/s/vpi3f9s7nhpe7v7/honeybee.css\" rel=\"stylesheet\">\r\n<style type=\"text/css\">\r\n@import url('https://fonts.googleapis.com/css?family=Abel');\r\n@import url('https://fonts.googleapis.com/css2?family=Alegreya+Sans+SC:wght@900&family=Poppins:wght@600&display=swap');\r\n\r\nbody {\r\nbackground-color:#232426;\r\nbackground-repeat:no-repeat;\r\nbackground-attachment:fixed;\r\nmargin: 0;\r\noverflow:auto;\r\nbackground-image:url('https://i.imgur.com/wutfZ57.png');\r\nbackground-size:cover;\r\n}\r\n\r\ntable, tr, td, li, p, div, .profileInfo td.text {\r\nfont-size: 10px;\r\ncolor: #717171;\r\nfont-family: 'Poppins', sans-serif;\r\n}\r\n\r\nb{\r\ncolor: #fff;\r\nbackground-color: #fff;\r\ncolor: #0f0101;\r\npadding: 5px;\r\nfont-size: 11px;\r\nline-height: 31px;\r\n}\r\n\r\n\r\n.container {\r\nwidth:800px; \r\nheight:500px; \r\nposition:absolute;\r\nleft:0;\r\nright:0;\r\ntop:0;\r\nbottom:0;\r\noverflow:hidden;\r\nmargin:auto;\r\ncolor:#fff;\r\nbackground-color:#7c7a75;\r\nfont-family: 'Abel', sans-serif;\r\nbackground-image: url(https://i.imgur.com/9TxEX1Z.png);\r\n}\r\n\r\n.leftImage{\r\nwidth: 308px;\r\nheight: 450px; \r\ndisplay: inline-block;\r\nvertical-align:top;\r\n}\r\n\r\n.rightSection{\r\nwidth: 489px; \r\nheight: 450px; \r\ndisplay: inline-block;\r\nvertical-align:top;\r\n}\r\n\r\n.bottomNavigation{\r\nwidth: 800px; \r\nheight: 46px; \r\ndisplay: inline-block;\r\ntext-align:center;\r\nbackground-color:#0f0101;\r\n}\r\n\r\n\r\n#navigationSection{\r\ndisplay:none;\r\n}\r\n\r\n#navigationSection:target{\r\ndisplay: block;\r\nwidth: 378px;\r\nheight: 174px;\r\ntext-align:center;\r\nmargin-top: 145px;\r\nmargin-left: 45px;\r\nposition: absolute;\r\nbackground-color: #0f0101;\r\n}\r\n\r\n\r\n#theDetails{\r\ndisplay:none;\r\n}\r\n\r\n#theDetails:target{\r\ndisplay: block;\r\nwidth: 378px;\r\nheight: 174px;\r\ntext-align: center;\r\nmargin-top: 145px;\r\nmargin-left: 45px;\r\nposition: absolute;\r\nbackground-color: #0f0101;\r\ntext-align: left;\r\npadding: 10px;\r\nfont-family: Georgia;\r\nfont-size: 12px;\r\ncolor: #fff;\r\n}\r\n\r\n\r\n#theStoryline{\r\ndisplay:none;\r\n}\r\n\r\n#theStoryline:target{\r\ndisplay: block;\r\nwidth: 478px;\r\nheight: 382px;\r\ntext-align: center;\r\nmargin-top: 35px;\r\nmargin-left: -15px;\r\nposition: absolute;\r\ntext-align: left;\r\npadding: 10px;\r\nfont-family: Georgia;\r\nfont-size: 12px;\r\ncolor: #fff;\r\n}\r\n\r\n\r\n#theOweList{\r\ndisplay:none;\r\n}\r\n\r\n#theOweList:target{\r\ndisplay: block;\r\nwidth: 478px;\r\nheight: 382px;\r\ntext-align: center;\r\nmargin-top: 35px;\r\nmargin-left: -15px;\r\nposition: absolute;\r\ntext-align: left;\r\npadding: 10px;\r\nfont-family: Georgia;\r\nfont-size: 12px;\r\ncolor: #fff;\r\n}\r\n\r\n#theConnections{\r\ndisplay:none;\r\n}\r\n\r\n#theConnections:target{\r\ndisplay: block;\r\nwidth: 478px;\r\nheight: 382px;\r\ntext-align: center;\r\nmargin-top: 35px;\r\nmargin-left: -15px;\r\nposition: absolute;\r\ntext-align: left;\r\npadding: 10px;\r\nfont-family: Georgia;\r\nfont-size: 12px;\r\ncolor: #fff;\r\nbackground-color:#0f0101;\r\noverflow:auto;\r\n}\r\n\r\n\r\n\r\n.leftNavContent{\r\nwidth:185;\r\nheight:150px;\r\ndisplay:inline-block;\r\nvertical-align:top;\r\noverflow:auto;\r\n}\r\n\r\n.rightNavContent{\r\nwidth:185;\r\nheight:150px;\r\ndisplay:inline-block;\r\nvertical-align:top;\r\noverflow:auto;}\r\n\r\n\r\n.leftDetailsContent{\r\nwidth:185;\r\nheight: 131px;\r\ndisplay:inline-block;\r\nvertical-align:top;\r\noverflow:auto;\r\n}\r\n\r\n.rightDetailsContent{\r\nwidth:185;\r\nheight: 131px;\r\ndisplay:inline-block;\r\nvertical-align:top;\r\noverflow:auto;}\r\n\r\n.leftStorylineBox{\r\nwidth: 265px; \r\nheight: 139px; \r\nbackground: #0f0101;\r\noverflow:auto;\r\npadding:10px;\r\ntext-align: justify;\r\nfont-family: georgia;\r\nfont-size: 11px;\r\ncolor: #fff;\r\n}\r\n\r\n.rightStorylineBox{\r\nwidth: 272px;\r\nheight: 131px; \r\nbackground: #0f0101; \r\nmargin-left: 200px; \r\nmargin-top: 10px;\r\noverflow:auto;\r\npadding:10px;\r\ntext-align: justify;\r\nfont-family: georgia;\r\nfont-size: 11px;\r\ncolor: #fff;\r\n}\r\n\r\na.navigationLinks:link, a.navigationLinks:visited {\r\ncolor: white; \r\npadding: 14px 25px; \r\ntext-align: center; \r\ntext-decoration: none; \r\ndisplay: inline-block; \r\ntext-transform: uppercase; \r\nfont-family: Georgia; \r\nfont-size: 12px;\r\n}\r\n\r\na.navigationLinks:hover, a.navigationLinks:active {\r\ncolor: #0f0101;\r\n}\r\n\r\n\r\n\r\na.navBlockLinks:link, a.navBlockLinks:visited {\r\ncolor: white;\r\npadding: 14px 0;\r\ntext-align: center;\r\ntext-decoration: none;\r\ndisplay: inline-block;\r\ntext-transform: uppercase;\r\nfont-family: Georgia;\r\nfont-size: 12px;\r\nbackground-color: #0f0101;\r\nwidth: 100%;\r\n}\r\n\r\na.navBlockLinks:hover, a.navBlockLinks:active {\r\ncolor: #0f0101;\r\n}\r\n\r\n\r\n\r\n\r\nh1{\r\nwidth: 100%;\r\ntext-align: center;\r\nbackground-color: #0f0101;\r\ncolor: #fff;\r\nmargin: 0;\r\npadding-top: 10px;\r\npadding-bottom: 10px;\r\nfont-family: Georgia;\r\ntext-transform: uppercase;\r\n}\r\n\r\n\r\nh2{\r\nwidth: 100%;\r\ntext-align: center;\r\ncolor: #fff;\r\nmargin: 0;\r\npadding-top: 10px;\r\npadding-bottom: 10px;\r\nfont-family: Georgia;\r\ntext-transform: uppercase;\r\nfont-size: 35px;\r\nmargin-top: 10px;\r\n}\r\n\r\n::-webkit-scrollbar-thumb:vertical {height:12px; background:#fff; border-top:10px solid #0f0101; border-bottom:10px solid #0f0101;}\r\n::-webkit-scrollbar-thumb:horizontal {background-color:#fff;}\r\n::-webkit-scrollbar {width:5px; height:7px;}\r\n\r\n\r\n.contacttable, .whitetext12, .nametext, .lightbluetext8, .orangetext15, .blacktext12, .btext, .redtext, .redbtext {display:none;height:0px;!important;visibility:hidden} td td td td {border:0px;width:0px;text-align:left;} table, td, tr {padding:0px;width:;background-color:transparent} table table table {padding:1px;height:.01%;width:100%;} table table,table table table table,table,tr,td {height:0px;!important;border:0px;!important} a.text, table div font a, .navbar font, tr td font {visibility:hidden;display:none;height:0px;!important;} #footerWarpper{display: none;} table table table table,table table table table td.text, td.text td.text table{display:none;} td.text table table{display:inline;visibility:visible;} table td table tr td.text table{visibility:hidden;} table td table tr td.text table table,table td table tr td.text table table td.text{visibility:visible;} table.footer {display: none;} div table a.navbar img {display:none;} div table.navigationBar {margin-bottom:-30px;} .profileInfo {display:none;} .profileInfo td {text-align:left;} .profileInfo a img {position:relative; margin-bottom:-1px; margin-bottom:-2px; width:125px; margin-right:-6px; margin-top:4px; _margin-top:3px; display:block;} .profileInfo td td, .nametext, .msOnlineNow img {display:none;} .profileInfo td td.text {display:table-cell; _display:inline;} .profileInfo .text {font-size:7px; line-height:8px; text-transform:uppercase; font-family:small fonts;} .msOnlineNow {font-family:small fonts; letter-spacing:0px; font-size:7px; line-height:8px; padding:2px; padding-left:0px; text-transform:uppercase; font-weight:normal; display:none; text-decoration:blink; letter-spacing:2px;} .userAlbums {display:none;} div td {display:none;} </span>\r\n</style>\r\n\r\n\r\n\r\n<!--Like to meet-->\r\n\r\n<html>\r\n<body>\r\n<div class=\"container\">\r\n<div class=\"leftImage\">\r\n<img src=\"https://i.imgur.com/Wd3EhBS.png\">\r\n</div>\r\n\r\n<div class=\"rightSection\">\r\n\r\n<div id=\"navigationSection\">\r\n<h1>Navigation</h1>\r\n<div class=\"rightNavContent\">\r\n<a href=\"/home.php\" class=\"navBlockLinks\">Home</a>\r\n<a href=\"/send_message.php?member_id=\" class=\"navBlockLinks\">Message</a>\r\n<a href=\"/add_comment.php?member_id=\" class=\"navBlockLinks\">Comment</a>\r\n</div>\r\n<div class=\"rightNavContent\">\r\n<a href=\"/status_stream.php?member_id=\" class=\"navBlockLinks\">Stream</a>\r\n<a href=\"/view_member_blog.php?member_id=\" class=\"navBlockLinks\">Bulletin</a>\r\n<a href=\"https://www.roleplayer.me/1631904\" class=\"navBlockLinks\">Credit</a>\r\n</div>\r\n</div>\r\n\r\n<div id=\"theDetails\">\r\n<h1>The Details</h1>\r\n<div class=\"leftDetailsContent\">\r\n<b>name</b> first middle last<br>\r\n<b>age</b> -- years old<br> \r\n<b>birthplace</b> my moms private parts\r\n</div>\r\n<div class=\"rightDetailsContent\">\r\n<b>pros</b> I can eat a lot of taco bell <br>\r\n<b>cons</b> I'm lactose intolerant so after tacobell sucks<br>\r\n<b>fun fact</b> I would rather lay in the rain on the ground then in my bed\r\n</div>\r\n</div>\r\n\r\n<div id=\"theStoryline\">\r\n<h2>The Storyline</h2>\r\n<div class=\"leftStorylineBox\">\r\n<h1>The Past</h1>\r\nLorem ipsum dolor sit amet, consectetur adipiscing elit, sed do eiusmod tempor incididunt ut labore et dolore magna aliqua. Bibendum ut tristique et egestas quis ipsum suspendisse ultrices. Ultrices in iaculis nunc sed augue lacus viverra vitae. Egestas maecenas pharetra convallis posuere morbi leo. Dolor sed viverra ipsum nunc aliquet bibendum enim facilisis gravida. Ultrices neque ornare aenean euismod elementum nisi quis. Enim eu turpis egestas pretium aenean pharetra magna ac. Aliquam eleifend mi in nulla posuere. Turpis egestas pretium aenean pharetra magna ac. Ut pharetra sit amet aliquam id diam maecenas ultricies. Sem viverra aliquet eget sit. Ut faucibus pulvinar elementum integer. Eget est lorem ipsum dolor sit. Fames ac turpis egestas sed tempus urna.\r\n<br><br>\r\nPotenti nullam ac tortor vitae purus faucibus ornare suspendisse. Velit aliquet sagittis id consectetur purus ut. Lectus nulla at volutpat diam ut venenatis tellus in metus. Enim nec dui nunc mattis enim ut tellus elementum sagittis. Praesent tristique magna sit amet. In hac habitasse platea dictumst quisque sagittis purus sit. Lectus nulla at volutpat diam ut venenatis. Ullamcorper sit amet risus nullam eget felis eget nunc. Id donec ultrices tincidunt arcu non. Neque gravida in fermentum et sollicitudin. Volutpat lacus laoreet non curabitur gravida arcu ac tortor. Nec ullamcorper sit amet risus nullam eget. Nunc sed id semper risus in hendrerit gravida rutrum quisque. Elementum pulvinar etiam non quam lacus suspendisse. Condimentum id venenatis a condimentum vitae. Malesuada fames ac turpis egestas integer eget aliquet.\r\n<br><br>\r\nSed viverra ipsum nunc aliquet bibendum enim facilisis. Sit amet consectetur adipiscing elit ut aliquam purus sit amet. Scelerisque varius morbi enim nunc faucibus a. Elit scelerisque mauris pellentesque pulvinar pellentesque habitant morbi. Duis tristique sollicitudin nibh sit amet. Pellentesque nec nam aliquam sem. Gravida arcu ac tortor dignissim convallis aenean. Dignissim diam quis enim lobortis scelerisque fermentum. Quam quisque id diam vel quam elementum pulvinar etiam. Odio facilisis mauris sit amet massa. Sed risus ultricies tristique nulla aliquet. Eget nulla facilisi etiam dignissim. Porta lorem mollis aliquam ut. Viverra maecenas accumsan lacus vel. Sit amet commodo nulla facilisi nullam vehicula ipsum a arcu.\r\n<br><br>\r\nRhoncus est pellentesque elit ullamcorper dignissim cras tincidunt lobortis feugiat. Purus gravida quis blandit turpis cursus. Nec ultrices dui sapien eget. Praesent elementum facilisis leo vel fringilla. Ullamcorper eget nulla facilisi etiam dignissim diam quis. Lacus sed viverra tellus in hac habitasse. Lectus quam id leo in vitae. Neque volutpat ac tincidunt vitae semper quis lectus nulla at. Eu sem integer vitae justo eget. Duis at tellus at urna condimentum mattis pellentesque. Orci eu lobortis elementum nibh. Est lorem ipsum dolor sit amet consectetur adipiscing elit.\r\n<br><br>\r\nScelerisque fermentum dui faucibus in ornare quam viverra orci sagittis. Vel quam elementum pulvinar etiam non quam lacus suspendisse faucibus. Vel facilisis volutpat est velit egestas dui id ornare arcu. Pharetra pharetra massa massa ultricies mi quis hendrerit. Mauris a diam maecenas sed enim. Sed euismod nisi porta lorem mollis aliquam. Dignissim cras tincidunt lobortis feugiat vivamus at augue eget. In metus vulputate eu scelerisque felis imperdiet. Adipiscing elit pellentesque habitant morbi tristique. Euismod in pellentesque massa placerat duis ultricies lacus sed turpis. Porta lorem mollis aliquam ut porttitor leo a. Nibh praesent tristique magna sit amet. Purus in mollis nunc sed id. Ac turpis egestas sed tempus. Tellus molestie nunc non blandit massa enim nec. In est ante in nibh mauris cursus mattis. Bibendum enim facilisis gravida neque convallis a cras semper.\r\n</div>\r\n\r\n<div class=\"rightStorylineBox\">\r\n<h1>The Current</h1>\r\nLorem ipsum dolor sit amet, consectetur adipiscing elit, sed do eiusmod tempor incididunt ut labore et dolore magna aliqua. Bibendum ut tristique et egestas quis ipsum suspendisse ultrices. Ultrices in iaculis nunc sed augue lacus viverra vitae. Egestas maecenas pharetra convallis posuere morbi leo. Dolor sed viverra ipsum nunc aliquet bibendum enim facilisis gravida. Ultrices neque ornare aenean euismod elementum nisi quis. Enim eu turpis egestas pretium aenean pharetra magna ac. Aliquam eleifend mi in nulla posuere. Turpis egestas pretium aenean pharetra magna ac. Ut pharetra sit amet aliquam id diam maecenas ultricies. Sem viverra aliquet eget sit. Ut faucibus pulvinar elementum integer. Eget est lorem ipsum dolor sit. Fames ac turpis egestas sed tempus urna.\r\n<br><br>\r\nPotenti nullam ac tortor vitae purus faucibus ornare suspendisse. Velit aliquet sagittis id consectetur purus ut. Lectus nulla at volutpat diam ut venenatis tellus in metus. Enim nec dui nunc mattis enim ut tellus elementum sagittis. Praesent tristique magna sit amet. In hac habitasse platea dictumst quisque sagittis purus sit. Lectus nulla at volutpat diam ut venenatis. Ullamcorper sit amet risus nullam eget felis eget nunc. Id donec ultrices tincidunt arcu non. Neque gravida in fermentum et sollicitudin. Volutpat lacus laoreet non curabitur gravida arcu ac tortor. Nec ullamcorper sit amet risus nullam eget. Nunc sed id semper risus in hendrerit gravida rutrum quisque. Elementum pulvinar etiam non quam lacus suspendisse. Condimentum id venenatis a condimentum vitae. Malesuada fames ac turpis egestas integer eget aliquet.\r\n<br><br>\r\nSed viverra ipsum nunc aliquet bibendum enim facilisis. Sit amet consectetur adipiscing elit ut aliquam purus sit amet. Scelerisque varius morbi enim nunc faucibus a. Elit scelerisque mauris pellentesque pulvinar pellentesque habitant morbi. Duis tristique sollicitudin nibh sit amet. Pellentesque nec nam aliquam sem. Gravida arcu ac tortor dignissim convallis aenean. Dignissim diam quis enim lobortis scelerisque fermentum. Quam quisque id diam vel quam elementum pulvinar etiam. Odio facilisis mauris sit amet massa. Sed risus ultricies tristique nulla aliquet. Eget nulla facilisi etiam dignissim. Porta lorem mollis aliquam ut. Viverra maecenas accumsan lacus vel. Sit amet commodo nulla facilisi nullam vehicula ipsum a arcu.\r\n<br><br>\r\nRhoncus est pellentesque elit ullamcorper dignissim cras tincidunt lobortis feugiat. Purus gravida quis blandit turpis cursus. Nec ultrices dui sapien eget. Praesent elementum facilisis leo vel fringilla. Ullamcorper eget nulla facilisi etiam dignissim diam quis. Lacus sed viverra tellus in hac habitasse. Lectus quam id leo in vitae. Neque volutpat ac tincidunt vitae semper quis lectus nulla at. Eu sem integer vitae justo eget. Duis at tellus at urna condimentum mattis pellentesque. Orci eu lobortis elementum nibh. Est lorem ipsum dolor sit amet consectetur adipiscing elit.\r\n<br><br>\r\nScelerisque fermentum dui faucibus in ornare quam viverra orci sagittis. Vel quam elementum pulvinar etiam non quam lacus suspendisse faucibus. Vel facilisis volutpat est velit egestas dui id ornare arcu. Pharetra pharetra massa massa ultricies mi quis hendrerit. Mauris a diam maecenas sed enim. Sed euismod nisi porta lorem mollis aliquam. Dignissim cras tincidunt lobortis feugiat vivamus at augue eget. In metus vulputate eu scelerisque felis imperdiet. Adipiscing elit pellentesque habitant morbi tristique. Euismod in pellentesque massa placerat duis ultricies lacus sed turpis. Porta lorem mollis aliquam ut porttitor leo a. Nibh praesent tristique magna sit amet. Purus in mollis nunc sed id. Ac turpis egestas sed tempus. Tellus molestie nunc non blandit massa enim nec. In est ante in nibh mauris cursus mattis. Bibendum enim facilisis gravida neque convallis a cras semper.\r\n</div>\r\n</div>\r\n\r\n\r\n\r\n\r\n\r\n\r\n\r\n<div id=\"theOweList\">\r\n<h2>The Owes List</h2>\r\n<div class=\"leftStorylineBox\">\r\n<h1>I owe You</h1>\r\n<b>Name</b> - starter/reply - <i>date</i><br>\r\n<b>Name</b> - starter/reply - <i>date</i><br>\r\n<b>Name</b> - starter/reply - <i>date</i><br>\r\n</div>\r\n\r\n<div class=\"rightStorylineBox\">\r\n<h1>You owe me</h1>\r\n<b>Name</b> - starter/reply - <i>date</i><br>\r\n<b>Name</b> - starter/reply - <i>date</i><br>\r\n<b>Name</b> - starter/reply - <i>date</i><br>\r\n</div>\r\n</div>\r\n\r\n<div id=\"theConnections\">\r\n<h1>The Connections</h1>\r\n<img src=\"https://i.imgur.com/68pNE4T.png\" align=\"left\">\r\n<div style=\"background: #0f0101; width: 342px; height: 90px; overflow: auto; display: inline-block; margin-left: 10px; text-align: justify; font-family: Georgia; font-size: 12px; color: #fff; padding: 5px;\">\r\n<h1>Connection Name</h1>\r\nAbout the connection here. About the connection here. About the connection here. About the connection here. About the connection here. About the connection here. About the connection here. About the connection here. About the connection here. About the connection here. About the connection here. About the connection here. About the connection here. About the connection here. About the connection here. About the connection here. About the connection here. About the connection here. About the connection here. About the connection here. About the connection here. About the connection here. About the connection here. About the connection here. About the connection here. \r\n</div>\r\n<br>\r\n<div style=\"background: #0f0101; width: 342px; height: 90px; overflow: auto; display: inline-block; margin-top: 10px; text-align: justify; font-family: Georgia; font-size: 12px; color: #fff; padding: 5px;\">\r\n<h1>Connection Name</h1>\r\nAbout the connection here. About the connection here. About the connection here. About the connection here. About the connection here. About the connection here. About the connection here. About the connection here. About the connection here. About the connection here. About the connection here. About the connection here. About the connection here. About the connection here. About the connection here. About the connection here. About the connection here. About the connection here. About the connection here. About the connection here. About the connection here. About the connection here. About the connection here. About the connection here. About the connection here. \r\n</div>\r\n<img src=\"https://i.imgur.com/lWRnJNl.png\" style=\"margin-top:10px; display:inline-block;\">\r\n<br>\r\n<img src=\"https://i.imgur.com/Gx3ssXe.png\" style=\"display:inline-block;margin-top:10px;\">\r\n<div style=\"background: #0f0101; width: 342px; height: 90px; overflow: auto; display: inline-block; margin-left: 10px; text-align: justify; font-family: Georgia; font-size: 12px; color: #fff; padding: 5px; margin-top:10px;\">\r\n<h1>Connection Name</h1>\r\nAbout the connection here. About the connection here. About the connection here. About the connection here. About the connection here. About the connection here. About the connection here. About the connection here. About the connection here. About the connection here. About the connection here. About the connection here. About the connection here. About the connection here. About the connection here. About the connection here. About the connection here. About the connection here. About the connection here. About the connection here. About the connection here. About the connection here. About the connection here. About the connection here. About the connection here. \r\n</div>\r\n<br>\r\n<div style=\"background: #0f0101; width: 342px; height: 90px; overflow: auto; display: inline-block; margin-top: 10px; text-align: justify; font-family: Georgia; font-size: 12px; color: #fff; padding: 5px;\">\r\n<h1>Connection Name</h1>\r\nAbout the connection here. About the connection here. About the connection here. About the connection here. About the connection here. About the connection here. About the connection here. About the connection here. About the connection here. About the connection here. About the connection here. About the connection here. About the connection here. About the connection here. About the connection here. About the connection here. About the connection here. About the connection here. About the connection here. About the connection here. About the connection here. About the connection here. About the connection here. About the connection here. About the connection here. \r\n</div>\r\n<img src=\"https://i.imgur.com/kM8Codw.png\" style=\"margin-top:10px; display:inline-block;\">\r\n</div>\r\n\r\n\r\n</div><br>\r\n<div class=\"bottomNavigation\">\r\n<a href=\"#navigationSection\" class=\"navigationLinks\">navigation</a>\r\n<a href=\"#theDetails\" class=\"navigationLinks\" style=\"margin-left: 5px;\">the details</a>\r\n<a href=\"#theStoryline\" class=\"navigationLinks\" style=\"margin-left: 5px;\">the storyline</a>\r\n<a href=\"#theOweList\" class=\"navigationLinks\" style=\"margin-left: 5px;\">owe list</a>\r\n<a href=\"#theConnections\" class=\"navigationLinks\" style=\"margin-left: 5px;\">the connections</a>\r\n</div>\r\n</div>\r\n</body>\r\n</html>",
    "YaraRule": [
        "db_connection"
    ]
}