{
    "scrape_url": "https://scrape.pastebin.com/api_scrape_item.php?i=XMr0M5WX",
    "full_url": "https://pastebin.com/XMr0M5WX",
    "date": "1594538620",
    "key": "XMr0M5WX",
    "size": 14604,
    "expire": "0",
    "title": "javascript",
    "syntax": "html5",
    "user": "",
    "filename": "XMr0M5WX",
    "pasteid": "XMr0M5WX",
    "pastesite": "pastebin.com",
    "@timestamp": "2020-07-12T07:23:40",
    "MD5": "20965e1ef5092ca9cdd9bd626d496780",
    "SHA256": "130c40bdad1ca4fbe96accfe9fe470b0d48dd93b0bfcd545aa63e56132b96840",
    "raw_paste": "<!-- Bootstrap -->\r\n<script src=\"<?= base_url('assets/admin_lte')?>/plugins/bootstrap/js/bootstrap.bundle.min.js\"></script>\r\n\r\n<!-- DataTables -->\r\n<script src=\"<?= base_url('assets/admin_lte')?>/plugins/datatables/jquery.dataTables.js\"></script>\r\n<script src=\"<?= base_url('assets/admin_lte')?>/plugins/datatables-bs4/js/dataTables.bootstrap4.js\"></script>\r\n<!-- AdminLTE App -->\r\n<script src=\"<?= base_url('assets/admin_lte')?>/dist/js/adminlte.min.js\"></script>\r\n<!-- AdminLTE for demo purposes -->\r\n<script src=\"<?= base_url('assets/admin_lte') ?>/dist/js/demo.js\"></script>\r\n<!-- Api GMAPS -->\r\n<script src=\"http://maps.googleapis.com/maps/api/js?key=AIzaSyDAgO_spZs9ye05XI0BbPE-mDlJvaXuYzY&\r\ncallback=initMap\"></script>\r\n<!-- Sweat Alert -->\r\n<script src=\"https://cdn.jsdelivr.net/npm/sweetalert2@9\"></script>\r\n<!-- page script -->\r\n<script>\r\n  $(function () {\r\n    $(\"#example1\").DataTable();\r\n    $('#example2').DataTable({\r\n      \"paging\": true,\r\n      \"lengthChange\": true,\r\n      \"searching\": true,\r\n      \"ordering\": true,\r\n      \"info\": true,\r\n      \"autoWidth\": false,\r\n    });\r\n  });\r\n</script>\r\n  <?php\r\n    $module = $this->uri->segment(1);\r\n    $function = $this->uri->segment(2);\r\n  ?>\r\n  <?php if($module == \"penjual\" && $function == \"upload_iklan\"):?>\r\n    <script>\r\n      var map;\r\n      var marker\r\n      var geocoder = new google.maps.Geocoder();\r\n      var koordinat = new google.maps.LatLng(-7.783224820470059,110.37240414007569);\r\n      var geocoder = new google.maps.Geocoder();\r\n      var infowindow = new google.maps.InfoWindow();\r\n      function taruhMarker(peta, posisiTitik){\r\n        if( marker ){\r\n          // pindahkan marker\r\n            marker.setPosition(posisiTitik);\r\n        } else {\r\n          // buat marker baru\r\n          marker = new google.maps.Marker({\r\n            position: posisiTitik,\r\n            map: peta,\r\n            draggable: true \r\n          });\r\n        }\r\n        document.getElementById(\"latitude\").value = posisiTitik.lat();\r\n        document.getElementById(\"longitude\").value = posisiTitik.lng();\r\n      }\r\n      function disablePOIInfoWindow(){\r\n        var fnSet = google.maps.InfoWindow.prototype.set;\r\n        google.maps.InfoWindow.prototype.set = function () {\r\n            // alert('Ok');\r\n        };\r\n      }\r\n      function initialize() {\r\n        var propertiPeta = {\r\n            center:koordinat,\r\n            zoom:18,\r\n            mapTypeId:google.maps.MapTypeId.ROADMAP,\r\n            visible:true,\r\n            gestureHandling: \"greedy\",\r\n            disableDefaultUI: true\r\n        };\r\n        var peta = new google.maps.Map(document.getElementById(\"myMap\"), propertiPeta);\r\n        disablePOIInfoWindow();  \r\n          // even listner ketika peta diklik\r\n        google.maps.event.addListener(peta, 'click', function(event) {\r\n          geocoder.geocode({'latLng': marker.getPosition()}, function(results, status) {\r\n              if (status == google.maps.GeocoderStatus.OK) {\r\n                  if (results[0]) {\r\n                      $('#streetAddress').text(results[0].address_components[1]['long_name']);\r\n                      $('#address').val(results[0].formatted_address);\r\n                      $('#alamat').val(results[0].formatted_address);\r\n                      $('#latitude').val(marker.getPosition().lat());\r\n                      $('#longitude').val(marker.getPosition().lng());\r\n                      // infowindow.setContent(results[0].formatted_address);\r\n                      // infowindow.open(map, marker);\r\n                  }\r\n              }\r\n          });\r\n          taruhMarker(this, event.latLng);\r\n        });\r\n        if ($('#latitude').val() == \"\") {\r\n            geocoder.geocode( { 'latLng': koordinat}, function(results, status) {\r\n              if (status == google.maps.GeocoderStatus.OK) {\r\n                var latitude = results[0].geometry.location.lat();\r\n                var longitude = results[0].geometry.location.lng();\r\n                $('#streetAddress').text(results[0].address_components[1]['long_name']);\r\n                $('#address').val(results[0].formatted_address);\r\n                $('#alamat').val(results[0].formatted_address);\r\n                $('#latitude').val(latitude);\r\n                $('#longitude').val(longitude);\r\n              } \r\n          })\r\n        }\r\n        marker = new google.maps.Marker({\r\n          position: koordinat,\r\n          map: peta,\r\n          animation: google.maps.Animation,\r\n          draggable:true\r\n        });\r\n        google.maps.event.addListener(marker, 'dragend', function() {\r\n            geocoder.geocode({'latLng': marker.getPosition()}, function(results, status) {\r\n                if (status == google.maps.GeocoderStatus.OK) {\r\n                    if (results[0]) {\r\n                        // console.log(results);\r\n                        $('#streetAddress').text(results[0].address_components[1]['long_name']);\r\n                        $('#address').val(results[0].formatted_address);\r\n                        $('#alamat').val(results[0].formatted_address);\r\n                        $('#latitude').val(marker.getPosition().lat());\r\n                        $('#longitude').val(marker.getPosition().lng());\r\n                        // infowindow.setContent(results[0].formatted_address);\r\n                        // infowindow.open(map, marker);\r\n                    }\r\n                }\r\n            });\r\n        });\r\n      }\r\n      function getlatlang(){\r\n        var address = document.getElementById('address').value;\r\n        if (address != \"\") {\r\n          geocoder.geocode( { 'address': address}, function(results, status) {\r\n            if (status == google.maps.GeocoderStatus.OK) {\r\n                var latitude = results[0].geometry.location.lat();\r\n                var longitude = results[0].geometry.location.lng();\r\n                $('#streetAddress').text(results[0].address_components[1]['long_name']);\r\n                $('#address').val(results[0].formatted_address);\r\n                $('#alamat').val(results[0].formatted_address);\r\n                $('#latitude').val(latitude);\r\n                $('#longitude').val(longitude);\r\n            } \r\n            var latlang = {lat: latitude, lng: longitude};\r\n              map = new google.maps.Map(document.getElementById(\"myMap\"), {\r\n              zoom: 18,\r\n              center: latlang,\r\n              disableDefaultUI: true \r\n            });\r\n\r\n            marker = new google.maps.Marker({\r\n                map: map,\r\n                position: latlang,\r\n                disableDefaultUI: true,\r\n                draggable: true\r\n            });\r\n\r\n            google.maps.event.addListener(marker, 'dragend', function() {\r\n                geocoder.geocode({'latLng': marker.getPosition()}, function(results, status) {\r\n                    if (status == google.maps.GeocoderStatus.OK) {\r\n                        if (results[0]) {\r\n                            $('#streetAddress').text(results[0].address_components[1]['long_name']);\r\n                            $('#address').val(results[0].formatted_address);\r\n                            $('#alamat').val(results[0].formatted_address);\r\n                            $('#latitude').val(marker.getPosition().lat());\r\n                            $('#longitude').val(marker.getPosition().lng());\r\n                            // infowindow.setContent(results[0].formatted_address);\r\n                            // infowindow.open(map, marker);\r\n                        }\r\n                    }\r\n                });\r\n            });\r\n\r\n            var propertiPeta = {\r\n                center:koordinat,\r\n                zoom:18,\r\n                mapTypeId:google.maps.MapTypeId.ROADMAP,\r\n                visible:true,\r\n                gestureHandling: \"greedy\",\r\n                disableDefaultUI: true\r\n            };\r\n\r\n            google.maps.event.addListener(map, 'click', function(event) {\r\n                geocoder.geocode({'latLng': marker.getPosition()}, function(results, status) {\r\n                    if (status == google.maps.GeocoderStatus.OK) {\r\n                        if (results[0]) {\r\n                            $('#streetAddress').text(results[0].address_components[1]['long_name']);\r\n                            $('#address').val(results[0].formatted_address);\r\n                            $('#alamat').val(results[0].formatted_address);\r\n                            $('#latitude').val(marker.getPosition().lat());\r\n                            $('#longitude').val(marker.getPosition().lng());\r\n                            // infowindow.setContent(results[0].formatted_address);\r\n                            // infowindow.open(map, marker);\r\n                        }\r\n                    }\r\n                });\r\n                taruhMarker(this, event.latLng);\r\n            });\r\n          });\r\n        }\r\n      }\r\n      // event jendela di-load  \r\n      google.maps.event.addDomListener(window, 'load', initialize);\r\n    </script>\r\n  <?php elseif($module == \"penjual\" && $function == \"edit_iklan\"):?>\r\n    <script type=\"text/javascript\">\r\n      var latNow = \"<?php echo $iklan['iklan']->latitude; ?>\";\r\n      var longNow = \"<?php echo $iklan['iklan']->longtitude; ?>\";\r\n      var map;\r\n      var marker;\r\n      if (latNow == \"\" && longNow == \"\") {\r\n        var myLatlng = new google.maps.LatLng(-7.792705582012432, 110.40831940934936);\r\n      } else {\r\n        var myLatlng = new google.maps.LatLng(latNow, longNow);\r\n      }\r\n      var geocoder = new google.maps.Geocoder();\r\n      var infowindow = new google.maps.InfoWindow();\r\n      function taruhMarker(peta, posisiTitik){\r\n        if( marker ){\r\n          // pindahkan marker\r\n            marker.setPosition(posisiTitik);\r\n        } else {\r\n          // buat marker baru\r\n          marker = new google.maps.Marker({\r\n            position: posisiTitik,\r\n            map: peta,\r\n            draggable: true \r\n          });\r\n        }\r\n        document.getElementById(\"latitude\").value = posisiTitik.lat();\r\n        document.getElementById(\"longitude\").value = posisiTitik.lng();\r\n      }\r\n      function disablePOIInfoWindow(){\r\n        var fnSet = google.maps.InfoWindow.prototype.set;\r\n        google.maps.InfoWindow.prototype.set = function () {\r\n            // alert('Ok');\r\n        };\r\n      }\r\n      function initialize(lat, lang) {\r\n        var mapOptions = {\r\n          zoom: 18,\r\n          center: myLatlng,\r\n          mapTypeId: google.maps.MapTypeId.ROADMAP,\r\n          visible:true,\r\n          gestureHandling: \"greedy\",\r\n          disableDefaultUI: true\r\n        };\r\n        disablePOIInfoWindow(); \r\n        map = new google.maps.Map(document.getElementById(\"myMap\"), mapOptions);\r\n\r\n        marker = new google.maps.Marker({\r\n          map: map,\r\n          position: myLatlng,\r\n          draggable: true\r\n        });\r\n\r\n\r\n        google.maps.event.addListener(marker, 'dragend', function() {\r\n          geocoder.geocode({\r\n            'latLng': marker.getPosition()\r\n          }, function(results, status) {\r\n            if (status == google.maps.GeocoderStatus.OK) {\r\n              if (results[0]) {\r\n                $('#address').val(results[0].formatted_address);\r\n                $('#latitude').val(marker.getPosition().lat());\r\n                $('#longitude').val(marker.getPosition().lng());\r\n                infowindow.setContent(results[0].formatted_address);\r\n                infowindow.open(map, marker);\r\n              }\r\n            }\r\n          });\r\n        });\r\n\r\n        google.maps.event.addListener(peta, 'click', function(event) {\r\n          geocoder.geocode({'latLng': marker.getPosition()}, function(results, status) {\r\n              if (status == google.maps.GeocoderStatus.OK) {\r\n                  if (results[0]) {\r\n                      $('#streetAddress').text(results[0].address_components[1]['long_name']);\r\n                      $('#address').text(results[0].formatted_address);\r\n                      $('#alamat').val(results[0].formatted_address);\r\n                      $('#latitude').val(marker.getPosition().lat());\r\n                      $('#longitude').val(marker.getPosition().lng());\r\n                      // infowindow.setContent(results[0].formatted_address);\r\n                      // infowindow.open(map, marker);\r\n                  }\r\n              }\r\n          });\r\n          taruhMarker(this, event.latLng);\r\n        });\r\n\r\n      }\r\n      function getlatlang() {\r\n        var address = document.getElementById('address').value;\r\n        geocoder.geocode({\r\n          'address': address\r\n        }, function(results, status) {\r\n\r\n          if (status == google.maps.GeocoderStatus.OK) {\r\n            var latitude = results[0].geometry.location.lat();\r\n            var longitude = results[0].geometry.location.lng();\r\n            $('#latitude').val(latitude);\r\n            $('#longitude').val(longitude);\r\n          }\r\n          var latlang = {\r\n            lat: latitude,\r\n            lng: longitude\r\n          };\r\n\r\n          map = new google.maps.Map(document.getElementById(\"myMap\"), {\r\n            zoom: 4,\r\n            center: latlang\r\n          });\r\n\r\n          marker = new google.maps.Marker({\r\n            map: map,\r\n            position: latlang,\r\n            draggable: true\r\n          });\r\n        });\r\n\r\n      }\r\n      google.maps.event.addDomListener(window, 'load', initialize);\r\n    </script>\r\n    <script>\r\n      let id;\r\n\r\n      function tambahGambar() {\r\n        $('#addGambar').modal('show');\r\n      }\r\n\r\n      function hapusGambar(id) {\r\n        id_gambar = id;\r\n        // console.log(id);\r\n        $.ajax({\r\n          url: \"<?php echo base_url('penjual/hapus_gambar'); ?>\",\r\n          method: \"POST\",\r\n          data: \"id_gambar=\" + id_gambar,\r\n          success: function(response) {\r\n            console.log(response);\r\n            let hasil = $.parseJSON(response);\r\n            if (hasil == true) {\r\n              Swal.fire({\r\n                position: 'center',\r\n                icon: 'success',\r\n                title: 'Data Berhasil di hapus',\r\n                showConfirmButton: false,\r\n                timer: 3000\r\n              })\r\n              location.reload(true);\r\n            } else {\r\n              Swal.fire({\r\n                position: 'center',\r\n                icon: 'error',\r\n                title: 'Data Gagal di hapus',\r\n                showConfirmButton: false,\r\n                timer: 1500\r\n              })\r\n            }\r\n          },\r\n          error: function(xhr, ajaxOptions, thrownError) {\r\n            alert(thrownError);\r\n          }\r\n        });\r\n      }\r\n    </script>\r\n  <?php endif;?>\r\n</body>\r\n</html>",
    "YaraRule": [
        "google_api"
    ]
}