{
    "scrape_url": "https://scrape.pastebin.com/api_scrape_item.php?i=zNeuSDp2",
    "full_url": "https://pastebin.com/zNeuSDp2",
    "date": "1594496684",
    "key": "zNeuSDp2",
    "size": 776,
    "expire": "1594497284",
    "title": "",
    "syntax": "html4strict",
    "user": "Abrahantoliva",
    "filename": "zNeuSDp2",
    "pasteid": "zNeuSDp2",
    "pastesite": "pastebin.com",
    "@timestamp": "2020-07-11T19:44:44",
    "MD5": "c7d750f94dfe5c75f8d9493317cd3801",
    "SHA256": "d5a599f585538d9967a2e691ef4471759e44f45eab421ab6a0cae73cfd385610",
    "raw_paste": "<!DOCTYPE html>\r\n<html lang=\"en\">\r\n  <head>\r\n    <meta charset=\"UTF-8\" />\r\n    <meta name=\"viewport\" content=\"width=device-width, initial-scale=1.0\" />\r\n    <link\r\n      href=\"https://fonts.googleapis.com/css2?family=Montserrat:ital,wght@0,400;1,300&display=swap\"\r\n      rel=\"stylesheet\"\r\n    />\r\n    <link rel=\"stylesheet\" href=\"style.css\" />\r\n    <script defer src=\"main.js\"></script>\r\n    <title>Document</title>\r\n  </head>\r\n\r\n  <body>\r\n    <div class=\"card\">\r\n      <h1 class=\"title\"><span>Mega</span> <span>SALE</span></h1>\r\n      <p class=\"stars\">&#9733 &#9733 &#9733 &#9733 &#9733</p>\r\n      <p class=\"promotion\">\r\n        Shop top-rated deals <br />\r\n        before they are gone!\r\n      </p>\r\n\r\n      <button class=\"\">Shop Now</button>\r\n    </div>\r\n  </body>\r\n</html>",
    "YaraRule": [
        "db_connection"
    ]
}