{
    "scrape_url": "https://scrape.pastebin.com/api_scrape_item.php?i=ZvVDfrEG",
    "full_url": "https://pastebin.com/ZvVDfrEG",
    "date": "1594542596",
    "key": "ZvVDfrEG",
    "size": 5766,
    "expire": "0",
    "title": "",
    "syntax": "html4strict",
    "user": "TahmidTuhin",
    "filename": "ZvVDfrEG",
    "pasteid": "ZvVDfrEG",
    "pastesite": "pastebin.com",
    "@timestamp": "2020-07-12T08:29:56",
    "MD5": "c09d5a619a7520288b2b01b272cc05b2",
    "SHA256": "ac59f11af8584a8b413d30d9be77118f99288f64260c51e50243b709bdb7ca82",
    "raw_paste": "<!DOCTYPE html>\r\n<html>\r\n<head>\r\n\t<title>Bootstrap Homework</title>\r\n\t<meta charset=\"utf-8\">\r\n\t<meta name=\"viewport\" content=\"width=device-width, initial-scale=1.0\">\r\n\r\n\t<link rel=\"stylesheet\" href=\"https://maxcdn.bootstrapcdn.com/bootstrap/4.0.0/css/bootstrap.min.css\">\r\n\t<link href=\"https://fonts.googleapis.com/css2?family=Montserrat:wght@300&family=Open+Sans+Condensed:wght@300&display=swap\" rel=\"stylesheet\">\r\n\t<link rel=\"stylesheet\" href=\"https://cdnjs.cloudflare.com/ajax/libs/font-awesome/4.7.0/css/font-awesome.min.css\"> \r\n\t<link rel=\"stylesheet\" type=\"text/css\" href=\"css/style.css\">\r\n</head>\r\n<body>\r\n\t\r\n\t<div class=\"container-fluid banner \">\r\n\t\t<div class=\"container\">\r\n\t\t\t<div class=\"row\">\r\n\t\t\t\t<div class=\"col-12\">\r\n  \t\t\t\t\t<nav class=\"navbar navbar-expand-lg\">\r\n\t\t\t\t\t  <a class=\"navbar-brand\" href=\"#\"><img src=\"image/logo.jpeg\" alt=\"\"></a>\r\n\t\t\t\t\t  <button class=\"navbar-toggler\" type=\"button\" data-toggle=\"collapse\" data-target=\"#navbarSupportedContent\" aria-controls=\"navbarSupportedContent\" aria-expanded=\"false\" aria-label=\"Toggle navigation\">\r\n\t\t\t\t\t    <span class=\"navbar-toggler-icon\"></span>\r\n\t\t\t\t\t  </button>\r\n\r\n\t\t\t\t\t  <div class=\"collapse navbar-collapse\" id=\"navbarSupportedContent\">\r\n\t\t\t\t\t    <ul class=\"navbar-nav ml-auto\">\r\n\t\t\t\t\t      <li class=\"nav-item \">\r\n\t\t\t\t\t        <a class=\"nav-link autoactive active\" href=\"#\">Home <span class=\"sr-only\">(current)</span></a>\r\n\t\t\t\t\t      </li>\r\n\t\t\t\t\t      <li class=\"nav-item\">\r\n\t\t\t\t\t        <a class=\"nav-link \"  href=\"#\">About</a>\r\n\t\t\t\t\t      </li>\r\n\t\t\t\t\t      <li class=\"nav-item\">\r\n\t\t\t\t\t        <a class=\"nav-link \"  href=\"#\">Work</a>\r\n\t\t\t\t\t      </li>\r\n\t\t\t\t\t      <li class=\"nav-item\">\r\n\t\t\t\t\t        <a class=\"nav-link \"  href=\"#\">Process</a>\r\n\t\t\t\t\t      </li>\r\n\t\t\t\t\t      <li class=\"nav-item\">\r\n\t\t\t\t\t        <a class=\"nav-link \"  href=\"#\">Service</a>\r\n\t\t\t\t\t      </li>\r\n\t\t\t\t\t      <li class=\"nav-item\">\r\n\t\t\t\t\t        <a class=\"nav-link \" href=\"#\">Testimonials</a>\r\n\t\t\t\t\t      </li>\r\n\t\t\t\t\t      <li class=\"nav-item\">\r\n\t\t\t\t\t        <a class=\"nav-link \"  href=\"#\">Contact</a>\r\n\t\t\t\t\t      </li>\r\n\t\t\t\t\t    \r\n\t\t\t\t\t    </ul>\r\n\t\t\t\t\t   \r\n\t\t\t\t\t  </div>\r\n\t\t\t\t\t</nav>\r\n\t\t\t\t</div>\r\n\t\t\t\t</div>\r\n\r\n\r\n\t\t\t\t\t<div class=\"row\">\r\n\t\t\t\t\t\t<div class=\"col-12 col-md-6\">\r\n\t\t\t\t\t\t\t\r\n\t\t\t\t\t\t</div>\r\n\t\t\t\t\t\t<div class=\"col-12 col-md-6 banner-sec\">\r\n\t\t\t\t\t\t\t<h1>We Design and Develop</h1>\r\n\t\t\t\t\t\t\t<p>Lorem ipsum dolor sit amet, consectetur adipisicing elit. Eveniet recusandae debitis aut, sit voluptas saepe quasi asperiores. Ullam sit natus soluta enim repellat deserunt.</p>\r\n\t\t\t\t\t\t\t<button class=\"btn btn-primary\" type=\"button\">Contact us</button>\r\n\t\t\t\t\t\t</div>\r\n\t\t\t\t\t</div>\r\n\t\t\t\t\r\n\t\t\t</div>\r\n\t\t</div>\r\n\t</div>\r\n\r\n\t<div class=\"container mt-5 mb-5\">\r\n\t\t<div class=\"row\">\r\n\t\t\t<div class=\"col-md-12 aboutussec\">\r\n\t\t\t\t<h2 class=\"text-center\">About Us</h2>\r\n\t\t\t\t<p class=\"text-center\">Lorem ipsum dolor sit amet, consectetur adipisicing elit. Placeat explicabo incidunt, ullam. Adipisci voluptatem aperiam voluptas, aliquid, repudiandae adsf gtsrerdfd yrsft werfgsdf sdgr htd fghdfajh werfgtyijg dgdj7tdyh.</p>\r\n\t\t\t\t<img class=\"img-fluid mt-4\" src=\"image/signature.jpeg\" alt=\"\">\r\n\t\t\t</div>\r\n\t\t</div>\r\n\t</div>\r\n<div class=\"container-fluid progressec\">\r\n\t<div class=\"row\">\r\n\t\t<div class=\"skilsec col-md-6 col-12\">\r\n\t\t\t<div class=\"barsec\">\r\n\t\t\t\t<div class=\"bartitle\">\r\n\t\t\t\t<h4>Professional Skills</h4>\r\n\t\t\t\t<p>UI/UX Design 75%</p>\r\n\t\t\t\t</div>\r\n\t\t\t\t<div id=\"progress\">\r\n\t\t\t\t\t<div id=\"bar\"></div>\r\n\t\t\t\t</div>\r\n\t\t\t</div>\r\n\r\n\t\t\t<div class=\"barsec\">\r\n\t\t\t\t<div class=\"bartitle\">\r\n\t\t\t\t<p class=\"mt-4\">Web Development 90%</p>\r\n\t\t\t\t</div>\r\n\t\t\t\t<div id=\"progress\">\r\n\t\t\t\t\t<div class=\"w-75\" id=\"bar\"></div>\r\n\t\t\t\t</div>\r\n\t\t\t</div>\r\n\r\n\t\t\t<div class=\"barsec\">\r\n\t\t\t\t<div class=\"bartitle\">\r\n\t\t\t\t<p class=\"mt-4\">Markating 55%</p>\r\n\t\t\t</div>\r\n\t\t\t<div id=\"progress\">\r\n\t\t\t\t<div class=\"w-50\" id=\"bar\"></div>\r\n\t\t\t</div>\r\n\t\t\t</div>\r\n\t\t</div>\r\n\t\t<div class=\"col-md-6\"></div>\r\n\t</div>\r\n</div>\r\n\r\n<div class=\"container-fluid overall\">\r\n\t<div class=\"row\">\r\n\t\t<div class=\"col-md-3 col-6\">\r\n\t\t\t<div class=\"overalsec\">\r\n\t\t\t\t<i class=\"fa fa-archive\" aria-hidden=\"true\"></i>\r\n\t\t\t\t<div class=\"icontitle pt-4\">\r\n\t\t\t\t\t<p>648</p>\r\n\t\t\t\t\t<p>project coplete</p>\r\n\t\t\t\t</div>\r\n\t\t\t</div>\r\n\t\t</div>\r\n\r\n\t\t<div class=\"col-md-3 col-6\">\r\n\t\t\t<div class=\"overalsec\">\r\n\t\t\t\t<i class=\"fa fa-clock-o\" aria-hidden=\"true\"></i>\r\n\t\t\t\t<div class=\"icontitle pt-4\">\r\n\t\t\t\t\t<p>648</p>\r\n\t\t\t\t\t<p>project coplete</p>\r\n\t\t\t\t</div>\r\n\t\t\t</div>\r\n\t\t</div>\r\n\r\n\t\t<div class=\"col-md-3 col-6\">\r\n\t\t\t<div class=\"overalsec\">\r\n\t\t\t\t<i class=\"fa fa-star-o\" aria-hidden=\"true\"></i>\r\n\t\t\t\t<div class=\"icontitle pt-4\">\r\n\t\t\t\t\t<p>648</p>\r\n\t\t\t\t\t<p>project coplete</p>\r\n\t\t\t\t</div>\r\n\t\t\t</div>\r\n\t\t</div>\r\n\r\n\t\t<div class=\"col-md-3 col-6\">\r\n\t\t\t<div class=\"overalsec\">\r\n\t\t\t\t<i class=\"fa fa-heart-o\" aria-hidden=\"true\"></i>\r\n\t\t\t\t<div class=\"icontitle pt-4\">\r\n\t\t\t\t\t<p>648</p>\r\n\t\t\t\t\t<p>project coplete</p>\r\n\t\t\t\t</div>\r\n\t\t\t</div>\r\n\t\t</div>\r\n\t</div>\r\n</div>\r\n\r\n\r\n\t<script src=\"https://code.jquery.com/jquery-3.5.1.min.js\"></script>\r\n\t<script src=\"https://cdnjs.cloudflare.com/ajax/libs/popper.js/1.12.9/umd/popper.min.js\"></script>\r\n\t<script src=\"https://maxcdn.bootstrapcdn.com/bootstrap/4.0.0/js/bootstrap.min.js\"></script>\r\n\t<script>\r\n\t\t// $(#act).click(fanction(){\r\n\t\t// \t$(#at).addclass('active')\r\n\t\t// });\r\n// \t\tvar i = 0;\r\n// \t\tfunction move() {\r\n// \t\t  if (i == 0) {\r\n// \t\t    i = 1;\r\n// \t\t    var bar = document.getElementById(\"bar\");\r\n// \t\t    var width = 10;\r\n// \t\t    var id = setInterval(frame, 10);\r\n// \t\t    function frame() {\r\n// \t\t      if (width >= 100) {\r\n// \t\t        clearInterval(id);\r\n// \t\t        i = 0;\r\n// \t\t      } else {\r\n// \t\t        width++;\r\n// \t\t        elem.style.width = width + \"%\";\r\n// \t\t        elem.innerHTML = width + \"%\";\r\n//       }\r\n//     }\r\n//   }\r\n// }\r\n\r\n\t</script>\r\n</body>\r\n</html>",
    "YaraRule": [
        "db_connection"
    ]
}