{
    "scrape_url": "https://scrape.pastebin.com/api_scrape_item.php?i=0STp3jM2",
    "full_url": "https://pastebin.com/0STp3jM2",
    "date": "1594389537",
    "key": "0STp3jM2",
    "size": 1269,
    "expire": "1594475937",
    "title": "",
    "syntax": "c",
    "user": "",
    "filename": "0STp3jM2",
    "pasteid": "0STp3jM2",
    "pastesite": "pastebin.com",
    "@timestamp": "2020-07-10T13:58:57",
    "MD5": "18c790c908b3c81577fb4696e5a6dcbc",
    "SHA256": "9859a4fa0117f32c88ced01db09efbba30beb2da6c5e1576e9b1f7cdc290c4c9",
    "raw_paste": "#include<stdio.h>\r\n#include<pthread.h>\r\n#include<stdlib.h>\r\n\r\n#define MAX_RESOURCES 5\r\nint available_resources = MAX_RESOURCES;\r\n\r\n\r\npthread_mutex_t lock;\r\n\r\n/* decrease available resources by count resources */\r\n/* return 0 if sufficient resources available, */\r\n/* otherwise return -1 */\r\nint decrease_count(int count)\r\n{\r\n  if (available_resources < count)\r\n    return -1;\r\n  else\r\n    {\r\n      pthread_mutex_lock(&lock);\r\n\r\n      available_resources -= count;\r\n      printf(\"Number of available resources is: %d \\n\", available_resources);\r\n\r\n      pthread_mutex_unlock(&lock);\r\n      pthread_exit(NULL);\r\n\r\n      return 0;\r\n    }\r\n}\r\n\r\n/* increase available resources by count */\r\nint increase_count(int count)\r\n{\r\n  pthread_mutex_lock(&lock);\r\n\r\n  available_resources += count;\r\n  printf(\"Number of available resources is: %d \\n\", available_resources);\r\n\r\n  pthread_mutex_unlock(&lock);\r\n  pthread_exit(NULL);\r\n  return 0;\r\n}\r\n\r\nvoid *inc()\r\n{\r\n  increase_count(available_resources);\r\n}\r\n\r\nvoid *dec()\r\n{\r\n  decrease_count(available_resources);\r\n}\r\n\r\n\r\nint main()\r\n{\r\nint n,i;\r\n  pthread_t thrd1;\r\n  pthread_t thrd2;\r\n  n=pthread_create(&thrd1,NULL,&dec,NULL);\r\n\tpthread_join(thrd1,NULL);\r\n  n=pthread_create(&thrd2,NULL,&inc,NULL);\r\n  pthread_join(thrd2,NULL);\r\n}",
    "YaraRule": [
        "enable_org23",
        "core_keywords"
    ]
}