{
    "scrape_url": "https://scrape.pastebin.com/api_scrape_item.php?i=1kTYbnGY",
    "full_url": "https://pastebin.com/1kTYbnGY",
    "date": "1594394106",
    "key": "1kTYbnGY",
    "size": 5502,
    "expire": "0",
    "title": "dsfdgfhjk",
    "syntax": "json",
    "user": "Khalifff",
    "filename": "1kTYbnGY",
    "pasteid": "1kTYbnGY",
    "pastesite": "pastebin.com",
    "@timestamp": "2020-07-10T15:15:06",
    "MD5": "2a71e15afe5363c0d4d2c6bd35f76767",
    "SHA256": "fb58f60b3a8e70e221f810b6c007b308476cd48dbdd0e588be3acf2b4b62dfb3",
    "raw_paste": "{\r\n\r\n  \"More\":\r\n  [\r\n    {\r\n      \"id\":1,\r\n      \"judul\":\"ZOOM Cloud Meetings\",\r\n      \"image\":\"https://lh3.googleusercontent.com/1DqxbUca62LmV1ehZirHGWYBef9Jrtl3DhZ4m6YBnWCUX-XNr3lcnYKb31R-7ukpKAw=s180-rw\",\r\n      \"link\":\"https://play.google.com/store/apps/details?id=us.zoom.videomeetings\"\r\n    }\r\n    \r\n  ],\r\n\r\n\r\n  \"Categories\": [\r\n    {\r\n      \"id\": 1,\r\n      \"nama_cat\": \"Guide for Zoom 1-5\",\r\n      \"gambar\": \"https://1.bp.blogspot.com/-mrtSD1sqlAo/XwMpwlp4ysI/AAAAAAAAA3g/DTxvs0peXl8ypO2ZL-qAtxSDK9su9seUQCLcBGAsYHQ/s1600/1.png\"\r\n\r\n    },\r\n    {\r\n      \"id\": 2,\r\n      \"nama_cat\": \"Guide for Zoom 6-10\",\r\n      \"gambar\": \"https://1.bp.blogspot.com/-BCz9XCNtUEk/XwMrdNDZiXI/AAAAAAAAA4Y/nQC1KKmOHIIXfYJtkYHiCtAglE7QaimMgCLcBGAsYHQ/s1600/6.png\"\r\n\r\n    }\r\n\r\n  ],\r\n\r\n  \"Data\":\r\n  [\r\n\r\n   {\r\n      \"id\":1,\r\n      \"id_guide\":\"001\",\r\n      \"nama_cat\":\"Guide for Zoom 6-10\",\r\n      \"judul\":\"Guide 10\",\r\n      \"image\":\"https://1.bp.blogspot.com/-h4y9zRzwYYA/XwMvxGqqjwI/AAAAAAAAA5Q/5Ja1RV6hRPwu8_7LmMbySY48xqYKQS4owCLcBGAsYHQ/s1600/10.png\",\r\n      \"link\":\"https://effortlessenglish001.blogspot.com/2020/07/guide-10.html\",\r\n      \"deskripsi\":\"10 tips and tricks for Zoom\"\r\n    },\r\n    {\r\n      \"id\":2,\r\n      \"id_guide\":\"002\",\r\n      \"nama_cat\":\"Guide for Zoom 6-10\",\r\n      \"judul\":\"Guide 9\",\r\n      \"image\":\"https://1.bp.blogspot.com/-CiOs0OWLd4U/XwMsInBGHZI/AAAAAAAAA40/7vom4fgtL9s2LMJ3LRWyG25LDLiS_aZOwCLcBGAsYHQ/s1600/9.png\",\r\n      \"link\":\"https://effortlessenglish001.blogspot.com/2020/06/guide-9.html\",\r\n      \"deskripsi\":\"Invest in a quality webcam and speaker and microphone headset. These provide better video and audio than your computer built-in system.\"\r\n    },\r\n    {\r\n      \"id\":3,\r\n      \"id_guide\":\"003\",\r\n      \"nama_cat\":\"Guide for Zoom 6-10\",\r\n      \"judul\":\"Guide 8\",\r\n      \"image\":\"https://1.bp.blogspot.com/-FUFNBOUXBYU/XwMr1lmO0WI/AAAAAAAAA4o/6RsuYyERK5Uh8ZscI2DsxOtySCC1vTK4gCLcBGAsYHQ/s1600/8.png\",\r\n      \"link\":\"https://effortlessenglish001.blogspot.com/2020/06/guide-8.html\",\r\n      \"deskripsi\":\"Once you have started or joining a meeting, you can perform the following actions from the menu bar located at the bottom of the meeting window.\"\r\n    },\r\n\r\n    {\r\n      \"id\":4,\r\n      \"id_guide\":\"004\",\r\n      \"nama_cat\":\"Guide for Zoom 6-10\",\r\n      \"judul\":\"Guide 7\",\r\n      \"image\":\"https://1.bp.blogspot.com/-x27Yu0Jg4zU/XwMroqkX7EI/AAAAAAAAA4g/HFOk9j62hOAZy9oAp--l_MzuQSLoNJV7QCLcBGAsYHQ/s1600/7.png\",\r\n      \"link\":\"https://effortlessenglish001.blogspot.com/2020/06/guide-7.html\",\r\n      \"deskripsi\":\"You can find the Settings tab in the main dialog box or in the meeting menu bar.\"\r\n    },\r\n\r\n    {\r\n      \"id\":5,\r\n      \"id_guide\":\"005\",\r\n      \"nama_cat\":\"Guide for Zoom 6-10\",\r\n      \"judul\":\"Guide 6\",\r\n      \"image\":\"https://1.bp.blogspot.com/-BCz9XCNtUEk/XwMrdNDZiXI/AAAAAAAAA4Y/nQC1KKmOHIIXfYJtkYHiCtAglE7QaimMgCLcBGAsYHQ/s1600/6.png\",\r\n      \"link\":\"https://effortlessenglish001.blogspot.com/2020/06/guide-6.html\",\r\n      \"deskripsi\":\"Once you have logged in, you will see the main dialog box as shown below. The default tab is Home.\"\r\n    },\r\n\r\n    {\r\n      \"id\":6,\r\n      \"id_guide\":\"006\",\r\n      \"nama_cat\":\"Guide for Zoom 1-5\",\r\n      \"judul\":\"Guide 5\",\r\n      \"image\":\"https://1.bp.blogspot.com/-470o3HWELns/XwMrHVk1fLI/AAAAAAAAA4M/4p3Nb9-tXqU0gSVIcweVeGryWBYlIsPPwCLcBGAsYHQ/s1600/5.png\",\r\n      \"link\":\"https://effortlessenglish001.blogspot.com/2020/06/guide-5.html\",\r\n      \"deskripsi\":\"To log in, you can use the email and password that you have created, or use Google (Gmail or Google App) or Facebook account.\"\r\n    },\r\n\r\n    {\r\n      \"id\":7,\r\n      \"id_guide\":\"007\",\r\n      \"nama_cat\":\"Guide for Zoom 1-5\",\r\n      \"judul\":\"Guide 4\",\r\n      \"image\":\"https://1.bp.blogspot.com/-SjNTAFKKYcc/XwMqgVPmElI/AAAAAAAAA30/Gqs5qo7KlMo018oSMkdVQ6YkYTMVz68sACLcBGAsYHQ/s1600/4.png\",\r\n      \"link\":\"https://effortlessenglish001.blogspot.com/2020/06/guide-4.html\",\r\n      \"deskripsi\":\"After you launch the app, you have two options. You can join a meeting, or Host a meeting.\"\r\n    },\r\n\r\n    {\r\n      \"id\":8,\r\n      \"id_guide\":\"008\",\r\n      \"nama_cat\":\"Guide for Zoom 1-5\",\r\n      \"judul\":\"Guide 3\",\r\n      \"image\":\"https://1.bp.blogspot.com/-iMusp5ktgUc/XwMqS5SmqhI/AAAAAAAAA3s/renj0_4lAesPxkWKWiFBnlZSqajzWvmtACLcBGAsYHQ/s1600/3.png\",\r\n      \"link\":\"https://effortlessenglish001.blogspot.com/2020/06/guide-3.html\",\r\n      \"deskripsi\":\"Once you have signed up or logged in, click on Host a Meeting, the desktop app will auto-download.\"\r\n    },\r\n\r\n    {\r\n      \"id\":9,\r\n      \"id_guide\":\"009\",\r\n      \"nama_cat\":\"Guide for Zoom 1-5\",\r\n      \"judul\":\"Guide 2\",\r\n      \"image\":\"https://1.bp.blogspot.com/-rGBye8JUG4E/XwMqEZWZqPI/AAAAAAAAA3o/e06py5yCVnMbh-7vuHU4f6dDT9KT9fUPwCLcBGAsYHQ/s1600/2.png\",\r\n      \"link\":\"https://effortlessenglish001.blogspot.com/2020/06/guide-2.html\",\r\n      \"deskripsi\":\"To begin, simply go to website and click on Sign up. From there you can enter your first and last name, and your e-mail address to sign up.\"\r\n    },\r\n\r\n    {\r\n      \"id\":10,\r\n      \"id_guide\":\"010\",\r\n      \"nama_cat\":\"Guide for Zoom 1-5\",\r\n      \"judul\":\"Guide 1\",\r\n      \"image\":\"https://1.bp.blogspot.com/-mrtSD1sqlAo/XwMpwlp4ysI/AAAAAAAAA3g/DTxvs0peXl8ypO2ZL-qAtxSDK9su9seUQCLcBGAsYHQ/s1600/1.png\",\r\n      \"link\":\"https://effortlessenglish001.blogspot.com/2020/06/guide-1.html\",\r\n      \"deskripsi\":\"Zoom is a cloud-based video communications app that allows you to set up virtual video and audio conferencing, webinars, live chats, screen-sharing.\"\r\n    }\r\n\r\n\r\n  ]\r\n}",
    "YaraRule": [
        "enable_org32",
        "core_keywords"
    ]
}