{
    "scrape_url": "https://scrape.pastebin.com/api_scrape_item.php?i=1LkKpq4c",
    "full_url": "https://pastebin.com/1LkKpq4c",
    "date": "1594383752",
    "key": "1LkKpq4c",
    "size": 2881,
    "expire": "0",
    "title": "CV",
    "syntax": "javascript",
    "user": "",
    "filename": "1LkKpq4c",
    "pasteid": "1LkKpq4c",
    "pastesite": "pastebin.com",
    "@timestamp": "2020-07-10T12:22:32",
    "MD5": "dd5433100e76e9fa7e124c9db57ca7a9",
    "SHA256": "1f29e1554d9e3f1b60358a4600cb3311a3ec01550b490a2d56a0302034af1e0c",
    "raw_paste": "const http = require(\"http\");\r\nconst express = require(\"express\");\r\nconst app = express();\r\napp.get(\"/\", (request, response) => {\r\n  response.sendStatus(200);\r\n});\r\napp.listen(process.env.PORT);\r\nsetInterval(() => {\r\n  http.get(`http://mardenboh.glitch.me/`);\r\n}, 280000);\r\nrequire(\"events\").EventEmitter.defaultMaxListeners = 100;\r\nconst { Client, RichEmbed } = require(\"discord.js\");\r\nvar { Util } = require(\"discord.js\");\r\nconst { prefix } = require(\"./config\");\r\nconst client = new Client({ disableEveryone: true });\r\nconst ytdl = require(\"ytdl-core\");\r\nconst canvas = require(\"canvas\");\r\nconst Canvas = require(\"canvas\");\r\nconst convert = require(\"hh-mm-ss\");\r\nconst fetchVideoInfo = require(\"youtube-info\");\r\nconst botversion = require(\"./package.json\").version;\r\nconst simpleytapi = require(\"simple-youtube-api\");\r\nconst moment = require(\"moment\");\r\nconst fs = require(\"fs\");\r\nconst util = require(\"util\");\r\nconst gif = require(\"gif-search\");\r\nconst opus = require(\"node-opus\");\r\nconst ms = require(\"ms\");\r\nconst jimp = require(\"jimp\");\r\nconst { get } = require(\"node-fetch\");\r\nconst guild = require(\"guild\");\r\nconst dateFormat = require(\"dateformat\");\r\nconst YouTube = require(\"simple-youtube-api\");\r\nconst youtube = new YouTube(\"AIzaSyB9t_lGDBP2hRbitn273954zOY2r6DlFCk\");\r\nconst hastebins = require(\"hastebin-gen\");\r\nconst getYoutubeID = require(\"get-youtube-id\");\r\nconst yt_api_key = \"AIzaSyDeoIH0u1e72AtfpwSKKOSy3IPp2UHzqi4\";\r\nconst pretty = require(\"pretty-ms\");\r\nclient.login(process.env.BOT_TOKEN);\r\nconst queue = new Map();\r\nvar table = require(\"table\").table;\r\nconst Discord = require(\"discord.js\");\r\nclient.on(\"ready\", () => {\r\n  console.log(`Logged in as ${client.user.tag}!`);\r\nclient.user.setGame('hi')\r\n\r\n\r\n});\r\n\r\n\r\n///CODE BY / ERROR|GARILA///\r\n\r\n/// CODE CV ///\r\nclient.on(\"message\", GARILA => {\r\n  if (GARILA.content.startsWith(\"*cv\")) {\r\n  \r\n    const embed = new Discord.RichEmbed()\r\n      .setThumbnail(///CODE BY / ERROR|GARILA///\r\n      \r\n        \"https://cdn.discordapp.com/attachments/730503457710014518/730505761045872640/image0.gif\"\r\n      )\r\n\r\n      .setImage(///CODE BY / ERROR|GARILA///\r\n        \"https://cdn.discordapp.com/attachments/730503457710014518/730505761045872640/image0.gif\"\r\n      )\r\n.setFooter(GARILA.author.username, GARILA.author.avatarURL)\r\n\r\n\r\n    .setTitle(\"ERROR|404\")\r\n\r\n    \r\n    \r\n    .addField(\"**\ud835\udc0d\ud835\udc22\ud835\udc1c\ud835\udc0d\ud835\udc1a\ud835\udc26\ud835\udc1e:**\", `> **ERROR|GARILA** `)\r\n   \r\n    \r\n    \r\n    .addField(\"**\ud835\udc00\ud835\udc20\ud835\udc1e :**\", `> **17** `)///CODE BY / ERROR|GARILA///\r\n   \r\n    \r\n\r\n    .addField(\"**\ud835\udc11\ud835\udc28\ud835\udc25\ud835\udc1e :**\", `> **STAFF**`)\r\n\r\n \r\n    .addField(\"**\ud835\udc05\ud835\udc2b\ud835\udc28\ud835\udc26:**\", `> **KURDSTAN**`)///CODE BY / ERROR|GARILA///\r\n\r\n\r\n    .addField(\"**\ud835\udc0b\ud835\udc22\ud835\udc2f\ud835\udc1e\ud835\udc2c:**\", `> **RANYA**`)\r\n\r\n\r\n    .addField(\"**\ud835\udc0f\ud835\udc2e\ud835\udc1b\ud835\udc20 \ud835\udc08\ud835\udc1d:**\", `> **0000000000**`)\r\n\r\n \r\n    .addField(\"**\ud835\udc03\ud835\udc1e\ud835\udc2f\ud835\udc22\ud835\udc1c\ud835\udc1e :**\", `> **iphone 6 & pc**`)\r\n\r\n\r\n    .setColor(\"black\");\r\n\r\n    GARILA.channel.send({ embed });\r\n  }\r\n});\r\n\r\n\r\nclient.login('token');",
    "YaraRule": [
        "google_api"
    ]
}