{
    "scrape_url": "https://scrape.pastebin.com/api_scrape_item.php?i=3Q8VXS3Q",
    "full_url": "https://pastebin.com/3Q8VXS3Q",
    "date": "1594321368",
    "key": "3Q8VXS3Q",
    "size": 3913,
    "expire": "1594926168",
    "title": "gnl.c",
    "syntax": "c",
    "user": "",
    "filename": "3Q8VXS3Q",
    "pasteid": "3Q8VXS3Q",
    "pastesite": "pastebin.com",
    "@timestamp": "2020-07-09T19:02:48",
    "MD5": "e573eec9b168fc733fcb6113c5a64c04",
    "SHA256": "21e7b1d4a56ce93c67c16c40da026d3008c8fc977cfc41b1ed12e1b5079bc916",
    "raw_paste": "/* ************************************************************************** */\r\n/*                                                                            */\r\n/*                                                        :::      ::::::::   */\r\n/*   get_next_line.c                                    :+:      :+:    :+:   */\r\n/*                                                    +:+ +:+         +:+     */\r\n/*   By: cmyrtle <cmyrtle@student.21-school.ru>     +#+  +:+       +#+        */\r\n/*                                                +#+#+#+#+#+   +#+           */\r\n/*   Created: 2020/07/07 12:02:01 by cmyrtle           #+#    #+#             */\r\n/*   Updated: 2020/07/09 21:41:15 by denis            ###   ########.fr       */\r\n/*                                                                            */\r\n/* ************************************************************************** */\r\n\r\n\r\n\r\n#include \"get_next_line.h\"\r\n\r\n/**\r\n **\tFunction cut_rest is not only cutting. Its searching for \\n and\r\n **\r\n ** Returns -1 if \\n not found.\r\n ** Return 0 if \\n founded.\r\n ** And return 1 if founded but stiil not empty.\r\n **\r\n **/\r\nstatic int \tcut_rest(char **line, char **rest)\r\n{\r\n \tint\t\tn_pos;\r\n \tchar\t*tmp;\r\n \tchar\t*tmp_line;\r\n\r\n \ttmp = *rest;\r\n \tif ((n_pos = ft_findn(*rest)) > 0)\r\n\t{\r\n \t\t(*rest)[n_pos] = '\\0';\r\n \t\ttmp_line = *line;\r\n\t\t*line = ft_strjoin(*line, *rest);\r\n\t\tfree(tmp_line);\r\n\t\t*rest = ft_strdup(*rest + n_pos + 1);\r\n\t\tfree(tmp);\r\n\t\ttmp = NULL;\r\n\t\treturn (1);\r\n\t}\r\n\telse if (n_pos < 0)\t\t//  If N not found in rest\r\n\t{\r\n\t\t*line = ft_strjoin(*line, *rest);\r\n\t\tfree(tmp);\r\n\t\ttmp = NULL;\r\n\t\t*rest = NULL;\r\n\t\treturn (-1);\r\n\t}\r\n \telse if (n_pos == 0)\r\n\t{\r\n\t\t*rest = ft_strdup(*rest + 1);\r\n\t\tfree(tmp);\r\n\t\ttmp = NULL;\r\n\t\treturn (1);\r\n\t}\r\n \treturn (1);\r\n}\r\n/**\r\n **\tFunction re_buff is Analysing buffer for '\\n'.\r\n ** If \\n in buff\r\n ** RETURN VALUE 1=found, 0=not_found\r\n **\r\n **/\r\nstatic int re_buff(char **line, char *buff, char **rest)\r\n{\r\n\tsize_t \t\tn_pos;\r\n\tchar \t\t*tmp;\r\n\r\n\tif ((ft_strlen(buff)) > (n_pos = ft_findn(buff)))\r\n\t{\r\n\t\tbuff[n_pos] = '\\0';\r\n\t\ttmp = *line;\r\n\t\t*line = ft_strjoin(*line, buff);\r\n\t\tfree(tmp);\r\n\t\ttmp = *rest;\r\n\t\t*rest = ft_strdup(buff + n_pos + 1);\r\n\t\tfree(tmp);\r\n\t\treturn (1);\r\n\t}\r\n\telse if ((n_pos = ft_findn(buff)) == 0) // need to move upper\r\n\t{\r\n\t\ttmp = *line;\r\n\t\t*line = ft_strjoin(*line, buff);\r\n\t\tfree(tmp);\r\n\t\treturn (-1);\r\n\t}\r\n\treturn (0);\r\n}\r\n/*\r\n** READ RETURN VALUE\r\n**      On success, the number of bytes\r\n**      zero indicates end of file and the file position is advanced\r\n**      by this number.  It is not an error if this number is smaller than\r\n**      the  number  of  bytes  requested;\r\n**\r\n**      On error, -1 is returned, and errno  is  set  appropriately.   In  this\r\n**     case,  it  is  left  unspecified  whether  the  file  position (if any)\r\n**    changes.\r\n**\r\n** GNL RETURN VALUE\r\n** \t\t-1\tAn error happened\r\n** \t\t 0 : EOF has been reached\r\n** \t\t 1 : A line has been read\r\n**\r\n**/\r\nint\t\t\tget_next_line(int fd, char **line)\r\n{\r\n\tchar\t\t\t*p_buff;\r\n\tssize_t\t\t\tbts_rd;\r\n\tstatic char \t*s_rest;\r\n\tchar \t\t\t*tmp;\r\n\r\n\r\n\tif (fd < 0 || BUFFER_SIZE < 1 || !line)\r\n\t\treturn (-1);\r\n\tif (!(p_buff = (char *)malloc(sizeof(char) * BUFFER_SIZE + 1)))\r\n\t\treturn (-1);\r\n\tif (!(*line = ft_strdup(\"\")))\r\n\t\treturn (-1);\r\n\tif (s_rest && *s_rest != '\\0')\r\n\t{\r\n\t\t\tif (cut_rest(line, &s_rest) == 1)\r\n\t\t\t{\r\n\t\t\t\tfree(p_buff);\r\n\t\t\t\tp_buff = NULL;\r\n\t\t\t\treturn (1);\r\n\t\t\t}\r\n\t}\r\n\twhile ((bts_rd = read(fd, p_buff, BUFFER_SIZE)) > 0)\r\n\t{\r\n\t\tp_buff[bts_rd] = '\\0';\r\n\t\tif ((bts_rd = re_buff(line, p_buff, &s_rest)) == 1)\r\n\t\t{\r\n\t\t\tfree(p_buff);\r\n\t\t\tp_buff = NULL;\r\n\t\t\ttmp = NULL;\r\n\t\t\treturn (1);\r\n\t\t}\r\n\t\ttmp = *line;\r\n\t\t*line = ft_strjoin(*line, p_buff);\r\n\t\tfree(tmp);\r\n\t}\r\n\tfree(s_rest);\r\n\ts_rest = NULL;\r\n\tfree(p_buff);\r\n\tp_buff = NULL;\r\n\t//return (bts_rd < 0)? (-1) : (0);\r\n\tif (bts_rd < 0)\r\n\t{\r\n\t\tfree(*line);\r\n\t\t*line = NULL;\r\n\t\treturn (-1);\r\n\t}\r\n\treturn (0);\r\n}",
    "YaraRule": [
        "enable_org32",
        "core_keywords"
    ]
}