{
    "scrape_url": "https://scrape.pastebin.com/api_scrape_item.php?i=4VCKs35W",
    "full_url": "https://pastebin.com/4VCKs35W",
    "date": "1594231949",
    "key": "4VCKs35W",
    "size": 265,
    "expire": "0",
    "title": "chunk",
    "syntax": "lua",
    "user": "",
    "filename": "4VCKs35W",
    "pasteid": "4VCKs35W",
    "pastesite": "pastebin.com",
    "@timestamp": "2020-07-08T18:12:29",
    "MD5": "3baaed9eb0cbdc40a159eb993dae8e21",
    "SHA256": "b0030ab73301932cfed7a44c0ad0c4baf7e151b8c86810ac942df05f1d49834a",
    "raw_paste": "function f()\r\n  turtle.forward()\r\nend\r\nfunction pd()\r\n  turtle.placeDown()\r\nend\r\nfunction chunk()\r\n  for a=1,16 do \r\n    turtle.forward()\r\n  end\r\n  pd()\r\nend\r\nfunction set()\r\n  for a=1,64 do\r\n    chunk()\r\n  end\r\nend\r\nturtle.select(1)\r\nset()\r\nturtle.select(2)\r\nset()",
    "YaraRule": [
        "enable_org32",
        "core_keywords"
    ]
}