{
    "scrape_url": "https://scrape.pastebin.com/api_scrape_item.php?i=4YXmcknS",
    "full_url": "https://pastebin.com/4YXmcknS",
    "date": "1594314655",
    "key": "4YXmcknS",
    "size": 1812,
    "expire": "1594318255",
    "title": "Sql",
    "syntax": "sql",
    "user": "",
    "filename": "4YXmcknS",
    "pasteid": "4YXmcknS",
    "pastesite": "pastebin.com",
    "@timestamp": "2020-07-09T17:10:55",
    "MD5": "6eb688f953be100db260ef02ab269ddd",
    "SHA256": "646a6864389681c6f76fd4f6ce03b5d4248f645f17f8a9b7418fdb8719620d7c",
    "raw_paste": "-- phpMyAdmin SQL Dump\r\n-- version 5.0.2\r\n-- https://www.phpmyadmin.net/\r\n--\r\n-- H\u00f4te : localhost:3306\r\n-- G\u00e9n\u00e9r\u00e9 le : jeu. 09 juil. 2020 \u00e0 19:07\r\n-- Version du serveur :  10.0.38-MariaDB-0+deb8u1\r\n-- Version de PHP : 7.3.18\r\n\r\nSET SQL_MODE = \"NO_AUTO_VALUE_ON_ZERO\";\r\nSTART TRANSACTION;\r\nSET time_zone = \"+00:00\";\r\n\r\n--\r\n-- Base de donn\u00e9es : `samo_812Ik`\r\n--\r\n\r\n-- --------------------------------------------------------\r\n\r\n--\r\n-- Structure de la table `tblclients`\r\n--\r\n\r\nCREATE TABLE `tblclients` (\r\n  `id` int(11) NOT NULL,\r\n  `company` varchar(100) DEFAULT NULL,\r\n  `vat` varchar(50) DEFAULT NULL,\r\n  `phonenumber` varchar(30) DEFAULT NULL,\r\n  `country` int(11) NOT NULL DEFAULT '0',\r\n  `city` varchar(100) DEFAULT NULL,\r\n  `zip` varchar(15) DEFAULT NULL,\r\n  `state` varchar(50) DEFAULT NULL,\r\n  `address` varchar(100) DEFAULT NULL,\r\n  `website` varchar(150) DEFAULT NULL,\r\n  `datecreated` datetime NOT NULL,\r\n  `active` int(11) NOT NULL DEFAULT '1',\r\n  `leadid` int(11) DEFAULT NULL,\r\n  `billing_street` varchar(200) DEFAULT NULL,\r\n  `billing_city` varchar(100) DEFAULT NULL,\r\n  `billing_state` varchar(100) DEFAULT NULL,\r\n  `billing_zip` varchar(100) DEFAULT NULL,\r\n  `billing_country` int(11) DEFAULT '0',\r\n  `longitude` varchar(300) DEFAULT NULL,\r\n  `latitude` varchar(300) DEFAULT NULL,\r\n  `default_language` varchar(40) DEFAULT NULL,\r\n  `default_currency` int(11) NOT NULL DEFAULT '0',\r\n) ENGINE=MyISAM DEFAULT CHARSET=utf8;\r\n\r\n--\r\n-- Index pour les tables d\u00e9charg\u00e9es\r\n--\r\n\r\n--\r\n-- Index pour la table `tblclients`\r\n--\r\nALTER TABLE `tblclients`\r\n  ADD PRIMARY KEY (`id`),\r\n  ADD KEY `country` (`country`);\r\n\r\n--\r\n-- AUTO_INCREMENT pour les tables d\u00e9charg\u00e9es\r\n--\r\n\r\n--\r\n-- AUTO_INCREMENT pour la table `tblclients`\r\n--\r\nALTER TABLE `tblclients`\r\n  MODIFY `id` int(11) NOT NULL AUTO_INCREMENT;\r\nCOMMIT;",
    "YaraRule": [
        "db_structure"
    ]
}