{
    "scrape_url": "https://scrape.pastebin.com/api_scrape_item.php?i=62Hgx0gW",
    "full_url": "https://pastebin.com/62Hgx0gW",
    "date": "1594375799",
    "key": "62Hgx0gW",
    "size": 6185,
    "expire": "0",
    "title": "",
    "syntax": "glsl",
    "user": "",
    "filename": "62Hgx0gW",
    "pasteid": "62Hgx0gW",
    "pastesite": "pastebin.com",
    "@timestamp": "2020-07-10T10:09:59",
    "MD5": "69e10a15ea571c2cf80573d56b0a5bf1",
    "SHA256": "0ef4ff23f47c5c9ce4667137f413cbabcb31a2e78eba940a9dd145565c19fc6a",
    "raw_paste": "#version 450\r\n\r\nconst vec3 CAM_POS = vec3(-0.5, 1.2, 3.0);\r\n\r\nconst vec3 LIGHT_POSITIONS[4] = {\r\n    vec3(-10.0f,  10.0f, 10.0f),\r\n    vec3( 10.0f,  10.0f, 10.0f),\r\n    vec3(-10.0f, -10.0f, 10.0f),\r\n    vec3( 10.0f, -10.0f, 10.0f),\r\n};\r\n\r\nconst vec3 LIGHT_COLORS[4] = {\r\n    vec3(300.0f, 300.0f, 300.0f),\r\n    vec3(300.0f, 300.0f, 300.0f),\r\n    vec3(300.0f, 300.0f, 300.0f),\r\n    vec3(300.0f, 300.0f, 300.0f)\r\n};\r\n\r\nlayout(location = 0) in vec3 i_Pos;\r\nlayout(location = 1) in vec2 i_UV;\r\nlayout(location = 2) in vec3 i_Normal;\r\nlayout(location = 3) in vec3 i_Tangent;\r\nlayout(location = 4) in vec3 i_BiTangent;\r\nlayout(location = 0) out vec4 o_FragColor;\r\n\r\n// Material:\r\nlayout(set = 0, binding = 1) uniform sampler s_Sampler;\r\nlayout(set = 0, binding = 2) uniform texture2D t_AlbedoMap;\r\nlayout(set = 0, binding = 3) uniform texture2D t_NormalMap;\r\nlayout(set = 0, binding = 4) uniform texture2D t_MetallicMap;\r\nlayout(set = 0, binding = 5) uniform texture2D t_RoughnessMap;\r\nlayout(set = 0, binding = 6) uniform texture2D t_OcclusionMap;\r\n\r\n// IBL:\r\nlayout(set = 0, binding = 7) uniform textureCube t_IrradianceMap;\r\nlayout(set = 0, binding = 8) uniform textureCube t_PrefilterMap;\r\nlayout(set = 0, binding = 9) uniform texture2D t_BRDF_Lut;\r\n\r\nconst float PI = 3.14159265359;\r\nconst float MAX_REFLECTION_LOD = 4.0;\r\n\r\nfloat distributionGGX(vec3 N, vec3 H, float roughness) {\r\n    float a = roughness*roughness;\r\n    float a2 = a*a;\r\n    float NdotH = max(dot(N, H), 0.0);\r\n    float NdotH2 = NdotH*NdotH;\r\n\r\n    float nom   = a2;\r\n    float denom = (NdotH2 * (a2 - 1.0) + 1.0);\r\n    denom = PI * denom * denom;\r\n\r\n    return nom / denom;\r\n}\r\n\r\nfloat geometrySchlickGGX(float NdotV, float roughness) {\r\n    float r = (roughness + 1.0);\r\n    float k = (r*r) / 8.0;\r\n\r\n    float nom   = NdotV;\r\n    float denom = NdotV * (1.0 - k) + k;\r\n\r\n    return nom / denom;\r\n}\r\n\r\nfloat geometrySmith(vec3 N, vec3 V, vec3 L, float roughness) {\r\n    float NdotV = max(dot(N, V), 0.0);\r\n    float NdotL = max(dot(N, L), 0.0);\r\n    float ggx2 = geometrySchlickGGX(NdotV, roughness);\r\n    float ggx1 = geometrySchlickGGX(NdotL, roughness);\r\n\r\n    return ggx1 * ggx2;\r\n}\r\n\r\nvec3 fresnelSchlick(float cosTheta, vec3 F0) {\r\n    return F0 + (1.0 - F0) * pow(1.0 - cosTheta, 5.0);\r\n}\r\n\r\nvec3 fresnelSchlickRoughness(float cosTheta, vec3 F0, float roughness) {\r\n    return F0 + (max(vec3(1.0 - roughness), F0) - F0) * pow(1.0 - cosTheta, 5.0);\r\n}   \r\n\r\nvec3 getNormalFromMap() {\r\n    vec3 normal = texture(sampler2D(t_NormalMap, s_Sampler), i_UV).xyz * 2.0 - 1.0;\r\n    return normalize((normal.x * i_Tangent) + (normal.y * i_BiTangent) + (normal.z * i_Normal));\r\n}\r\n\r\nvoid main() {\r\n    // material properties\r\n    vec3 albedo = pow(texture(sampler2D(t_AlbedoMap, s_Sampler), i_UV).rgb, vec3(2.2));\r\n    float metallic = texture(sampler2D(t_MetallicMap, s_Sampler), i_UV).r;\r\n    float roughness = texture(sampler2D(t_RoughnessMap, s_Sampler), i_UV).r;\r\n    float ao = texture(sampler2D(t_OcclusionMap, s_Sampler), i_UV).r;\r\n       \r\n    // input lighting data\r\n    vec3 N = getNormalFromMap();\r\n    vec3 V = normalize(CAM_POS - i_Pos);\r\n    vec3 R = reflect(-V, N); \r\n\r\n    // calculate reflectance at normal incidence; if dia-electric (like plastic) use F0 \r\n    // of 0.04 and if it's a metal, use the albedo color as F0 (metallic workflow)    \r\n    vec3 F0 = vec3(0.04); \r\n    F0 = mix(F0, albedo, metallic);\r\n\r\n    // reflectance equation\r\n    vec3 Lo = vec3(0.0);\r\n    for(int i = 0; i < 4; ++i) \r\n    {\r\n        // calculate per-light radiance\r\n        vec3 L = normalize(LIGHT_POSITIONS[i] - i_Pos);\r\n        vec3 H = normalize(V + L);\r\n        float distance = length(LIGHT_POSITIONS[i] - i_Pos);\r\n        float attenuation = 1.0 / (distance * distance);\r\n        vec3 radiance = LIGHT_COLORS[i] * attenuation;\r\n\r\n        // Cook-Torrance BRDF\r\n        float NDF = distributionGGX(N, H, roughness);   \r\n        float G  = geometrySmith(N, V, L, roughness);    \r\n        vec3 F = fresnelSchlick(max(dot(H, V), 0.0), F0);        \r\n        \r\n        vec3 nominator    = NDF * G * F;\r\n        float denominator = 4 * max(dot(N, V), 0.0) * max(dot(N, L), 0.0) + 0.001; // 0.001 to prevent divide by zero.\r\n        vec3 specular = nominator / denominator;\r\n        \r\n         // kS is equal to Fresnel\r\n        vec3 kS = F;\r\n        // for energy conservation, the diffuse and specular light can't\r\n        // be above 1.0 (unless the surface emits light); to preserve this\r\n        // relationship the diffuse component (kD) should equal 1.0 - kS.\r\n        vec3 kD = vec3(1.0) - kS;\r\n        // multiply kD by the inverse metalness such that only non-metals \r\n        // have diffuse lighting, or a linear blend if partly metal (pure metals\r\n        // have no diffuse light).\r\n        kD *= 1.0 - metallic;\t                \r\n            \r\n        // scale light by NdotL\r\n        float NdotL = max(dot(N, L), 0.0);        \r\n\r\n        // add to outgoing radiance Lo\r\n        Lo += (kD * albedo / PI + specular) * radiance * NdotL; // note that we already multiplied the BRDF by the Fresnel (kS) so we won't multiply by kS again\r\n    }   \r\n    \r\n    // ambient lighting (we now use IBL as the ambient term)\r\n    vec3 F = fresnelSchlickRoughness(max(dot(N, V), 0.0), F0, roughness);\r\n    \r\n    vec3 kS = F;\r\n    vec3 kD = 1.0 - kS;\r\n    kD *= 1.0 - metallic;\t  \r\n    \r\n    vec3 irradiance = texture(samplerCube(t_IrradianceMap, s_Sampler), N).rgb;\r\n    vec3 diffuse      = irradiance * albedo;\r\n    \r\n    // sample both the pre-filter map and the BRDF lut and combine them together as per the Split-Sum approximation to get the IBL specular part.\r\n    vec3 prefilteredColor = textureLod(samplerCube(t_IrradianceMap, s_Sampler), R,  roughness * MAX_REFLECTION_LOD).rgb;    \r\n    vec2 brdf  = texture(sampler2D(t_BRDF_Lut, s_Sampler), vec2(max(dot(N, V), 0.0), roughness)).rg;\r\n    vec3 specular = prefilteredColor * (F * brdf.x + brdf.y);\r\n\r\n    vec3 ambient = (kD * diffuse + specular) * ao;\r\n    \r\n    vec3 color = ambient + Lo;\r\n\r\n    // HDR tonemapping\r\n    color = color / (color + vec3(1.0));\r\n    // gamma correct\r\n    color = pow(color, vec3(1.0/2.2)); \r\n\r\n    o_FragColor = vec4(color , 1.0);\r\n}",
    "YaraRule": [
        "enable_org32",
        "core_keywords"
    ]
}