{
    "scrape_url": "https://scrape.pastebin.com/api_scrape_item.php?i=6c1VihCa",
    "full_url": "https://pastebin.com/6c1VihCa",
    "date": "1594367518",
    "key": "6c1VihCa",
    "size": 2117,
    "expire": "0",
    "title": "SPL em.ea.com Acc",
    "syntax": "bash",
    "user": "TheSploit",
    "filename": "6c1VihCa",
    "pasteid": "6c1VihCa",
    "pastesite": "pastebin.com",
    "@timestamp": "2020-07-10T07:51:58",
    "MD5": "b5945371f5a65767990e60d651a6d25e",
    "SHA256": "b87faf778ecd0b1911fc0852d9337281f11677274ea9ded26ecd5da0d1c02382",
    "raw_paste": "==========================================================\r\nem.ea.com got uwu\r\nBy TheSploit :\")\r\n__________________________________________________________\r\nFindme on email indonesianweb1109@gmail.com\r\nhttps://www.youtube.com/channel/UCyNZMCmIT1lVxC0d1QUwqyA?view_as=subscriber\r\n==========================================================\r\n156103538@qq.com:135728 | 742\r\ngustjr401@nate.com:xodusdl1! | 1\r\nb.gtav@laposte.net:Portugal13 | 7\r\nbriansuen@netvigator.com:br33264 | 1\r\nmontagnon.isabelle@laposte.net:Houlala07 | 2\r\nisa07@laposte.net:Houlala07 | 2\r\n277724365@qq.com:miuraharuma2009 | 44\r\ntteniente@buckeye-express.com:anthony1 | 5\r\n396094743@qq.com:raymondangel100200! | 943\r\n461886781@qq.com:779109xiao | 40\r\n370723235@qq.com:6699_moon | 296\r\nmausi84@gmx.com:51.80.48 | 4\r\nwalker31@foxmail.com:S83p282a | 17\r\nvaamo@talktalk.net:fvaamonde | 35\r\nhorst.ehlert@alice-dsl.net:Fabian24 | 1\r\nwutodi@21cn.net:50n9zhan | 42\r\nneskouwik@laposte.net:Lucas59440 | 17\r\nanaluciassales@ig.com.br:2411tayn | 1\r\njkdl@ig.com.br:danoninho | 1\r\n316861986@qq.com:zyf951753 | 378\r\nalibarts@talktalk.net:7Football | 14\r\nmr.lolzor@bex.net:fish87 | 7\r\nyebiko@nate.com:snr102410 | 1\r\npxiang@fsyyy.com:px116116 | 77\r\ncarpentier.v@laposte.net:Vince2606 | 3\r\ngarrygeorge@talktalk.net:nemesis | 132\r\nlokeshca@bol.net.in:webmail2980 | 1\r\ngregbailey@bex.net:Greg933! | 7\r\ncruzeiroachefacil@uol.com.br:clw1610 | 5\r\nemnetherton@twc.com:emily1998 | 3\r\nevwilt@bex.net:goalie2 | 3\r\ncharles.morgado@laposte.net:Connard92 | 2\r\n381505937@qq.com:tompson1991 | 984\r\n157647716@qq.com:apollo789 | 16\r\nclaudio.mm@ig.com.br:51mogi73 | 1\r\nlb2000@talktalk.net:Anneleise3 | 6\r\ncmrosa@ig.com.br:22maio00 | 1\r\ngsarge@talktalk.net:yamred46 | 32\r\nsergiocarvalho2000@ig.com.br:saojorge123 | 8\r\nguminghu2179@vip.qq.com:19920805Gmh | 93\r\ncruelspecies@dsl.pipex.com:R3b3cca | 1\r\nhlavin@xtratyme.com:Hunter123zxc | 3\r\ngil.ap@uol.com.br:bola-12 | 1\r\ntyler@twc.com:tyler123 | 2\r\ntony.christian1@ntlworld.com:Calender1 | 1\r\nwitwitwitwit@qq.com:xilu1986 | 37\r\nj.ego@laposte.net:Justine120802 | 3\r\ngeorgeleggatt@talktalk.net:turboslug61 | 15\r\nm27bpope@twc.com:bp626262 | 12",
    "YaraRule": [
        "email_list",
        "email_filter"
    ],
    "total_emails": 50,
    "unique_emails": 50,
    "unique_domains": 21
}