{
    "scrape_url": "https://scrape.pastebin.com/api_scrape_item.php?i=6E2vmakg",
    "full_url": "https://pastebin.com/6E2vmakg",
    "date": "1594369904",
    "key": "6E2vmakg",
    "size": 594,
    "expire": "0",
    "title": "",
    "syntax": "python",
    "user": "",
    "filename": "6E2vmakg",
    "pasteid": "6E2vmakg",
    "pastesite": "pastebin.com",
    "@timestamp": "2020-07-10T08:31:44",
    "MD5": "248bf28ad14e3d31ad0be46df14cefef",
    "SHA256": "a081856651548060edf488046fb4f78c4cb070a06f97510c90ae5aad787b048d",
    "raw_paste": "from reportlab.pdfgen import canvas\r\n\r\ndataSiswa = {\r\n\t\"nama\" : \"Marvin\",\r\n\t\"kelas\" : \"VII-1\",\r\n\t\"laporan\" : \"Rapor Kelas 7 Semester 2\"\r\n}\r\n\r\nclass Data:\r\n\r\n\tdef __init__(self,filename, documentTitle, heading):\r\n\t\tself.filename = filename\r\n\t\tself.documentTitle = documentTitle\r\n\t\tself.heading = heading\r\n\r\nmyData = Data(str(dataSiswa['nama'] + dataSiswa['kelas'] + \".pdf\"), \"Hasil Ujian\", dataSiswa['laporan'])\r\nmyPdf = canvas.Canvas(myData.filename)\r\nmyPdf.setTitle(myData.documentTitle)\r\n\r\n#PRINT ON PAPER\r\nmyPdf.drawString(225, 750, myData.heading) #x,y,heading\r\n\r\nmyPdf.save()\r\n#print(\"OK\")",
    "YaraRule": [
        "enable_org32",
        "core_keywords"
    ]
}