{
    "scrape_url": "https://scrape.pastebin.com/api_scrape_item.php?i=7ZMgaiFX",
    "full_url": "https://pastebin.com/7ZMgaiFX",
    "date": "1594394523",
    "key": "7ZMgaiFX",
    "size": 2171,
    "expire": "1625930523",
    "title": "db 4.1, S. 87",
    "syntax": "sql",
    "user": "",
    "filename": "7ZMgaiFX",
    "pasteid": "7ZMgaiFX",
    "pastesite": "pastebin.com",
    "@timestamp": "2020-07-10T15:22:03",
    "MD5": "7f6b4208a9606bd5550f4ab78e1bda95",
    "SHA256": "3ea75ba6d1533f3768e3489eda1045df7b40538029ce0a515f5c2dedd0ffd2fe",
    "raw_paste": "\r\n\r\n\r\nCREATE TABLE Abt(anr VARCHAR(30), aname VARCHAR(30), ort VARCHAR(30), PRIMARY KEY(anr));\r\nCREATE TABLE Pers(pnr INTEGER, pname VARCHAR(30), jahrg INTEGER, eindat DATE, gehalt FLOAT, beruf VARCHAR(30), anr VARCHAR(30), vnr INTEGER, PRIMARY KEY(pnr), FOREIGN KEY(anr) REFERENCES Abt(anr));\r\n\r\nINSERT INTO Abt(anr, aname, ort) VALUES ('K51', 'Entwicklung', 'Erlangen');\r\nINSERT INTO Abt(anr, aname, ort) VALUES ('K53', 'Buchh', 'Nurnberg');\r\nINSERT INTO Abt(anr, aname, ort) VALUES ('K55', 'Personal', 'Nurnberg');\r\n\r\nSELECT * FROM Abt;\r\n\r\nINSERT INTO Pers(pnr, pname, jahrg, eindat, gehalt, beruf, anr, vnr) VALUES (406, 'Coy', 1950, to_date('01.03.86', 'DD.MM.YY'), 80000, 'Kaufmann', 'K55', 123);\r\nINSERT INTO Pers(pnr, pname, jahrg, eindat, gehalt, beruf, anr, vnr) VALUES (123, 'Muller', 1958, to_date('01.09.80', 'DD.MM.YY'), 68000, 'Programmierer', 'K51', NULL);\r\nINSERT INTO Pers(pnr, pname, jahrg, eindat, gehalt, beruf, anr, vnr) VALUES (829, 'Schmidt', 1960, to_date('01.06.90', 'DD.MM.YY'), 74000, 'Kaufmann', 'K53', 123);\r\nINSERT INTO Pers(pnr, pname, jahrg, eindat, gehalt, beruf, anr, vnr) VALUES (874, 'Abel', NULL, to_date('01.05.94', 'DD.MM.YY'), 62000, 'Softwarentwickler', 'K55', 829);\r\nINSERT INTO Pers(pnr, pname, jahrg, eindat, gehalt, beruf, anr, vnr) VALUES (503, 'Junghaus', 1975, NULL, 55000, 'Programmierer', 'K51', 123);\r\n\r\nSELECT * FROM Pers;\r\n\r\n-- F. 4.1, S. 87\r\n\r\n\r\nSELECT pnr, Pers.pname\r\nFROM Pers\r\nWHERE jahrg >= 1960 AND jahrg <= 1970;\r\n\r\nSELECT distinct p.gehalt, p.pname\r\nFROM Pers p, Abt a\r\nWHERE p.anr = a.anr AND a.ort = 'Nurnberg';\r\n\r\nSELECT DISTINCT ort\r\nFROM Pers, Abt\r\nWHERE Pers.anr = Abt.anr AND beruf = 'Programmierer';\r\n\r\nSELECT *\r\nFROM Pers p1, Pers p2\r\nWHERE (p1.vnr = NULL AND p2.vnr != NULL) AND p1.jahrg < p2.jahrg;\r\n\r\nSELECT c.pnr, c.pname\r\nFROM Pers p, Pers c\r\nWHERE p.pnr = c.vnr AND c.jahrg > p.jahrg;\r\n\r\n\r\nSELECT *\r\nFROM Pers\r\nWHERE vnr = NULL;\r\n\r\nSELECT pname, COUNT(pnr)\r\nFROM Pers\r\nGROUP BY anr\r\nHAVING pname = 'Muller';\r\n\r\nSelect count(*)\r\nFrom pers p\r\nwhere p.pname not in (Select c.pname From pers c Where c.pname = 'Muller'); \r\n\r\nSELECT anr, COUNT(pnr)\r\nFROM Pers\r\nGROUP BY anr\r\nHAVING COUNT(pnr) > 10;",
    "YaraRule": [
        "db_structure"
    ]
}