{
    "scrape_url": "https://scrape.pastebin.com/api_scrape_item.php?i=9hnTFRWL",
    "full_url": "https://pastebin.com/9hnTFRWL",
    "date": "1594234189",
    "key": "9hnTFRWL",
    "size": 1457,
    "expire": "0",
    "title": "",
    "syntax": "javascript",
    "user": "",
    "filename": "9hnTFRWL",
    "pasteid": "9hnTFRWL",
    "pastesite": "pastebin.com",
    "@timestamp": "2020-07-08T18:49:49",
    "MD5": "7807ea2c267282d0ed755763a7d7c64c",
    "SHA256": "8ff18720ab955239374dc842d99f1d65879d44eb7f73a0c5f907cceb4823c871",
    "raw_paste": "// ==UserScript==\r\n// @name         Captcha alert\r\n// @namespace    http://tampermonkey.net/\r\n// @version      1.0\r\n// @description  try to take over the world!\r\n// @author       Old Mavano\r\n// @match        http://*.margonem.pl/\r\n// @grant        none\r\n// ==/UserScript==\r\n\r\nlet $inter=setInterval(waitForCaptcha,1000)\r\n\r\n\r\n\r\nfunction discord(webHookUrl) {\r\n    $.ajax({\r\n        url: webHookUrl,\r\n        type: \"POST\",\r\n        data: JSON.stringify({\r\n            username: hero.nick.toUpperCase(),\r\n            avatar_url: \"http://cdn140.picsart.com/276105687034201.jpg\",\r\n            content: \"**UWAGA** zagadka pojawi si\u0119 za oko\u0142o minut\u0119 na postaci: **\"  +  hero.nick.toUpperCase() + \"** na \u015bwiecie: **\" + g.worldname.toUpperCase() + \"** @everyone\"\r\n        }),\r\n        contentType: \"application/json; charset=utf-8\",\r\n        dataType: \"json\",\r\n        async: !1\r\n    })\r\n}\r\n\r\nfunction waitForCaptcha()\r\n{\r\n    let captcha=document.querySelector(\".captcha-pre-info\");\r\n    if(captcha!==null){\r\n        discord(\"https://discordapp.com/api/webhooks/730487177963634709/GEJ09GaJQSUWFtOmyt1sEzusYkUW-SyHm1VJzyZdmeW4CAPujXaReB6xIQN9_JDIZN2s\");\r\n        clearInterval($inter);\r\n        $inter=setInterval(waitForCloseCaptcha,1000);\r\n    }\r\n}\r\n\r\nfunction waitForCloseCaptcha()\r\n{\r\n    let captcha=document.querySelector(\".captcha-pre-info\");\r\n    if(captcha===null){\r\n        clearInterval($inter);\r\n        $inter=setInterval(waitForCaptcha,1000);\r\n    }\r\n}",
    "YaraRule": [
        "discord_api"
    ]
}