{
    "scrape_url": "https://scrape.pastebin.com/api_scrape_item.php?i=9Yi4s4M3",
    "full_url": "https://pastebin.com/9Yi4s4M3",
    "date": "1594304223",
    "key": "9Yi4s4M3",
    "size": 21543,
    "expire": "0",
    "title": "[cc][1.0]_controlme_(pocket_computer)",
    "syntax": "lua",
    "user": "",
    "filename": "9Yi4s4M3",
    "pasteid": "9Yi4s4M3",
    "pastesite": "pastebin.com",
    "@timestamp": "2020-07-09T14:17:03",
    "MD5": "d8dcbc978ad72f7b58f92519578f68dc",
    "SHA256": "fb5a5881bc3e977cd6a208fb5005c8ca11a55f181ee80f323e28cb5c32daaed9",
    "raw_paste": "--[[\r\nHPWebcamAble presents...\r\nControlMe\r\n\r\n--=== Description ===--\r\nThis program lets you control a turtle from a pocket computer!\r\n\r\nThis version of the program is for the POCKET COMPUTER\r\nGet the Turtle version here: pastebin.com/zjn3E5LS\r\n\r\n\r\n--=== Installation ===--\r\nPastebin Code: mTGccYbM\r\n\r\nTo download a file from pastebin, run this command in a computer:\r\npastebin get <code> <file name>\r\n\r\n\r\n--=== Update History ===--\r\nThe pastebin will always have the most recent version\r\n\r\n|1.0|\r\n-Release\r\n]]\r\n\r\n--=== Variables ===--\r\nlocal args = {...}\r\nlocal protocalName = \"controlme\"\r\nlocal turtleID\r\nlocal w,h = term.getSize()\r\nlocal tools = {}\r\nlocal knownTools = {\r\n  [\"modem\"] = {text = \"Modem\", upAndDown = false},\r\n  [\"minecraft:diamond_pickaxe\"] = {text = \"Mine\", upAndDown = true, action = \"turtle.dig\"},\r\n  [\"minecraft:diamond_sword\"] = {text = \"Attack\", upAndDown = true, action = \"turtle.attack\"},\r\n  [\"minecraft:diamond_hoe\"] = {text = \"Hoe\", upAndDown = true, action = \"turtle.dig\"},\r\n  [\"minecraft:diamond_axe\"] = {text = \"Chop\", upAndDown = true, action = \"turtle.dig\"},\r\n  [\"minecraft:diamond_shovel\"] = {text = \"Dig\", upAndDown = true, action = \"turtle.dig\"}\r\n}\r\nlocal turtleImage = [[ffffffffff\r\nf77777777f\r\nf77ffff77f\r\nf77777777f\r\nf88888888f\r\nf88888888f\r\nffffffffff\r\n]]\r\nlocal inventoryImage = [[77777777777777777\r\n78887888788878887\r\n78887888788878887\r\n77777777777777777\r\n78887888788878887\r\n78887888788878887\r\n77777777777777777\r\n78887888788878887\r\n78887888788878887\r\n77777777777777777\r\n78887888788878887\r\n78887888788878887\r\n77777777777777777\r\n]]\r\n\r\n-- Load Images\r\ndo\r\n  local f = fs.open(\"temp\",\"w\") f.write(turtleImage) f.close()\r\n  turtleImage = paintutils.loadImage(\"temp\")\r\n  f = fs.open(\"temp\",\"w\") f.write(inventoryImage) f.close()\r\n  inventoryImage = paintutils.loadImage(\"temp\") fs.delete(\"temp\")\r\nend\r\n\r\n--=== Functions ===--\r\nlocal function color(text,back)\r\n  local temp = text and term.setTextColor(text) or nil\r\n  temp = back and term.setBackgroundColor(back) or nil\r\nend\r\n\r\nlocal function printC(text,y)\r\n  if type(text) ~= \"string\" or type(y) ~= \"number\" then error(\"expected string,number, got \"..type(text)..\",\"..type(y),2) end\r\n  local lenght = #text\r\n  local start = math.floor((w-lenght)/2)+1\r\n  term.setCursorPos(start,y)\r\n  term.write(text)\r\n  return start,start+lenght\r\nend\r\n\r\n-- These functions are from my Screen API\r\n-- http://pastebin.com/4j4mJsWw\r\nlocal default = {\r\n  object = {\r\n    text = nil,\r\n    name = \"default\",\r\n    minX = 1,minY = 1,\r\n    maxX = 7,maxY = 3,\r\n    states = {\r\n      on = {text = colors.white, back = colors.lime},\r\n      off = {text = colors.white, back = colors.red}\r\n    },\r\n    clickable = false,\r\n    visible = true,\r\n    state = \"off\",\r\n    action = nil\r\n  },\r\n  clickArea = {\r\n    name = \"default\", \r\n    minX = 1,minY = 1,\r\n    maxX = 5,maxY = 3,\r\n    clickable = true,\r\n    action = nil\r\n  }\r\n}\r\n\r\nlocal function fillTable(toFill,fillWith) --Used by the API\r\n  if toFill == nil then toFill = {} end\r\n  for a,b in pairs(fillWith) do\r\n    if type(b) == \"table\" then\r\n      toFill[a] = fillTable(toFill[a],b)\r\n    else\r\n      toFill[a] = toFill[a]==nil and b or toFill[a]\r\n    end\r\n  end\r\n  return toFill\r\nend\r\n\r\nlocal function countIndexes(tbl) --Also used by API\r\n  local total = 0\r\n  for a,b in pairs(tbl) do total = total+1 end\r\n  return total\r\nend\r\n\r\nlocal function assert(check,err,lvl)\r\n  lvl = lvl or 2\r\n  if not check then error(err,lvl+1) end\r\n  return check\r\nend\r\n\r\nfunction new(nBackground)\r\n  local api = {}\r\n  local objects = {}\r\n  local clickAreas = {}\r\n  local background = nBackground\r\n  \r\n  function api.checkPos(x,y)\r\n    x,y = tonumber(x),tonumber(y)\r\n    assert(x and y,\"expected number,number\")\r\n    for name,data in pairs(clickAreas) do\r\n      if x >= data.minX and x <= data.maxX and y >= data.minY and y <= data.maxY and data.clickable then\r\n        if type(data.action)==\"function\" then return true,true,data.action()\r\n        else return true,false,\"click_area\",name end\r\n      end\r\n    end\r\n    for name,data in pairs(objects) do\r\n      if data.clickable and data.visible and x >= data.minX and x <= data.maxX and y >= data.minY and y <= data.maxY then\r\n        if type(data.action)==\"function\" then return true,true,data.action()\r\n        else return true,false,\"object\",name end\r\n      end\r\n    end\r\n    return false\r\n  end\r\n  \r\n  function api.handleEvents(bUseRaw)\r\n    local pull = bUseRaw and os.pullEventRaw or os.pullEvent\r\n    local event = {pull()}\r\n    if event[1] == \"mouse_click\" then\r\n      local wasElement,hadFunction,elementType,name = api.checkPos(event[3],event[4])\r\n      if wasElement then\r\n        if not hadFunction then\r\n          return elementType,name,event[2]\r\n        else return nil\r\n        end\r\n      end\r\n    end\r\n    return unpack(event)\r\n  end\r\n  \r\n  function api.setDefaultObject(newDefaultObject)\r\n    assert(type(newDefaultObject)==\"table\",\"expected table, got \"..type(newDefaultObject))\r\n    default.object = fillTable(newDefaultObject,default.object)\r\n  end\r\n\r\n  function api.setDefaultClickArea(newDefaultClickArea)\r\n    assert(type(newDefaultClickArea)==\"table\",\"expected table, got \"..type(newDefaultClickArea))\r\n    default.clickArea = fillTable(newDefaultClickArea,default.clickArea)\r\n  end\r\n  \r\n  function api.draw()\r\n    if background then term.setBackgroundColor(background) term.clear() end\r\n    for name,data in pairs(objects) do\r\n      api.drawObject(name)\r\n    end\r\n  end\r\n  \r\n  function api.addClickArea(clickAreaInfo)\r\n    assert(type(clickAreaInfo)==\"table\",\"expected table, got \"..type(clickAreaInfo))\r\n    fillTable(clickAreaInfo,default.clickArea)\r\n    assert(clickAreas[clickAreaInfo.name]==nil,\"an object with the name '\"..clickAreaInfo.name..\"' already exists\")\r\n    clickAreas[clickAreaInfo.name] = clickAreaInfo\r\n  end\r\n  \r\n  function api.toggleClickArea(name)\r\n    assert(clickAreas[name]~=nil,\"Click Area '\"..name..\"' doesn't exist\")\r\n    clickAreas[name].clickable = not clickAreas[name].clickable\r\n    return clickAreas[name].clickable\r\n  end\r\n  \r\n  function api.getClickArea(name)\r\n    assert(clickAreas[name]~=nil,\"Click Area '\"..name..\"' doesn't exist\")\r\n    return clickAreas[name]\r\n  end\r\n  \r\n  function api.addObject(objectInfo)\r\n    assert(type(objectInfo)==\"table\",\"expected table, got \"..type(objectInfo))\r\n    objectInfo = fillTable(objectInfo,default.object)\r\n    assert(objects[objectInfo.name]==nil,\"an object with the name '\"..objectInfo.name..\"' already exists\")\r\n    objects[objectInfo.name] = objectInfo\r\n  end\r\n  \r\n  function api.drawObject(name)\r\n    assert(objects[name]~=nil,\"Object '\"..name..\"' doesn't exsist\")\r\n    local objData = objects[name]\r\n    if objData.visible == false then return end\r\n    assert(objData.states~=nil,\"Object '\"..name..\"' has no states!\")\r\n    assert(objData.states[objData.state],\"Object '\"..name..\"' doesn't have state '\"..objData.state..\"'\")\r\n    term.setBackgroundColor(objData.states[objData.state].back)\r\n    term.setTextColor(objData.states[objData.state].text)\r\n    for i = 0, objData.maxY-objData.minY do\r\n      term.setCursorPos(objData.minX,objData.minY+i)\r\n      term.write(string.rep(\" \",objData.maxX-objData.minX+1))\r\n    end\r\n    if objData.text then\r\n      local xPos = objData.minX+math.floor(((objData.maxX-objData.minX+1)-#objData.text)/2)\r\n      local yPos = objData.minY+(objData.maxY-objData.minY)/2\r\n      term.setCursorPos(xPos,yPos) term.write(objData.text)\r\n    end  \r\n  end\r\n  \r\n  function api.toggleObjectState(name) -- Only works if an object has two states\r\n    assert(objects[name]~=nil,\"Object '\"..name..\"' doesn't exist\")\r\n    assert(countIndexes(objects[name].states)==2,\"Object '\"..name..\"' can't be toggled, it doesn't have two states\")\r\n    curState = objects[name].state\r\n    for a,b in pairs(objects[name].states) do\r\n      if a ~= curState then\r\n        objects[name].state = a\r\n      end\r\n    end\r\n    return objects[name].state\r\n  end\r\n\r\n  function api.setObjectState(name,state)\r\n    assert(objects[name] ~= nil,\"Object '\"..name..\"' doesn't exist\")\r\n    assert(objects[name].states[state],\"Object '\"..name..\"' doesn't have state '\"..state..\"'\")\r\n    objects[name].state = state\r\n  end\r\n  \r\n  function api.getObject(name)\r\n    assert(objects[name] ~= nil,\"Object '\"..name..\"' doesn't exist\")\r\n    return objects[name]\r\n  end\r\n  \r\n  function api.toggleObjectVisible(name)\r\n    assert(objects[name] ~= nil,\"Object '\"..name..\"' doesn't exist\")\r\n    objects[name].visible = not objects[name].visible\r\n    return objects[name].visible\r\n  end\r\n  \r\n  function api.toggleObjectClickable(name)\r\n    assert(objects[name] ~= nil,\"Object '\"..name..\"' doesn't exist\")\r\n    objects[name].clickable = not objects[name].clickable\r\n    return objects[name].clickable\r\n  end\r\n  \r\n  return api\r\nend\r\n-- End Screen API\r\n\r\nlocal function checkMessage(event,skipTableCheck,skipIDCheck)\r\n  return event[4] == protocalName and (skipTableCheck or type(event[3]) == \"table\") and (skipIDCheck or event[2] == turtleID)\r\nend\r\n\r\nlocal function message(message)\r\n  rednet.send(turtleID,message,protocalName)\r\nend\r\n\r\nlocal function broadcast(message)\r\n  rednet.broadcast(message,protocalName)\r\nend\r\n\r\nlocal function execute(func,waitTime)\r\n  message({action=\"execute\",func=func})\r\n  local timer = waitTime and os.startTimer(waitTime) or \"done\" \r\n  local completed = false\r\n  while true do\r\n    local event = {os.pullEvent()}\r\n    if event[1] == \"rednet_message\" and checkMessage(event) and event[3].action == \"completed\" then\r\n      if timer == \"done\" then return event[3].result\r\n      else completed = true end\r\n    elseif event[1] == \"timer\" and timer == event[2] then\r\n      if completed then break \r\n      else timer = \"done\" end\r\n    end\r\n  end\r\nend\r\n\r\nlocal function getModem()\r\n  for a,b in pairs(rs.getSides()) do\r\n    if peripheral.getType(b) == \"modem\" and peripheral.call(b,\"isWireless\") then\r\n      return b\r\n    end\r\n  end\r\nend\r\n\r\nlocal function waitForMessage(skipTableCheck,skipIDCheck)\r\n  while true do\r\n    local event = {os.pullEvent(\"rednet_message\")}\r\n    if checkMessage(event,skipTableCheck,skipIDCheck) then\r\n      return event[3]\r\n    end\r\n  end\r\nend\r\n\r\n-- Create the screen\r\nlocal mainScreen = new()\r\n\r\nlocal function action(buttonName,func,waitTime)\r\n  mainScreen.getObject(buttonName).state = \"active\" mainScreen.drawObject(buttonName)\r\n  execute(func,waitTime or 0.5)\r\n  mainScreen.getObject(buttonName).state = \"on\" mainScreen.drawObject(buttonName)\r\nend\r\n\r\nlocal function forward()\r\n  action(\"forward\",\"turtle.forward()\")\r\nend\r\n\r\nlocal function turnLeft()\r\n  action(\"turnLeft\",\"turtle.turnLeft()\")\r\nend\r\n\r\nlocal function turnRight()\r\n  action(\"turnRight\",\"turtle.turnRight()\")\r\nend\r\n\r\nlocal function back()\r\n  action(\"back\",\"turtle.back()\")\r\nend\r\n\r\nlocal function up()\r\n  action(\"up\",\"turtle.up()\")\r\nend\r\n\r\nlocal function down()\r\n  action(\"down\",\"turtle.down()\")\r\nend\r\n\r\nlocal drawMainScreen\r\n\r\nlocal function options()\r\n  -- Silly animition that I love so please don't question it\r\n  for i = 0, 12 do\r\n    color(colors.white,colors.blue) term.clear()\r\n    paintutils.drawImage(turtleImage,9,7-(i/2))\r\n    color(colors.white,colors.green) term.setCursorPos(1,h-i) term.clearLine() printC(\"Options\",h-i)\r\n    color(colors.white,colors.brown)\r\n    for a = 0, i-1 do\r\n      term.setCursorPos(1,h-a) term.clearLine()\r\n    end\r\n    sleep(0.1)\r\n  end\r\n  \r\n  color(colors.black,colors.lightGray)\r\n  printC(\"              \",10)\r\n  printC(\"  Disconnect  \",11)\r\n  printC(\"   and Exit   \",12)\r\n  printC(\"              \",13)\r\n  printC(\"              \",15)\r\n  printC(\"     Back     \",16)\r\n  printC(\"              \",17)\r\n  \r\n  while true do\r\n    local event = {os.pullEvent(\"mouse_click\")}\r\n    if event[4] == 10 or event[4] == 11 or event[4] == 12 or event[4] == 1 then\r\n      error()\r\n    elseif event[4] == 16 or event[4] == 15 or event[4] == 17 then\r\n      break\r\n    end\r\n  end\r\n  \r\n  for i = 12, 0, -1 do\r\n    color(colors.white,colors.blue) term.clear()\r\n    paintutils.drawImage(turtleImage,9,7-(i/2))\r\n    color(colors.white,colors.green) term.setCursorPos(1,h-i) term.clearLine() printC(\"Options\",h-i)\r\n    color(colors.white,colors.brown)\r\n    for a = 0, i-1 do\r\n      term.setCursorPos(1,h-a) term.clearLine()\r\n    end\r\n    sleep(0.1)\r\n  end\r\n  drawMainScreen()\r\nend\r\n\r\n-- Add buttons\r\n--mainScreen.addObject({name=\"inventory\", minX=10, maxY=12, state=\"default\", maxX=17, clickable=false, visible=true, states={default={text=1,back=256,},}, minY=11, text=\"View Inv\", })\r\nmainScreen.addObject({name=\"turnRight\", minX=20, maxY=18, state=\"on\", maxX=25, clickable=true, visible=true, states={off={text=1,back=256,},on={text=32768,back=1,},active={text=1,back=32,},}, minY=16, text=\"Turn R\", action=turnRight})\r\nmainScreen.addObject({name=\"actionLeft\", minX=20, maxY=11, state=\"on\", maxX=26, clickable=false, visible=true, states={off={text=1,back=256,},on={text=32768,back=1,},active={text=1,back=32,},}, text=\"No Tool\", minY=9, })\r\nmainScreen.addObject({name=\"turnLeft\", minX=2, maxY=18, state=\"on\", maxX=7, clickable=true, visible=true, states={off={text=1,back=256,},on={text=32768,back=1,},active={text=1,back=32,},}, minY=16, text=\"Turn L\", action=turnLeft})\r\nmainScreen.addObject({name=\"actionRightDown\", minX=3, maxY=13, state=\"on\", maxX=7, clickable=false, visible=true, states={off={text=1,back=256,},on={text=32768,back=1,},active={text=1,back=32,},}, minY=13, text=\"v\", })\r\nmainScreen.addObject({name=\"actionRight\", minX=1, maxY=11, state=\"on\", maxX=7, clickable=false, visible=true, states={off={text=1,back=256,},on={text=32768,back=1,},active={text=1,back=32,},}, minY=9, text=\"No Tool\", })\r\nmainScreen.addObject({name=\"back\", minX=9, maxY=17, state=\"on\", maxX=18, clickable=true, visible=true, states={off={text=1,back=256,},on={text=32768,back=1,},active={text=1,back=32,},}, minY=15, text=\"Backward\", action=back})\r\nmainScreen.addObject({minY=20, minX=1, state=\"default\", maxY=20, maxX=26, clickable=true, visible=true, states={default={text=1,back=8192,},}, name=\"options\", text=\"Options\", action = options})\r\nmainScreen.addObject({name=\"actionRightUp\", minX=3, maxY=7, state=\"on\", maxX=7, clickable=true, visible=true, states={off={text=1,back=256,},on={text=32768,back=1,},active={text=1,back=32,},}, minY=7, text=\"^\", })\r\nmainScreen.addObject({name=\"actionLeftDown\", minX=20, maxY=13, state=\"on\", maxX=24, clickable=false, visible=true, states={off={text=1,back=256,},on={text=32768,back=1,},active={text=1,back=32,},}, text=\"v\", minY=13, })\r\nmainScreen.addObject({name=\"down\", minX=20, maxY=4, state=\"on\", maxX=25, clickable=true, visible=true, states={off={text=1,back=256,},on={text=32768,back=1,},active={text=1,back=32,},}, text=\"Down\", minY=2, action=down})\r\nmainScreen.addObject({name=\"up\", minX=2, maxY=4, state=\"on\", maxX=7, clickable=true, visible=true, states={off={text=1,back=256,},on={text=32768,back=1,},active={text=1,back=32,},}, text=\"Up\", minY=2, action=up})\r\nmainScreen.addObject({name=\"actionLeftUp\", minX=20, maxY=7, state=\"on\", maxX=24, clickable=false, visible=true, states={off={text=1,back=256,},on={text=32768,back=1,},active={text=1,back=32,},}, text=\"^\", minY=7, })\r\nmainScreen.addObject({name=\"forward\", minX=9, maxY=5, state=\"on\", maxX=18, clickable=true, visible=true, states={off={text=1,back=256,},on={text=32768,back=1,},active={text=1,back=32,},}, minY=3, text=\"Forward\", action=forward})\r\n-- Function to draw the screen\r\ndrawMainScreen = function()\r\n  color(nil,colors.blue) term.clear()\r\n  paintutils.drawImage(turtleImage,9,7)\r\n  mainScreen.draw()\r\nend\r\n\r\nlocal function getFreeSlot()\r\n  for i = 1, 16 do\r\n    local result = execute(\"turtle.getItemCount(\"..i..\")\")\r\n    if result == 0 then\r\n      return i\r\n    end\r\n  end\r\n  return false\r\nend\r\n\r\nlocal function showToolName(name,side)\r\n  local obj = mainScreen.getObject(\"action\"..side)\r\n  local up = mainScreen.getObject(\"action\"..side..\"Up\")\r\n  local down = mainScreen.getObject(\"action\"..side..\"Down\")\r\n  if knownTools[name] then\r\n    obj.text = knownTools[name].text\r\n    obj.state = \"on\"\r\n    obj.clickable = true\r\n    if knownTools[name].action then\r\n      obj.action = function() action(\"action\"..side,knownTools[ tools.left ].action..\"()\",0.2) end\r\n    end\r\n    mainScreen.drawObject(\"action\"..side)\r\n    if knownTools[name].upAndDown then\r\n      up.state = \"on\"\r\n      up.clickable = true\r\n      up.action = function() action(\"action\"..side..\"Up\",knownTools[name].action..\"Up()\",0.2) end\r\n      down.state = \"on\"\r\n      down.clickable = true\r\n      down.action = function() action(\"action\"..side..\"Down\",knownTools[name].action..\"Down()\",0.2) end\r\n      mainScreen.drawObject(\"action\"..side..\"Up\")\r\n      mainScreen.drawObject(\"action\"..side..\"Down\")\r\n    else\r\n      up.state = \"off\"\r\n      up.clickable = false\r\n      down.state = \"off\"\r\n      down.clickable = false\r\n      mainScreen.drawObject(\"action\"..side..\"Up\")\r\n      mainScreen.drawObject(\"action\"..side..\"Down\")\r\n    end\r\n  else\r\n    obj.text = name==\"none\" and \"No Tool\"  or \"?\"\r\n    obj.state =\"off\"\r\n    obj.clickable = false\r\n    mainScreen.drawObject(\"action\"..side)\r\n    up.state = \"off\"\r\n    up.clickable = false\r\n    down.state = \"off\"\r\n    down.clickable = false\r\n    mainScreen.drawObject(\"action\"..side..\"Up\")\r\n    mainScreen.drawObject(\"action\"..side..\"Down\")\r\n  end\r\nend\r\n\r\nlocal function getLeftTool()\r\n  message({action=\"getLeftTool\"})\r\n  while true do\r\n    local msg = waitForMessage()\r\n    if msg.action == \"getLeftTool\" then\r\n      tools.left = msg.result\r\n      return msg.result\r\n    end\r\n  end\r\nend\r\n\r\nlocal function getRightTool()\r\n  message({action=\"getRightTool\"})\r\n  while true do\r\n    local msg = waitForMessage()\r\n    if msg.action == \"getRightTool\" then\r\n      tools.right = msg.result\r\n      return msg.result\r\n    end\r\n  end\r\nend\r\n\r\nlocal function detectTools()\r\n  showToolName(getRightTool(),\"Right\")\r\n  showToolName(getLeftTool(),\"Left\")\r\nend\r\n\r\n--=== Program ===--\r\nif not pocket then\r\n  printError(\"This program requires a pocket computer!\")\r\n  return\r\nelseif args[1] == \"help\" then\r\n  print(\"ControlMe\")\r\n  print(\"By HPWebcamAble\")\r\n  print(\"\")\r\n  print(\"Use this program to remotly control your turtle!\")\r\n  print(\"Start this program on your pockect computer and the corresponding program on a turtle and control away!\")\r\nend\r\n\r\ndo\r\n  local modemSide = getModem()\r\n  if modemSide then\r\n    rednet.open(modemSide)\r\n  else\r\n    printError(\"This program requires a wireless modem\")\r\n    return\r\n  end\r\nend\r\n\r\nlocal continue = true\r\nwhile continue do\r\n  color(colors.white,colors.black) term.clear()\r\n  printC(\"Enter your Turtle's ID:\",5)\r\n  term.setCursorPos(math.floor(w/2)-2,6)\r\n  local input = tonumber(read())\r\n  \r\n  if input then\r\n    color(colors.white,colors.black) term.clear()\r\n    printC(\"Connecting to\",5)\r\n    printC(\"turtle ID \"..input,6)\r\n    printC(\"(*)\",8)\r\n    local state = 1\r\n    \r\n    turtleID = input\r\n    message({action=\"connect\",id=input})\r\n    local timer = os.startTimer(1)\r\n    while true do\r\n      local event = {os.pullEventRaw()}\r\n      if event[1] == \"terminate\" then\r\n        term.clear() term.setCursorPos(1,1) print(\"Program terminated\")\r\n        return\r\n      elseif event[1] == \"rednet_message\" and checkMessage(event,true) then\r\n        if event[3] == \"connected\" then\r\n          continue = false\r\n          break\r\n        end\r\n      elseif event[1] == \"timer\" and event[2] == timer then\r\n        state = (state == 4 and 1 or state+1)\r\n        term.clearLine() printC(string.rep(\"(\",state)..\"*\"..string.rep(\")\",state),8)\r\n        message({action=\"connect\",id=input})\r\n        timer = os.startTimer(1)\r\n      end\r\n    end\r\n  end\r\nend\r\n\r\nlocal function heartbeat()\r\n  \r\n  message(\"ping\")\r\n  local timer = os.startTimer(2)\r\n  while true do\r\n    local event = {os.pullEvent()}\r\n    if event[1] == \"rednet_message\" then\r\n      if checkMessage(event,true) and event[3] == \"pong\" then\r\n        sleep(3)\r\n        message(\"ping\")\r\n        timer = os.startTimer(2)\r\n      end\r\n    elseif event[1] == \"timer\" and event[2] == timer then\r\n      color(colors.white,colors.black) term.setCursorPos(1,1) term.clear() print(\"Lost contact with turtle!\")\r\n      error(\"FORCEQUIT\")\r\n    end\r\n  end\r\n  \r\nend\r\n\r\nlocal function main()\r\n  \r\n  drawMainScreen()\r\n  detectTools()\r\n  \r\n  while true do\r\n    local event = {mainScreen.handleEvents()}\r\n    if event[1] == \"rednet_message\" and checkMessage(event) then\r\n      local msg = event[3]\r\n      if msg.action == \"ping\" then\r\n        message(\"pong\")\r\n      end\r\n    elseif event[1] == \"key\" then\r\n      if event[2] == keys.up or event[2] == keys.w then\r\n        forward()\r\n      elseif event[2] == keys.down or event[2] == keys.s then\r\n        back()\r\n      elseif event[2] == keys.right or event[2] == keys.d then\r\n        turnRight()\r\n      elseif event[2] == keys.left or event[2] == keys.a then\r\n        turnLeft()\r\n      elseif event[2] == keys.space then\r\n        up()\r\n      elseif event[2] == keys.leftShift then\r\n        down()\r\n      elseif event[2] == keys.q then \r\n        \r\n      end\r\n    elseif event[1] == \"object\" then\r\n      \r\n    end\r\n  end\r\n  \r\nend\r\n\r\nlocal function run()\r\n  parallel.waitForAny(main,heartbeat)\r\nend\r\n\r\nlocal state,err = pcall(run)\r\n\r\nif err then\r\n  if not err:find(\"Terminated\") and not err:find(\"FORCEQUIT\") then\r\n    color(colors.white,colors.black)\r\n    term.clear()\r\n    printC(\"An error occured:\",1)\r\n    term.setCursorPos(1,3)\r\n    print(err)\r\n  elseif not err:find(\"FORCEQUIT\") then\r\n    color(colors.white,colors.black)\r\n    term.clear()\r\n    term.setCursorPos(1,1)\r\n  end\r\nelse\r\n  color(colors.white,colors.black)\r\n  term.clear()\r\n  term.setCursorPos(1,1)\r\nend",
    "YaraRule": [
        "enable_org32",
        "core_keywords"
    ]
}