{
    "scrape_url": "https://scrape.pastebin.com/api_scrape_item.php?i=A1ntguSr",
    "full_url": "https://pastebin.com/A1ntguSr",
    "date": "1594367875",
    "key": "A1ntguSr",
    "size": 71524,
    "expire": "0",
    "title": "SPL Netflix.com Acc",
    "syntax": "bash",
    "user": "TheSploit",
    "filename": "A1ntguSr",
    "pasteid": "A1ntguSr",
    "pastesite": "pastebin.com",
    "@timestamp": "2020-07-10T07:57:55",
    "MD5": "929dde544316b95bf4ae72edc0f17bec",
    "SHA256": "f0f2ccf78aab986904106873200095d61112931575587726bfe1ae5b3de71f40",
    "raw_paste": "==========================================================\r\nNetflix.com got uwu\r\nBy TheSploit :\")\r\n__________________________________________________________\r\nFindme on email indonesianweb1109@gmail.com\r\nhttps://www.youtube.com/channel/UCyNZMCmIT1lVxC0d1QUwqyA?view_as=subscriber\r\n==========================================================\r\nm_reis@a1.net:pilgramgasse | 28\r\npgluza@buckeyeexpress.com:america1 | 29\r\nadrian.spring@md-press.com:potter47 | 10\r\ncharlie@stoverfilms.com:Verlon_12 | 13\r\nbsmith6955@tvcconnect.net:53625362 | 1\r\ncrisdeavila@terra.com.br:ferias | 87\r\nranda@lantic.net:acirycep222 | 17\r\ndomingo@buckeyeexpress.com:scrappy33 | 103\r\nspinning@piucity.com:tanguyestleboss | 1\r\nkilvo2@dsl.pipex.com:firefly | 1\r\njohn.miller@hawaiiantel.net:dana531miller | 44\r\nghispal@cegetel.net:brigitte | 1\r\n156103538@qq.com:135728 | 742\r\nhijadelaluna@davidbowie.com:yt1300 | 13\r\nmarilene_justi@uol.com.br:mary6113 | 10\r\nehgus5696@nate.com:gksehfp1 | 12\r\nsvenschroeder89@gmx.net:Sven1989 | 1\r\nlarregain.sandrine@laposte.net:Pejusacha4 | 27\r\njonathan.edwards@dsl.pipex.com:toronado | 10\r\ntranslators@intersphere.com:aww8370 | 7\r\njake@aanrg.com:Invincibl3 | 4\r\ntamires.johnson@terra.com.br:tamires.johnsonad | 1\r\nfonso@buckeye-express.com:nabv97jtrp | 2\r\njmsantos1970@uol.com.br:ms30tx | 49\r\nmarcusgodoy@globo.com:Mgodoy1967 | 10\r\nrickycheung28@netvigator.com:rk3105822020! | 5\r\nrresteban74@fibertel.com.ar:mer3142 | 1\r\nmhojnacki@bex.net:yourcool1 | 50\r\ncasteel@twc.com:sn17wi1t | 6\r\nodair@orientelogistica.com.br:campoverde10 | 9\r\nslackers5@buckeye-express.com:abc123 | 2\r\nleoluzes@globo.com:leo1312 | 7\r\nseos@banakpluriels.net:Elik2016plim | 33\r\nrufus@billaafe.com:freedom | 5\r\nmario.augustovieira@uol.com.br:mk240589 | 2\r\nlouvas@buckeyeexpress.com:Valentine0 | 1\r\ncja99@talktalk.net:Chelsea99 | 13\r\ncm@vivalalengua.com:amarillo84 | 30\r\njb5831@buckeye-express.com:ndirish1 | 20\r\nken.hunter@talktalk.net:scorpio | 4\r\ngoran.s@paleol.net:kesolovac | 11\r\ninfo@apakmakina.com:959100 | 5\r\nnicolas.berquez@laposte.net:Nicolas140189 | 21\r\ndaniel.reginaldo@uol.com.br:pdlq9999 | 11\r\njoma240@buckeye-express.com:babygirl4 | 73\r\nharvs3@iprimus.com.au:Grumballs1 | 1\r\nlivinglustres@terra.com.br:iluminar7! | 1\r\nthuminger.rosa@a1.net:rt1251943 | 2\r\nstacey44870@buckeyeexpress.com:10272001 | 6\r\nguivenancio@uol.com.br:gui651 | 3\r\nkmccarty@netins.net:Captain1 | 6\r\nforcan@paleol.net:djordje | 37\r\nmikeborton@talktalk.net:catch82 | 4\r\nboicucangamoveis@terra.com.br:010713 | 1\r\nnunes@telehard.com.br:Nunes2012 | 2\r\nethan@intelliwave.com:Cross123 | 3\r\nchaley@cantab.net:v1ctor1a | 2\r\nbriansuen@netvigator.com:br33264 | 2\r\ntjdeal@buckeye-express.com:ohiostate1 | 28\r\ndominique.couprie@cegetel.net:Paulin72 | 3\r\nsylvain.fovet@cegetel.net:twinny | 4\r\na.cacchiani@cogeogr.com:00957vcx | 5\r\narvillibor@uol.com.br:grau33 | 36\r\nhoppenessis@hawaiiantel.net:smilesr4u | 21\r\ninfo@efectomuare.com:tecmec02qqii | 333\r\nsalvadorgarcia@credinver.net:Humilladero25 | 1\r\ngorgeoushair@getlocallisting.com:compaq6730 | 1\r\nstewartforrester@virginmedia.com:tazman1a | 8\r\nmartin.meusburger@a1.net:martin | 16\r\ned_maria@ig.com.br:319757cruz | 3\r\ndacoach@hawaiiantel.net:kolomona5 | 13\r\nn.douhi13@laposte.net:Mamanjetaime70 | 147\r\nandywhelan@talktalk.net:newfield | 6\r\ntbillings@bex.net:soccer05 | 29\r\njrstamp@bex.net:churchlady2 | 1\r\ndljones@ukgateway.net:startrek | 13\r\ngreytoothe@lycos.com:Karlasman1 | 14\r\nhi-taiji@nate.com:kp091128! | 1\r\nrodrigo.carrieri@uol.com.br:r0dr1g04 | 7\r\nrenildosousa@uol.com.br:reth2020 | 17\r\nrami-85@nate.com:fkal85 | 2\r\nsuper-laje@uol.com.br:giovi10 | 7\r\nwnoel@noel-law.net:wcwhrmt1 | 4\r\ncompras@vitaya.com.br:sundek44 | 11\r\nmontagnon.isabelle@laposte.net:Houlala07 | 4\r\njames@jamesandrachel.com:Thetaxi34 | 3\r\nhideyuki@fff-design.com:yukiharuki | 34\r\nvaporizersale099@vfemail.net:article123 | 2\r\nhayleyp.edwards@talktalk.net:silverzafira12 | 2\r\nportoseguro@klmtransporte.com.br:PORTOSEGURO | 7\r\ntgarner1@supanet.com:valery57 | 4\r\njogapologize@vfemail.net:Source123 | 25\r\nqian.huang@cantab.net:strong1 | 2\r\ndbettinger@buckeyeexpress.com:dorothea1 | 21\r\nlopes_sarah@terra.com.br:c4z2c3 | 1\r\npat@prbproductions.com:imfree | 12\r\ndanica@pnc.com.au:jayne | 9\r\nluz@luzproducoes.com.br:Valeria1 | 2\r\nmarcolin@a1.net:Deskjet123 | 8\r\njohnjb@buckeye-express.com:Laurenk1 | 81\r\nvinieri@uol.com.br:Apollo56 | 12\r\njohn.might@laposte.net:Starwars79 | 7\r\npaulocacs@terra.com.br:paulita21 | 5\r\nstormwind@buckeyeexpress.com:thunder1 | 63\r\nmonique.nevers@cegetel.net:sylagw364 | 2\r\nchloe.delroux@laposte.net:Chloe2004 | 5\r\neushio@hawaiiantel.net:sumiye6 | 13\r\nignaciofi2@sion.com:neuquen84123asd20166 | 154\r\nmarcoscostalima@terra.com.br:brasil5111d | 8\r\njla@buckeye-express.com:hjlena | 122\r\nmbarbosa3890@vivointernetdiscada.com.br:maria3890999S | 2\r\nlon.coronel@hawaiiantel.net:sharkie3 | 15\r\ntatidias@tpa.com.br:109953 | 21\r\njason.phillips@dsl.pipex.com:Squeaker3 | 12\r\ndani00102@buckeye-express.com:johnny02 | 2\r\nvera@netxan.com.br:ebs3839 | 3\r\natkn58@dsl.pipex.com:Damage21 | 3\r\nantshass@alefresearch.com:prozac0188 | 5\r\nolaszreceptek@olaszreceptek.com:olaszreceptek | 1\r\nspeysider@dsl.pipex.com:PQdr64lkx | 19\r\nlaplante@buckeyeexpress.com:buck4848 | 25\r\nanna.machault@laposte.net:Anna2004 | 7\r\nmahaneyfam@buckeye-express.com:pamela1m | 38\r\ntrevor.mack@ukgateway.net:oolibeja | 38\r\nseabash1@buckeye-express.com:emmy42 | 49\r\ndesfenton@talktalk.net:rangers | 22\r\nmanuel.trippl@a1.net:1t9h9z5e | 18\r\nlin8@bex.net:mookster18 | 10\r\nssabrazee@twc.com:neon1956 | 9\r\nchowelsa@netvigator.com:alsa1199!qwerty | 9\r\nrwoneal@centramedia.net:tammye1 | 52\r\njvcslingo@vfemail.net:debbie | 58\r\ndtred96@buckeye-express.com:david96 | 61\r\nthemouth1@hawaiiantel.net:Yarddog1 | 43\r\nmvinac@uol.com.br:vina341 | 5\r\nbrent@herspiegel.com:bh1102 | 10\r\nchase0908@buckeye-express.com:chase14 | 55\r\nnmoussellard@cegetel.net:clara1995 | 1\r\nvinicius@lojapindorama.com.br:vini2038 | 1\r\njohnbarden@supanet.com:mooted271 | 16\r\njea9089@nate.com:woaks1648! | 47\r\nnumpty205@talktalk.net:numptyn00 | 3\r\nproareng@terra.com.br:enacac1 | 1\r\ntribu.yvinec@akeonet.com:bounou | 3\r\namine.akbi@laposte.net:Momo2702 | 3\r\nspring4886@nate.com:askfk0330a | 4\r\nkieran.w@virgin.net:Plastic81 | 2\r\ngabrielzettel@globo.com:gzps2210 | 37\r\nleonhard33@a1.net:liebste | 18\r\nnbomia@bex.net:dominic99 | 6\r\njazzcottle@dsl.pipex.com:mitidara | 11\r\nantscrhoper02@alefresearch.com:prozac0188 | 1\r\nglpfleghaar@buckeyeexpress.com:justme1 | 10\r\nashfaq@uchsltd.com:aamir | 1\r\njudek@talktalk.net:Robertbanks16 | 1\r\nbrigittehills@telkomsa.net:kitty2 | 2\r\nwmogata@ig.com.br:gaga28full2 | 1\r\njeonghu89@nate.com:leechoi0528 | 4\r\ncrs1943@bex.net:ruthless1 | 85\r\ndschiavone@buckeye-express.com:douglas | 28\r\ntyfalor@buckeyeexpress.com:svhs2011 | 28\r\naqud49@dsl.pipex.com:jodiep00 | 9\r\nsonle@tac-industry.com:123456tac | 5\r\nwellrobson@terra.com.br:0212810212311111d | 2\r\nmlegg44231@buckeye-express.com:110block | 49\r\nroxanavilches@coyspu.com.ar:2908 | 2\r\ncapmo@terra.com.br:pepini | 2\r\n01092202792@nate.com:j2718017 | 3\r\ncreed@dsl.pipex.com:daniel | 34\r\nsantacreu@coac.net:zascandil | 10\r\ninfo@transformingnation.com:jesus001 | 2\r\nmichael.posch1@a1.net:michael | 1\r\nmarkuskn@a1.net:06642318779 | 54\r\ndave.lawrence@talktalk.net:engage08 | 11\r\nastrig.chandeze-avakian@sisterprod.com:ac9009!! | 2\r\nlaurent.trinque@laposte.net:Stigmata93 | 6\r\nsl.jamain@cegetel.net:tristart | 6\r\nokakyu@openbit.net:masa4213 | 4\r\nnegocio@runester.com.br:retsenur242 | 1\r\nsueandchar@bex.net:sufficient | 2\r\nwalgarte@terra.com.br:waf1940 | 4\r\nbigdlittler@buckeyeexpress.com:augustus1 | 5\r\nflaviordg@terra.com.br:escola | 1\r\nadamjprince@cantab.net:8adidas8 | 6\r\nphil.lyons@dsl.pipex.com:alan1947 | 1\r\nyuchunming@netvigator.com:958bsx2y1222!958bsx2y1222! | 11\r\nshirley.chip1@talktalk.net:elizabeth1 | 25\r\ntatilera@globo.com:clio1151 | 16\r\njonathan@babinard.com:km7quff2 | 8\r\nbmckay@dsl.pipex.com:kazmasta | 12\r\nalanex@netvigator.com:alexan38111!31dq | 8\r\niveestyle.co@vfemail.net:article123 | 6\r\ncalves.s@uol.com.br:calves0011 | 27\r\notoole@bex.net:ryan4897 | 1\r\nrost2004@t-2.net:rost2004 | 11\r\nshinell@websourceguyana.com:Password1 | 1\r\njbifey@bex.net:Jamie24 | 44\r\nmcurtis@netins.net:xjdf6227 | 2\r\ngtarsha4@buckeye-express.com:ok4camel | 12\r\npop123@shentel.net:burton63 | 75\r\nbuteangling@dsl.pipex.com:piker1 | 11\r\ngrubio@movinet.com.uy:gus8644 | 13\r\nhoraciopcaride@fibertel.com.ar:29ag98 | 1\r\ngaliflorzinha@riogrande-rs.com.br:florzinha | 24\r\ncarina.e@terra.com.br:ceschini1qw | 22\r\ntijana@paleol.net:03061981 | 24\r\ncgray@netins.net:hsny2545 | 8\r\nisa07@laposte.net:Houlala07 | 4\r\nlaw5397@buckeye-express.com:Madilynn1 | 18\r\njscamposf@terra.com.br:tecoteco11d | 1\r\nelaine_alvarenga@globo.com:142624 | 17\r\nelizabethh@bex.net:Anking04 | 7\r\nmatheusfelix@globo.com:cordeiro | 1\r\nrosana-trindade@uol.com.br:Rosana3991 | 17\r\nmutel.oceane@laposte.net:14Decembre1999 | 9\r\ntsoster@buckeye-express.com:tms6800 | 23\r\nthaisecavalcante@gazetaweb.com:634037 | 16\r\nnutty.monkey71@hawaiiantel.net:thatzhott7 | 22\r\nbluebus@buckeyeexpress.com:vwvan74 | 48\r\nd.blackford@virgin.net:Silver44 | 24\r\nkyra@bex.net:chacha1 | 16\r\nsandman0051@bex.net:3Ternally | 27\r\n277724365@qq.com:miuraharuma2009 | 44\r\ntteniente@buckeye-express.com:anthony1 | 43\r\nkaty@katymylady.com:advanced | 1\r\nmurrayhamer@pnc.com.au:surfing | 11\r\npcmead@bex.net:bobcat42 | 24\r\nflurina@rolmail.net:luianta14 | 5\r\nmaruyama@namusam.com:H2e8h9zf | 35\r\nmagari@p5telecom.com.br:luka05dtq1777 | 36\r\nkontsevoy@pautina-nau.net:29071991 | 75\r\nmateus@laadim.com:mamama20 | 14\r\nchristian.lenski@laposte.net:Lisaetkrch88 | 19\r\nc.r.goonesena.01@cantab.net:zm19834eva | 10\r\nneil.reid@dsl.pipex.com:ootaking | 4\r\ndavid.musson@ukgateway.net:koofooda | 21\r\ny2invest@pnc.com.au:skippy | 1\r\nashley.leigh@talktalk.net:teapot | 6\r\nfelixhjetses@ojooo.com:VZFHJ1997 | 3\r\ncferrerop@geoconta.com:mar0301 | 4\r\nlaneyschl@bex.net:Samsch12 | 18\r\ndonbothwell@conceptual.net.au:yallingup | 60\r\nnc156@laposte.net:Noe123197 | 15\r\nstashu@buckeye-express.com:stanman01 | 7\r\nnylan@mlcci.com:dekary842 | 9\r\nmadbrinker@buckeye-express.com:33dailey | 7\r\na.castriconi@cogeogr.com:01071llo | 15\r\nlugafu@nate.com:qudghk28! | 6\r\nfabbyfernandes@terra.com.br:facrisja. | 2\r\njakistler@bex.net:ardms5602 | 19\r\njimforrester@bex.net:winner1 | 14\r\nprogger@dsl.pipex.com:AlexGod | 30\r\nsueliyukie@globo.com:camila31 | 16\r\nbeefmastersa@telkomsa.net:helgap | 3\r\nkarenbooker2007@talktalk.net:buster | 19\r\njose_munhoz@terra.com.br:munha2421 | 1\r\nbigdlittler@buckeye-express.com:augustus1 | 5\r\ngerdkrethen@a1.net:gk6022gk | 3\r\nstarman304@davidbowie.com:scream | 10\r\n396094743@qq.com:raymondangel100200! | 943\r\nbrittneyganiron@hawaiiantel.net:december | 14\r\ncarina_schwendinger@a1.net:Celine2005 | 12\r\nmctondi@micso.net:dinosauro | 4\r\nw.mascher@a1.net:mascwiat | 25\r\nns2000@nifty.com:ns1524 | 1\r\njean-marc@freshtreks.com:jmctwf2825 | 16\r\niardrey@bex.net:neph1974 | 81\r\ndurant01@laposte.net:Durant01 | 7\r\njeanees@buckeyeexpress.com:jammers1 | 28\r\nflavioluis1972@terra.com.br:010203 | 1\r\nadalco@fibertel.com.ar:adrian44 | 1\r\nsleepingco-o@nate.com:dbfltjd1! | 19\r\nradley49@buckeye-express.com:shuewho | 26\r\nandrea.alexander@a1.net:alexander | 14\r\nbordersjlb@twc.com:leeb1938 | 2\r\nsam_marshall@dsl.pipex.com:marshall1 | 11\r\nsuzanne_wilson@dsl.pipex.com:Carlisle1 | 14\r\nsell@thedousedshop.com:Student11 | 13\r\nsvendruscolo@terra.com.br:061982 | 1\r\njafischer@ruraltel.net:dogsyf | 10\r\nkaarthik@laternengineering.com:K00rthik | 8\r\nbig_island@hawaiiantel.net:beauknows | 22\r\ndavid.kres@a1.net:Primaterl1104 | 30\r\nstephen.p@virgin.net:dagenham3 | 17\r\nmetalibertad@laposte.net:grafitym23M | 22\r\njharp@twc.com:antwon99 | 106\r\nperfins@ukgateway.net:n4land | 1\r\nmatt-long@buckeye-express.com:mlong1 | 40\r\npapabear22@hawaiiantel.net:abbyisdog1 | 30\r\nwobu@a1.net:5149977 | 15\r\nmeem@cegetel.net:meme1420 | 4\r\nkromersn@buckeye-express.com:Duke89 | 51\r\njla@buckeyeexpress.com:hjlena | 122\r\neowjsthsus@nate.com:tjsals2 | 3\r\ntreasurer@firstspiritual.com:Three375 | 4\r\nflight19@sadmean.com:mustang1 | 1\r\njustine.rooy@laposte.net:Karamel7812 | 10\r\nmikemohammad@davidbowie.com:scorsese | 2\r\nf_angels@nate.com:song4571 | 4\r\n461886781@qq.com:779109xiao | 40\r\nmack4@buckeye-express.com:inlove06 | 6\r\nnmckenna@cablesurf.com:noelpatrick | 2\r\nkelly@travelonthebus.com:Dixie2168 | 7\r\nmariabenedict@fibertel.com.ar:mb12525 | 3\r\nantsmnro@alefresearch.com:prozac0177 | 2\r\nnhoacalliari@laposte.net:Nh010403 | 1\r\nkarine.furlani@laposte.net:Marco2009! | 161\r\npcufr@bex.net:paytonisme | 45\r\naidan.toal@talktalk.net:express1 | 6\r\nneidker@a1.net:Leitmeritz | 37\r\nsam001@talktalk.net:unicorn001 | 5\r\nmissbecky@buckeye-express.com:target1317 | 73\r\ninfo@fxgraphicsandprint.com:1966Mustang | 2\r\npb1369@bex.net:kelcie16 | 61\r\nams.br@terra.com.br:anjo123 | 1\r\nallankeithlogan@talktalk.net:laddie123 | 8\r\ntheweaverfamily@buckeyeexpress.com:1twinboys | 29\r\nlmoraes@vetorial.net:107468 | 13\r\nschmidt.michi@a1.net:Michi30! | 2\r\npaulawoodwark@dsl.pipex.com:mupp3t | 11\r\npluslove10@nate.com:368486oh | 1\r\naxelle.cloux@laposte.net:2004Axelle | 3\r\nrkeaton@buckeye-express.com:rlkfly55 | 11\r\ndawnsewell@dsl.pipex.com:charlie | 8\r\njanetamos@accesstoledo.com:steven923 | 1\r\ntcmiller0127@bex.net:im1gman | 1\r\nkjardine@tccsgroup.com:snaggle82 | 8\r\nashley1@dsl.pipex.com:voveriba | 22\r\nwaarky@laposte.net:Julien17 | 5\r\ninfo@96s.net:nekowa96 | 1\r\namanda@canvasexperiencedesign.com:oliver | 7\r\njohnscott123@talktalk.net:bailey00 | 10\r\ntuti02@terra.com.br:Pitoco02111dq | 4\r\nallydameandellie@talktalk.net:scoobie01 | 1\r\njreichert@buckeye-express.com:sunshine1 | 15\r\npentekrobert@varsat.net:19810210777d198102107q | 191\r\nedjake@twc.com:Digger11 | 1\r\nitshakb@netvision.net.il:69710275itshakb3 | 1\r\npoofdiscovery@vfemail.net:Source123 | 24\r\nslimkim34@hawaiiantel.net:fashion7 | 33\r\nveleno@freeazzurra.com:pinuccella | 9\r\njoannelcw@netvigator.com:lcw0714 | 6\r\nverle@inspectionsmith.com:Cajun123 | 9\r\nsdisandro@fibertel.com.ar:pirata63 | 1\r\nsamuele@sideram.com:pitagora | 7\r\nchristianjade@twc.com:1978kitcar | 5\r\njustin@justinheasman.com:Reznor901! | 7\r\nkerenludlow@talktalk.net:ho11ydog | 2\r\ntgoss@uniserve.com:mEITZa | 1\r\ncarolineallen@lineone.net:durisdeer | 11\r\nlozoids@dsl.pipex.com:ganja666 | 1\r\njfsteelworks@telkomsa.net:bokkie | 3\r\nguitaredandfeathered@cox.net:thursday1 | 4\r\nandreglemos@terra.com.br:060698 | 1\r\nb.skelton2@ntlworld.com:Landrover1 | 2\r\nannieb@ebold.com:laselva | 22\r\ns.ristic@paleol.net:stefan | 1\r\nmabusanam@telkomsa.net:telkom22 | 2\r\nbobw@accesstoledo.com:sniffy | 28\r\nbill_jen@telkomsa.net:dougaldog | 9\r\nashleygrace@twc.com:trixielou3 | 18\r\nmootley@bex.net:wild8891 | 67\r\ngeorge-t-taylor@ntlworld.com:Sausages36 | 2\r\nellenieash@bex.net:ladyday2 | 35\r\nammarsh@dsl.pipex.com:anjolyn | 2\r\njulianazevedo@terra.com.br:meldoida3211d | 4\r\nfatture@italgeap.com:55faradiba | 13\r\nimhawley@talktalk.net:teddypuss1 | 101\r\nmongooses@hawaiiantel.net:kawika1 | 25\r\nigor_cunha@globo.com:bi793014 | 7\r\njen.ridner@bex.net:peanut1 | 31\r\nreuab@a1.net:l0k1a1l0k1a2 | 6\r\nchris19@buckeye-express.com:hojo1984 | 36\r\nbachman@bex.net:picasso12 | 57\r\nwallerand.noemie@laposte.net:Dracula13! | 12\r\njpbronko1@buckeye-express.com:3558jpb3558 | 176\r\nviniciusbarboza@vetorial.net:13487216 | 34\r\nkalvenas@ntlworld.com:hagakure01 | 1\r\nlyndsey42@buckeyeexpress.com:aaden62 | 20\r\nsbelyeu@ranchwireless.com:Blueboy | 4\r\nsuttonbrenda@talktalk.net:florence | 4\r\nkteneyck@bex.net:nursep1 | 49\r\nmpes@terra.com.br:p0r@terei | 7\r\ntheelliottcrew@bex.net:elliott8 | 46\r\nray1946@buckeyeexpress.com:r0ck@1172 | 17\r\nmatthew.bledsoe@twc.com:matthew77 | 13\r\nk.oliver@terra.com.br:oliver1 | 2\r\ninfo@cottagerelief.com:1Todolist2 | 5\r\nbluebus@buckeye-express.com:vwvan74 | 48\r\neiichi-e@random-e.com:re102500 | 18\r\njthoma43@columbus.rr.com:Virginia12 | 309\r\nsani999@a1.net:4417746 | 31\r\naulani@hawaiiantel.net:aulani3 | 10\r\njose92@pubfree.com:26091968 | 25\r\nlorenzo@menchinidesign.com:lorenzo02 | 5\r\nbiz@a-project.net:19720616 | 17\r\nseasea@cherokeetel.com:seasea0110 | 4\r\ndpmeans@partnercom.net:megan567 | 18\r\nluv2dance@mi-connection.com:piano4me | 43\r\nma.pointet@laposte.net:1998Margot | 1\r\nkfinnigan@buckeye-express.com:stocks413 | 45\r\ner.latchimy@laposte.net:Ericka974 | 120\r\nvanijai@netvigator.com:vj7570 | 1\r\njddixon@buckeyeexpress.com:doris1 | 36\r\nzwingi@a1.net:ktmlc4 | 40\r\nsafety@congoairways.com:Private2019 | 4\r\ngtarsha4@buckeyeexpress.com:ok4camel | 12\r\nritafreud@doctorleli.com:callas54177711 | 20\r\nnathan.toublanc@laposte.net:Pupuce49 | 11\r\ntimsfield@buckeye-express.com:4runner | 18\r\njago71301@buckeye-express.com:hollyglen | 13\r\neverhart@buckeye-express.com:maumee65 | 28\r\nlaur2207@buckeye-express.com:luvtigger2 | 25\r\nrichardbrown1@ukgateway.net:enadoofa | 63\r\nminnie.76@virginmedia.com:Easynow76 | 42\r\nabzterdam428@bex.net:dhnas428 | 8\r\nmichelle@junkerhq.net:mojollnirA | 9\r\nmelsharman@talktalk.net:scorpio | 6\r\ndharrold000@bex.net:Hollie1567 | 47\r\nkathee@azhttp.com:sec12urb | 2\r\nbshipman1345@buckeyeexpress.com:gwen2002 | 29\r\ninfo@alexprosoft.com:MsMy23571113! | 3\r\nmike.van@talktalk.net:service1 | 7\r\nlss612@buckeye-express.com:yellow419 | 46\r\nsuzannah@click-more.com:loxwood1 | 1\r\nstace@dsl.pipex.com:telescope1 | 18\r\njohn.vanessa@virgin.net:dinosaur2 | 4\r\nuwe@vfemail.net:dasnetz | 1\r\npaulnkaz@supanet.com:jp1998 | 11\r\nmaryk4u@buckeyeexpress.com:Stoney12 | 17\r\ndsguirao@vivointernetdiscada.com.br:913253261zxc | 18\r\npeter.rossegger@a1.net:peter1979 | 3\r\nchida@aihomenet.com:aik24567 | 23\r\nfernini@buckeyeexpress.com:mcgee80 | 4\r\narnold@indo.net.id:arnold033 | 3\r\nejcharette@buckeye-express.com:connors | 8\r\nsarice@cherokeetel.com:preston | 5\r\nandrew1969@hawaiiantel.net:X1y2Z4w01 | 27\r\ngurlsoccer@hawaiiantel.net:tianna26 | 23\r\nantcrybtrx@alefresearch.com:prozac0177 | 1\r\nburnsie101@grapevine.com.au:daniel | 3\r\nmktk@netvigator.com:tk02286 | 78\r\ndrmike@ruraltel.net:Maksanc97 | 2\r\ntrev27@talktalk.net:semitrad | 15\r\nlasvegas3221@nate.com:Sm4246495! | 81\r\ndmrcole@talktalk.net:MRC12934 | 2\r\nrivbec@cegetel.net:190294 | 2\r\ntweety_girl@t-2.net:fantazij1 | 1\r\nrappeau@laposte.net:Rp0477891877 | 1\r\npgilis@bex.net:5139Summer | 27\r\njlambie@talktalk.net:farmer | 7\r\nbruninhomattos@terra.com.br:bruno88 | 1\r\nengenharia@gtatuape.com.br:engenharia@@gtatuape | 3\r\ntuyetpt@mayhai.com:tuyetpt123 | 23\r\nepianw@centramedia.net:4reds4me | 32\r\nchinsman@netvigator.com:P228103t | 7\r\nbenny929@netvigator.com:b929s8111999 | 27\r\neli_lopeslourenco@terra.com.br:valparai00 | 2\r\nfancytone@netvigator.com:Fancy139 | 1\r\naulacerodigital@jetband.com.ar:asd123 | 1\r\nasrc42@dsl.pipex.com:poppet1 | 30\r\nbobdelajungle32@laposte.net:Laura2001 | 1\r\ncydonato@bex.net:josibeltes3 | 26\r\njennifer@thealberos.net:jna030104 | 1\r\naccooper@talktalk.net:stowaway2 | 5\r\nmichael@thepullgroup.com:Aug282004 | 7\r\nbojan.s@paleol.net:justin | 5\r\nsuasesor@alertafondos.com:RomananaAd17171!000 | 91\r\ng.raeburn@dsl.pipex.com:2melons | 21\r\nccmcbride@bex.net:groom66 | 6\r\nkdemarco@buckeyeexpress.com:genodemarco4 | 2\r\ndaqrot@hawaiiantel.net:dec1969 | 11\r\nhounon.assindodo@laposte.net:Dieuestgrand01 | 2\r\nwakeland4@buckeye-express.com:hotshot3369 | 16\r\nharigaya@apfnews.com:21062106 | 24\r\nfritzstohner@alice-dsl.net:amadeus123 | 1\r\nssavissa@nate.com:37233723a! | 3\r\nhebeka@buckeye-express.com:express733 | 31\r\nmeg1@bex.net:meggey1 | 12\r\nfrancis.cadet974@laposte.net:Picpic974 | 20\r\nana75153@nifty.com:s9560818 | 1\r\nemater3@mi-connection.com:sparkle2 | 40\r\nkenfyler@twc.com:sapper71 | 22\r\ncar@azdreammotors.com:Kenya909 | 10\r\nleopold.muellner@a1.net:19061980 | 6\r\nduby@buckeye-express.com:cassjake1 | 34\r\ncbbautista@hawaiiantel.net:drew9617 | 53\r\nhrkbap@buckeye-express.com:ittoh11 | 30\r\nartfullady@telkomsa.net:bibi2010 | 1\r\npandagrl@buckeyeexpress.com:indy52 | 35\r\nmikie.harris@virgin.net:mikie9147 | 11\r\ncraig@mysbgllc.com:5299512 | 9\r\ntjsdk611@nate.com:dywjdzjaa1! | 16\r\njonas4@buckeyeexpress.com:jonas7 | 1\r\npatmor@twc.com:Cricket1 | 5\r\nandressadsmusic@terra.com.br:jesuscris | 2\r\nfatma.mouisi@stt-tn.com:000000000 | 21\r\nocchiali@uol.com.br:eo027 | 1\r\nbigukfan1@twc.com:lucydog11 | 6\r\nhimura.makoto@wizards.jpn.com:hisanaga | 3\r\nmick.rodaway@talktalk.net:charlie12 | 2\r\nhilkeb@telkomsa.net:gisela | 1\r\njr.luca@uol.com.br:jcl2012 | 85\r\njohnnyleeann@talktalk.net:calvin | 24\r\nayatsuki@crimsonrhapsody.net:kasahara | 39\r\ngaetan.bou@idyle-telecom.com:marseille | 16\r\nhrsmith2@comcast.net:Polaris1 | 2\r\ngkleinburd@fibertel.com.ar:grace42 | 2\r\nabadia.fonseca@terra.com.br:didi8604111 | 3\r\ndanielmantovani@terra.com.br:familia | 8\r\nvidafarma2@uol.com.br:fer512bb | 7\r\ngilsania@publicandofacil.com.br:06011974 | 1\r\nkarina-albuquerq@uol.com.br:kaka1972 | 1\r\nwww.apnacafe@vfemail.net:article123 | 4\r\nchelltk@buckeye-express.com:reemcat09 | 34\r\ndenisedon@uol.com.br:Cidade12 | 2\r\ncolinchristelow@talktalk.net:Lochgelly1 | 21\r\n370723235@qq.com:6699_moon | 296\r\nprcrepresentacoes@uol.com.br:casa0728 | 21\r\npaulmorrissey@talktalk.net:Bluethedog1 | 3\r\nlovepno9@nate.com:a0327a | 20\r\nsuegarden@talktalk.net:rosemary12 | 1\r\nsoof@iprimus.com.au:doris6 | 1\r\nsales@gdp.com.my:gdp123my | 20\r\nalbertogalli@fibertel.com.ar:braber | 3\r\nduly90@greencafe.com:speeder | 3\r\nmaschl4@a1.net:asdrtzcvb | 22\r\ndio1@netvigator.com:sc041105123qsc041105123qq11 | 31\r\nharrer.stockerau@a1.net:yzttlmga | 5\r\njonnyrotten@buckeye-express.com:290rio | 45\r\nmorefrenchies@bgwifi.com:colby00277788 | 18\r\nkinomi13@buckeye-express.com:vampire13 | 20\r\nkirsty101smith@talktalk.net:Kilchattan101! | 12\r\nchris.campfires@telkomsa.net:roleen | 4\r\nc.l.mawdsley.01@cantab.net:c0untCr0ws | 19\r\nmspinks@uniserve.com:1frances1frances | 9\r\nbarryhulse@talktalk.net:chippindale | 1\r\nluciana-castello@uol.com.br:tate1980 | 1\r\nledyards@buckeyeexpress.com:Marathon1 | 41\r\nmair.enticott@talktalk.net:Taffy365 | 5\r\ns.abdou94@laposte.net:Irchad123 | 5\r\njosh@hobbyhorse.com:quadrant11 | 1\r\njames.heywood@dsl.pipex.com:fajepisa | 12\r\nbjbashore@buckeyeexpress.com:Lena.1812 | 20\r\nelize@dsl.pipex.com:betsie77 | 24\r\ntaffie@airnowonline.com:694444 | 2\r\nabbeyhutch@buckeye-express.com:lynne06 | 11\r\nciara.osullivan1@virginmedia.com:limerick99 | 10\r\nedu_rodenasjr@terra.com.br:junior92!1d | 3\r\ncabrajr@globo.com:zeus007 | 1\r\njulianamorgado@globo.com:mimosa | 1\r\nbryan@my-pcl.com:Snapple0326 | 4\r\ngoodtobqueen@buckeyeexpress.com:qweeni | 41\r\nfuhrmann.rene@a1.net:reneplayboy | 31\r\n54321@twc.com:rad47601 | 17\r\nlioness0619@buckeye-express.com:babygirl | 17\r\nsandrinelizicska@laposte.net:Istvan49 | 3\r\ninfo@bernardinobeggio.com:parati | 30\r\ninfo@pinkover.com:pink91965 | 7\r\npatrickh@bex.net:svfb2169 | 4\r\nalg89@supanet.com:deaden73 | 3\r\nskruf92@buckeyeexpress.com:elie92 | 24\r\nmjh@lightlink.com:daddy1181 | 9\r\nsibelys@terra.com.br:borg1955 | 1\r\ndmdwls90@nate.com:!Qa22642264 | 6\r\neurocezar@uol.com.br:ag049150 | 12\r\nchloe@riseup.net:petrvs | 45\r\nbrycefoundling@dsl.pipex.com:tradewinds05 | 25\r\nraymond.schneider@west-telecom.com:denise | 20\r\ndzf05670@nifty.com:sakai123 | 30\r\nranking@123eigo.com:mm000031 | 29\r\nbarry.conner@talktalk.net:admire97 | 6\r\nx.ray1@a1.net:pezi1461 | 10\r\norlando.s.fernandes@globo.com:info2011 | 21\r\ngiovanni@beaucoup-fish.com:buscarino | 16\r\njd.duchemin@laposte.net:Mimi5858 | 1\r\njudytse@netvigator.com:no1291299 | 19\r\nrenato@acantho.net:zenzero | 8\r\nmagscott2@buckeye-express.com:cronos1313 | 16\r\nsweconsulting@a1.net:9701724 | 6\r\nxvmitchvx@buckeyeexpress.com:41995mjm | 25\r\nsuperstein1@uol.com.br:clgn2222 | 1\r\nprapatricia@ministeriopazeamor.com.br:israel | 12\r\nl09060@nate.com:dm0806 | 6\r\ncmocek010@buckeye-express.com:knights110 | 6\r\ngilford@vfemail.net:Element1 | 36\r\nnormavcamina@fibertel.com.ar:pilar11 | 2\r\njulivina@terra.com.br:ju1612 | 1\r\npetersuen88@netvigator.com:c47647 | 8\r\nalexadams@twc.com:Ginger4ever | 12\r\npatou@cableamos.com:GARDERIE | 7\r\nbot14@pautina-nau.net:bot14 | 18\r\ngubor74@a1.net:gandalf | 13\r\ndrcarydunne@bex.net:smile6800 | 2\r\nbigeasy@rochester.rr.com:Rhw944am | 1\r\nmartint1966@talktalk.net:mattra11 | 7\r\ndevorangarden@vfemail.net:article123 | 2\r\nwww.airfrugal7@vfemail.net:article123 | 1\r\nrussell.kondo@hawaiiantel.net:tobidog1 | 68\r\nbwilliam@bex.net:code1024 | 6\r\njsm1616@buckeye-express.com:shadow1616 | 30\r\nkitd@netvigator.com:sdd05041 | 12\r\nchristopher@andrus1.com:Tigers97 | 2\r\ncontact@reflexologueplantairecannes.com:Lv45823vUpjZR | 3\r\ndani_betti@ig.com.br:boneco | 1\r\ntitaangel@pneusfuke.com.br:tita10 | 11\r\nkurzberni@a1.net:berni00 | 1\r\ntoddstone@mi-connection.com:Football9152 | 4\r\nn.hamon48@laposte.net:Thimeo91011 | 4\r\nasuka319@nifty.com:ilikesindee | 213\r\nehead@buckeye-express.com:112392erh | 49\r\nbrit.hill08@twc.com:Laila2013 | 3\r\ncarloscanay@fibertel.com.ar:cec1945 | 1\r\nsupport@westtechwb.com:2ucsa126 | 46\r\nfatima.bouylaghman@laposte.net:Famille1 | 13\r\nandreas.hoffer@a1.net:waldameise10 | 7\r\nchoadslives@comcast.net:Goducks1 | 3\r\neileen.bowler@talktalk.net:Maxandtoby8 | 1\r\nlizvoysey@grapevine.com.au:james123 | 4\r\npeanie@bex.net:duke1305 | 14\r\nozzylehusky@cegetel.net:IAIA666 | 1\r\npack@bex.net:goblue1 | 3\r\nnettymc@virginmedia.com:elisha05 | 8\r\nwalker31@foxmail.com:S83p282a | 17\r\nmuttandjeff@bex.net:pumpkinbelly1 | 15\r\nseaor@ukgateway.net:sevaosoo | 20\r\nweatherall1991@virginmedia.com:Sophie24 | 10\r\nkenneth_potter@tvcconnect.net:KathStep5 | 3\r\nngeorge@buckeyeexpress.com:chloe98 | 3\r\njohnmillard2@talktalk.net:Riddings88 | 1\r\npenelope@summerscreek.com:plc1973 | 2\r\ntcqueb57@hawaiiantel.net:acura54 | 4\r\ngraham@buckeye-express.com:abc123 | 42\r\nbrunamacedo@tpa.com.br:1985bemo | 14\r\nevans6qq@talktalk.net:charles1 | 10\r\nalan.french@dsl.pipex.com:blackbird05 | 10\r\nwaydeburt@hawaiiantel.net:rich7424 | 30\r\ntongyj2008@sohu.net:123456 | 1\r\nandrewcarpenter@hawaiiantel.net:1asshole | 38\r\nkimberly.berne@laposte.net:21Madisson | 18\r\nwilkoeichhorst@a1.net:weiber4 | 10\r\natendimento01@institutomachado.com.br:Alterar123 | 13\r\nstpatrick@vfemail.net:generalmusic | 7\r\nlahti.paivi@dnainternet.net:qqqqqq11 | 6\r\nneil.reynolds@virgin.net:nr051284 | 24\r\naccounts@anchorlogistix.com:12345 | 1\r\nanne.kirby4@talktalk.net:james4 | 4\r\nhal@a-project.net:harukamika1972 | 34\r\nclub@sanfiorbianconero.com:gvialli05 | 73\r\ndayanidc@terra.com.br:dirn16 | 1\r\nwbeck@beckenterprises.net:Admin2325 | 9\r\ngoobernoggin04@buckeye-express.com:iloveyou2 | 33\r\nmary@moorethenart.com:Rainer11 | 15\r\nhyjwsw@hawaiiantel.net:jenwong607 | 37\r\nsarahholland@talktalk.net:sezwaz | 1\r\ned.olive@ibest.com.br:a061269 | 1\r\ndbdmsrud46@nate.com:ek159357 | 13\r\nvaamo@talktalk.net:fvaamonde | 7\r\nzsbastos@terra.com.br:17122005e1a1d | 5\r\nteresayups@netvigator.com:tyu6090311d | 27\r\nderek.hall9@dsl.pipex.com:arsenal123 | 11\r\ndblanch@bex.net:123456789 | 3\r\nterrie.smith@dsl.pipex.com:twins | 19\r\nmarysy@nate.com:sesm1004 | 3\r\njmarsh123@buckeyeexpress.com:Gren2554 | 27\r\ntchew@oraclepaper.com:delphi1 | 3\r\nrjk59gpk@buckeyeexpress.com:tessa59 | 5\r\nzapa@homodefectus.com:El5elemento! | 7\r\nlaurakamia@ig.com.br:lauka | 15\r\nmcintyre2005@telkomsa.net:lokiju09 | 4\r\nchill4021@twc.com:brownsno1 | 171\r\nlem.alexis@laposte.net:0102Mp4d | 1\r\ntblack7@bex.net:sewwhat1 | 127\r\npusterhofer.m@a1.net:07081967 | 9\r\nmathieun@hemfrance.com:112815m | 40\r\nmarisarojasg@speedy.com.pe:mace64 | 1\r\njaimezani@vivointernetdiscada.com.br:190270 | 1\r\nwereoutahere2005@buckeyeexpress.com:infinity1 | 7\r\njewik77@virginmedia.com:bombik2003 | 1\r\nsandratal@dsl.pipex.com:theshera | 22\r\nviajes@llaveenmano.com:Maiterol5000 | 17\r\nsteve.barrowcliffe@talktalk.net:tigers9 | 10\r\nantoine.childers@bex.net:turn9sink | 4\r\nrmurphy@ruraltel.net:facsmur | 19\r\nleonelsabino@ig.com.br:matheus | 1\r\n85.cblanchard@laposte.net:Boupere85!!! | 1\r\nandrew.danskin@talktalk.net:2207andy | 6\r\nvincent.pagart@west-telecom.com:sardine2000 | 35\r\nmarkella@telkomsa.net:2gremlins | 6\r\ndpickle@buckeye-express.com:mickey1 | 4\r\ndanielbrandon1@buckeye-express.com:k7fd2079 | 9\r\nmargaret@icare-usa.com:jacksdad | 6\r\n06010206@zjnu.net:198487 | 12\r\ntaharmsen001@bex.net:tah2366 | 28\r\nwutodi@21cn.net:50n9zhan | 42\r\nfitz@twc.com:x70087008 | 1\r\ngwynnellis@buckeyeexpress.com:winston7 | 25\r\nalexcmoretti@terra.com.br:ad0803660ad080366011 | 3\r\nlego-stein@a1.net:michael | 6\r\npaula.rowden@talktalk.net:stanton34 | 1\r\nwakeland4@buckeyeexpress.com:hotshot3369 | 16\r\ncwhitman@buckeyeexpress.com:everyman12 | 41\r\nchristinarutkowski@bex.net:honey1 | 46\r\nanjoru1@fibertel.com.ar:anju3940 | 2\r\nmessaline.huillet@laposte.net:Ulysse66 | 4\r\ntruelibra924@buckeye-express.com:robbie29 | 88\r\ntdstolar@buckeyeexpress.com:teagyn96 | 57\r\nbhushan@itechsols.com:indira1 | 5\r\ncoradavis@fibertel.com.ar:rocky13 | 2\r\nwestmacotts@talktalk.net:Horseshoe1! | 16\r\nthework@rattlebrain.com:mygoat | 7\r\ndavid.laming@dsl.pipex.com:denise61 | 11\r\nkatelefever@dsl.pipex.com:Harvey1966 | 7\r\nidlt@fibertel.com.ar:82racing | 3\r\negsully@buckeyeexpress.com:dancer101 | 2\r\nfwells@bex.net:dillon1 | 51\r\nlity68@fibertel.com.ar:abcd1234 | 2\r\nrfmaile@hawaiiantel.net:hawaii54 | 55\r\nforyou7203@nate.com:kkjlghj116 | 14\r\nsanto.mann@dsl.pipex.com:waheguru1 | 1\r\nalexvilca@seyconsac.com:alisson_1979 | 4\r\nmargarethe.k@a1.net:laptop608 | 3\r\ninfo@teheretahiti.com:thtahiti2013 | 1\r\npurchasing@stoneharbordistribution.com:Blythe13 | 41\r\ntecnoservice@fibertel.com.ar:jose9113 | 2\r\nstardust@ruraltel.net:sissy | 6\r\nmarina@imexcomar.com:perales | 93\r\ndeborahbango@bex.net:cats1255 | 1\r\njen.reeley@talktalk.net:Willow14! | 1\r\ngerda.juvan@a1.net:goertsch | 17\r\njcblanks@grhammonds.com:jcb2447! | 1\r\nbabyar@dybb.com:grmztrk | 5\r\ndcantu@bex.net:bdv1745 | 31\r\nrandall@sbreal.com:Realtor10X | 1\r\ntiarmjay@mbox.com.au:sabotage | 5\r\nkkempf@buckeye-express.com:tantrumb1 | 8\r\njchopper1@cox.net:84Elcamino | 7\r\nhpsequeira@globo.com:chibiu | 6\r\ndaznic@ntlworld.com:Bellamank1 | 30\r\npcolbert@buckeye-express.com:4social9 | 34\r\ncleber74df@globo.com:ccd33a | 11\r\nbmeagher@buckeye-express.com:nickie1 | 5\r\ncwilliams534@buckeyeexpress.com:borsosm5 | 48\r\nklewis@hawaiiantel.net:borriss | 34\r\nigorpastis@cegetel.net:igorpastis | 2\r\nchrizzla83@a1.net:licio01n | 8\r\narrmurakami@ig.com.br:allanrafael | 41\r\ninfo@admansp.com:adman5236 | 1\r\nandrea@trabaldo.net:morfina | 14\r\nandrea.merli@andyejoe.com:area51 | 23\r\ntbranyan@buckeye-express.com:oakland1 | 35\r\nd.maund@dsl.pipex.com:quiouquz | 14\r\npauleaston@talktalk.net:chloejade2 | 25\r\nnessiehall@talktalk.net:rockydog123 | 8\r\nkeetonians@talktalk.net:keetze100 | 20\r\nthe-hortons@buckeyeexpress.com:faber1245 | 34\r\naynrand@vikingmetals.com:Rand8611 | 1\r\nigarashi@scribble-inc.com:naoki0014 | 64\r\nphilipnewman@talktalk.net:Gooner123 | 23\r\njlcooper@buckeye-express.com:audrey11 | 48\r\nrichardroo@talktalk.net:Sw!ndell5 | 13\r\nfrancischeungc@netvigator.com:cck91700939# | 243\r\neduardo29ka@ig.com.br:270393 | 1\r\nsmthankful@bex.net:grateful1 | 1\r\ngordonrmclaughlin@buckeyeexpress.com:mary1960 | 33\r\ntstelmas@buckeye-express.com:walleye8805 | 8\r\naxfp52@dsl.pipex.com:rihijira | 18\r\nrouqu@accesstoledo.com:sophie | 7\r\nrufus.oyebade@virgin.net:yemisi12 | 1\r\njayrsmith@buckeyeexpress.com:codg41 | 1\r\ncw.john@virgin.net:chrisjohn1 | 10\r\njsiebert@buckeye-express.com:jill6370 | 5\r\ndewey.white@kenwoodpmsolutions.com:D54ewman | 8\r\nvimima@buckeye-express.com:8744rnrn | 4\r\npati@buckeye-express.com:patiwinn1017 | 2\r\nmeier-schomburg1@a1.net:beatrix1 | 5\r\n02170127@zjnu.net:557384 | 11\r\naldhondt@buckeye-express.com:andrea12 | 9\r\nchoirdude2013@bex.net:4cju16 | 83\r\nssso96@nate.com:dustn1996 | 2\r\nmark24@twc.com:79camaro | 2\r\nvargas-jr@ig.com.br:srat74 | 3\r\nhouston@buckeyeexpress.com:arlene1 | 13\r\npsj1204@accesstoledo.com:baliecat | 16\r\nlaulaz@fibertel.com.ar:cosimo08 | 3\r\nmahbub@classic-match.com:Classic321 | 1\r\nwcnribeiro@terra.com.br:PedrobrunoQ | 1\r\nmcarolbraga@terra.com.br:toca2004 | 1\r\ncheyenne44300@laposte.net:Cheyenne44300 | 1\r\nariov@terra.com.br:biscoito111105 | 1\r\nsargentoamaral@terra.com.br:484950 | 1\r\nphilipwinton@talktalk.net:Yamaha66 | 7\r\njkrutz1@buckeye-express.com:zanetrev413 | 63\r\ndowson1@talktalk.net:netball1 | 1\r\nsuledwith@dsl.pipex.com:clarity21 | 25\r\nfosterchan@netvigator.com:Ht1020056 | 6\r\nfinbar@dsl.pipex.com:firefly01 | 3\r\nhevangeline@terra.com.br:aninha | 3\r\ndans@dansgrinding.com:lynette1 | 12\r\nkurierdienst24@alice-dsl.net:Deni1995! | 4\r\nrchihuahua2@buckeyeexpress.com:rabbitfoot1 | 50\r\nrowan@motherhencatering.com:sheephouse1 | 7\r\nbrinlg@buckeyeexpress.com:grasley1 | 2\r\nntish@buckeye-express.com:tish5448 | 5\r\nbiabibi@globo.com:hannah2505 | 5\r\noliver.prescott@dsl.pipex.com:spitfire | 23\r\ngueguen.louise@laposte.net:Natation2235! | 3\r\njedi420@bex.net:skywalker | 1\r\nchris19@bex.net:hojo1984 | 36\r\negyanna@hu.inter.net:68pejkab | 40\r\npeanotation@socallifestyle.com:raleighsq | 9\r\ndon@softwareyourway.com:osmond11 | 1\r\njol33nw@talktalk.net:malimoo2005 | 9\r\nfelipe-pg-santos@uol.com.br:lipe0911 | 2\r\ndumrauf@fibertel.com.ar:felix123 | 2\r\nledyards@bex.net:Marathon1 | 41\r\ncarlos_aquino@speedy.com.pe:neKo05 | 1\r\nsestotaa@nate.com:anstn213 | 12\r\ninfo@juraganbajumurah.com:juraganbudi01 | 6\r\nfe.elyna@ozone.net:Elyna2004 | 24\r\nfjrosebud@accesstoledo.com:fjr123 | 24\r\ntwozpots@davidbowie.com:111661 | 10\r\nviolette.bernede@laposte.net:Pistache2005 | 12\r\nmeyette@buckeye-express.com:chloe1 | 4\r\nshardin1@buckeye-express.com:7348colonial | 64\r\njosie.clough@dsl.pipex.com:Duff3rej | 13\r\nmelaken@hawaiiantel.net:leo855 | 7\r\nheinz.martens@ewe.net:black2619 | 1\r\ndyliswong@netvigator.com:tennis03 | 10\r\norovits.b@a1.net:orovits | 6\r\nywmfeifei@wo.com.cn:ywm19770806 | 1\r\npechy@tortusdeignis.com:pechna880109 | 32\r\ncarvrac@ozone.net:CAjpdvc49 | 21\r\nania.adamczyk@adresik.net:Aniadam1 | 26\r\nadnform@laposte.net:Tdaqaqn3 | 1\r\ncher@rockhousestyle.com:123456 | 3\r\nwayman_bell@crosswind.net:mm1207mm | 14\r\njocelynchenevier@laposte.net:Jocelyn1 | 10\r\njmeeker@buckeyeexpress.com:james007 | 26\r\nj.kayluna@valliant.net:cookie | 86\r\njanet@waileacollection.com:bailey | 7\r\nstevebar@bex.net:2112YYZ46&2 | 11\r\ndoesheya@twc.com:109Vought | 2\r\njoanna1979@talktalk.net:fordkuga08 | 13\r\nkate50@talktalk.net:Katiefri123 | 8\r\ngori.hamaguchi@nifty.com:gori8823 | 1\r\ninpjs2@twc.com:pl3ase12 | 7\r\npgsecco@terra.com.br:29041612QWEpgsecco | 7\r\nrhonawild@lineone.net:concord | 9\r\npaulee@bnin.net:arfie13 | 15\r\nsiudenise@netvigator.com:k43357 | 8\r\np.sankey7@ntlworld.com:Nelson1959 | 15\r\nterry.ray51@talktalk.net:charlotte95 | 1\r\nicbutch@bex.net:af1568 | 109\r\nmalcomelectric@accesstoledo.com:deb7580 | 25\r\njudieb25@chesnet.net:ciera2003 | 6\r\nbcook723@twc.com:angela8268 | 61\r\nbeachbum23@richnoonan.com:littlebun23 | 18\r\nkarenchappell2010@talktalk.net:louis2003 | 7\r\ndsterry@heartofiowa.net:Jaybird00 | 32\r\nvybiral.michael@a1.net:21051972 | 22\r\nannemarietong@cantab.net:one83one | 9\r\nkathrynp19@talktalk.net:bracken01 | 1\r\nsmiller@buckeyeexpress.com:kiser1 | 4\r\nlgysassi@bex.net:pauline3 | 26\r\nrlcouch@buckeyeexpress.com:krb10905 | 37\r\nturnersigns@buckeye-access.com:2356Jimmy | 68\r\nmhjames@netins.net:water1234 | 16\r\nandressapa@uol.com.br:a270608j | 7\r\nema6@talktalk.net:bubbles11 | 3\r\nclivedbevan@talktalk.net:Hinton46! | 11\r\njuliomarconi@fibertel.com.ar:a3113a | 1\r\njoeandpam93@hawaiiantel.net:pamnjoe1 | 53\r\npunkin1942@bex.net:warren1937 | 17\r\nhase24@a1.net:Schnecke | 6\r\nfhoupert@laposte.net:Ronia5799 | 1\r\ncrisfalconi@fibertel.com.ar:cris7166 | 1\r\nrfragoso@buckeyeexpress.com:looking4 | 48\r\nwesson@talktalk.net:Caitlin22 | 7\r\nhahoo428@nate.com:wldmsdl910 | 11\r\nman2304@netvigator.com:man52371 | 4\r\nrosana.christo@globo.com:minhoca | 19\r\nbende@taborosi.com:Bendemark1 | 24\r\nmadisonie@buckeye-express.com:stacey926 | 2\r\nmyboys2@twc.com:trev2jake | 1\r\ncontact@anesa.net:monsieur | 4\r\njstix@a1.net:stix9327 | 39\r\nshin2146@nate.com:kgc0707 | 8\r\naaron@pondbuilder.com:Pumpvault11 | 4\r\ngeoffegan@dsl.pipex.com:Sylvia12 | 1\r\nfeldmanj@fibertel.com.ar:jo26844 | 2\r\ngustavosaetta@sion.com:040660 | 39\r\ntchildress7@buckeyeexpress.com:babyt5224 | 17\r\ncathy.gardouch@laposte.net:Cathy31290 | 1\r\njessica94@buckeyeexpress.com:scissors7 | 10\r\nluvbirdj@mi-connection.com:birdie | 17\r\nwilsoncotrim@uol.com.br:ddig81 | 1\r\namtazzioli@laposte.net:Sasuke34500 | 73\r\nmaqmoto@uol.com.br:filial1 | 15\r\nbluevolleyball@buckeyeexpress.com:precious | 5\r\nphkm@netvigator.com:169394ho12311112341 | 15\r\nserafimmarques1@uol.com.br:iehp83 | 143\r\nwebster84@buckeyeexpress.com:clover5 | 34\r\nscat.fisher@walkedintoabar.com:Flounder111Flounder1111 | 1\r\nmdevick@heartofiowa.net:Bend0914 | 8\r\na.macieira@globo.com:macieira | 118\r\nstephen.gapper@dsl.pipex.com:nX002196 | 23\r\nkys0584@nate.com:eorn053! | 8\r\njoao.pataiba@globo.com:ba100508 | 32\r\nluiz@pluglig.com.br:afeganistao461 | 12\r\nmabasmaison@laposte.net:Doudou63120 | 2\r\nsigzz@uol.com.br:wry00 | 2\r\nlcthomps@dsl.pipex.com:nutmeg | 12\r\nadesena@sion.com:qeq121 | 9\r\namkona@hawaiiantel.net:kealani | 25\r\nmattg408@bex.net:mattgrove1 | 1\r\na.brown21@talktalk.net:matthew | 41\r\nmarcelo.picazos@fibertel.com.ar:1209pica | 1\r\nmanchha@terra.com.br:010419741 | 1\r\ndschick@buckeye-express.com:shelcheymax | 20\r\nalibartley@mi-connection.com:alison123 | 8\r\nearhartt73@buckeyeexpress.com:Richard70 | 6\r\nstritch09@buckeye-express.com:maryjf9 | 41\r\ncorradoboy20@a1.net:corradog60 | 7\r\nluoyu@hzvtc.net:luoyu1121 | 11\r\nwichsi@hawaiiantel.net:usilias1 | 4\r\nduvalsebastien@akeonet.com:nqtqaqwz | 1\r\ntyhung@netvigator.com:p02033 | 7\r\njkdl@ig.com.br:danoninho | 5\r\nrcd.tae@virgin.net:mycoolpc1 | 4\r\n316861986@qq.com:zyf951753 | 378\r\ndale.cordeiro@hawaiiantel.net:password | 41\r\nmayr.johann@rolmail.net:9pXChSTG | 35\r\npatchoco@uol.com.br:Gigi6161 | 14\r\nspoiledbrat01@buckeye-express.com:kendall12 | 38\r\nvendas@multtecnica.com.br:wg3614 | 3\r\nmarta.cosimo@terra.com.br:bumbum2507 | 1\r\nj.gaston@dsl.pipex.com:24700674 | 15\r\nheitor@grupobuscarioli.com.br:hbj1975 | 1\r\ncincopr@paleol.net:marija2 | 14\r\nethan@eddinshome.com:ethan2 | 1\r\n01943863515@talktalk.net:redtomato1 | 20\r\npmnsr@twc.com:brooks11 | 2\r\nrogerdodger721@bex.net:goosu1 | 7\r\nmatt.warwick1@virgin.net:Tott3nham | 19\r\nydt21@dial.pipex.com:pomichaz | 3\r\nsandra.adamson@lineone.net:London01 | 8\r\nv.azerty50@idyle-telecom.com:1966ve | 4\r\ndkdud0027@nate.com:kej5246 | 16\r\njlandfield@hawaiiantel.net:nachapoo | 3\r\neatkins@americanrecruitmentsolutions.com:Freeme | 18\r\nrrentner@bex.net:49Hudson | 5\r\naugustoferreira1967@bol.com.br:Batata32 | 7\r\nasantoslima1980@bol.com.br:Glaucia1 | 2\r\nregina.haselbacher@a1.net:rarurehasi3 | 2\r\nleo.acupuntura@uol.com.br:20leo | 1\r\nmatchym@netvigator.com:mat20891 | 4\r\nbesnarddominique@ozone.net:Kierarocky2010 | 32\r\nclemence@west-telecom.com:281299 | 41\r\nmark.shinkfield@dsl.pipex.com:aries123 | 17\r\nyourselegantly45@vfemail.net:article123 | 3\r\ngenright@cablesurf.com:enterprise | 6\r\nantcnbase@alefresearch.com:prozac0188 | 8\r\nalebosi@dsl.pipex.com:floyd | 22\r\nwyy@sohu.net:333000 | 25\r\nbjsc@bex.net:pooky23 | 43\r\nnbeach@twc.com:single11 | 1\r\njoe@joeharrington.com:ginger | 1\r\nfgrsouza@terra.com.br:pintudo | 4\r\nvendas@jpdecoracoes.com.br:fev1998jp | 5\r\nmkoop@bex.net:cl!ff0rd | 37\r\nrinapa8@dmm.net:Ntn894337 | 2\r\njep@fibertel.com.ar:1423sele | 1\r\nstephenkoelsch@bex.net:tennis1 | 20\r\nsndydrmr@buckeye-express.com:hannah826 | 22\r\nka.djelassi@laposte.net:Hamsik77 | 7\r\ndirlenelopes@ig.com.br:12061970 | 1\r\nmichael59@buckeyeexpress.com:slaggert | 21\r\nalibarts@talktalk.net:7Football | 5\r\ntrumpster1@buckeye-express.com:golfman00 | 7\r\npabllo@oqrola.net:diowdiow3 | 53\r\nbrigata1994@a1.net:brigata | 1\r\nsolangehayashi@ig.com.br:051166 | 2\r\nkhalid.hannane@laposte.net:Test@2006 | 2\r\ngustavo.ferreira@vitalnetprovedor.com.br:1506892011bat | 2\r\nmariluz@ideeamazonia.com:Mar020609 | 1\r\npbc02323@nifty.com:1Slimwine | 4\r\nsakuma@y-pr.net:papamama | 1\r\ngordon.taylor@dsl.pipex.com:CurlyBear07 | 18\r\nshirleymiller@bex.net:sarm57 | 20\r\nmcopeland@lantic.net:michael0aa | 17\r\ndjarboe7@twc.com:scooter7 | 57\r\nmburrows@buckeye-express.com:cancer7 | 44\r\nmr.lolzor@bex.net:fish87 | 35\r\nricardo_ueno@uol.com.br:romafa | 1\r\ncontact@biomeo-environnement.com:urbanisme | 1\r\nellenholc@terra.com.br:eholc27923 | 2\r\nmksavage@buckeye-express.com:2210kaukauna | 38\r\nsenabel@terra.com.br:34627395 | 1\r\nerhardfrau@alice-dsl.net:15061953 | 18\r\npass0830@nate.com:gidal1004! | 5\r\ncschwarck1@bex.net:mikocat1 | 23\r\nh_sabine@a1.net:1mu1zi1ka | 24\r\nabenicio_monte@globo.com:Aninha1993 | 3\r\ndavesnouffer@accesstoledo.com:130des | 29\r\npwhs@netvigator.com:lili1184lili11841 | 22\r\nblut.kuss@gmx.net:Timon0910 | 2\r\na.berger74@laposte.net:Bidou123 | 8\r\npestdetective@centramedia.net:roaches | 25\r\nase@xocomp.net:hesper | 21\r\ndarabosa@hu.inter.net:1koljako32! | 43\r\ngch04242@nate.com:2ekdms1004 | 7\r\nallysoncom@twc.com:gemini27 | 27\r\nfabol@globo.com:CRO120566 | 13\r\nthsal22@nate.com:son4840 | 19\r\nlaurence.webb1@ntlworld.com:Aisling1 | 3\r\nninnin0108.gerry@laposte.net:Gertrude01 | 9\r\nstaff@nicotradisangiacomo.com:mukka2323 | 8\r\ngray.d@comcast.net:Tunafish2 | 71\r\nseabash1@bex.net:emmy42 | 49\r\nbeatricehelbling@a1.net:blarney1 | 4\r\nnoemie.demard@laposte.net:Noemie97.. | 2\r\nmeanjean@buckeyeexpress.com:goblue77 | 49\r\nozgrindpolished@getlocallisting.com:compaq6730 | 2\r\ntecsomfabio@terra.com.br:510700 | 1\r\nbarbarablance@uol.com.br:b10021998 | 1\r\nfabricejol@laposte.net:Medion44 | 2\r\nemma@tirollo.com:CThornets25 | 1\r\nantonio.start@globo.com:star4675 | 9\r\neruther4d@adelphia.net:wertwert | 1\r\nandressa@mangapitanga.com:gagui100 | 19\r\npayoffcreditcard.099@vfemail.net:article123 | 1\r\nfelixgarciagomez79@vfemail.net:felix1979 | 27\r\nlesley.ramsden@ntlworld.com:milliecat2 | 10\r\nbedrocksvc@hawaiiantel.net:tracyzoe | 33\r\nvolstag_volsungo@terra.com.br:cremutcho727 | 1\r\nlna@talktalk.net:espero | 18\r\nshue@buckeyeexpress.com:olivia1205 | 55\r\npatti@tangilifestyles.com:123456 | 1\r\nakostova8@cox.net:Ask127hck8! | 6\r\nconzee@buckeyeexpress.com:ccv020202 | 8\r\nbergstromkirstin@comcast.net:Atlsoccer1 | 7\r\nmarkus.putz@a1.net:062325108 | 19\r\nchristinarutkowski@buckeye-express.com:honey1 | 46\r\nandrewdesmidt@buckeye-express.com:desmidaa | 4\r\nangelikaperschke@alice-dsl.net:timotanja | 9\r\nmaneiy@uol.com.br:leo1010 | 1\r\ndmjg3@hawaiiantel.net:Domaja123 | 3\r\nsdsteil@netins.net:sj26dm25 | 12\r\nmiddletonave@supanet.com:gunman87 | 20\r\ncarole.john.lebrun@west-telecom.com:xantia | 42\r\ninfo@fg-eclipse.net:ffooeecc | 27\r\nkvannahmen@unitedwireless.com:lightcap57 | 8\r\nemkraus@bex.net:cchs2014 | 58\r\ntheenanorias@hawaiiantel.net:agape1 | 8\r\nbertram9@a1.net:adidas | 4\r\nanil_madhok@dsl.pipex.com:Babyamy7 | 21\r\nanafe04@terra.com.br:minhamaeQ1 | 1\r\nmartinsdosreis@globo.com:m12g14lo32p | 106\r\njackielee2003@netvigator.com:Jl303030 | 7\r\nlecoerico@r7.com:deus231 | 5\r\nthomas.granger8@laposte.net:Thomas1999 | 10\r\nbreanne@breannemorgan.com:purple4life | 4\r\nvedmonds@floridahealthcareer.com:triumphant13 | 15\r\ntalkcrap@talktalk.net:cobblers1 | 16\r\nboniblue1@bex.net:grandma1 | 54\r\nelizamprado79@terra.com.br:bibi2001 | 1\r\nalmcgreevy@buckeye-express.com:sparky11 | 107\r\njasonb@nashvillelumbercompany.com:austin152 | 6\r\nlucasprioli@globo.com:kratos0102 | 2\r\npeter.crumby@dsl.pipex.com:9379415 | 3\r\nbjn48@buckeyeexpress.com:maxine48 | 20\r\nallcrawford@buckeye-express.com:mowerman2 | 1\r\nverandabioconfort@laposte.net:Joachim03 | 5\r\ngiovanabuss@terra.com.br:ramaca | 2\r\nsdomj@terra.com.br:466970a | 1\r\ndaksinclair@dsl.pipex.com:rabb1t | 4\r\nroyalty2u@buckeyeexpress.com:Eugenia1911 | 1\r\nlorna.evans@uwclub.net:peaches | 2\r\nwww.unifiedseo.com09@vfemail.net:article123 | 3\r\nlucky6@buckeye-access.com:oneail59 | 23\r\ngablesguest@telkomsa.net:kcbron | 9\r\nmandywong1212@netvigator.com:mandy1212...w123 | 206\r\nceline.bonjean@laposte.net:Mamie0104 | 9\r\ngilltaylor46@talktalk.net:orangedoor459 | 36\r\nemily.albouy@cantab.net:lolita | 2\r\nleann.bader@hawaiiantel.net:gods1st | 71\r\nroyalseafoods@vfemail.net:treifers | 11\r\nantscom@alefresearch.com:prozac0177 | 1\r\nblueisaac3@buckeye-express.com:blue232419 | 27\r\ntk425tammy@buckeyeexpress.com:Jane417 | 36\r\nstremair.kevin@g-store.net:oix92kks!! | 35\r\nwubba@buckeyeexpress.com:stacey70 | 26\r\nbeaver1964@bex.net:sjl1964 | 15\r\nvlora.memeti@laposte.net:Kosovo2014 | 2\r\nfoundation@dsl.pipex.com:foundati | 21\r\nnobuska@ikikataya.com:nobu0802 | 1\r\ndrjudy@buckeyeexpress.com:sinjin1 | 52\r\npxiang@fsyyy.com:px116116 | 77\r\noluapi@uol.com.br:020664pi | 4\r\nrgmarriner7@talktalk.net:buster07 | 14\r\ncarole.secache@laposte.net:Television1 | 1\r\nchris.stoneuk@dsl.pipex.com:G0ldfish | 14\r\ndcantu@buckeye-express.com:bdv1745 | 31\r\nltedesco@fibertel.com.ar:1723mp25 | 2\r\nkorel@globo.com:ypv3920t | 21\r\nwhduals@nate.com:cltp1358 | 1\r\nndclark@talktalk.net:holly1 | 12\r\nmarcelopellegrino@globo.com:adv80834 | 17\r\nalainbuffalo@west-telecom.com:terredeloup | 52\r\nlovekaro@nate.com:Chzhffpt12! | 2\r\nbapebbc1@nate.com:snrnemswl1 | 20\r\napmax@terra.com.br:internet1098 | 2\r\nlisilechner@a1.net:lisi2302 | 11\r\nronny.cadillo@speedy.com.pe:roNNy19857 | 6\r\nyildiz83@gmx.net:Funny1983 | 1\r\nfrederic.dodat@cegetel.net:manon694 | 12\r\nkarl.kail@a1.net:kaka2000 | 38\r\npaul.oconnor@dsl.pipex.com:pauloc46 | 9\r\nmitesh@acmandassociates.com:acm@#12345 | 16\r\npaulym@talktalk.net:everton | 2\r\nhiyeon24@nate.com:rmfjgkek24 | 8\r\nmmartins1810@globo.com:181097gg | 2\r\nangelanelson@netvigator.com:7y0k6f | 12\r\npajenks66@bex.net:fiesta06 | 49\r\njgadeasantos@mundo-r.com:A2x23ty | 5\r\ninfo@institutdesartsmartiaux.com:ufve6scx | 20\r\nkaushik@mpjewellers.com:K09051976 | 1\r\njuangeronimo@fibertel.com.ar:flor1007 | 1\r\naldhondt@bex.net:andrea12 | 9\r\nrab88@buckeyeexpress.com:deerfield88 | 11\r\nlynnaspin@talktalk.net:Ginger1!Ginger1! | 1\r\ndigirolamoroberta@isbeconsulting.com:140843 | 26\r\njo.pauwels@vfemail.net:Iforgot123 | 12\r\npjc3@bex.net:Prov356 | 26\r\nbhuss@buckeye-express.com:3tommyjay | 2\r\nrroberts3@buckeye-express.com:redwood2 | 19\r\nnleister@buckeyeexpress.com:nal82134 | 5\r\na.sattler.03@cantab.net:Siebzehn | 9\r\njandot.juliette@laposte.net:Lolmdr53 | 1\r\namisery2007@buckeye-express.com:12corona | 40\r\nakreml@a1.net:Nelly2004 | 10\r\ntatyane.ribeiro@waal.com.br:150706 | 34\r\nsemer@semersl.com:b81329302 | 39\r\nt.henegar@buckeyeexpress.com:nate04 | 38\r\ngreeknutrient@vfemail.net:Source123 | 11\r\nguitarplayer@webchamp.com:pc0916pc | 3\r\nizzymufc@talktalk.net:mufc4lyf | 19\r\nseanl@vfemail.net:Kim072801 | 3\r\ntrm.martins@uol.com.br:gilda6969 | 13\r\nl.renzani@iqsstrings.com:912007lgr | 4\r\nmadson21@terra.com.br:guime48 | 7\r\nckonchar@triad.rr.com:Samlibby22! | 2\r\ntbello@globo.com:familia1 | 2\r\nchamberhaley@buckeye-express.com:haley4195 | 189\r\nc.gervais2@laposte.net:Poupoupidou5 | 2\r\nmatheus.duraes@uol.com.br:161064a | 11\r\nkunderwood@buckeye-express.com:utalk1990 | 5\r\nconnerd2002@buckeye-express.com:starkiller2010 | 14\r\nbrungars@ruraltel.net:justme | 2\r\nalvespereira12@terra.com.br:idalia122311qw123 | 2\r\nsbrunolopes@uol.com.br:gxve93 | 2\r\nmelramirez@attorneybreakfastclub.com:pereira14 | 9\r\ngarrygeorge@talktalk.net:nemesis | 3\r\nvirtualbuffalo@vfemail.net:kGcmrepf | 3\r\nsoranne@laposte.net:Emilie24 | 3\r\ndrake@jdmarsh.com:Hippokitty7 | 4\r\npam@broadlandholidays.com:Miadamji1 | 38\r\ncindy306@buckeyeexpress.com:daughter2 | 43\r\nmonte.herbalife@globo.com:thphvh79 | 8\r\nstevco@a1.net:joka001 | 2\r\naartuso@t-scriptproducts.com:Scotty999 | 3\r\njaime_llanos@infonegocio.net.pe:220948 | 4\r\njo.livingstone@grapevine.com.au:Stephanie | 7\r\nniddroid@talktalk.net:hibernian1875 | 26\r\nthierry.herzog@akeonet.com:m83cen66 | 1\r\nellienik@esc.net.au:sweetpea | 24\r\nfandnmitchell02@talktalk.net:yummymummy3 | 1\r\nlyudmila@gracefulbrush.com:Tor781601 | 4\r\nginny.wise@twc.com:Allstar1 | 15\r\nbonth@bex.net:Cessna150 | 13\r\nlokeshca@bol.net.in:webmail2980 | 1\r\nvinogirl@buckeye-express.com:2sbest | 1\r\nkbuehler@buckeyeexpress.com:Beaner10! | 9\r\nthuthanh@vietbon.com:1THUthanh2 | 10\r\nfa3065@nate.com:1815abab | 8\r\ncontact@arnaudperat.com:StarZone666 | 3\r\nreffahs@buckeyeexpress.com:pluto1992 | 3\r\njennifer.peschi@laposte.net:Shanelle2005 | 122\r\nferdi.gears@lantic.net:matilda | 1\r\nm.jean408@laposte.net:Marionjean2 | 1\r\njosematarrese@fibertel.com.ar:jose3103 | 1\r\ngregbailey@bex.net:Greg933! | 10\r\nlgambrell3@buckeye-express.com:country1 | 36\r\nsinchan681122@nifty.com:7M2MQE01 | 1\r\njon@browersales.com:brower28 | 2\r\ncmaca11@iprimus.com.au:maccas10 | 3\r\nferdunan@fibertel.com.ar:hal2003 | 1\r\ngui_gsf@globo.com:gui155225 | 10\r\nhooaahkah@buckeye-express.com:spike135 | 62\r\nliettzz@ig.com.br:lili0906 | 7\r\nc.bellotti@globo.com:cb242524 | 2\r\nmpfabbri@terra.com.br:hushie011q | 1\r\nvitoriapessoa@dlvaledosaofrancisco.com.br:vpdlvsf102030 | 14\r\ncamagal@uol.com.br:Kmagal1772 | 25\r\njohn@rossi-online.com:Jane1020 | 1\r\ncschwarck1@buckeye-express.com:mikocat1 | 23\r\nphuong@metamontessori.com:meta2012 | 2\r\ndkriegel@bex.net:eagle1 | 24\r\nmcalza@uol.com.br:soeusei0 | 20\r\nemiliano@gliscoiattoli.com:milano | 20\r\ncruzeiroachefacil@uol.com.br:clw1610 | 9\r\ndonna@lewisind.com:nana10 | 13\r\nw52223@bex.net:weagle23 | 12\r\npamags@uol.com.br:ps161064 | 3\r\nrorich7@nate.com:sh09071236 | 10\r\nsabsantana@globo.com:sa150503 | 11\r\nmpatt@bex.net:luckydog | 27\r\nscans@force-logistics.com:Andrea31 | 2\r\ncruz.andrea@uol.com.br:Pai26051950 | 35\r\npinzgauerhase@a1.net:bgl1gundi | 3\r\ncheungsunyee@netvigator.com:CSYEE425!1234 | 10\r\ngazbdraper@twc.com:ducky2003 | 13\r\nemnetherton@twc.com:emily1998 | 13\r\njuliedensham@talktalk.net:poppy | 40\r\npromiselai@netvigator.com:cipa2482w5 | 17\r\npcjhamel@nomotech.net:philippe | 31\r\ndksejrqo0317@nate.com:1q2w3e4r! | 7\r\njdisalle@buckeyeexpress.com:snowball1 | 40\r\ndahooti6@buckeye-express.com:bailey33 | 40\r\nchdezsg1@buckeye-express.com:stargatesg1 | 1\r\ne.dracou.02@cantab.net:bl659328 | 20\r\nkobayashi.yodokaa@laposte.net:Conconbre1 | 13\r\njsebastiaopereira@uol.com.br:J140155p | 26\r\nadmin@oravaaction.com:miro5762 | 18\r\nada_ulloa@infonegocio.net.pe:AdaULLoA | 1\r\nkhawa.teen@vfemail.net:BHdiJRle8T1 | 1\r\nad@manadv.com:database | 8\r\njimhamel@bex.net:sundance | 78\r\nmcidapaiva@ig.com.br:ranieri27 | 14\r\na.filippini@cogeogr.com:00970aoa | 8\r\nkimfl@netvigator.com:ck7730 | 2\r\ngrafare@uol.com.br:gdfr3101 | 8\r\nchrisriddell@talktalk.net:Bloodshadow12 | 2\r\ndiulhei@servibrasseguros.com.br:Diu2512 | 1\r\nrolland.laurent@akeonet.com:beatrice | 2\r\nmartina.ferk@a1.net:huskyduke | 1\r\nmatt.becker@twc.com:doc484488 | 1\r\ndcoop@accesstoledo.com:festus | 45\r\nboniblue1@buckeye-express.com:grandma1 | 54\r\nchristinagomes@flylittlebirdie.com:pbishot1 | 7\r\njsh95362125@nate.com:dusdls1 | 4\r\ninfo@sls83.com:29041966 | 6\r\nrobson@matrixaudio.com.br:321matrix123 | 178\r\npiethome@lantic.net:ywykotem131 | 2\r\nevwilt@bex.net:goalie2 | 18\r\nfreddy0812@twc.com:poplar420 | 21\r\nellenjones@buckeye-express.com:wish12 | 5\r\nallysson01@globo.com:Sa220499 | 18\r\nchipmunk1129@bex.net:chippy1 | 20\r\nsandywatton@talktalk.net:weeble | 6\r\nmmaulertoys@vfemail.net:nicmatt66 | 21\r\nanreal007@pautina-nau.net:rD88Uc5d | 53\r\ngary@2percentinspiration.com:garych3llo | 25\r\nmaxviale@flylab.net:minozzi | 3\r\njplinet@twc.com:Buddypj2 | 11\r\nk.grimwade@ntlworld.com:karen1965 | 2\r\neric.valdez@vfemail.net:bigbrickezpz | 8\r\nbhaboo@terra.com.br:230281 | 2\r\njeni.monroe813@bex.net:Aug132003 | 22\r\nkate@splanhomes.com:happy27 | 5\r\nlucia.castilha@globo.com:8rhwr82r | 2\r\nsilviamorganti@fibertel.com.ar:sil477 | 1\r\nmarcelle.beautrais@laposte.net:Marcelle1 | 3\r\nmissout@buckeye-express.com:travis101 | 46\r\nstanfanny313@comcast.net:March1956 | 4\r\ndesiree.n@globo.com:Bikini12 | 9\r\nbobandkylie@grapevine.com.au:liambensam | 16\r\nrivergardener@dcwisp.net:amelia1bean | 35\r\npbeach@bex.net:junior1 | 2\r\nfsiniscalchi@sion.com:karate23karat11a | 1\r\n381505937@qq.com:tompson1991 | 984\r\n157647716@qq.com:apollo789 | 16\r\nluigi.magon@terra.com.br:040396 | 3\r\nbjn48@bex.net:maxine48 | 20\r\npri_sal_12@terra.com.br:perolamvperolamvzxc | 1\r\nmorganstn@talktalk.net:Luigi123! | 513\r\nj.coulter60@ntlworld.com:john8862 | 1\r\nandy.hamlett@talktalk.net:dustybin66 | 4\r\nbrt134@nate.com:dnrdl0602! | 3\r\ndenisnadeau@spanadeau.com:duvallon | 9\r\njulio@mecsulcompressores.com.br:htfkk2667 | 27\r\nsylvia.tournier@laposte.net:Chouchou21! | 19\r\nairojas@speedy.com.pe:LABRADOR | 1\r\npoli.zen@laposte.net:pOpo1456 | 12\r\nlucaalvares@globo.com:junior111 | 7\r\nsoniamferraz@terra.com.br:sf31010111 | 2\r\ngsmith3@buckeye-express.com:carolyn5 | 19\r\nnoahaya.cardona@laposte.net:Argentine2013 | 6\r\nderek.comerford@dsl.pipex.com:Unprofor | 23\r\ndstay61@twc.com:Nilods61 | 2\r\nsallyann@pnc.com.au:babyteddyw015 | 256\r\nanitaj47@talktalk.net:sam3247 | 24\r\n03360602@zjnu.net:7012339 | 9\r\nspooky_ghost227@davidbowie.com:zigzag | 6\r\njohn@johnjwiley.com:Rumbler1 | 5\r\nmure.dylan@laposte.net:Wacfificateur1 | 5\r\nwheeler.family@cox.net:Vineyard1! | 1\r\njywooley@buckeye-express.com:cortney1 | 44\r\nkatiehaines@bex.net:7D15A80D | 23\r\nandrewbrock@orcon.net.nz:Polikarpov1 | 163\r\nhcbr974@laposte.net:GolfMike974 | 1\r\ntraceycatlin@buckeyeexpress.com:hawaii1 | 18\r\nmoniqueams@terra.com.br:GODOFREDO123!1 | 1\r\nissol1811@talktalk.net:Isaac18 | 6\r\nsolomon50@talktalk.net:bullhuss50 | 21\r\nlroth@buckeye-express.com:lskljddt89 | 5\r\nje.pub@laposte.net:Droopy67 | 1\r\newohw@bex.net:charlie1 | 6\r\nlilje027@lantic.net:lilje10861lilje10861 | 1\r\ndiretoria@vipertelecom.com.br:kabelo1202kabelo12021000 | 16\r\nboynsue@buckeye-express.com:dragon4587 | 57\r\nadam@shekhter.net:adam8412 | 21\r\nclaudio.mm@ig.com.br:51mogi73 | 1\r\nseniorreverse@buckeyeexpress.com:dexter1 | 27\r\njenny.nutting@talktalk.net:Holiday1 | 2\r\nnabeel@wateensolutions.com.au:03004981382 | 3\r\nmaelle.walter@laposte.net:Elea2003 | 45\r\nnaners@bex.net:eyesblue | 55\r\nerica.ubaldi@parmaest.net:gioconda24 | 13\r\nhanns.pekarek@a1.net:12061944 | 3\r\ndidi.soussan@laposte.net:Andinou9 | 3\r\naskjhsa.kjhasd@vfemail.net:xS6a4DWBf6 | 21\r\nad_dovale01@terra.com.br:levado0111 | 3\r\nfelipedhalada@globo.com:12309de | 9\r\njwalling@bex.net:Michigan | 1\r\nnock21c@nate.com:emfla1024 | 1\r\ntitan157@hawaiiantel.net:shnugee157 | 40\r\nfilipemdk@terra.com.br:390467103904671012q | 2\r\ncicicoffee@centramedia.net:coffeecl | 31\r\ngoodenow@hawaiiantel.net:kGG96720 | 43\r\nlhzilli@terra.com.br:brasil12 | 10\r\nlb2000@talktalk.net:Anneleise3 | 5\r\nwales@ukgateway.net:ekins552 | 1\r\nmalpal723@buckeyeexpress.com:karlee9394 | 8\r\npeytonlorenzen@bex.net:pendoor13 | 40\r\ny01161004@nate.com:dkcl48 | 150\r\nlie892@nate.com:psj5689! | 8\r\nkatharina.strassegger@a1.net:14101985 | 28\r\nsamedi13@laposte.net:Samedi13 | 1\r\nkitkoo@netvigator.com:g082016a | 10\r\nyanster@dsl.pipex.com:alibonga | 6\r\nhazdine.idjer@laposte.net:Chiang711 | 1\r\nrmmurray@twc.com:Chelsea2 | 1\r\ndjjohn16@twc.com:Mastersgoal1 | 10\r\nportaflex@ibest.com.br:852314 | 4\r\ntam.kokot@laposte.net:Tamara71 | 44\r\ngruber.johann@a1.net:gruber | 1\r\nrmoon@buckeyeexpress.com:superbee70 | 23\r\njohnfinck@buckeyeexpress.com:ucinnpka8199 | 10\r\nlynda.chris@talktalk.net:jonathan82 | 2\r\ndwo@dlinexsign.com:Carlf1881 | 18\r\nming1234311@netvigator.com:2408ming | 5\r\ni.prado@uol.com.br:wish78 | 258\r\nabigail_collin@talktalk.net:Mwraight1935! | 1\r\nwaldemar1@uol.com.br:Waswas121! | 17\r\nuuaaua@nate.com:dkssudgk3! | 27\r\nevaldo32@ig.com.br:jp121170 | 7\r\nroberto_jesus@globo.com:Rjbi010194 | 54\r\nm.ollivier217@laposte.net:Manon1992 | 4\r\ngt.sassenberg@lantic.net:sassenberga11 | 1\r\nkaren.j.murphy@talktalk.net:foreman1 | 10\r\njustme@netwood.net:justus | 20\r\neverhart@buckeyeexpress.com:maumee65 | 28\r\nhouza.hassani@laposte.net:Comoros269 | 7\r\ntelm.reis@uol.com.br:081299Bel | 157\r\nbelmorelocks@getlocallisting.com:compaq6730 | 1\r\nrobyn@schmitztribe.com:Josepha71! | 13\r\ncontact@atelierdynale.com:0147Toutlemonde | 10\r\nmlg48850@nifty.com:tshape4 | 1\r\nvan.silveira@globo.com:vanvan978 | 36\r\nshaundonna@talktalk.net:lexanfilm | 7\r\nchezdawn@buckeye-express.com:Taurus22! | 3\r\nchris.spree@talktalk.net:vertigo1 | 15\r\nsula26@uol.com.br:sula0611 | 320\r\nmarykajiura@terra.com.br:121212 | 1\r\nkevinbarley@talktalk.net:quartzsurveyor | 1\r\ntopgun@buckeyeexpress.com:hollywood | 41\r\nmarilenaortiz@vetorial.net:paixao | 7\r\nbborja@globo.com:carvalho | 6\r\ntammi32@buckeyeexpress.com:peanut1 | 29\r\ndanipilon@uol.com.br:d020878 | 3\r\njacques.guerreau@netaplan.com:jackg007 | 16\r\ndndessum@buckeyeexpress.com:lowride1 | 4\r\nomarhc@fibertel.com.ar:omar1958 | 1\r\nmyeongjunkim@kakao.com:rlaaudwns13 | 2\r\naltech@speedy.com.pe:Talara10 | 2\r\nbkrapowers@bex.net:robert1 | 13\r\nandyipmos@netvigator.com:36093609 | 2\r\nd0dg3@terra.com.br:killer | 1\r\nlove4728@nate.com:wlsghks2 | 2\r\nmelgatti@uol.com.br:mel2223 | 5\r\njean-pierre.meignen@fosec-pibplus.com:alicia | 6\r\nmario.bonitatibus@globo.com:bnttibus | 1\r\ncorunum@alaska.net:joanOfarc_1965 | 360\r\nrrathie@uol.com.br:Mf153708 | 1\r\nvgj@dsl.pipex.com:1target2 | 3\r\nmrpaul@letsbvip.com:warda23 | 6\r\nellenjones@bex.net:wish12 | 5\r\ntea0326@nate.com:a4865914 | 3\r\nblake@bslhomes.com:redskins1 | 2\r\ncyrielle66@laposte.net:Telephone1 | 31\r\nsbutterfly@bex.net:shawn112 | 124\r\ndlsp@uol.com.br:scb024 | 5\r\nwaswax@nate.com:top7585! | 15\r\na-liliam@ig.com.br:li18eu25 | 22\r\nmabeljurado@fibertel.com.ar:luna10 | 1\r\nall.talk@talktalk.net:oliver | 12\r\nn.z-m@a1.net:T0o9n0s2i | 13\r\ndesign.angela@globo.com:1510angela | 44\r\nc.hachacq@laposte.net:Chouchou1! | 7\r\ngdx0708@nate.com:ghkd3804! | 27\r\nsam@mybnc.net:madisoncat | 4\r\nyod57@accesstoledo.com:love0517 | 17\r\ngmcrocker@dcwisp.net:mel5rose | 6\r\nadmin@knlawnservice.com:password | 2\r\ndakonaboyz@hawaiiantel.net:koale818 | 55\r\ns.jago72@talktalk.net:Whisky1972 | 7\r\nmilacoquis@speedy.com.pe:PATITA | 2\r\ndariochaves@fibertel.com.ar:2127lola | 2\r\nchristian.savoure@cegetel.net:podium | 2\r\ngilmarostjen@terra.com.br:140202971123 | 1\r\nwilhelm.pietsch@a1.net:17a580bq | 34\r\nkap1965@buckeye-express.com:purple3 | 40\r\nsatoshi@td-coa.com:03104sss | 48\r\ngreggp01@talktalk.net:meggie01 | 5\r\naugustocesar@uol.com.br:A10C08M52 | 8\r\ninfo@bluesdecker.com:Lead.belly | 11\r\nvladocq@paleol.net:maximus1 | 23\r\nwebmaster@1clic-1toit.com:2tiot1-cilc1 | 40\r\njoaoaffonso.sa@uol.com.br:abhmep12qwe | 1\r\ncosmicrabbit@dsl.pipex.com:sixetang | 2\r\ninfo@doitadvertising.com:ASDF1234 | 1\r\ndasoul@dasoulrecordings.com:2VCORDAY | 30\r\ncmrosa@ig.com.br:22maio00 | 275\r\ngiovanna@casabartolini.net:giovanna | 5\r\nmatthew.newport@talktalk.net:Newpom33@ | 11\r\nttoppah@carnegienet.net:tt23car | 49\r\njayhugg@bex.net:carter1 | 26\r\naucn49@dsl.pipex.com:tanidara | 27\r\nredwitch83@nate.com:b1021218 | 6\r\nlori@korninteriors.com:exitleft | 1\r\nmyriam@taxmix.com:myriam1 | 2\r\nangelique.queruel@cegetel.net:mathilde | 1\r\ndavekirkland@talktalk.net:1qaz2wsx | 23\r\nservice@lloyds-heating.com:shrewsbury1 | 15\r\nrandee@ny2d.com:Chapin99! | 6\r\njohanna.bonnot@laposte.net:Touareg123 | 7\r\ncontact@thibault-creation.com:thibaultcrea | 41\r\neliomar@moveisnogal.com.br:nogal123 | 5\r\nghassen@noktaproduction.com:9kTaProdghssN | 22\r\nlindachan923@netvigator.com:linda9231231098 | 23\r\neva.rechberg@a1.net:ek0320ek | 1\r\naalbinods@terra.com.br:pirulitopirulito1 | 1\r\ndvieira3@twc.com:lobster3 | 11\r\nv.lapierre930@laposte.net:Larson40 | 4\r\nsimoestorigoe@uol.com.br:rafaela1 | 4\r\nngdaniels@dsl.pipex.com:ramadog62 | 16\r\nricardo@primvs.com.br:Rica0207 | 1\r\nfranmakingoff@uol.com.br:fran03 | 5\r\ngsarge@talktalk.net:yamred46 | 2\r\nlhelfer@infonegocio.net.pe:eSD57928 | 6\r\nmatthew.eaton@cantab.net:Armadillo1 | 44\r\ndominic.d@sabrinaswindowcleaning.com:123456 | 1\r\nelizaa@netvigator.com:eliza1231eliza12q | 15\r\nhughhill@talktalk.net:wipeout | 30\r\np.mitterhauser@a1.net:mitterhauser | 27\r\nauuf42@dsl.pipex.com:thinisaz | 37\r\njeremy.dunn@dsl.pipex.com:roadtown | 7\r\ninput@lupastro.com:input120 | 19\r\nsail49@island.net:muthoppeq1q2019 | 3\r\nc.morillat@laposte.net:Gropopo73 | 1\r\ngerhard30@a1.net:Wirvier4 | 1\r\nadriana-melao@uol.com.br:240872aa | 2\r\ninfo@waltanjazz.com:Waltan2312 | 13\r\nvaldir.bassa@concrefiber.com.br:concre347258 | 8\r\ndouglasmsilva@terra.com.br:15035586a1dq | 15\r\napples0607@nate.com:xodls0410 | 11\r\ninfo@nuovospazio.com:rocca5638 | 4\r\ndlemos@uol.com.br:sollua1 | 1\r\ndrlarry@sankofabda.com:energydoc1 | 27\r\ngrkeilm@infonegocio.net.pe:bILLYKEIL97 | 1\r\nfred10@talktalk.net:123marmaris | 1\r\npeterjc@innergystics.com:D7rach01 | 27\r\ncontact@lespapasgateaux.com:Gaston112 | 36\r\njean.michel.chaignaud@ozone.net:laguna | 5\r\nmariana@ibizany.com:Teofilo123 | 9\r\nozzy311@talktalk.net:311311 | 1\r\nshaun-s@ntlworld.com:Belinda123 | 1\r\ncitrafreak2015@twc.com:michelle1 | 1\r\nannamartorelli@judosantostefano.com:anna2013 | 19\r\nhelene.deslande@laposte.net:Deslande88 | 1\r\nthiago.silva@playoffmarketing.com.br:Inicial0 | 12\r\nadapanariello@arkhearchitettura.com:camilla | 11\r\ncckelly@nc.rr.com:Temagami!1 | 3\r\nmarcello@marineddabay.com:solito | 5\r\ncharlotte.lebourgeois@laposte.net:Juliette27 | 1\r\nmouthes@alice-dsl.net:Mechatronik | 1\r\nrecruitment@ascendevelopment.com:ascend123 | 2\r\nodontojca@ig.com.br:re234370 | 111\r\npuce80@nate.com:wjddl100 | 3\r\ntabitha@taylorstricklin.com:fonzo1993 | 1\r\njason@john-seymour.com:Kiera2012 | 3\r\ninfoprintpinda@terra.com.br:lili1709Q | 2\r\nnicola67martin@talktalk.net:sun24shine | 1\r\njohngregory1958@virginmedia.com:Chemist02 | 5\r\njschlossman@isabellaproducoes.com.br:julie1818 | 66\r\nscottmc@interbaun.com:PURPLe | 6\r\nraca@vadkert.net:nagycsalad6 | 1\r\ndavid@davidkaaker.com:Indian1 | 32\r\nruby@diamondstarco.com:rubes22 | 3\r\nastu05@dsl.pipex.com:delboy100 | 14\r\ninfo@robynandtrevor.com:guitars123 | 3\r\nchoico2@nate.com:1dlftnek! | 14\r\njosh@watercleaningservices.com:kasenjace10 | 5\r\nnike80@nate.com:wldms0907! | 9\r\nsajjad786@talktalk.net:talktalk | 1\r\nguillermoezeiza@fibertel.com.ar:greg2012 | 1\r\nmaxpage@talktalk.net:Durban20! | 20\r\nstephane@destockgolf.com:jeffica | 4\r\nrpcook@cantab.net:He11onun. | 4\r\nbryony.callaghan@talktalk.net:Smudgy007 | 5\r\njmorrison@f3inc.net:jdmorr41 | 2\r\nangel@r7.com:julinha | 5\r\nsaadiha.ezzarrari@laposte.net:Mohamed1984 | 2\r\nguminghu2179@vip.qq.com:19920805Gmh | 93\r\ngnecchi_nicolas@sion.com:tulio127661w | 1\r\ncsaa3601@a1.net:bapuja03 | 21\r\nalves_milla@terra.com.br:160302 | 1\r\nmeena@orchidtech.net:Excellence2 | 2\r\nya.kaouane@laposte.net:mp6KAOUANE | 3\r\ngiuliano@gugafittipaldi.com.br:Giugiu3333! | 30\r\nmaryannking@talktalk.net:alliswell2 | 15\r\nmpat0358@bww.com:Diamondin14 | 4\r\nwonneproppen007@a1.net:popopopo | 10\r\njohnseed@talktalk.net:crackers1 | 1\r\njillmoore@twc.com:moorej14 | 6\r\nyiuyiu92@netvigator.com:g920606a1230 | 14\r\naminesaid@laposte.net:Sarafina2010 | 31\r\nancastle2@talktalk.net:brighton99 | 7\r\nmark47@talktalk.net:kumkwat47 | 8\r\nangie.stephens@universaltherapygroup.com:jaxjax14! | 9\r\nuwili@a1.net:Blattler | 1\r\ntac.tic.animation@cegetel.net:tactic09 | 2\r\ntlynch@dsl.pipex.com:thunder9 | 14\r\nalexander.tanzer@a1.net:pluto19 | 2\r\nrgehwolf@a1.net:abraxas | 19\r\nrgarat@fibertel.com.ar:1152rg | 2\r\nalitse@netvigator.com:alitse914qww | 5\r\ncpatton@casketsofky.com:nottap1 | 13\r\nbuddypearl@uniserve.com:Unicorn | 2\r\neun6807@nate.com:dmsdud1102 | 20\r\nstev@dsl.pipex.com:omega22 | 13\r\nsarah.schoenmann@a1.net:13061985 | 16\r\ncrew@ieifactory.com:1e1factory | 20\r\ngill@lantic.net:amakhosia!11a | 10\r\nvirginiehector@west-telecom.com:virginie | 30\r\nhangi0103@nate.com:joohee0840 | 11\r\ncamerawoman@laposte.net:Severine74! | 17\r\nvuillermoz.nicolas@ozone.net:MarksMan39832110 | 6\r\nroland.glas@a1.net:rolandg | 7\r\ncredit84@nate.com:rmsdnjs12 | 1\r\nkv1208@nate.com:kv379211! | 3\r\ncafsantos@uol.com.br:sccp2399 | 7\r\nlemosfreire@uol.com.br:elf2650 | 14\r\nesteveselvira@ig.com.br:220848 | 2\r\nangela.barbosa@uol.com.br:corbu674 | 8\r\nckstm777@nate.com:ejrgus12 | 4\r\nmsalazar@speedy.com.pe:mIGUEL | 2\r\npaulsharling1@talktalk.net:picanik1 | 7\r\nveluperini@terra.com.br:vl2110 | 1\r\ndwhravens@cox.net:Rtc304dd! | 1\r\ntrsmith@talktalk.net:travel12 | 16\r\nsabrina.blutmager@a1.net:sabrina | 1\r\njohn.moloney12@ntlworld.com:Lukesean18 | 3\r\nx4502699@netvigator.com:aaa000 | 3\r\nstefano.italiano@pm4b.com:GFSI5050 | 8\r\ndkdlemfh@nate.com:qnfxkfk12! | 13\r\njloscos@thbbcn.com:fitofitipaldi56 | 1\r\ninfo@jeremyhaessig.com:sxkn5000 | 5\r\nchristianmartin@west-telecom.com:cheval | 32\r\nhenri.bordage@cegetel.net:c2ticust | 2\r\nando@it-park.net:ando0315 | 17\r\nd.baines@dsl.pipex.com:quoobach | 27\r\ncirincjm@nycap.rr.com:willow12 | 1\r\nhello@christianjohnston.com:sluggo | 27\r\nadagondo@uol.com.br:fisio67 | 8\r\narthur@sambasul.com:abssba07 | 34\r\nbonthuyst@lantic.net:xblade1980xblade1980 | 22\r\nvalberryowen@talktalk.net:Connie32 | 26\r\ncyrielle@hfs-centre.com:00CYhfs2019 | 3\r\nlydlink@davidbowie.com:heart6 | 2\r\npsolmi2@nate.com:qkrthfal2 | 1\r\nwaynet9@talktalk.net:Virgo1000! | 54\r\nadunning33@cox.net:Soccer33 | 5\r\nvivien95@varsat.net:199506201233! | 3\r\nchourouke.berkhli@laposte.net:Chouchou21 | 23\r\nroseliha@uol.com.br:rose1949 | 7\r\ndkelly@cherokeetel.com:sodfarm | 5\r\nshinhk1004@nate.com:zx9903064! | 61\r\nbrijambs@adelphia.net:tlot2rs | 191\r\nmagma@magma-net.com.ar:magma238 | 3\r\njenny.apps@ukgateway.net:chester4 | 22\r\nmargaret.36tatton@ntlworld.com:palestine1 | 47\r\nkellie.barnes@ntlworld.com:Lizard2007 | 4\r\namandine.fb@laposte.net:Amandine.500 | 194\r\nmail@smellyjellycandles.com:Kristen1 | 8\r\nmartin.junge@terra.com.br:8822000088220q | 1\r\nfkos@bioarc-studio.com:isa310367 | 2\r\nproject-15@finexkitchen.com:mjoshi12 | 9\r\nxfenn@davidbowie.com:4ad4ad | 5\r\nlornaellis@talktalk.net:Topaz1964 | 3\r\njwhitesell@cox.net:Dmode069 | 367\r\nanycrytcom@alefresearch.com:prozac0177 | 1\r\nkernmaster@kernprose.com:TrustinOne | 17\r\nmfast@ig.com.br:3330M3330 | 11\r\ncruelspecies@dsl.pipex.com:R3b3cca | 13\r\nworderamp@gmx.net:skylineR34 | 1\r\nma.chabane@laposte.net:Damine22441 | 64\r\ngoldyut@nate.com:kks246372 | 12\r\nalex.roberts05@talktalk.net:jinxm00k | 2\r\ninfo@matteomorandi.com:live1lie | 20\r\namabris@uol.com.br:lab1291 | 5\r\nyj01029598401@nate.com:ehowl0430! | 6\r\nleogaudenzi@uol.com.br:Sushi17! | 5\r\ntony@victorcorpnm.com:bobcat1 | 2\r\nrpvillareal@digisurf.net.au:19011521 | 13\r\nwest_tony@lineone.net:anthony2 | 1\r\nrobert.witt@a1.net:Roberto | 1\r\njohn.robson53@ntlworld.com:Windsurf1 | 4\r\nwill.dale6@virginmedia.com:will6952 | 47\r\ngeetas@suchansoftware.com:7kailashkunj | 13\r\njf.gigliotti@uol.com.br:jfg1446 | 17\r\ncaua.ferraz@bol.com.br:anabeatriz12 | 16\r\nromain.ballais@laposte.net:djNJmtn4! | 4\r\nwallacevip@bol.com.br:wv287136 | 9\r\nkgoete@telkomsa.net:ejoosia | 9\r\nnsc40214@twc.com:ALJB1820 | 1\r\nfaircolina@talktalk.net:drizzle | 1\r\njantutt@talktalk.net:pebbles3 | 15\r\ncontato@trabalhoseconcursos.com:2006gaia | 1\r\npharmdoc@twc.com:alyssa95 | 2\r\ntania.eloisa@terra.com.br:220697 | 1\r\nylwater@nate.com:yl3328 | 12\r\nsorridentes.dental@uol.com.br:j0978094 | 2\r\nalanr@digisurf.net.au:apnnpmvg | 33\r\nguaresch@uol.com.br:Lf060398 | 3\r\njoyceemorrison@talktalk.net:oberammergau00 | 18\r\ntopgear09@vfemail.net:article123 | 2\r\njohnlocke@fibertel.com.ar:john1066 | 1\r\nfemalagutti@uol.com.br:eum92855 | 1\r\nmicmichung@netvigator.com:pass12 | 2\r\ndbucka@cox.net:Abcbdb1! | 2\r\ntwells644@twc.com:June261953 | 1\r\nholly@smithclayman.com:madeleine4 | 10\r\nclairecoho@nate.com:snrnsl50 | 25\r\nmend@instantname.com:infomend | 15\r\nscomparinp@terra.com.br:miserere11 | 2\r\ncorreaedvard@terra.com.br:thiago | 1\r\nf.macneil@ntlworld.com:Angusmac62 | 2\r\nkelzbelz83@talktalk.net:brandon2212 | 4\r\nalanpatel86@virginmedia.com:Juninho25 | 2\r\nmarizamaciel@uol.com.br:mr120767 | 2\r\nsum_hidraulicos@infonegocio.net.pe:120802 | 1\r\nocta@fibertel.com.ar:og170990 | 1\r\nhouari.rahal@laposte.net:Vanessa1 | 11\r\njazzkbolina@ntlworld.com:Jaspal30 | 2\r\n03810120@zjnu.net:11405027 | 9\r\nkbhsong2@nate.com:qudgml7139 | 12\r\nlucas@lucasdesousa.com:annagrace | 2\r\ncaroline.scholey@ntlworld.com:guinness1 | 2\r\nthayer2@cox.net:Paxton01 | 4\r\nlauren.mcalister@elkcreekhuntclub.com:laurenrae | 28\r\neggers81@ewe.net:08JaHe03 | 1\r\ndhiego.austin@terra.com.br:lontra | 1\r\njims@nuvoconstruction.com:packers1. | 2\r\naitelbaz.soukayna@laposte.net:Ibtissem2011 | 1\r\nciademotoboy02@terra.com.br:giovanna11dq | 1\r\noptometrist@getlocallisting.com:compaq6730 | 11\r\nb.t.lovedale.01@cantab.net:avocado1 | 11\r\nmichel7@a1.net:Praxiss | 26\r\nalekona@adelphia.net:connor01 | 1\r\nmail@gchambon.com:00161600 | 8\r\nkelly@thetillergroup.com:tiller1 | 3\r\nyann.muggianu@laposte.net:Kazam200! | 18\r\namcmurdo@supanet.com:pinnan23 | 2\r\ninfo@tenpl.com:Neginhal@1 | 1\r\nlucas38160@laposte.net:0414Lolo | 1\r\ncacorick@terra.com.br:pi70da75! | 1\r\ncaralewis@cantab.net:cara24 | 3\r\ncerzabarros.barros@ig.com.br:040450 | 18\r\ncpolo@infonegocio.net.pe:CarpolO | 1\r\ndomingues.regi@terra.com.br:regi4416pas! | 3\r\nbenyop@laposte.net:Ve40pohe | 12\r\ntaeho7903@nate.com:dnflwkrl12 | 9\r\nmarceloranieri@terra.com.br:27924906aA | 15\r\nhlavin@xtratyme.com:Hunter123zxc | 36\r\nmariobastos@uol.com.br:bqkd5817 | 17\r\neduardoraeli@globo.com:53dado54fafa | 5\r\nfbihel@laposte.net:Casepasse2008. | 2\r\ncliffordelliott@ntlworld.com:Doppler505 | 4\r\ncovil33@uol.com.br:muzamba3 | 4\r\nmaggie@golaytons.com:cordero4 | 5\r\nmarcio.david@impecltda.com.br:md82577400 | 29\r\nragonezibrito@uol.com.br:ringo4418 | 3\r\ns.louvois@laposte.net:Louvois14 | 1\r\nbowham@axion.net:beachbum111111 | 11\r\nallen.laura@twc.com:sugarKT14 | 63\r\nretifica.wm@globo.com:wm126910 | 13\r\nmariamarques@uol.com.br:malu2012 | 14\r\ndixieman1965@talktalk.net:magpies01 | 1\r\nfreehandmusic.com@vfemail.net:article123 | 5\r\ngalaninternational@terra.com.br:macapa500 | 6\r\nziziba0321@nate.com:tjdxo1203 | 3\r\nclaudiarclima@uol.com.br:rmc0029 | 2\r\nminimann@ida.net:12Foxrider! | 4\r\nsader@movinet.com.uy:Chacho88 | 5\r\nszkmst@sk-delirium.com:temp0920 | 16\r\nmarcia@marciabastos.com:victor07 | 39\r\nh.williams@dsl.pipex.com:sidney | 23\r\nrudirainbow@telkomsa.net:Coenie1! | 2\r\ntony.christian1@ntlworld.com:Calender1 | 10\r\nsimone.peres@ig.com.br:99883254 | 28\r\nestevaosilva@uol.com.br:pxsl0087 | 11\r\nj.e.falvey.02@cantab.net:grant319 | 2\r\nmichelle.beaney@talktalk.net:michelle1 | 2\r\nsylvain.labat@west-telecom.com:dauphine | 3\r\naldusguns@vfemail.net:Source123 | 8\r\ntaylor@taylorllong.com:taylor1 | 1\r\nrodrigodurst@terra.com.br:028165anrus!1dq | 1\r\nclaudia.schaaf@talktalk.net:Solomon1 | 31\r\ninfo@nakamurabsc.com:Since2012 | 27\r\nverildasouza@terra.com.br:vera1964vera19 | 1\r\nmatheo.barre12@laposte.net:Matheo12 | 3\r\nwadas@a1.net:Raster1 | 2\r\nlaurenlkelley@talktalk.net:Laurenlesley1! | 1\r\nnicholas.chalmers@ukgateway.net:bithoova | 11\r\nalberto.fleck@terra.com.br:amflexk131 | 2\r\nwww.gooptic87@vfemail.net:article123 | 17\r\njstrong@regionsresidential.com:jstrong123 | 1\r\nsamilturtle@nate.com:cc916823 | 1\r\nwitwitwitwit@qq.com:xilu1986 | 37\r\ndesagun99@hawaiiantel.net:seven4me | 34\r\nbarbierst@west-telecom.com:kyh29blr | 1\r\nprivate4mylover@dsl.pipex.com:steer607 | 25\r\neverettj@twc.com:juiceisloose3 | 1\r\nhparker@parkerhr.com:Habrdz13 | 20\r\nmlegg44231@bex.net:110block | 49\r\narmenio.marques@terra.com.br:atzh33 | 2\r\nnabekura@n-stagejp.com:9ze6s28r | 2\r\nramon.garcia@dsl.pipex.com:Letmein1 | 5\r\njestto@hawaiiantel.net:jestto49! | 7\r\nengetronica@aipinternet.com.br:w5tnn5tu17117155d | 30\r\nmotowngirl@talktalk.net:keating123 | 11\r\njgist@buckeye-express.com:Grace422 | 8\r\namandacoutcher@buckeye-express.com:sadie223 | 36\r\nleal_wcn@terra.com.br:cearawcn122l | 2\r\njessilassetter@cox.net:Forget01! | 3\r\nntish@buckeyeexpress.com:tish5448 | 5\r\njwsegura@buckeyeexpress.com:John24 | 22\r\nlorpetho@netvigator.com:ertw4942 | 8\r\nybi@ybi-consulting.com:chimie2000 | 2\r\nmegastair@talktalk.net:Wallace123 | 14\r\nfefe.rodrigues@globo.com:fefe1234 | 27\r\nbarrystrotton@talktalk.net:conniemum1 | 31\r\nmleu@bex.net:GAV1LAU2 | 32\r\nkskallen@buckeye-express.com:honem2009 | 14\r\nanne@malugen.com:555555 | 2\r\nhungyym1@netvigator.com:hung166813123 | 24\r\neugene@clingenpeel.net:Oxymoron2! | 4\r\nrroberts3@bex.net:redwood2 | 19\r\ngarethnp@lineone.net:edwards41 | 1\r\ntndstall000@buckeye-express.com:tress4 | 31\r\nagi1@varsat.net:lanzarot61 | 186\r\nraphaelsloureiro@uol.com.br:Rsl151220 | 10\r\njeremy.searle@talktalk.net:gills2 | 10\r\ncristianolau@terra.com.br:di2606812rus | 2\r\nmarcoust@uol.com.br:gabi99 | 2\r\ntori@trtprocessing.com:Password1 | 1\r\ncasting@reafilma.com:filmarea | 24\r\ncameron@kurigerfamily.com:Camster.4 | 1\r\nteresaandrobert@twc.com:caleb0304 | 28\r\ncowboy@arizona-adventure.com:rosedale | 1\r\nshalonmateriais@ig.com.br:senha20100 | 1\r\ntreeom@terra.com.br:d23m03 | 4\r\nfogaca@fogaca.com.br:nereu1946 | 31\r\njadrianomarinho@uol.com.br:zs250794 | 1\r\nsnew4151@bigpond.net.au:Ourdream32011 | 288\r\nbobandjudy@mycnyrealtor.com:rancher | 15\r\naadrianalucio@uol.com.br:Rafael10 | 1\r\njsroot@mail.com:Love1993 | 1\r\ntonyfilmer@talktalk.net:windmill1 | 8\r\ncedriclambila@laposte.net:Azerty76 | 23\r\nwridley@gangstagroup.com:vladi2009 | 3\r\ngenhew@buckeyeexpress.com:sarahg12 | 66\r\njohn310354@talktalk.net:oldpec02 | 26\r\nrica@rica.com.br:ri4448ca | 33\r\njason.teague@bex.net:jat122471 | 10\r\nangalbraith@amuri.net:emmy06emmy06 | 22\r\njeffery.hughes@virgin.net:spring01 | 6\r\nbrysylv9@pnc.com.au:tanilba | 8\r\ncicydom@laposte.net:Nous2002 | 14\r\nbigdaddy9211@bex.net:jesus1 | 49\r\nkellchi@netvigator.com:zidane82!!0 | 6\r\ncattlebaronvr@telkomsa.net:cordax123 | 8\r\nvimendonca@ig.com.br:060949 | 15\r\nmikeelkins@talktalk.net:sophiebec1 | 23\r\nmikedenney@twc.com:Barneyd1 | 18\r\nenano04@cox.net:Baseball13 | 51\r\nimagaito@nifty.com:5mem376k1991! | 76\r\naugie@schroerboys.com:sparky78701 | 2\r\nn7415@nate.com:315790wjd! | 15\r\nhunteruk@dsl.pipex.com:hunter25 | 6\r\nj082@nate.com:jj19962001! | 25\r\nclgwilliam@126.com:shan120930 | 1\r\njakistler@buckeyeexpress.com:ardms5602 | 19\r\nnickg@bex.net:rizza1 | 17\r\nritafalcao@uol.com.br:falca0 | 17",
    "YaraRule": [
        "email_list",
        "enable_org32",
        "core_keywords",
        "email_filter"
    ],
    "total_emails": 1829,
    "unique_emails": 1829,
    "unique_domains": 430
}