{
    "scrape_url": "https://scrape.pastebin.com/api_scrape_item.php?i=aBbw3Q1e",
    "full_url": "https://pastebin.com/aBbw3Q1e",
    "date": "1594370704",
    "key": "aBbw3Q1e",
    "size": 586,
    "expire": "0",
    "title": "",
    "syntax": "python",
    "user": "",
    "filename": "aBbw3Q1e",
    "pasteid": "aBbw3Q1e",
    "pastesite": "pastebin.com",
    "@timestamp": "2020-07-10T08:45:04",
    "MD5": "4761998635083be2fca470f0bfcc3b68",
    "SHA256": "0bd287f1e28dec8f068954decd47993194dd8c1a180250fca6615a843bf35030",
    "raw_paste": "from reportlab.pdfgen import canvas\r\n\r\ndataSiswa = {\r\n\t\"nama\" : \"Kenzie\",\r\n\t\"kelas\" : \"VII-1\",\r\n\t\"laporan\" : \"Rapor Kelas 7 Semester 2\"\r\n}\r\n\r\n\r\nclass Data:\r\n\r\n\tdef __init__(self, filename, documentTitle, heading):\r\n\t\tself.filename = filename\r\n\t\tself.documentTitle = documentTitle\r\n\t\tself.heading = heading\r\n\r\nmyData = Data(str(dataSiswa['nama']+dataSiswa[\"kelas\"]+\".pdf\"), \"Hasil Ujian\", dataSiswa['laporan'])\r\nmyPdf = canvas.Canvas(myData.filename)\r\nmyPdf.setTitle(myData.filename)\r\n#print om paper\r\nmyPdf.drawString(230,750,myData.heading) #x,y,heading\r\n\r\nmyPdf.save()\r\n\r\n#print(\"OK\")",
    "YaraRule": [
        "enable_org32",
        "core_keywords"
    ]
}