{
    "scrape_url": "https://scrape.pastebin.com/api_scrape_item.php?i=ADFzgWwx",
    "full_url": "https://pastebin.com/ADFzgWwx",
    "date": "1594319509",
    "key": "ADFzgWwx",
    "size": 40734,
    "expire": "0",
    "title": "Mirror's Edge (2009) config file",
    "syntax": "ini",
    "user": "PAYBACKEPICGAMER",
    "filename": "ADFzgWwx",
    "pasteid": "ADFzgWwx",
    "pastesite": "pastebin.com",
    "@timestamp": "2020-07-09T18:31:49",
    "MD5": "02543f1d57ed370117343957961eb4df",
    "SHA256": "503f02f211164bc8ec0e11648508ecfb2525a58584fc8f43ab2b5990bb8c3927",
    "raw_paste": "[URL]\r\nProtocol=unreal\r\nName=Player\r\nMap=TdMainMenu\r\nLocalMap=TdMainMenu\r\nTransitionMap=Entry\r\nMapExt=umap\r\nEXEName=TdGame.exe\r\nDebugEXEName=DEBUG-TdGame.exe\r\nSaveExt=usa\r\nPort=7777\r\nGameName=Default Game Name\r\nGameNameShort=DGN\r\n;TransitionMap=whiteroommovementtutorial.umap\r\n\r\n[Engine.Engine]\r\nNetworkDevice=IpDrv.TcpNetDriver\r\nConsoleClassName=TdGame.TdConsole\r\nGameViewportClientClassName=TdGame.TdGameViewportClient\r\nLocalPlayerClassName=Engine.LocalPlayer\r\nDataStoreClientClassName=Engine.DataStoreClient\r\nLanguage=int\r\nbAllowMatureLanguage=FALSE\r\nGameEngine=TdGame.TdGameEngine\r\nEditorEngine=Editor.EditorEngine\r\nUnrealEdEngine=UnrealEd.UnrealEdEngine\r\nClient=WinDrv.WindowsClient\r\nRender=Render.Render\r\nInput=Engine.Input\r\nCanvas=Engine.Canvas\r\nTinyFontName=UI_Fonts_Final.Helvetica_Small_Normal\r\nSmallFontName=EngineFonts.SmallFont\r\nMediumFontName=UI_Fonts_Final.Helvetica_Small_Normal\r\nLargeFontName=EngineFonts.LargeFont\r\nSubtitleFontName=UI_Fonts_Final.Helvetica_Small_Bold\r\nWireframeMaterialName=EngineMaterials.WireframeMaterial\r\nDefaultMaterialName=EngineMaterials.DefaultMaterial\r\nEmissiveTexturedMaterialName=EngineMaterials.EmissiveTexturedMaterial\r\nGeomMaterialName=EngineMaterials.GeomMaterial\r\nDefaultFogVolumeMaterialName=EngineMaterials.FogVolumeMaterial\r\nTickMaterialName=EditorMaterials.Tick_Mat\r\nCrossMaterialName=EditorMaterials.Cross_Mat\r\nDefaultUICaretMaterialName=EngineMaterials.BlinkingCaret\r\nSceneCaptureReflectActorMaterialName=EngineMaterials.ScreenMaterial\r\nSceneCaptureCubeActorMaterialName=EngineMaterials.CubeMaterial\r\nRandomAngleTextureName=EngineMaterials.RandomAngles\r\nRandomNormalTextureName=EngineMaterials.RandomNormal\r\nLevelColorationLitMaterialName=EngineMaterials.LevelColorationLitMaterial\r\nLevelColorationUnlitMaterialName=EngineMaterials.LevelColorationUnlitMaterial\r\nRemoveSurfaceMaterialName=EngineMaterials.RemoveSurfaceMaterial\r\nEditorBrushMaterialName=EngineMaterials.EditorBrushMaterial\r\nDefaultPhysMaterialName=EngineMaterials.DefaultPhysicalMaterial\r\nTextureStreamingBoundsMaterialName=EditorMaterials.Utilities.TextureStreamingBounds_MATInst\r\nTerrainCollisionMaterialName=EngineMaterials.TerrainCollisionMaterial\r\nTerrainErrorMaterialName=EngineMaterials.MaterialError_Mat\r\nTerrainMaterialMaxTextureCount=16\r\nTerrainTessellationCheckCount=6\r\nTerrainTessellationCheckBorder=2.0\r\nTerrainTessellationCheckDistance=4096.0\r\nBeginUPTryCount=200000\r\nbStaticDecalsEnabled=True\r\nbDynamicDecalsEnabled=True\r\nbForceStaticTerrain=False\r\nLightComplexityColors=(R=0,G=0,B=0,A=1)\r\nLightComplexityColors=(R=0,G=255,B=0,A=1)\r\nLightComplexityColors=(R=63,G=191,B=0,A=1)\r\nLightComplexityColors=(R=127,G=127,B=0,A=1)\r\nLightComplexityColors=(R=191,G=63,B=0,A=1)\r\nLightComplexityColors=(R=255,G=0,B=0,A=1)\r\nShaderComplexityColors=(R=0,G=255,B=100,A=1)\r\nShaderComplexityColors=(R=0,G=255,B=0,A=1)\r\nShaderComplexityColors=(R=63,G=191,B=0,A=1)\r\nShaderComplexityColors=(R=127,G=127,B=0,A=1)\r\nShaderComplexityColors=(R=191,G=63,B=0,A=1)\r\nShaderComplexityColors=(R=255,G=0,B=0,A=1)\r\nbUsePixelShaderComplexity=True\r\nbUseAdditiveComplexity=True\r\nMaxPixelShaderAdditiveComplexityCount=300\r\nMaxPixelShaderOpaqueComplexityCount=100\r\nMaxVertexShaderComplexityCount=100\r\nTimeBetweenPurgingPendingKillObjects=60\r\nbUseSound=True\r\nbUseTextureStreaming=True\r\nbUseBackgroundLevelStreaming=True\r\nbSubtitlesEnabled=True\r\nbSubtitlesForcedOff=FALSE\r\nScoutClassName=TdGame.TdScout\r\nDefaultPostProcessName=FX_PostProcess.FX_PostProcess\r\nDefaultUIScenePostProcessName=FX_PostProcess.FX_PostProcessUI\r\nThumbnailSkeletalMeshPostProcessName=EngineMaterials.DefaultThumbnailPostProcess\r\nThumbnailParticleSystemPostProcessName=EngineMaterials.DefaultThumbnailPostProcess\r\nThumbnailMaterialPostProcessName=EngineMaterials.DefaultThumbnailPostProcess\r\nbOnScreenKismetWarnings=TRUE\r\nbEnableKismetLogging=FALSE\r\nAllowShadowVolumes=FALSE\r\nShadowVolumeLightRadiusThreshold=1000\r\nShadowVolumePrimitiveScreenSpacePercentageThreshold=0.25\r\nbEnableVSMShadows=False\r\nbEnableBranchingPCFShadows=False\r\nbAllowBetterModulatedShadows=True\r\nShadowFilterRadius=2\r\nDepthBias=.02\r\nModShadowFadeDistanceExponent=.2\r\nCameraRotationThreshold=45.0\r\nCameraTranslationThreshold=10000\r\nPrimitiveProbablyVisibleTime=8.0\r\nPercentUnoccludedRequeries=0.125\r\nMinTextureDensity=0.0\r\nIdealTextureDensity=13.0\r\nMaxTextureDensity=55.0\r\nbDisablePhysXHardwareSupport=True\r\nDemoRecordingDevice=Engine.DemoRecDriver\r\nbPauseOnLossOfFocus=FALSE\r\nMaxParticleResize=0\r\nMaxParticleResizeWarn=0\r\nNetClientTicksPerSecond=200\r\nbCaptureCharacterLighting=true\r\nPhysXGpuHeapSize=32\r\nPhysXMeshCacheSize=8\r\n; NetworkDevice=Tp.TpUnDriver\r\nDefaultOnlineSubsystemName=Tp.TpSystem\r\nbOptimizeForBrokenLighting=false\r\nMinLightmapTextureDensity=0.001f\r\nIdealLightmapTextureDensity=0.05f\r\nMaxLightmapTextureDensity=2.5f\r\n\r\n[Engine.StreamingMovies]\r\nRenderPriorityPS3=1001\r\nSuspendGameIO=false\r\n\r\n[Engine.ISVHacks]\r\nbInitializeShadersOnDemand=True\r\nDisableATITextureFilterOptimizationChecks=True\r\nUseMinimalNVIDIADriverShaderOptimization=True\r\nPumpWindowMessagesWhenRenderThreadStalled=False\r\n\r\n[Engine.GameEngine]\r\nbSmoothFrameRate=TRUE\r\nMinSmoothedFrameRate=22\r\nMaxSmoothedFrameRate=62\r\n\r\n[Engine.DemoRecDriver]\r\nAllowDownloads=True\r\nDemoSpectatorClass=Engine.PlayerController\r\nMaxClientRate=25000\r\nConnectionTimeout=15.0\r\nInitialConnectTimeout=200.0\r\nAckTimeout=1.0\r\nKeepAliveTime=1.0\r\nSimLatency=0\r\nRelevantTimeout=5.0\r\nSpawnPrioritySeconds=1.0\r\nServerTravelPause=4.0\r\nNetServerMaxTickRate=30\r\nLanServerMaxTickRate=30\r\n\r\n[Engine.PackagesToAlwaysCook]\r\n\r\n[Engine.StartupPackages]\r\nbSerializeStartupPackagesFromMemory=FALSE\r\nbSerializeStartupPackagesFromMemoryCompressed=FALSE\r\nPackage=DefaultUISkin\r\nPackage=EngineMaterials\r\nPackage=EngineFonts\r\nPackage=FX_PostProcess\r\nPackage=UI_Fonts_Final\r\n;+Package=UI_Fonts_Final_JPN\r\nPackage=UI_Skins\r\nPackage=UI_Fonts_Xbox\r\nPackage=TdUIResources_Xbox\r\n\r\n[Engine.PackagesToForceCookPerMap]\r\nMap=TdMainMenu\r\nPackage=TdMenuContent\r\nPackage=TdUIResources_CheckpointImages\r\nMap=TdMainMenu_Images\r\nPackage=TdUIResources_FrontEnd\r\nMap=Tutorial_p\r\nPackage=TdTuContent\r\nPackage=TdUIResources_ChallengeImages\r\nMap=TT_CranesA01_p\r\nPackage=TdTTContent\r\nMap=TT_CranesB01_p\r\nPackage=TdTTContent\r\nMap=TT_CranesB02_p\r\nPackage=TdTTContent\r\nMap=TT_EdgeA01_p\r\nPackage=TdTTContent\r\nMap=TT_StormdrainA01_p\r\nPackage=TdTTContent\r\nMap=TT_StormdrainA02_p\r\nPackage=TdTTContent\r\nMap=TT_StormdrainB01_p\r\nPackage=TdTTContent\r\nMap=TT_StormdrainB02_p\r\nPackage=TdTTContent\r\nMap=TT_StormdrainB03_p\r\nPackage=TdTTContent\r\nMap=TT_ConvoyA01_p\r\nPackage=TdTTContent\r\nMap=TT_ConvoyA02_p\r\nPackage=TdTTContent\r\nMap=TT_ConvoyB01_p\r\nPackage=TdTTContent\r\nMap=TT_ConvoyB02_p\r\nPackage=TdTTContent\r\nMap=TT_MallA01_p\r\nPackage=TdTTContent\r\nMap=TT_TutorialA01_p\r\nPackage=TdTTContent\r\nMap=TT_TutorialA02_p\r\nPackage=TdTTContent\r\nMap=TT_FactoryA01_p\r\nPackage=TdTTContent\r\nMap=TT_ScraperA01_p\r\nPackage=TdTTContent\r\nMap=TT_ScraperB01_p\r\nPackage=TdTTContent\r\nMap=TT_TutorialA03_p\r\nPackage=TdTTContent\r\nMap=TT_CranesC01_p\r\nPackage=TdTTContent\r\nMap=TT_EscapeA01_p\r\nPackage=TdTTContent\r\nMap=TT_EscapeB01_p\r\nPackage=TdTTContent\r\nMap=TT_CranesD01_p\r\nPackage=TdTTContent\r\n\r\n[Core.System]\r\nMaxObjectsNotConsideredByGC=65536\r\nSizeOfPermanentObjectPool=10485760\r\nStaleCacheDays=30\r\nMaxStaleCacheSize=10\r\nMaxOverallCacheSize=30\r\nAsyncIOBandwidthLimit=0\r\nCachePath=..\\TdGame\\Cache\r\nCacheExt=.uxx\r\nPaths=..\\Engine\\Content\r\nScriptPaths=..\\TdGame\\Script\r\nFRScriptPaths=..\\TdGame\\ScriptFinalRelease\r\nCutdownPaths=..\\TdGame\\CutdownPackages\r\nCutdownPaths=..\\TdGame\\Script\r\nScreenShotPath=..\\TdGame\\ScreenShots\r\nLocalizationPaths=..\\Engine\\Localization\r\nExtensions=upk\r\nExtensions=u\r\nTextureFileCacheExtension=tfc\r\nSuppress=Dev\r\nSuppress=DevAudio\r\nSuppress=DevBind\r\nSuppress=DevBsp\r\nSuppress=DevCollision\r\nSuppress=DevCompile\r\nSuppress=DevComponents\r\nSuppress=DevCooking\r\nSuppress=DevDataStore\r\nSuppress=DevGarbage\r\nSuppress=DevKill\r\nSuppress=DevLoad\r\nSuppress=DevNetTraffic\r\nSuppress=DevPath\r\nSuppress=DevReplace\r\nSuppress=DevSave\r\nSuppress=DevSound\r\nSuppress=DevStats\r\nSuppress=DevTick\r\nSuppress=DevUI\r\nSuppress=DevUIStates\r\nSuppress=DevUIStyles\r\nSuppress=DevUIAnimation\r\nSuppress=Input\r\nSuppress=Inventory\r\nSuppress=Localization\r\nSuppress=LocalizationWarning\r\nSuppress=PlayerMove\r\nSuppress=DevSHA\r\nSuppress=DevShaders\r\nPaths=..\\TdGame\\Content\r\nPaths=..\\TdGame\\__Trashcan\r\nBakeMapPaths=..\\TdGame\\Content\r\nBakeMapPaths=..\\TdGame\\Baked\r\nBakeMapPaths=..\\TdGame\\__Trashcan\r\nRunBakedPaths=..\\TdGame\\Baked\r\nLocalizationPaths=..\\TdGame\\Localization\r\nSavePath=..\\TdGame\\Save\r\nSeekFreePCPaths=..\\TdGame\\CookedPC\r\nExtensions=umap\r\nExtensions=me1\r\nSuppress=DevOnline\r\nSuppress=DevLive\r\nSuppress=DevMemory\r\nSuppress=DevStreaming\r\nSuppress=TdArt_ShaderDuplicateParams\r\nSuppress=BagHandling\r\nSuppress=Stashing\r\nSuppress=Melee\r\nSuppress=Checkpoint\r\nSuppress=OnlineStats\r\nSuppress=Cover\r\nSuppress=TeamMessage\r\nSuppress=TdCheckpoint\r\nSuppress=TdLevel\r\nSuppress=FaithOVision\r\nSuppress=Achievements\r\nSuppress=AchievementStats\r\nSuppress=Unlocks\r\nSuppress=Weapons\r\nSuppress=TdAI\r\nSuppress=TdAnim\r\nSuppress=Tutorial\r\nSuppress=TutorialMessages\r\nSuppress=UITransitions\r\nSuppress=ParticleWarn\r\nSuppress=TdTextureCache\r\n\r\n[Engine.Client]\r\nDisplayGamma=2.2\r\nMinDesiredFrameRate=35.000000\r\nInitialButtonRepeatDelay=0.2\r\nButtonRepeatDelay=0.1\r\n\r\n[WinDrv.WindowsClient]\r\nAudioDeviceClass=ALAudio.ALAudioDevice\r\nMinAllowableResolutionX=0\r\nMinAllowableResolutionY=0\r\nMaxAllowableResolutionX=0\r\nMaxAllowableResolutionY=0\r\nMinAllowableRefreshRate=0\r\nMaxAllowableRefreshRate=0\r\nParanoidDeviceLostChecking=1\r\nAllowJoystickInput=1\r\n\r\n[Engine.Player]\r\nConfiguredInternetSpeed=10000\r\nConfiguredLanSpeed=20000\r\nPP_DesaturationMultiplier=1.0\r\nPP_HighlightsMultiplier=1.0\r\nPP_MidTonesMultiplier=1.0\r\nPP_ShadowsMultiplier=1.0\r\n\r\n[ALAudio.ALAudioDevice]\r\nMaxChannels=32\r\nUseEffectsProcessing=True\r\nTimeBetweenHWUpdates=15\r\nMinOggVorbisDurationGame=20\r\nMinOggVorbisDurationEditor=4\r\nDeviceName=Generic Hardware\r\nMinOggVorbisDuration=10\r\n\r\n[IpDrv.TcpNetDriver]\r\nAllowDownloads=True\r\nConnectionTimeout=30.0\r\nInitialConnectTimeout=200.0\r\nAckTimeout=1.0\r\nKeepAliveTime=0.2\r\nMaxClientRate=15000\r\nMaxInternetClientRate=10000\r\nRelevantTimeout=5.0\r\nSpawnPrioritySeconds=1.0\r\nServerTravelPause=4.0\r\nNetServerMaxTickRate=30\r\nLanServerMaxTickRate=35\r\nDownloadManagers=IpDrv.HTTPDownload\r\nDownloadManagers=Engine.ChannelDownload\r\nNetConnectionClassName=IpDrv.TcpipConnection\r\n\r\n[IpServer.UdpServerQuery]\r\nGameName=ut\r\n\r\n[IpDrv.UdpBeacon]\r\nDoBeacon=True\r\nBeaconTime=0.50\r\nBeaconTimeout=5.0\r\nBeaconProduct=ut\r\nServerBeaconPort=8777\r\nBeaconPort=9777\r\n\r\n[TextureStreaming]\r\nPoolSize=250\r\nHysteresisLimit=30\r\nDropMipLevelsLimit=24\r\nStopIncreasingLimit=18\r\nStopStreamingLimit=12\r\nMinFudgeFactor=1\r\nFudgeFactorIncreaseRateOfChange=0.5\r\nFudgeFactorDecreaseRateOfChange=-0.4\r\nMinRequestedMipsToConsider=11\r\nMinTimeToGuaranteeMinMipCount=2\r\nMaxTimeToGuaranteeMinMipCount=12\r\nUseTextureFileCache=FALSE\r\nEnableLightMapStreaming=true\r\n\r\n[StreamByURL]\r\nPostLoadPause=6.0\r\n\r\n[Editor.EditorEngine]\r\nLocalPlayerClassName=Editor.EditorPlayer\r\nbUseSound=True\r\nbSubtitlesEnabled=True\r\nGridEnabled=True\r\nSnapScaleEnabled=True\r\nScaleGridSize=5\r\nSnapVertices=False\r\nSnapDistance=10.000000\r\nGridSize=(X=16.000000,Y=16.000000,Z=16.000000)\r\nRotGridEnabled=True\r\nRotGridSize=(Pitch=1024,Yaw=1024,Roll=1024)\r\nGameCommandLine=-log\r\nFOVAngle=90.000000\r\nGodMode=True\r\nAutoSaveDir=..\\TdGame\\Content\\Maps\\Autosaves\r\nInvertWidgetZAxis=True\r\nUseAxisIndicator=True\r\nMatineeCurveDetail=0.1\r\nClient=WinDrv.WindowsClient\r\nCurrentGridSz=4\r\nbUseMayaCameraControls=True\r\nbPrefabsLocked=True\r\nHeightMapExportClassName=TerrainHeightMapExporterTextT3D\r\nEditorOnlyContentPackages=EditorMeshes\r\nEditorOnlyContentPackages=EditorMaterials\r\nEditorOnlyContentPackages=EditorResources\r\nEditPackagesInPath=..\\Development\\Src\r\nEditPackages=Core\r\nEditPackages=Engine\r\nEditPackages=GameFramework\r\nEditPackages=Editor\r\nEditPackages=UnrealEd\r\nEditPackages=Ts\r\nEditPackages=IpDrv\r\nEditPackagesOutPath=..\\TdGame\\Script\r\nFRScriptOutputPath=..\\TdGame\\ScriptFinalRelease\r\nEditPackages=Tp\r\nEditPackages=TdGame\r\nEditPackages=TdSharedContent\r\nEditPackages=TdSpContent\r\nEditPackages=TdSpBossContent\r\nEditPackages=TdMpContent\r\nEditPackages=TdTuContent\r\nEditPackages=TdTTContent\r\nEditPackages=TdMenuContent\r\nEditPackages=TdEditor\r\nEditPackages=Fp\r\nInEditorGameURLOptions=\r\n\r\n[UnrealEd.UnrealEdEngine]\r\nAutoSave=True\r\nAutoSaveTimeMinutes=10\r\nAutoSaveIndex=0\r\nPackagesToBeFullyLoadedAtStartup=EditorMaterials\r\nPackagesToBeFullyLoadedAtStartup=EditorMeshes\r\nPackagesToBeFullyLoadedAtStartup=EditorResources\r\nPackagesToBeFullyLoadedAtStartup=EngineMaterials\r\nPackagesToBeFullyLoadedAtStartup=EngineFonts\r\nPackagesToBeFullyLoadedAtStartup=EngineScenes\r\nPackagesToBeFullyLoadedAtStartup=EngineResources\r\nPackagesToBeFullyLoadedAtStartup=DefaultUISkin\r\nPackagesToBeFullyLoadedAtStartup=Engine_MI_Shaders\r\n\r\n[Engine.DataStoreClient]\r\nGlobalDataStoreClasses=Engine.UIDataStore_Strings\r\nGlobalDataStoreClasses=Engine.UIDataStore_Images\r\nGlobalDataStoreClasses=Engine.UIDataStore_GameResource\r\nGlobalDataStoreClasses=Engine.CurrentGameDataStore\r\nGlobalDataStoreClasses=Engine.UIDataStore_SessionSettings\r\nGlobalDataStoreClasses=Engine.UIDataStore_Fonts\r\nGlobalDataStoreClasses=Engine.UIDataStore_Color\r\nGlobalDataStoreClasses=Engine.UIDataStore_Gamma\r\nGlobalDataStoreClasses=Engine.UIDataStore_Registry\r\nPlayerDataStoreClassNames=Engine.PlayerOwnerDataStore\r\nPlayerDataStoreclassNames=Engine.UIDataStore_PlayerSettings\r\nGlobalDataStoreClasses=TdGame.UIDataStore_TdMPData\r\nGlobalDataStoreClasses=TdGame.UIDataStore_TdGameData\r\nGlobalDataStoreClasses=TdGame.UIDataStore_TdMiniMenuData\r\nGlobalDataStoreClasses=TdGame.UIDataStore_TdGameSearch_Pursuit\r\nGlobalDataStoreClasses=TdGame.UIDataStore_TdMenuItems\r\nGlobalDataStoreClasses=TdGame.UIDataStore_TdOnlineStats\r\nGlobalDataStoreClasses=TdGame.UIDataStore_TdTimeTrialData\r\nGlobalDataStoreClasses=TdGame.UIDataStore_TdLoginData\r\nGlobalDataStoreClasses=TdGame.UIDataStore_TdStringAliasMap\r\nGlobalDataStoreClasses=TdGame.UIDataStore_TdStringList\r\nGlobalDataStoreClasses=TdGame.UIDataStore_TdGameObjectivesData\r\nGlobalDataStoreClasses=TdGame.UIDataStore_TdUnlocksData\r\nPlayerDataStoreClassNames=TdGame.UIDataStore_TdTutorialData\r\nPlayerDataStoreClassNames=Engine.UIDataStore_OnlinePlayerData\r\nPlayerDataStoreClassNames=TdGame.UIDataStore_TdStringAliasBindingsMap\r\n\r\n[Engine.UIDataStore_SessionSettings]\r\nSessionSettingsProviderClassNames=Engine.SessionSettingsProvider_GameInfo\r\n\r\n[DevOptions.Shaders]\r\nAutoReloadChangedShaders=True\r\n\r\n[StatNotifyProviders]\r\nXmlStatNotifyProvider=false\r\nCsvStatNotifyProvider=false\r\nPIXNamedCounterProvider=false\r\n\r\n[StatNotifyProviders.StatNotifyProvider_UDP]\r\nListenPort=13000\r\n\r\n[RemoteControl]\r\nSuppressRemoteControlAtStartup=False\r\n\r\n[LogFiles]\r\nPurgeLogsDays=1\r\n\r\n[AnimationCompression]\r\nDefaultCompressionAlgorithm=AnimationCompressionAlgorithm_BitwiseCompressOnly\r\nTranslationCompressionFormat=0\r\nRotationCompressionFormat=2\r\n\r\n[IpDrv.OnlineSubsystemCommonImpl]\r\nMaxLocalTalkers=1\r\nMaxRemoteTalkers=16\r\nbIsUsingSpeechRecognition=false\r\n\r\n[IpDrv.OnlineGameInterfaceImpl]\r\nLanAnnouncePort=14001\r\nLanQueryTimeout=5.0\r\n\r\n[OnlineSubsystemPC.OnlineSubsystemPC]\r\nProfileDataDirectory=..\\TdGame\\SaveData\r\nProfileDataExtension=.ue3profile\r\n\r\n[OnlineSubsystemLive.OnlineSubsystemLive]\r\nLiveSystemLinkPort=14000\r\nLanAnnouncePort=14001\r\n\r\n[Engine.StaticMeshCollectionActor]\r\nbCookOutStaticMeshActors=TRUE\r\nMaxStaticMeshComponents=1000\r\n\r\n[Engine.StaticLightCollectionActor]\r\nbCookOutStaticLightActors=TRUE\r\nMaxLightComponents=1000\r\n\r\n[LiveSock]\r\nbUseVDP=True\r\nbUseSecureConnections=false\r\nMaxDgramSockets=64\r\nMaxStreamSockets=16\r\nDefaultRecvBufsizeInK=256\r\nDefaultSendBufsizeInK=256\r\n\r\n[CustomStats]\r\nLD=Streaming fudge factor\r\nLD=FrameTime\r\nLD=Terrain Foliage Time\r\nLD=Foliage Render Time\r\nLD=Terrain Smooth Time\r\nLD=Terrain Render Time\r\nLD=Decal Render Time\r\nLD=Terrain Triangles\r\nLD=Foliage Instances\r\nLD=Decal Triangles\r\nLD=Decal Draw Calls\r\nLD=Static Mesh Tris\r\nLD=Skel Mesh Tris\r\nLD=Skel Verts CPU Skin\r\nLD=Skel Verts GPU Skin\r\nLD=30+ FPS\r\nLD=Audio Memory Used\r\nLD=Total CPU rendering time\r\nLD=Total GPU rendering time\r\nLD=Occluded primitives\r\nLD=Projected shadows\r\nLD=Visible static mesh elements\r\nLD=Visible dynamic primitives\r\nLD=Texture Pool Size\r\nLD=Physical Memory Used\r\nLD=Virtual Memory Used\r\nLD=Audio Memory Used\r\nLD=Texture Memory Used\r\nLD=Vertex Lighting Memory\r\nLD=StaticMesh Vertex Memory\r\nLD=StaticMesh Index Memory\r\nLD=SkeletalMesh Vertex Memory\r\nLD=SkeletalMesh Index Memory\r\n\r\n[MemorySplitClassesToTrack]\r\nClass=AnimSequence\r\nClass=AudioComponent\r\nClass=AudioDevice\r\nClass=CylinderComponent\r\nClass=DecalComponent\r\nClass=DecalLifetime\r\nClass=DecalLifetimeAge\r\nClass=DecalLifetimeData\r\nClass=DecalLifetimeDataAge\r\nClass=DecalManager\r\nClass=DecalMaterial\r\nClass=Field\r\nClass=Font\r\nClass=Level\r\nClass=Material\r\nClass=MaterialInstanceConstant\r\nClass=MaterialInstanceTimeVarying\r\nClass=Model\r\nClass=ModelComponent\r\nClass=MorphTarget\r\nClass=ObjectReferencer\r\nClass=ParticleModule\r\nClass=ParticleSystemComponent\r\nClass=PathNode\r\nClass=RB_BodyInstance\r\nClass=RB_BodySetup\r\nClass=ReachSpec\r\nClass=SkeletalMesh\r\nClass=SoundCue\r\nClass=SoundNode\r\nClass=StaticMesh\r\nClass=StaticMeshActor\r\nClass=StaticMeshComponent\r\nClass=Terrain\r\nClass=TerrainComponent\r\nClass=Texture2D\r\nClass=UIRoot\r\n\r\n[ConfigCoalesceFilter]\r\nFilterOut=TdEngine.ini\r\nFilterOut=TdEditor.ini\r\nFilterOut=TdInput.ini\r\nFilterOut=TdGame.ini\r\nFilterOut=TdUI.ini\r\nFilterOut=UnrealEd.int\r\nFilterOut=Editor.int\r\nFilterOut=EditorTips.int\r\nFilterOut=UnrealScriptTest.int\r\nFilterOut=WinDrv.int\r\nFilterOut=XWindow.int\r\n\r\n[MemoryPools]\r\nFLightPrimitiveInteractionInitialBlockSize=512\r\nFModShadowPrimitiveInteractionInitialBlockSize=512\r\n\r\n[SystemSettings]\r\nStaticDecals=false\r\nDynamicDecals=false\r\nDynamicLights=false\r\nDynamicShadows=false\r\nLightEnvironmentShadows=True\r\nCompositeDynamicLights=False\r\nDirectionalLightmaps=True\r\nMotionBlur=false\r\nDepthOfField=True\r\nAmbientOcclusion=false\r\nBloom=FALSE\r\nQualityBloom=False\r\nDistortion=False\r\nDropParticleDistortion=False\r\nSpeedTreeLeaves=False\r\nSpeedTreeFronds=False\r\nOnlyStreamInTextures=False\r\nLensFlares=True\r\nFogVolumes=False\r\nFloatingPointRenderTargets=True\r\nTrilinear=False\r\nOneFrameThreadLag=True\r\nUseVsync=False\r\nUpscaleScreenPercentage=True\r\nFullscreen=True\r\nAllowD3D10=False\r\nEnableHighPolyChars=False\r\nSkeletalMeshLODBias=0\r\nParticleLODBias=0\r\nDetailMode=0\r\nShadowFilterQualityBias=0\r\nMaxAnisotropy=2\r\nMaxMultisamples=1\r\nMinShadowResolution=0\r\nMaxShadowResolution=0\r\nResX=1280\r\nResY=720\r\nScreenPercentage=100.000000\r\nSceneCaptureStreamingMultiplier=0.900000\r\nFoliageDrawRadiusMultiplier=0.000000\r\nShadowTexelsPerPixel=2.000000\r\nTEXTUREGROUP_World=(MinLODSize=16,MaxLODSize=32LODBias=1)\r\nTEXTUREGROUP_WorldNormalMap=(MinLODSize=16,MaxLODSize=32,LODBias=1)\r\nTEXTUREGROUP_WorldSpecular=(MinLODSize=16,MaxLODSize=32,LODBias=1)\r\nTEXTUREGROUP_Character=(MinLODSize=16,MaxLODSize=32,LODBias=1)\r\nTEXTUREGROUP_CharacterNormalMap=(MinLODSize=16,MaxLODSize=32,LODBias=1)\r\nTEXTUREGROUP_CharacterSpecular=(MinLODSize=16,MaxLODSize=32,LODBias=1)\r\nTEXTUREGROUP_Weapon=(MinLODSize=16,MaxLODSize=32,LODBias=1)\r\nTEXTUREGROUP_WeaponNormalMap=(MinLODSize=16,MaxLODSize=32,LODBias=1)\r\nTEXTUREGROUP_WeaponSpecular=(MinLODSize=16,MaxLODSize=32,LODBias=1)\r\nTEXTUREGROUP_Vehicle=(MinLODSize=16,MaxLODSize=32,LODBias=1)\r\nTEXTUREGROUP_VehicleNormalMap=(MinLODSize=16,MaxLODSize=32,LODBias=1)\r\nTEXTUREGROUP_VehicleSpecular=(MinLODSize=16,MaxLODSize=32,LODBias=1)\r\nTEXTUREGROUP_Cinematic=(MinLODSize=1,MaxLODSize=32,LODBias=0)\r\nTEXTUREGROUP_Effects=(MinLODSize=16,MaxLODSize=32,LODBias=1)\r\nTEXTUREGROUP_Skybox=(MinLODSize=16,MaxLODSize=32,LODBias=1)\r\nTEXTUREGROUP_UI=(MinLODSize=1,MaxLODSize=32,LODBias=0)\r\nTEXTUREGROUP_LightAndShadowMap=(MinLODSize=16,MaxLODSize=32,LODBias=1)\r\nTEXTUREGROUP_RenderTarget=(MinLODSize=16,MaxLODSize=32,LODBias=1)\r\nPhysXEnhanced=False\r\nTdMotionBlur=False\r\nTdSunHaze=False\r\nTdTonemapping=True\r\nTdBicubicFiltering=False\r\n\r\n[Configuration]\r\nBasedOn=..\\Engine\\Config\\BaseEngine.ini\r\n\r\n[Juice.TdGame]\r\nPerfPointClassName=TdGame.TdPerformancePoint\r\n\r\n[Tp.TpUnDriver]\r\nAllowDownloads=true\r\nConnectionTimeout=30.0\r\nInitialConnectTimeout=200.0\r\nAckTimeout=1.0\r\nKeepAliveTime=0.2\r\nMaxClientRate=15000\r\nMaxInternetClientRate=10000\r\nRelevantTimeout=5.0\r\nSpawnPrioritySeconds=1.0\r\nServerTravelPause=4.0\r\nNetServerMaxTickRate=30\r\nLanServerMaxTickRate=35\r\n; DownloadManagers=Engine.ChannelDownload\r\nNetConnectionClassName=Tp.TpUnConnection\r\n\r\n[Engine.AudioDevice]\r\nSoundGroups=(GroupName=Master,Properties=(Volume=1.0),ChildGroupNames=(Music,SFX,VO))\r\nSoundGroups=(GroupName=Music,Properties=(Volume=1.0,bIsMusic=True),ChildGroupNames=(HudMusic,CutSceneMusic,InGameMusic,TimeTrialMusic))\r\nSoundGroups=(GroupName=SFX,Properties=(Volume=1.0),ChildGroupNames=(AmbientPropSounds,HudSFX,Dead,InGameSFX,BigLooped,Weapons1p,Weapons3p,FaithBreath,FaithVocal,Helicopter,Convoy))\r\nSoundGroups=(GroupName=VO,Properties=(Volume=1.0),ChildGroupNames=(VOMain,DialogueAI))\r\nSoundGroups=(GroupName=VOMain,Properties=(Volume=0.9),ChildGroupNames=(DialogueRadio,DialogueFaith,DialogueOther,DialogueHUD))\r\nSoundGroups=(GroupName=AmbientPropSounds,Properties=(Volume=1.0),ChildGroupNames=(StereoAmbient,IndoorAmbient,IndoorAmbientProps,OutdoorAmbient,OutdoorAmbientProps))\r\nSoundGroups=(GroupName=DialogueRadio,Properties=(Volume=1.0,VoiceCenterChannelVolume=1,bNoReverb=TRUE,bAlwaysPlay=TRUE,bUberAlwaysPlay=TRUE))\r\nSoundGroups=(GroupName=DialogueFaith,Properties=(Volume=1.0,VoiceCenterChannelVolume=1,bAlwaysPlay=TRUE,bUberAlwaysPlay=TRUE))\r\nSoundGroups=(GroupName=DialogueOther,Properties=(Volume=1.0,VoiceCenterChannelVolume=1,bAlwaysPlay=TRUE,bUberAlwaysPlay=TRUE))\r\nSoundGroups=(GroupName=DialogueAI,Properties=(Volume=1.4))\r\nSoundGroups=(GroupName=DialogueHUD,Properties=(Volume=1.0,VoiceCenterChannelVolume=1,bAlwaysPlay=TRUE,bIsUISound=True))\r\nSoundGroups=(GroupName=IngameSFX,Properties=(Volume=1.0))\r\nSoundGroups=(GroupName=Weapons1p,Properties=(Volume=1.0))\r\nSoundGroups=(GroupName=Weapons3p,Properties=(Volume=0.75))\r\nSoundGroups=(GroupName=FaithVocal,Properties=(Volume=1.0))\r\nSoundGroups=(GroupName=FaithBreath,Properties=(Volume=1.0))\r\nSoundGroups=(GroupName=Dead,Properties=(Volume=1.0))\r\nSoundGroups=(GroupName=StereoAmbient,Properties=(Volume=0.9))\r\nSoundGroups=(GroupName=BigLooped,Properties=(Volume=1.0,bAlwaysPlay=TRUE))\r\nSoundGroups=(GroupName=IndoorAmbientProps,Properties=(Volume=1.2,MaxUpdateDistance=2000.0))\r\nSoundGroups=(GroupName=IndoorAmbient,Properties=(Volume=1.0))\r\nSoundGroups=(GroupName=OutdoorAmbientProps,Properties=(Volume=1.3,MaxUpdateDistance=3000.0))\r\nSoundGroups=(GroupName=OutdoorAmbient,Properties=(Volume=1.0))\r\nSoundGroups=(GroupName=Helicopter,Properties=(Volume=1.0,bAlwaysPlay=TRUE))\r\nSoundGroups=(GroupName=Convoy,Properties=(Volume=1.0,bAlwaysPlay=TRUE,bUberAlwaysPlay=TRUE))\r\nSoundGroups=(GroupName=HudMusic,Properties=(Volume=0.8,bIsUISound=True,bIsMusic=True))\r\nSoundGroups=(GroupName=CutSceneMusic,Properties=(Volume=1.0,bAlwaysPlay=TRUE,bIsMusic=True))\r\nSoundGroups=(GroupName=InGameMusic,Properties=(Volume=1.2,bIsUISound=True,bAlwaysPlay=TRUE,bIsMusic=True))\r\nSoundGroups=(GroupName=TimeTrialMusic,Properties=(Volume=1.0,bIsUISound=True,bAlwaysPlay=TRUE,bIsMusic=True))\r\nSoundGroups=(GroupName=HudSFX,Properties=(Volume=1.0,bIsUISound=True))\r\nMixGroups=(GroupName=Default,Volume=1.0,Pitch=1,SloMo=True)\r\nMixGroups=(GroupName=WeaponSounds,Volume=1,Pitch=1,SloMo=True)\r\nMixGroups=(GroupName=CharacterSounds,Volume=1.0,Pitch=1,SloMo=True)\r\nMixGroups=(GroupName=AmbientSounds,Volume=1.0,Pitch=1,SloMo=True)\r\nMixGroups=(GroupName=Reverb,Volume=1.0,Pitch=1,SloMo=True)\r\nMixGroups=(GroupName=AIVO,Volume=1.0,Pitch=1,SloMo=True)\r\nMixGroups=(GroupName=AmbientPropSounds,Volume=0.9,Pitch=1,SloMo=True)\r\nMixGroups=(GroupName=SlowMotionSounds,Volume=1.0,Pitch=1,SloMo=False)\r\nMixGroups=(GroupName=Outdoor,Volume=1.0,Pitch=1,SloMo=False)\r\nMixGroups=(GroupName=Indoor,Volume=1.0,Pitch=1,SloMo=False)\r\nMixGroups=(GroupName=Helicopter,Volume=1.0,Pitch=1,SloMo=False)\r\nMixGroups=(GroupName=Breathing,Volume=1.0,Pitch=1,SloMo=True)\r\nSoundGroupEffects=()\r\nSoundGroupEffects=( GroupEffect=( (GroupName=Music,VolumeAdjuster=1.0), (GroupName=SFX,VolumeAdjuster=0.001), (GroupName=VO,VolumeAdjuster=0.001), (GroupName=HudMusic,VolumeAdjuster=1.0), (GroupName=CutSceneMusic,VolumeAdjuster=1.0), (GroupName=InGameMusic,VolumeAdjuster=0.001), (GroupName=AmbientPropSounds,VolumeAdjuster=0.001), (GroupName=HudSFX,VolumeAdjuster=1.0), (GroupName=InGameSFX,VolumeAdjuster=0.001), (GroupName=BigLooped,VolumeAdjuster=0.001), (GroupName=VOMain,VolumeAdjuster=0.001), (GroupName=DialogueAI,VolumeAdjuster=0.001), (GroupName=IndoorAmbient,VolumeAdjuster=0.001), (GroupName=OutdoorAmbient,VolumeAdjuster=0.001), (GroupName=DialogueRadio,VolumeAdjuster=1.0), (GroupName=DialogueFaith,VolumeAdjuster=1.0), (GroupName=DialogueOther,VolumeAdjuster=1.0), (GroupName=IndoorAmbientProps,VolumeAdjuster=0.001), (GroupName=OutdoorAmbientProps,VolumeAdjuster=0.001), (GroupName=Helicopter,VolumeAdjuster=0.001), (GroupName=Weapons3p,VolumeAdjuster=0.001), (GroupName=Weapons1p,VolumeAdjuster=0.001), (GroupName=FaithBreath,VolumeAdjuster=0.001), (GroupName=FaithVocal,VolumeAdjuster=0.001)))\r\nSoundGroupEffects=( GroupEffect=( (GroupName=Convoy,VolumeAdjuster=1.0), (GroupName=DialogueAI,VolumeAdjuster=0.5), (GroupName=InGameMusic,VolumeAdjuster=0.6), (GroupName=InGameSFX,VolumeAdjuster=0.7), (GroupName=BigLooped,VolumeAdjuster=0.5), (GroupName=IndoorAmbient,VolumeAdjuster=0.7), (GroupName=OutdoorAmbient,VolumeAdjuster=0.5), (GroupName=IndoorAmbientProps,VolumeAdjuster=0.7), (GroupName=OutdoorAmbientProps,VolumeAdjuster=0.5), (GroupName=Helicopter,VolumeAdjuster=0.4), (GroupName=Weapons3p,VolumeAdjuster=0.3), (GroupName=Weapons1p,VolumeAdjuster=0.3), (GroupName=FaithBreath,VolumeAdjuster=0.1), (GroupName=FaithVocal,VolumeAdjuster=1.0)))\r\nSoundGroupEffects=( GroupEffect=( (GroupName=TimeTrialMusic,VolumeAdjuster=1.0), (GroupName=BigLooped,VolumeAdjuster=0.3,LowPassAdjuster=0.1), (GroupName=InGameMusic,VolumeAdjuster=0.7), (GroupName=InGameSFX,VolumeAdjuster=0.4,LowPassAdjuster=0.7), (GroupName=VOMain,VolumeAdjuster=0.5,LowPassAdjuster=0.1), (GroupName=AmbientPropSounds,VolumeAdjuster=0.3,LowPassAdjuster=0.2), (GroupName=DialogueAI,VolumeAdjuster=0.3,LowPassAdjuster=0.4), (GroupName=IndoorAmbient,VolumeAdjuster=0.3,LowPassAdjuster=0.3), (GroupName=OutdoorAmbient,VolumeAdjuster=0.3,LowPassAdjuster=0.3), (GroupName=IndoorAmbientProps,VolumeAdjuster=0.3,LowPassAdjuster=0.1), (GroupName=OutdoorAmbientProps,VolumeAdjuster=0.3,LowPassAdjuster=0.1), (GroupName=Helicopter,VolumeAdjuster=0.2,LowPassAdjuster=0.1), (GroupName=Weapons3p,VolumeAdjuster=0.3,LowPassAdjuster=0.1), (GroupName=FaithBreath,VolumeAdjuster=1.5), (GroupName=FaithVocal,VolumeAdjuster=0.0)))\r\nSoundGroupEffects=( GroupEffect=( (GroupName=Music,VolumeAdjuster=0.0), (GroupName=SFX,VolumeAdjuster=0.0), (GroupName=VO,VolumeAdjuster=0.0), (GroupName=HudMusic,VolumeAdjuster=0.3), (GroupName=CutSceneMusic,VolumeAdjuster=0.0), (GroupName=InGameMusic,VolumeAdjuster=0.3), (GroupName=AmbientPropSounds,VolumeAdjuster=0.0), (GroupName=HudSFX,VolumeAdjuster=0.0), (GroupName=InGameSFX,VolumeAdjuster=0.0), (GroupName=BigLooped,VolumeAdjuster=0.3), (GroupName=VOMain,VolumeAdjuster=0.0), (GroupName=DialogueAI,VolumeAdjuster=0.0), (GroupName=IndoorAmbient,VolumeAdjuster=0.0), (GroupName=OutdoorAmbient,VolumeAdjuster=0.0), (GroupName=DialogueRadio,VolumeAdjuster=0.0), (GroupName=DialogueFaith,VolumeAdjuster=0.0), (GroupName=DialogueOther,VolumeAdjuster=0.0), (GroupName=IndoorAmbientProps,VolumeAdjuster=0.0), (GroupName=OutdoorAmbientProps,VolumeAdjuster=0.0), (GroupName=Helicopter,VolumeAdjuster=0.0), (GroupName=Weapons3p,VolumeAdjuster=0.0), (GroupName=Weapons1p,VolumeAdjuster=0.0), (GroupName=FaithBreath,VolumeAdjuster=0.0), (GroupName=FaithVocal,VolumeAdjuster=0.0)))\r\nSoundGroupEffects=( GroupEffect=( (GroupName=Music,VolumeAdjuster=0.0), (GroupName=SFX,VolumeAdjuster=0.0), (GroupName=VO,VolumeAdjuster=0.0), (GroupName=HudMusic,VolumeAdjuster=1.0), (GroupName=CutSceneMusic,VolumeAdjuster=0.0), (GroupName=InGameMusic,VolumeAdjuster=0.0), (GroupName=AmbientPropSounds,VolumeAdjuster=0.0), (GroupName=HudSFX,VolumeAdjuster=0.0), (GroupName=InGameSFX,VolumeAdjuster=0.0), (GroupName=BigLooped,VolumeAdjuster=0.3), (GroupName=VOMain,VolumeAdjuster=0.0), (GroupName=DialogueAI,VolumeAdjuster=0.0), (GroupName=IndoorAmbient,VolumeAdjuster=0.0), (GroupName=OutdoorAmbient,VolumeAdjuster=0.0), (GroupName=DialogueRadio,VolumeAdjuster=0.0), (GroupName=DialogueFaith,VolumeAdjuster=0.0), (GroupName=DialogueOther,VolumeAdjuster=0.0), (GroupName=IndoorAmbientProps,VolumeAdjuster=0.0), (GroupName=OutdoorAmbientProps,VolumeAdjuster=0.0), (GroupName=Helicopter,VolumeAdjuster=0.0), (GroupName=Weapons3p,VolumeAdjuster=0.0), (GroupName=Weapons1p,VolumeAdjuster=0.0), (GroupName=FaithBreath,VolumeAdjuster=0.0), (GroupName=FaithVocal,VolumeAdjuster=0.0)))\r\nSoundGroupEffects=( GroupEffect=( (GroupName=Music,VolumeAdjuster=1.0), (GroupName=SFX,VolumeAdjuster=1.0), (GroupName=VO,VolumeAdjuster=0.0), (GroupName=HudMusic,VolumeAdjuster=1.0), (GroupName=CutSceneMusic,VolumeAdjuster=1.0), (GroupName=InGameMusic,VolumeAdjuster=1.0), (GroupName=AmbientPropSounds,VolumeAdjuster=1.0), (GroupName=HudSFX,VolumeAdjuster=1.0), (GroupName=InGameSFX,VolumeAdjuster=1.0), (GroupName=BigLooped,VolumeAdjuster=1.0), (GroupName=VOMain,VolumeAdjuster=1.0), (GroupName=DialogueAI,VolumeAdjuster=1.0), (GroupName=IndoorAmbient,VolumeAdjuster=1.0), (GroupName=OutdoorAmbient,VolumeAdjuster=1.0), (GroupName=DialogueRadio,VolumeAdjuster=0.0), (GroupName=DialogueFaith,VolumeAdjuster=0.0), (GroupName=DialogueOther,VolumeAdjuster=0.0), (GroupName=IndoorAmbientProps,VolumeAdjuster=1.0), (GroupName=OutdoorAmbientProps,VolumeAdjuster=1.0), (GroupName=Helicopter,VolumeAdjuster=1.0), (GroupName=Weapons3p,VolumeAdjuster=1.0), (GroupName=Weapons1p,VolumeAdjuster=1.0), (GroupName=FaithBreath,VolumeAdjuster=1.0), (GroupName=FaithVocal,VolumeAdjuster=1.0)))\r\nSoundGroupEffects=( GroupEffect=( (GroupName=Master,VolumeAdjuster=1.0), (GroupName=DialogueRadio,VolumeAdjuster=1.0), (GroupName=DialogueFaith,VolumeAdjuster=1.0), (GroupName=DialogueOther,VolumeAdjuster=1.0), (GroupName=BigLooped,VolumeAdjuster=0.3,LowPassAdjuster=0.1), (GroupName=OutdoorAmbientProps,VolumeAdjuster=0.6,LowPassAdjuster=0.6), (GroupName=Helicopter,VolumeAdjuster=0.4,LowPassAdjuster=0.4)))\r\nSoundGroupEffects=( GroupEffect=( (GroupName=Dead,VolumeAdjuster=1.0), (GroupName=Music,VolumeAdjuster=0.0), (GroupName=SFX,VolumeAdjuster=0.0), (GroupName=VO,VolumeAdjuster=0.0), (GroupName=HudMusic,VolumeAdjuster=0.0), (GroupName=CutSceneMusic,VolumeAdjuster=0.0), (GroupName=InGameMusic,VolumeAdjuster=0.0), (GroupName=AmbientPropSounds,VolumeAdjuster=0.0), (GroupName=HudSFX,VolumeAdjuster=0.0), (GroupName=InGameSFX,VolumeAdjuster=0.0), (GroupName=BigLooped,VolumeAdjuster=0.3), (GroupName=VOMain,VolumeAdjuster=0.0), (GroupName=DialogueAI,VolumeAdjuster=0.0), (GroupName=IndoorAmbient,VolumeAdjuster=0.0), (GroupName=OutdoorAmbient,VolumeAdjuster=0.0), (GroupName=DialogueRadio,VolumeAdjuster=0.0), (GroupName=DialogueFaith,VolumeAdjuster=0.0), (GroupName=DialogueOther,VolumeAdjuster=0.0), (GroupName=IndoorAmbientProps,VolumeAdjuster=0.0), (GroupName=OutdoorAmbientProps,VolumeAdjuster=0.0), (GroupName=Helicopter,VolumeAdjuster=0.0), (GroupName=Weapons3p,VolumeAdjuster=0.0), (GroupName=Weapons1p,VolumeAdjuster=0.0) ))\r\nSoundGroupEffects=( GroupEffect=( (GroupName=Dead,VolumeAdjuster=1.0,LowPassAdjuster=0.1), (GroupName=Music,VolumeAdjuster=0.001,LowPassAdjuster=0.001), (GroupName=SFX,VolumeAdjuster=0.001,LowPassAdjuster=0.001), (GroupName=VO,VolumeAdjuster=0.001,LowPassAdjuster=0.001), (GroupName=HudMusic,VolumeAdjuster=0.001,LowPassAdjuster=0.001), (GroupName=CutSceneMusic,VolumeAdjuster=0.001,LowPassAdjuster=0.001), (GroupName=InGameMusic,VolumeAdjuster=0.001,LowPassAdjuster=0.001), (GroupName=AmbientPropSounds,VolumeAdjuster=0.001,LowPassAdjuster=0.001), (GroupName=HudSFX,VolumeAdjuster=0.001,LowPassAdjuster=0.001), (GroupName=InGameSFX,VolumeAdjuster=0.001,LowPassAdjuster=0.001), (GroupName=BigLooped,VolumeAdjuster=0.3), (GroupName=VOMain,VolumeAdjuster=0.001,LowPassAdjuster=0.001), (GroupName=DialogueAI,VolumeAdjuster=0.001,LowPassAdjuster=0.001), (GroupName=IndoorAmbient,VolumeAdjuster=0.001,LowPassAdjuster=0.001), (GroupName=OutdoorAmbient,VolumeAdjuster=0.001,LowPassAdjuster=0.001), (GroupName=DialogueRadio,VolumeAdjuster=0.001,LowPassAdjuster=0.001), (GroupName=DialogueFaith,VolumeAdjuster=0.001,LowPassAdjuster=0.001), (GroupName=DialogueOther,VolumeAdjuster=0.001,LowPassAdjuster=0.001), (GroupName=IndoorAmbientProps,VolumeAdjuster=0.001,LowPassAdjuster=0.001), (GroupName=OutdoorAmbientProps,VolumeAdjuster=0.001,LowPassAdjuster=0.001), (GroupName=Helicopter,VolumeAdjuster=0.001,LowPassAdjuster=0.001), (GroupName=Weapons3p,VolumeAdjuster=0.001,LowPassAdjuster=0.001), (GroupName=Weapons1p,VolumeAdjuster=0.001,LowPassAdjuster=0.001) ))\r\nSoundGroupEffects=( GroupEffect=( (GroupName=Music,VolumeAdjuster=1.0), (GroupName=SFX,VolumeAdjuster=0.0), (GroupName=VO,VolumeAdjuster=0.0), (GroupName=HudMusic,VolumeAdjuster=1.0), (GroupName=CutSceneMusic,VolumeAdjuster=1.0), (GroupName=InGameMusic,VolumeAdjuster=0.0), (GroupName=AmbientPropSounds,VolumeAdjuster=0.0), (GroupName=HudSFX,VolumeAdjuster=0.0), (GroupName=InGameSFX,VolumeAdjuster=0.0), (GroupName=BigLooped,VolumeAdjuster=0.3), (GroupName=VOMain,VolumeAdjuster=0.0), (GroupName=DialogueAI,VolumeAdjuster=0.0), (GroupName=IndoorAmbient,VolumeAdjuster=0.0), (GroupName=OutdoorAmbient,VolumeAdjuster=0.0), (GroupName=DialogueRadio,VolumeAdjuster=0.0), (GroupName=DialogueFaith,VolumeAdjuster=0.0), (GroupName=DialogueOther,VolumeAdjuster=0.0), (GroupName=IndoorAmbientProps,VolumeAdjuster=0.0), (GroupName=OutdoorAmbientProps,VolumeAdjuster=0.0), (GroupName=Helicopter,VolumeAdjuster=0.0), (GroupName=Weapons3p,VolumeAdjuster=0.0), (GroupName=Weapons1p,VolumeAdjuster=0.0), (GroupName=FaithBreath,VolumeAdjuster=0.0), (GroupName=FaithVocal,VolumeAdjuster=0.0)))\r\n\r\n[Engine.UIDataStore_OnlineGameSettings]\r\nGameSettingsClasses=TdGame.TdMPSettings\r\n\r\n[Engine.UIDataStore_OnlinePlayerData]\r\nProfileSettingsClassName=TdGame.TdProfileSettings\r\nFriendsProviderClassName=TdGame.UIDataProvider_TdOnlineFriends\r\nFriendMessagesProviderClassName=TdGame.UIDataProvider_TdOnlineFriendMessages\r\n\r\n[Engine.ExtrasToForceCookPerMap]\r\nMap=Tutorial_p\r\nExtras=object!TdUIResources_InGame_Hints.splash05\r\nExtras=object!TdUIResources_InGame_Hints.splash07\r\nMap=edge_p\r\nExtras=class!TdSpContent.TdAIVoiceOverDataImpl_Large\r\nExtras=class!TdSpContent.TdHUDContentSP\r\nExtras=object!TdUIResources_ObjectiveImages.Objective_0A\r\nExtras=object!TdUIResources_InGame_Hints.splash01\r\nExtras=object!TdUIResources_InGame_Hints.splash02\r\nExtras=object!TdUIResources_InGame_Hints.splash03\r\nMap=escape_p\r\nExtras=class!TdSpContent.TdAIVoiceOverDataImpl_Large\r\nExtras=class!TdSpContent.TdAIVoiceOverDataImpl_Chopper\r\nExtras=class!TdSpContent.TdHUDContentSP\r\nExtras=object!TdUIResources_ObjectiveImages.Objective_1A\r\nExtras=object!TdUIResources_ObjectiveImages.Objective_1B\r\nExtras=object!TdUIResources_InGame_Hints.splash04\r\nExtras=object!TdUIResources_InGame_Hints.splash06\r\nMap=stormdrain_p\r\nExtras=class!TdSpContent.TdAIVoiceOverDataImpl_Large\r\nExtras=class!TdSpContent.TdAIVoiceOverDataImpl_Chopper\r\nExtras=class!TdSpContent.TdHUDContentSP\r\nExtras=object!TdUIResources_ObjectiveImages.Objective_2A\r\nExtras=object!TdUIResources_ObjectiveImages.Objective_2B\r\nMap=cranes_p\r\nExtras=class!TdSpContent.TdAIVoiceOverDataImpl_Large\r\nExtras=class!TdSpContent.TdAIVoiceOverDataImpl_Chopper\r\nExtras=class!TdSpContent.TdHUDContentSP\r\nExtras=object!TdUIResources_ObjectiveImages.Objective_3A\r\nExtras=object!TdUIResources_ObjectiveImages.Objective_3B\r\nMap=subway_p\r\nExtras=class!TdSpContent.TdAIVoiceOverDataImpl_Large\r\nExtras=class!TdSpContent.TdHUDContentSP\r\nExtras=object!TdUIResources_ObjectiveImages.Objective_4A\r\nExtras=object!TdUIResources_ObjectiveImages.Objective_4B\r\nMap=mall_p\r\nExtras=class!TdSpContent.TdAIVoiceOverDataImpl_Large\r\nExtras=class!TdSpContent.TdAIVoiceOverDataImpl_Chopper\r\nExtras=class!TdSpContent.TdHUDContentSP\r\nExtras=object!TdUIResources_ObjectiveImages.Objective_5A\r\nExtras=object!TdUIResources_ObjectiveImages.Objective_5B\r\nMap=factory_p\r\nExtras=class!TdSpContent.TdAIVoiceOverDataImpl_Large\r\nExtras=class!TdSpContent.TdHUDContentSP\r\nExtras=object!TdUIResources_ObjectiveImages.Objective_6A\r\nExtras=object!TdUIResources_ObjectiveImages.Objective_6B\r\nMap=boat_p\r\nExtras=class!TdSpContent.TdAIVoiceOverDataImpl_Large\r\nExtras=class!TdSpContent.TdHUDContentSP\r\nExtras=object!TdUIResources_ObjectiveImages.Objective_7A\r\nExtras=object!TdUIResources_ObjectiveImages.Objective_7B\r\nMap=convoy_p\r\nExtras=class!TdSpContent.TdAIVoiceOverDataImpl_Large\r\nExtras=class!TdSpContent.TdHUDContentSP\r\nExtras=object!TdUIResources_ObjectiveImages.Objective_8A\r\nExtras=object!TdUIResources_ObjectiveImages.Objective_8B\r\nMap=scraper_p\r\nExtras=class!TdSpContent.TdAIVoiceOverDataImpl_Large\r\nExtras=class!TdSpContent.TdHUDContentSP\r\nExtras=object!TdUIResources_ObjectiveImages.Objective_9A\r\nExtras=object!TdUIResources_ObjectiveImages.Objective_9B\r\n\r\n[Engine.TextureReductionSettings]\r\nTutorial_p.Start=3\r\nEdge_p.Edge_Start=3\r\nEdge_p.After_Intro=3\r\nEdge_p.Rooftop_Action=3\r\nEdge_p.SWAT_Response=3\r\nEscape_p.Start=3\r\nEscape_p.Office=3\r\nEscape_p.Chase=3\r\nEscape_p.Avenue=3\r\nEscape_p.Plaza=3\r\nStormdrain_p.Canals=3\r\nStormdrain_p.Container=3\r\nStormdrain_p.Gate1=3\r\nStormdrain_p.Chute2=3\r\nStormdrain_p.Construction=3\r\nStormdrain_p.ChaseJK=3\r\nStormdrain_p.JKfight=3\r\nCranes_p.SP03_Start=3\r\nCranes_p.SP03_Office_01=3\r\nCranes_p.SP03_Rooftop_01=3\r\nCranes_p.SP03_Plaza_01=3\r\nSubway_p.Start_point_subway=3\r\nSubway_p.Subway_bossfight=3\r\nSubway_p.Renovation_fight=3\r\nSubway_p.Subway_Station=3\r\nSubway_p.Subway_Tunnels=3\r\nSubway_p.Train_Ride=3\r\nMall_p.LevelStart=3\r\nMall_p.CombatRooftops=3\r\nMall_p.Stretch=3\r\nMall_p.Mall_Ambush=3\r\nFactory_p.Start_point=3\r\nFactory_p.Loading_bay=3\r\nFactory_p.Conveyor_puzzle=3\r\nFactory_p.Training_area=3\r\nFactory_p.Pursuit_chase=3\r\nBoat_p.Start=3\r\nBoat_p.CarDeck=3\r\nBoat_p.Ventilation=3\r\nBoat_p.TopBoat=3\r\nBoat_p.Celeste_Chase=3\r\nBoat_p.Celeste=3\r\nConvoy_p.Kates_convoy=3\r\nConvoy_p.Stretch2=3\r\nConvoy_p.Atrium=3\r\nConvoy_p.Sniper=3\r\nConvoy_p.Atrium_soft_cp=3\r\nScraper_p.Scraper_Start=3\r\nScraper_p.Carpark=3\r\nScraper_p.Lobby=3\r\nScraper_p.Elevator_shaft=3\r\nScraper_p.Rooftops=3\r\nScraper_p.Server_room=3\r\nScraper_p.End_game=3\r\ntt_TutorialA01_p=3\r\ntt_TutorialA02_p=3\r\ntt_TutorialA03_p=3\r\ntt_EdgeA01_p=3\r\ntt_EscapeB01_p=3\r\ntt_EscapeA01_p=3\r\ntt_StormdrainA02_p=3\r\ntt_StormdrainB01_p=3\r\ntt_StormdrainB02_p=3\r\ntt_StormdrainB03_p=3\r\ntt_CranesA01_p=3\r\ntt_CranesC01_p=3\r\ntt_CranesB02_p=3\r\ntt_CranesB01_p=3\r\ntt_MallA01_p=3\r\ntt_FactoryA01_p=3\r\ntt_CranesD01_p=3\r\ntt_ConvoyB01_p=3\r\ntt_ConvoyB02_p=3\r\ntt_ConvoyA01_p=3\r\ntt_ConvoyA02_p=3\r\ntt_ScraperA01_p=3\r\ntt_ScraperB01_p=3\r\n\r\n[Engine.PackagesToNeverCompress]\r\nPackage=Fp\r\n\r\n[Windows.StandardUser]\r\nMyDocumentsSubDirName=EA Games\\Mirror's Edge\r\n\r\n[TdGame.TdGameEngine]\r\nDefaultLoadGameMovie=LoadingSimple\r\nDefaultCutSceneMoviePrefix=scene_\r\nDefaultLoadSPMapMoviePrefix=LoadingFaith\r\nNumberOfSPMovies=3\r\nDefaultLoadTTMapMoviePrefix=LoadingFaith\r\nNumberOfTTMovies=3\r\nLoadMapLoadTime=29.0f\r\n\r\n[FullScreenMovie]\r\nStartupMovies=StartupMovie\r\nSkippableMovies=Attract_Movie\r\nSkippableMovies=scene_01\r\nSkippableMovies=scene_02\r\nSkippableMovies=scene_04\r\nSkippableMovies=scene_06\r\nSkippableMovies=scene_07\r\nSkippableMovies=scene_09\r\nSkippableMovies=scene_10\r\nSkippableMovies=scene_11\r\nSkippableMovies=scene_12\r\nSkippableMovies=scene_13\r\nSkippableMovies=MakingOf\r\n\r\n[LoadMovies]\r\ntutorial_P=scene_01\r\nescape_p=scene_02\r\nstormdrain_p=scene_04\r\ncranes_p=scene_06\r\nsubway_p=scene_07\r\nmall_p=scene_09\r\nfactory_p=scene_10\r\nboat_p=scene_11\r\nconvoy_p=scene_12\r\nscraper_p=scene_13\r\n\r\n[Engine.FilesToNotCacheToHD]\r\nFile=StartupMovie.bik\r\nFile=Attract_Movie.bik\r\nFile=EA_DICE_NewLogos_NoLegals_720p_Bink.bik\r\nFile=DICE_NewLogo_NoLegals_800x600.bik\r\nFile=EA_NewLogo_NoLegals_800x600.bik\r\nFile=ME.GPMM.bik\r\nFile=ME.LoadingScreen.01.bik\r\nFile=LoadingSimple.bik\r\nFile=LoadingFaith.bik\r\nFile=LoadingFaith01.bik\r\nFile=LoadingFaith02.bik\r\nFile=LoadingFaith03.bik\r\nFile=scene_01.bik\r\nFile=scene_02.bik\r\nFile=scene_03.bik\r\nFile=scene_04.bik\r\nFile=scene_05.bik\r\nFile=scene_06.bik\r\nFile=scene_07.bik\r\nFile=scene_08.bik\r\nFile=scene_09.bik\r\nFile=scene_10.bik\r\nFile=scene_11.bik\r\nFile=scene_12.bik\r\nFile=scene_13.bik\r\nFile=scene_14.bik\r\nFile=scene_15.bik\r\nFile=scene_16.bik\r\nFile=scene_17.bik\r\nFile=MakingOf.bik\r\n\r\n[IniVersion]\r\n0=1594228318.000000\r\n1=1594230692.000000\r\n\r\n[AppCompat]\r\nMeasuredCPUScore=748.171875\r\nCompatLevelComposite=3\r\nCompatLevelCPU=4\r\nCompatLevelGPU=3",
    "YaraRule": [
        "enable_org12",
        "core_keywords"
    ]
}