{
    "scrape_url": "https://scrape.pastebin.com/api_scrape_item.php?i=aEddq6rN",
    "full_url": "https://pastebin.com/aEddq6rN",
    "date": "1594367936",
    "key": "aEddq6rN",
    "size": 70993,
    "expire": "0",
    "title": "SPL Paypal.com",
    "syntax": "bash",
    "user": "TheSploit",
    "filename": "aEddq6rN",
    "pasteid": "aEddq6rN",
    "pastesite": "pastebin.com",
    "@timestamp": "2020-07-10T07:58:56",
    "MD5": "0eb630a355434f4bc242d36d4e623627",
    "SHA256": "57dfdbffb675bdf5a2933a43fa763953c4656b98d1b59e4e1d296b825d8f63e4",
    "raw_paste": "==========================================================\r\nPaypal.com got uwu\r\nBy TheSploit :\")\r\n__________________________________________________________\r\nFindme on email indonesianweb1109@gmail.com\r\nhttps://www.youtube.com/channel/UCyNZMCmIT1lVxC0d1QUwqyA?view_as=subscriber\r\n==========================================================\r\nm_reis@a1.net:pilgramgasse | 3\r\npgluza@buckeyeexpress.com:america1 | 22\r\nadrian.spring@md-press.com:potter47 | 2\r\ncrisdeavila@terra.com.br:ferias | 2\r\ndomingo@buckeyeexpress.com:scrappy33 | 25\r\nrodrigosmendes@uol.com.br:digoan15 | 1\r\nkilvo2@dsl.pipex.com:firefly | 5\r\njohn.miller@hawaiiantel.net:dana531miller | 8\r\nlorisholer1@cox.net:Las102565! | 1\r\nghispal@cegetel.net:brigitte | 5\r\n156103538@qq.com:135728 | 742\r\nhijadelaluna@davidbowie.com:yt1300 | 19\r\nmarilene_justi@uol.com.br:mary6113 | 8\r\nlarregain.sandrine@laposte.net:Pejusacha4 | 1\r\njonathan.edwards@dsl.pipex.com:toronado | 9\r\nfonso@buckeye-express.com:nabv97jtrp | 18\r\njmsantos1970@uol.com.br:ms30tx | 5\r\ntlh1501@twc.com:allboys2 | 1\r\nmarcusgodoy@globo.com:Mgodoy1967 | 9\r\nrickycheung28@netvigator.com:rk3105822020! | 6\r\ncasteel@twc.com:sn17wi1t | 1\r\nodair@orientelogistica.com.br:campoverde10 | 8\r\nmhojnacki@bex.net:yourcool1 | 20\r\nslackers5@buckeye-express.com:abc123 | 9\r\nlucas_napoleao@globo.com:rau3pgs3 | 1\r\nleoluzes@globo.com:leo1312 | 2\r\nseos@banakpluriels.net:Elik2016plim | 8\r\ncesarina@terra.com.br:jr1949 | 2\r\ncja99@talktalk.net:Chelsea99 | 1\r\nken.hunter@talktalk.net:scorpio | 4\r\njb5831@buckeye-express.com:ndirish1 | 22\r\ncm@vivalalengua.com:amarillo84 | 7\r\nnicolas.berquez@laposte.net:Nicolas140189 | 1\r\ninfo@apakmakina.com:959100 | 2\r\ngoran.s@paleol.net:kesolovac | 7\r\ndaniel.reginaldo@uol.com.br:pdlq9999 | 5\r\njoma240@buckeye-express.com:babygirl4 | 31\r\nb.gtav@laposte.net:Portugal13 | 3\r\nlivinglustres@terra.com.br:iluminar7! | 3\r\njpbowersock@xsilence.net:pixies | 1\r\nthuminger.rosa@a1.net:rt1251943 | 1\r\nhazelgerrysmith@talktalk.net:chandler1 | 2\r\njcrfornecedora@ibest.com.br:021261 | 20\r\nstacey44870@buckeyeexpress.com:10272001 | 30\r\na1.915158843@a1.net:qagzajra | 1\r\nkmccarty@netins.net:Captain1 | 24\r\nforcan@paleol.net:djordje | 8\r\nmikeborton@talktalk.net:catch82 | 7\r\nnunes@telehard.com.br:Nunes2012 | 3\r\nethan@intelliwave.com:Cross123 | 1\r\nchaley@cantab.net:v1ctor1a | 12\r\nbriansuen@netvigator.com:br33264 | 3\r\ntjdeal@buckeye-express.com:ohiostate1 | 13\r\ndominique.couprie@cegetel.net:Paulin72 | 9\r\nzyko10@ibest.com.br:010487 | 1\r\nsylvain.fovet@cegetel.net:twinny | 4\r\na.cacchiani@cogeogr.com:00957vcx | 1\r\nhoppenessis@hawaiiantel.net:smilesr4u | 15\r\nstewartforrester@virginmedia.com:tazman1a | 6\r\ned_maria@ig.com.br:319757cruz | 1\r\njustinf@buckeye-express.com:happy771 | 3\r\nmartin.meusburger@a1.net:martin | 6\r\nn.douhi13@laposte.net:Mamanjetaime70 | 7\r\nggretta@uol.com.br:love04 | 2\r\ndacoach@hawaiiantel.net:kolomona5 | 7\r\nandywhelan@talktalk.net:newfield | 7\r\ntbillings@bex.net:soccer05 | 17\r\njrstamp@bex.net:churchlady2 | 3\r\ndljones@ukgateway.net:startrek | 9\r\ncharles.berchel@laposte.net:Marseille13003 | 1\r\ngreytoothe@lycos.com:Karlasman1 | 1\r\nragorne@laposte.net:Shikamaru1994 | 1\r\ncompras@vitaya.com.br:sundek44 | 8\r\nwnoel@noel-law.net:wcwhrmt1 | 2\r\nmontagnon.isabelle@laposte.net:Houlala07 | 1\r\nconsuelosimao@uol.com.br:moby051 | 2\r\njames@jamesandrachel.com:Thetaxi34 | 2\r\nhideyuki@fff-design.com:yukiharuki | 7\r\nnasekah@dsl.pipex.com:mohd06 | 1\r\nrobertoct@uol.com.br:mluiza17 | 2\r\nhunault.d50@cegetel.net:djidji789 | 8\r\ndouglashn@uol.com.br:hn8520 | 2\r\nap.morin@uol.com.br:cqgm54 | 2\r\nhayleyp.edwards@talktalk.net:silverzafira12 | 3\r\nportoseguro@klmtransporte.com.br:PORTOSEGURO | 11\r\nlogiclive@uol.com.br:Ndls1836 | 1\r\njogapologize@vfemail.net:Source123 | 2\r\nqian.huang@cantab.net:strong1 | 4\r\ndbettinger@buckeyeexpress.com:dorothea1 | 26\r\npat@prbproductions.com:imfree | 9\r\ndanica@pnc.com.au:jayne | 8\r\nmarcolin@a1.net:Deskjet123 | 1\r\njohn.might@laposte.net:Starwars79 | 1\r\nvinieri@uol.com.br:Apollo56 | 2\r\njohnjb@buckeye-express.com:Laurenk1 | 6\r\nalejandro.berenyi@fibertel.com.ar:juli1509 | 1\r\npaulocacs@terra.com.br:paulita21 | 2\r\nnicole.mann@globo.com:nicole | 9\r\nstormwind@buckeyeexpress.com:thunder1 | 20\r\nmonique.nevers@cegetel.net:sylagw364 | 6\r\nfrancisvillaca@globo.com:Bonitona00 | 35\r\neushio@hawaiiantel.net:sumiye6 | 2\r\ne.rosier12@laposte.net:Louise25 | 9\r\nignaciofi2@sion.com:neuquen84123asd20166 | 128\r\nmarcoscostalima@terra.com.br:brasil5111d | 11\r\njla@buckeye-express.com:hjlena | 29\r\ncarole31320@laposte.net:Astrid1997 | 2\r\narvindsharma@talktalk.net:Ayesha24 | 1\r\njason.phillips@dsl.pipex.com:Squeaker3 | 9\r\ncelodjramos@uol.com.br:ma9788 | 2\r\ntatidias@tpa.com.br:109953 | 12\r\natkn58@dsl.pipex.com:Damage21 | 7\r\nantshass@alefresearch.com:prozac0188 | 1\r\ninfo@digitalmapstudio.com:170876 | 11\r\nspeysider@dsl.pipex.com:PQdr64lkx | 7\r\nlaplante@buckeyeexpress.com:buck4848 | 91\r\ncidaperes2@uol.com.br:xpuz26 | 1\r\njelden@buckeye-express.com:home42 | 9\r\nmahaneyfam@buckeye-express.com:pamela1m | 16\r\ntrevor.mack@ukgateway.net:oolibeja | 11\r\nseabash1@buckeye-express.com:emmy42 | 21\r\ndesfenton@talktalk.net:rangers | 1\r\nmanuel.trippl@a1.net:1t9h9z5e | 7\r\njrbill@maxxsouth.net:2187_Tnt | 38\r\nlin8@bex.net:mookster18 | 15\r\nchowelsa@netvigator.com:alsa1199!qwerty | 31\r\nrafa0502@uol.com.br:beneve09 | 2\r\nrwoneal@centramedia.net:tammye1 | 18\r\nmkaneko@uol.com.br:minha1 | 1\r\njvcslingo@vfemail.net:debbie | 2\r\nthemouth1@hawaiiantel.net:Yarddog1 | 136\r\ndtred96@buckeye-express.com:david96 | 23\r\nmvinac@uol.com.br:vina341 | 1\r\nkhiga405@hawaiiantel.net:takohole | 281\r\nanacarolinalima@uol.com.br:lima1810 | 2\r\nchase0908@buckeye-express.com:chase14 | 11\r\nnmoussellard@cegetel.net:clara1995 | 10\r\nvinicius@lojapindorama.com.br:vini2038 | 1\r\njohnbarden@supanet.com:mooted271 | 10\r\nhnblanco@fibertel.com.ar:neta5008 | 1\r\njea9089@nate.com:woaks1648! | 2\r\nnumpty205@talktalk.net:numptyn00 | 1\r\ntribu.yvinec@akeonet.com:bounou | 3\r\ngabrielzettel@globo.com:gzps2210 | 4\r\nleonhard33@a1.net:liebste | 2\r\nhenrysmirnow@laposte.net:Smirnow98 | 1\r\nmargaret53@talktalk.net:December01 | 2\r\njazzcottle@dsl.pipex.com:mitidara | 7\r\njudek@talktalk.net:Robertbanks16 | 1\r\nmrg.compagnie@laposte.net:a85Votre | 1\r\nbrigittehills@telkomsa.net:kitty2 | 5\r\nbob@deltagolfopen.com:Password1 | 1\r\nwmogata@ig.com.br:gaga28full2 | 5\r\nablasor@cegetel.net:pallina | 6\r\ndansupermouse@uol.com.br:eros007 | 1\r\ncrs1943@bex.net:ruthless1 | 25\r\ntyfalor@buckeyeexpress.com:svhs2011 | 21\r\ndschiavone@buckeye-express.com:douglas | 17\r\naqud49@dsl.pipex.com:jodiep00 | 6\r\nsonle@tac-industry.com:123456tac | 14\r\nclaudineyrob@globo.com:180954 | 1\r\nmlegg44231@buckeye-express.com:110block | 18\r\ndseitune@fibertel.com.ar:chubut49 | 6\r\ncreed@dsl.pipex.com:daniel | 12\r\nsantacreu@coac.net:zascandil | 2\r\ninfo@transformingnation.com:jesus001 | 1\r\nmarkuskn@a1.net:06642318779 | 5\r\ndave.lawrence@talktalk.net:engage08 | 42\r\nokakyu@openbit.net:masa4213 | 2\r\nceca.n@paleol.net:ceca990 | 1\r\nsl.jamain@cegetel.net:tristart | 8\r\nchristiane.stohl@a1.net:angelo | 7\r\nsueandchar@bex.net:sufficient | 10\r\nwalgarte@terra.com.br:waf1940 | 1\r\ncarman@dsl.pipex.com:Dulwich3 | 6\r\nbigdlittler@buckeyeexpress.com:augustus1 | 19\r\nadamjprince@cantab.net:8adidas8 | 8\r\ntanner@overbays.com:Tanner27 | 1\r\nwapb@uol.com.br:segredo7 | 1\r\nequitacionherrera@fibertel.com.ar:casa456 | 2\r\nyuchunming@netvigator.com:958bsx2y1222!958bsx2y1222! | 39\r\nshirley.chip1@talktalk.net:elizabeth1 | 11\r\nalinaa@fibertel.com.ar:euge25 | 1\r\ntatilera@globo.com:clio1151 | 8\r\nsjact@iprimus.com.au:ashley1 | 1\r\njonathan@babinard.com:km7quff2 | 9\r\nbmckay@dsl.pipex.com:kazmasta | 13\r\nalanex@netvigator.com:alexan38111!31dq | 31\r\ncalves.s@uol.com.br:calves0011 | 15\r\notoole@bex.net:ryan4897 | 1\r\nrost2004@t-2.net:rost2004 | 8\r\njbifey@bex.net:Jamie24 | 19\r\nshinell@websourceguyana.com:Password1 | 2\r\nleribaultau@west-telecom.com:17092010 | 2\r\nnicholas@theloibls.com:password | 2\r\npop123@shentel.net:burton63 | 75\r\ngtarsha4@buckeye-express.com:ok4camel | 18\r\nbuteangling@dsl.pipex.com:piker1 | 7\r\nhoraciopcaride@fibertel.com.ar:29ag98 | 2\r\ntoka1@uol.com.br:vdmg71 | 2\r\ngrubio@movinet.com.uy:gus8644 | 1\r\ngaliflorzinha@riogrande-rs.com.br:florzinha | 10\r\ncarina.e@terra.com.br:ceschini1qw | 6\r\ntijana@paleol.net:03061981 | 2\r\nisa07@laposte.net:Houlala07 | 1\r\ncgray@netins.net:hsny2545 | 4\r\nlaw5397@buckeye-express.com:Madilynn1 | 8\r\nrod-miranda@uol.com.br:santos77 | 1\r\nelaine_alvarenga@globo.com:142624 | 6\r\nelizabethh@bex.net:Anking04 | 492\r\nrosana-trindade@uol.com.br:Rosana3991 | 28\r\nmatheusfelix@globo.com:cordeiro | 1\r\nstephane.studzinski@cegetel.net:stephane | 7\r\nthaisecavalcante@gazetaweb.com:634037 | 2\r\nmanfroni@fibertel.com.ar:gala1116 | 2\r\nmutel.oceane@laposte.net:14Decembre1999 | 1\r\ntsoster@buckeye-express.com:tms6800 | 16\r\nwww.otacianoandrade@ig.com.br:tata2006 | 1\r\nrosarioliebana@fibertel.com.ar:rosary72 | 1\r\nnutty.monkey71@hawaiiantel.net:thatzhott7 | 7\r\nbluebus@buckeyeexpress.com:vwvan74 | 15\r\nd.blackford@virgin.net:Silver44 | 11\r\nkyra@bex.net:chacha1 | 2\r\nsandman0051@bex.net:3Ternally | 17\r\ntteniente@buckeye-express.com:anthony1 | 348\r\n277724365@qq.com:miuraharuma2009 | 44\r\nkaty@katymylady.com:advanced | 1\r\nmurrayhamer@pnc.com.au:surfing | 18\r\npcmead@bex.net:bobcat42 | 181\r\nr.dupont@fibertel.com.ar:ro191253 | 7\r\nmaruyama@namusam.com:H2e8h9zf | 10\r\nmagari@p5telecom.com.br:luka05dtq1777 | 2\r\nkontsevoy@pautina-nau.net:29071991 | 17\r\nmateus@laadim.com:mamama20 | 8\r\nc.r.goonesena.01@cantab.net:zm19834eva | 11\r\nneil.reid@dsl.pipex.com:ootaking | 5\r\ndavid.musson@ukgateway.net:koofooda | 11\r\nsandra.belhassen@cegetel.net:soleil17 | 8\r\ncanderson@infowest.com:gunner1 | 1\r\nandrea.loinger@a1.net:Paulahund | 5\r\ny2invest@pnc.com.au:skippy | 2\r\nashley.leigh@talktalk.net:teapot | 3\r\ncferrerop@geoconta.com:mar0301 | 1\r\nlaneyschl@bex.net:Samsch12 | 6\r\nkremni3@a1.net:petra66 | 4\r\ndonbothwell@conceptual.net.au:yallingup | 7\r\nnc156@laposte.net:Noe123197 | 1\r\nmariapia39@fibertel.com.ar:pia0601 | 8\r\nstashu@buckeye-express.com:stanman01 | 18\r\nnylan@mlcci.com:dekary842 | 6\r\nmadbrinker@buckeye-express.com:33dailey | 5\r\nveronica@nitanyc.com:nitanyc | 3\r\na.castriconi@cogeogr.com:01071llo | 8\r\njakistler@bex.net:ardms5602 | 14\r\nandrew.d.shaw@talktalk.net:fartown | 1\r\nftp.ebel@cegetel.net:sara1007 | 3\r\njimforrester@bex.net:winner1 | 19\r\nsdoncouse@buckeye-express.com:sandy1 | 17\r\nprogger@dsl.pipex.com:AlexGod | 6\r\nbeefmastersa@telkomsa.net:helgap | 5\r\nsueliyukie@globo.com:camila31 | 19\r\nkarenbooker2007@talktalk.net:buster | 11\r\njulie.eboli@laposte.net:Maelle20081 | 1\r\nbigdlittler@buckeye-express.com:augustus1 | 19\r\nstarman304@davidbowie.com:scream | 9\r\n396094743@qq.com:raymondangel100200! | 943\r\nbrittneyganiron@hawaiiantel.net:december | 5\r\ncarina_schwendinger@a1.net:Celine2005 | 2\r\nw.mascher@a1.net:mascwiat | 4\r\nkbrown@mbox.com.au:sophie | 3\r\njean-marc@freshtreks.com:jmctwf2825 | 4\r\niardrey@bex.net:neph1974 | 28\r\njeanees@buckeyeexpress.com:jammers1 | 14\r\nadalco@fibertel.com.ar:adrian44 | 4\r\nradley49@buckeye-express.com:shuewho | 74\r\nandrea.alexander@a1.net:alexander | 1\r\nsam_marshall@dsl.pipex.com:marshall1 | 9\r\nsuzanne_wilson@dsl.pipex.com:Carlisle1 | 13\r\nsell@thedousedshop.com:Student11 | 13\r\nleebardt@davidbowie.com:sept12 | 7\r\njafischer@ruraltel.net:dogsyf | 2\r\nbwmom@buckeye-express.com:marie66 | 4\r\nkaarthik@laternengineering.com:K00rthik | 2\r\njharp@twc.com:antwon99 | 426\r\nbig_island@hawaiiantel.net:beauknows | 5\r\nstephen.p@virgin.net:dagenham3 | 9\r\ndavid.kres@a1.net:Primaterl1104 | 2\r\nperfins@ukgateway.net:n4land | 5\r\nmatt-long@buckeye-express.com:mlong1 | 24\r\npapabear22@hawaiiantel.net:abbyisdog1 | 6\r\nwobu@a1.net:5149977 | 1\r\nmeem@cegetel.net:meme1420 | 6\r\nkromersn@buckeye-express.com:Duke89 | 21\r\njla@buckeyeexpress.com:hjlena | 29\r\ntreasurer@firstspiritual.com:Three375 | 13\r\nmikemohammad@davidbowie.com:scorsese | 13\r\nwww.seo4escort.11@vfemail.net:article123 | 1\r\n461886781@qq.com:779109xiao | 40\r\ninfo@satoshitaniguchi.com:hcd21201 | 12\r\nnmckenna@cablesurf.com:noelpatrick | 10\r\nmariabenedict@fibertel.com.ar:mb12525 | 4\r\narnold.kristof@a1.net:tuppreme123 | 2\r\nkelly@travelonthebus.com:Dixie2168 | 4\r\nantsmnro@alefresearch.com:prozac0177 | 1\r\nkarine.furlani@laposte.net:Marco2009! | 1\r\nalexandresobrinho@terra.com.br:741217 | 3\r\nsam001@talktalk.net:unicorn001 | 9\r\naidan.toal@talktalk.net:express1 | 2\r\npcufr@bex.net:paytonisme | 20\r\nneidker@a1.net:Leitmeritz | 4\r\nmissbecky@buckeye-express.com:target1317 | 13\r\ninfo@fxgraphicsandprint.com:1966Mustang | 5\r\njvclaxton@pineland.net:030301 | 85\r\npb1369@bex.net:kelcie16 | 46\r\nmmedrano@atisa.com:Atisa2017 | 1\r\nallankeithlogan@talktalk.net:laddie123 | 13\r\ntheweaverfamily@buckeyeexpress.com:1twinboys | 17\r\nschmidt.michi@a1.net:Michi30! | 7\r\npaulawoodwark@dsl.pipex.com:mupp3t | 9\r\nrkeaton@buckeye-express.com:rlkfly55 | 1\r\ndawnsewell@dsl.pipex.com:charlie | 2\r\ntcmiller0127@bex.net:im1gman | 8\r\nwaarky@laposte.net:Julien17 | 3\r\nashley1@dsl.pipex.com:voveriba | 11\r\npastorbessie@bex.net:snyder9232000 | 2\r\njohnscott123@talktalk.net:bailey00 | 8\r\nivy198125@mail2000.com.tw:456654 | 2\r\nfatiha.akouzar@laposte.net:R8l31M9m | 1\r\njreichert@buckeye-express.com:sunshine1 | 21\r\npentekrobert@varsat.net:19810210777d198102107q | 57\r\nedjake@twc.com:Digger11 | 1\r\npoofdiscovery@vfemail.net:Source123 | 2\r\nslimkim34@hawaiiantel.net:fashion7 | 11\r\nveleno@freeazzurra.com:pinuccella | 1\r\nboristumanoff@fibertel.com.ar:riv3091 | 1\r\nsamuele@sideram.com:pitagora | 7\r\njoannelcw@netvigator.com:lcw0714 | 8\r\nverle@inspectionsmith.com:Cajun123 | 2\r\nsdisandro@fibertel.com.ar:pirata63 | 2\r\namelia@jessophome.com:amelia | 4\r\nchristianjade@twc.com:1978kitcar | 1\r\njustin@justinheasman.com:Reznor901! | 12\r\nkerenludlow@talktalk.net:ho11ydog | 1\r\ntaitters18@dsl.pipex.com:handler3776 | 5\r\ncarolineallen@lineone.net:durisdeer | 8\r\ndania1737@nate.com:sldk85131 | 1\r\nlozoids@dsl.pipex.com:ganja666 | 2\r\njfsteelworks@telkomsa.net:bokkie | 9\r\nguitaredandfeathered@cox.net:thursday1 | 2\r\nandreglemos@terra.com.br:060698 | 6\r\nb.skelton2@ntlworld.com:Landrover1 | 3\r\nannieb@ebold.com:laselva | 6\r\nmaurolunardi@fibertel.com.ar:a7331cjn | 4\r\ns.ristic@paleol.net:stefan | 2\r\nmabusanam@telkomsa.net:telkom22 | 1\r\nbobw@accesstoledo.com:sniffy | 6\r\nbill_jen@telkomsa.net:dougaldog | 8\r\nshanakin@akinagency.com:kathryn12 | 4\r\nmootley@bex.net:wild8891 | 22\r\ngeorge-t-taylor@ntlworld.com:Sausages36 | 2\r\nellenieash@bex.net:ladyday2 | 20\r\nammarsh@dsl.pipex.com:anjolyn | 4\r\nhallkat63@twc.com:K25290kh | 10\r\nimhawley@talktalk.net:teddypuss1 | 1\r\nfatture@italgeap.com:55faradiba | 4\r\nmongooses@hawaiiantel.net:kawika1 | 8\r\ngaviech@speedy.com.pe:eFFETA | 1\r\nigor_cunha@globo.com:bi793014 | 8\r\njen.ridner@bex.net:peanut1 | 18\r\nreuab@a1.net:l0k1a1l0k1a2 | 3\r\nchris19@buckeye-express.com:hojo1984 | 17\r\nconnor7@dsl.pipex.com:gunner12 | 2\r\nbachman@bex.net:picasso12 | 11\r\ngrotger@fibertel.com.ar:ingrid33 | 7\r\nc.lesourd0@laposte.net:Lesourd82 | 1\r\nwallerand.noemie@laposte.net:Dracula13! | 6\r\njpbronko1@buckeye-express.com:3558jpb3558 | 24\r\nviniciusbarboza@vetorial.net:13487216 | 8\r\naoba.williams@laposte.net:Allen123 | 2\r\nvluchini@ig.com.br:295456 | 1\r\nlyndsey42@buckeyeexpress.com:aaden62 | 3\r\nl.calvez175@laposte.net:Fraise29 | 1\r\nnevin@telkomsa.net:soutie9667 | 2\r\nsuttonbrenda@talktalk.net:florence | 2\r\njubiato@globo.com:juliana11 | 103\r\nkteneyck@bex.net:nursep1 | 16\r\nskj@mbox.com.au:tammy2 | 91\r\nednatpsantos@terra.com.br:emilia | 4\r\ntheelliottcrew@bex.net:elliott8 | 21\r\nlcomegys@algongroup.com:123456 | 1\r\njeunehbrun@laposte.net:PetasseBlanche59 | 1\r\nk.oliver@terra.com.br:oliver1 | 4\r\ninfo@cottagerelief.com:1Todolist2 | 84\r\nbluebus@buckeye-express.com:vwvan74 | 15\r\neiichi-e@random-e.com:re102500 | 7\r\njthoma43@columbus.rr.com:Virginia12 | 3\r\njose92@pubfree.com:26091968 | 13\r\ninfo@dsxpress.com:Dima5271!! | 1\r\nsani999@a1.net:4417746 | 4\r\naulani@hawaiiantel.net:aulani3 | 22\r\nmatt@orangearts.com:3ed4rf3ed | 1\r\nlorenzo@menchinidesign.com:lorenzo02 | 2\r\nbiz@a-project.net:19720616 | 9\r\nseasea@cherokeetel.com:seasea0110 | 1\r\ndpmeans@partnercom.net:megan567 | 12\r\nma.pointet@laposte.net:1998Margot | 1\r\nluv2dance@mi-connection.com:piano4me | 7\r\nelsas11@fibertel.com.ar:carpe111 | 4\r\nkfinnigan@buckeye-express.com:stocks413 | 17\r\ner.latchimy@laposte.net:Ericka974 | 2\r\njddixon@buckeyeexpress.com:doris1 | 15\r\nvanijai@netvigator.com:vj7570 | 3\r\nzwingi@a1.net:ktmlc4 | 2\r\nsafety@congoairways.com:Private2019 | 1\r\ngtarsha4@buckeyeexpress.com:ok4camel | 18\r\nritafreud@doctorleli.com:callas54177711 | 6\r\ntimsfield@buckeye-express.com:4runner | 22\r\nnathan.toublanc@laposte.net:Pupuce49 | 6\r\njago71301@buckeye-express.com:hollyglen | 15\r\neverhart@buckeye-express.com:maumee65 | 15\r\nlaur2207@buckeye-express.com:luvtigger2 | 74\r\nrichardbrown1@ukgateway.net:enadoofa | 19\r\nminnie.76@virginmedia.com:Easynow76 | 23\r\nabzterdam428@bex.net:dhnas428 | 18\r\nblau.baer@a1.net:h20702s | 1\r\nmichelle@junkerhq.net:mojollnirA | 4\r\nmelsharman@talktalk.net:scorpio | 3\r\ndharrold000@bex.net:Hollie1567 | 23\r\nkathee@azhttp.com:sec12urb | 1\r\nbshipman1345@buckeyeexpress.com:gwen2002 | 4\r\ninfo@alexprosoft.com:MsMy23571113! | 6\r\nmike.van@talktalk.net:service1 | 5\r\nlss612@buckeye-express.com:yellow419 | 18\r\nstace@dsl.pipex.com:telescope1 | 11\r\npaulnkaz@supanet.com:jp1998 | 5\r\nmaryk4u@buckeyeexpress.com:Stoney12 | 4\r\nsarajedlina@fibertel.com.ar:sure1911 | 2\r\npeter.rossegger@a1.net:peter1979 | 5\r\nchida@aihomenet.com:aik24567 | 19\r\nfernini@buckeyeexpress.com:mcgee80 | 5\r\nsandr@terra.com.br:011218 | 1\r\njlacerda.rlk@terra.com.br:jl2607 | 3\r\nejcharette@buckeye-express.com:connors | 7\r\nsarice@cherokeetel.com:preston | 1\r\ncarloscalla@maestro21.com:Maestro21. | 1\r\nandrew1969@hawaiiantel.net:X1y2Z4w01 | 7\r\ngurlsoccer@hawaiiantel.net:tianna26 | 7\r\nantcrybtrx@alefresearch.com:prozac0177 | 1\r\nburnsie101@grapevine.com.au:daniel | 24\r\ndrmike@ruraltel.net:Maksanc97 | 1\r\nmktk@netvigator.com:tk02286 | 3\r\ntrev27@talktalk.net:semitrad | 23\r\nalexeilouzada@terra.com.br:rastafari1112345111 | 3\r\nhuntc108@twc.com:love1927 | 1\r\ndmrcole@talktalk.net:MRC12934 | 1\r\nrappeau@laposte.net:Rp0477891877 | 1\r\nrivbec@cegetel.net:190294 | 6\r\npgilis@bex.net:5139Summer | 20\r\njlambie@talktalk.net:farmer | 8\r\ntuyetpt@mayhai.com:tuyetpt123 | 13\r\nepianw@centramedia.net:4reds4me | 4\r\nchinsman@netvigator.com:P228103t | 11\r\nbenny929@netvigator.com:b929s8111999 | 37\r\nfancytone@netvigator.com:Fancy139 | 3\r\naulacerodigital@jetband.com.ar:asd123 | 4\r\nasrc42@dsl.pipex.com:poppet1 | 14\r\nleefarley1@twc.com:Critter928 | 1\r\nbobdelajungle32@laposte.net:Laura2001 | 1\r\ncydonato@bex.net:josibeltes3 | 13\r\njennifer@thealberos.net:jna030104 | 1\r\naccooper@talktalk.net:stowaway2 | 5\r\nmichael@thepullgroup.com:Aug282004 | 2\r\nbojan.s@paleol.net:justin | 9\r\ng.raeburn@dsl.pipex.com:2melons | 11\r\nccmcbride@bex.net:groom66 | 16\r\nkdemarco@buckeyeexpress.com:genodemarco4 | 8\r\ndaqrot@hawaiiantel.net:dec1969 | 8\r\nhounon.assindodo@laposte.net:Dieuestgrand01 | 2\r\nwakeland4@buckeye-express.com:hotshot3369 | 13\r\nharigaya@apfnews.com:21062106 | 10\r\nbilly-dhol@uol.com.br:lamina03 | 1\r\nton.almeida@uol.com.br:felipe2 | 2\r\nhebeka@buckeye-express.com:express733 | 25\r\nmeg1@bex.net:meggey1 | 1\r\nfrancis.cadet974@laposte.net:Picpic974 | 4\r\nemater3@mi-connection.com:sparkle2 | 10\r\njeffblau@twc.com:Vacation1 | 3\r\ncar@azdreammotors.com:Kenya909 | 18\r\nleopold.muellner@a1.net:19061980 | 7\r\nduby@buckeye-express.com:cassjake1 | 5\r\ncbbautista@hawaiiantel.net:drew9617 | 50\r\nhrkbap@buckeye-express.com:ittoh11 | 30\r\nartfullady@telkomsa.net:bibi2010 | 6\r\npandagrl@buckeyeexpress.com:indy52 | 19\r\nmikie.harris@virgin.net:mikie9147 | 6\r\nmartinbrooke@dial.pipex.com:shomenaz | 14\r\npatmor@twc.com:Cricket1 | 4\r\njonas4@buckeyeexpress.com:jonas7 | 8\r\nsheridanbackhouse@talktalk.net:chapel | 5\r\nbigukfan1@twc.com:lucydog11 | 38\r\nfatma.mouisi@stt-tn.com:000000000 | 7\r\nocchiali@uol.com.br:eo027 | 3\r\nhimura.makoto@wizards.jpn.com:hisanaga | 9\r\nmick.rodaway@talktalk.net:charlie12 | 3\r\nwgoodman@twc.com:2Success | 1\r\njr.luca@uol.com.br:jcl2012 | 1\r\nhilkeb@telkomsa.net:gisela | 3\r\njohnnyleeann@talktalk.net:calvin | 10\r\nand38039@nifty.com:tsubasa3515! | 2\r\nalexandrecogo@uol.com.br:ac2230 | 1\r\nayatsuki@crimsonrhapsody.net:kasahara | 12\r\ngaetan.bou@idyle-telecom.com:marseille | 6\r\nmsarote@uol.com.br:cosmar345 | 1\r\ngkleinburd@fibertel.com.ar:grace42 | 8\r\nhelenildo.vale@uol.com.br:hav768 | 1\r\nstenie@telkomsa.net:aas01AAS! | 1\r\nvidafarma2@uol.com.br:fer512bb | 5\r\nkarina-albuquerq@uol.com.br:kaka1972 | 1\r\njimf58@twc.com:transy58 | 1\r\nchelltk@buckeye-express.com:reemcat09 | 16\r\nccamieva@fibertel.com.ar:family85 | 7\r\ncolinchristelow@talktalk.net:Lochgelly1 | 2\r\n370723235@qq.com:6699_moon | 296\r\nlemaire.arnaud@cegetel.net:Corent517823 | 8\r\nprcrepresentacoes@uol.com.br:casa0728 | 1\r\npaulmorrissey@talktalk.net:Bluethedog1 | 4\r\nlivazara@uol.com.br:la4223 | 2\r\nsales@gdp.com.my:gdp123my | 12\r\nsoof@iprimus.com.au:doris6 | 1\r\nalbertogalli@fibertel.com.ar:braber | 2\r\nduly90@greencafe.com:speeder | 9\r\nmaschl4@a1.net:asdrtzcvb | 1\r\ndio1@netvigator.com:sc041105123qsc041105123qq11 | 2\r\nharrer.stockerau@a1.net:yzttlmga | 6\r\njonnyrotten@buckeye-express.com:290rio | 21\r\nmspinks@uniserve.com:1frances1frances | 31\r\nkinomi13@buckeye-express.com:vampire13 | 21\r\nkirsty101smith@talktalk.net:Kilchattan101! | 10\r\nchris.campfires@telkomsa.net:roleen | 7\r\nc.l.mawdsley.01@cantab.net:c0untCr0ws | 13\r\nbarryhulse@talktalk.net:chippindale | 7\r\nmair.enticott@talktalk.net:Taffy365 | 3\r\nledyards@buckeyeexpress.com:Marathon1 | 32\r\nellelove88@comcast.net:scoring1261 | 1\r\ntarcizodecarvalho@uol.com.br:tj86490 | 1\r\nhayakawa@takejun.com:tokyo001 | 16\r\njosh@hobbyhorse.com:quadrant11 | 2\r\nclky@uol.com.br:clky7894 | 1\r\njames.heywood@dsl.pipex.com:fajepisa | 4\r\nbjbashore@buckeyeexpress.com:Lena.1812 | 13\r\nelize@dsl.pipex.com:betsie77 | 13\r\nabbeyhutch@buckeye-express.com:lynne06 | 34\r\nciara.osullivan1@virginmedia.com:limerick99 | 5\r\njulianamorgado@globo.com:mimosa | 1\r\njmotta30@uol.com.br:agb840 | 1\r\nbryan@my-pcl.com:Snapple0326 | 1\r\ngoodtobqueen@buckeyeexpress.com:qweeni | 18\r\nmarsha@advantagehomebuilders.net:marsha | 1\r\nrichardarbs@hawaiiantel.net:ra688484 | 2\r\nfuhrmann.rene@a1.net:reneplayboy | 3\r\ninfo@bernardinobeggio.com:parati | 9\r\ncalidad@esfseafood.com:calidad2015 | 3\r\nlioness0619@buckeye-express.com:babygirl | 49\r\ninfo@pinkover.com:pink91965 | 8\r\npatrickh@bex.net:svfb2169 | 20\r\nalg89@supanet.com:deaden73 | 5\r\nskruf92@buckeyeexpress.com:elie92 | 13\r\nroryluo1112@126.com:vivianlw1112 | 1\r\njustin_young@talktalk.net:Carolina1! | 1\r\neurocezar@uol.com.br:ag049150 | 4\r\nalphabethel@lycos.com:Alleluia7 | 4\r\nchloe@riseup.net:petrvs | 23\r\nmausi84@gmx.com:51.80.48 | 2\r\nallthingsnew@windstream.net:K12l5k6j10d9 | 1\r\nbrycefoundling@dsl.pipex.com:tradewinds05 | 12\r\nraymond.schneider@west-telecom.com:denise | 8\r\ndzf05670@nifty.com:sakai123 | 4\r\nlcsmiranda@uol.com.br:uol8902 | 97\r\nwill-29@uol.com.br:wilson30 | 2\r\nranking@123eigo.com:mm000031 | 10\r\nbarry.conner@talktalk.net:admire97 | 6\r\norlando.s.fernandes@globo.com:info2011 | 7\r\nx.ray1@a1.net:pezi1461 | 2\r\ngiovanni@beaucoup-fish.com:buscarino | 8\r\njd.duchemin@laposte.net:Mimi5858 | 1\r\njudytse@netvigator.com:no1291299 | 14\r\nmagscott2@buckeye-express.com:cronos1313 | 1\r\nsweconsulting@a1.net:9701724 | 1\r\nxvmitchvx@buckeyeexpress.com:41995mjm | 23\r\nprapatricia@ministeriopazeamor.com.br:israel | 10\r\naline.muraoka@uol.com.br:am151576 | 1\r\ncmocek010@buckeye-express.com:knights110 | 20\r\ngilford@vfemail.net:Element1 | 2\r\nnormavcamina@fibertel.com.ar:pilar11 | 4\r\npetersuen88@netvigator.com:c47647 | 7\r\nbot14@pautina-nau.net:bot14 | 7\r\ngubor74@a1.net:gandalf | 3\r\ndrcarydunne@bex.net:smile6800 | 10\r\nmartint1966@talktalk.net:mattra11 | 12\r\njohn@john-seymour.com:Katie2007 | 1\r\ntraining@clinicaldatasolution.com:123456 | 2\r\nrussell.kondo@hawaiiantel.net:tobidog1 | 282\r\nbwilliam@bex.net:code1024 | 9\r\njsm1616@buckeye-express.com:shadow1616 | 21\r\nkitd@netvigator.com:sdd05041 | 10\r\npianoplayer12@buckeye-express.com:sjasja1 | 14\r\ndani_betti@ig.com.br:boneco | 28\r\ndemidy@fibertel.com.ar:demi1105 | 3\r\ntitaangel@pneusfuke.com.br:tita10 | 6\r\nkurzberni@a1.net:berni00 | 1\r\ntoddstone@mi-connection.com:Football9152 | 4\r\nn.hamon48@laposte.net:Thimeo91011 | 1\r\nasuka319@nifty.com:ilikesindee | 2\r\ncarloscanay@fibertel.com.ar:cec1945 | 5\r\nehead@buckeye-express.com:112392erh | 17\r\nbrit.hill08@twc.com:Laila2013 | 1\r\nsupport@westtechwb.com:2ucsa126 | 11\r\nfatima.bouylaghman@laposte.net:Famille1 | 1\r\nstephturner@dsl.pipex.com:ootootiz | 1\r\nandreas.hoffer@a1.net:waldameise10 | 2\r\nyelena@fibertel.com.ar:ilusha23 | 6\r\nchoadslives@comcast.net:Goducks1 | 1\r\nmacroman@ewe.net:peter2499 | 1\r\nozzylehusky@cegetel.net:IAIA666 | 7\r\nlizvoysey@grapevine.com.au:james123 | 6\r\npeanie@bex.net:duke1305 | 12\r\nkmares@ig.com.br:Kmares1319 | 1\r\npack@bex.net:goblue1 | 1\r\nnettymc@virginmedia.com:elisha05 | 8\r\nwalker31@foxmail.com:S83p282a | 17\r\nmuttandjeff@bex.net:pumpkinbelly1 | 14\r\nseaor@ukgateway.net:sevaosoo | 8\r\nkenneth_potter@tvcconnect.net:KathStep5 | 51\r\nngeorge@buckeyeexpress.com:chloe98 | 5\r\njohnmillard2@talktalk.net:Riddings88 | 2\r\npenelope@summerscreek.com:plc1973 | 1\r\ngraham@buckeye-express.com:abc123 | 19\r\nbrunamacedo@tpa.com.br:1985bemo | 17\r\nevans6qq@talktalk.net:charles1 | 10\r\nalan.french@dsl.pipex.com:blackbird05 | 8\r\nwaydeburt@hawaiiantel.net:rich7424 | 7\r\ntongyj2008@sohu.net:123456 | 2\r\nandrewcarpenter@hawaiiantel.net:1asshole | 7\r\nwilkoeichhorst@a1.net:weiber4 | 3\r\nsales@paris-jewelry.com:password | 3\r\natendimento01@institutomachado.com.br:Alterar123 | 9\r\nlahti.paivi@dnainternet.net:qqqqqq11 | 15\r\nneil.reynolds@virgin.net:nr051284 | 10\r\naccounts@anchorlogistix.com:12345 | 5\r\nbezs5@mbox.com.au:94141193 | 26\r\nhal@a-project.net:harukamika1972 | 10\r\nanne.kirby4@talktalk.net:james4 | 6\r\nclub@sanfiorbianconero.com:gvialli05 | 11\r\nrexhome@lycos.com:laptop2 | 1\r\ngoobernoggin04@buckeye-express.com:iloveyou2 | 18\r\nmary@moorethenart.com:Rainer11 | 1\r\nhyjwsw@hawaiiantel.net:jenwong607 | 10\r\nsarahholland@talktalk.net:sezwaz | 10\r\nahsskssl@nate.com:qw6531324 | 8\r\ndimartin@fibertel.com.ar:albo00 | 4\r\ninfo@amfalfa.com:To11eranza0 | 2\r\nsandrine.ninin@cegetel.net:Antoine0702 | 7\r\nrenatomarmo@7grill.com.br:restaurante7 | 3\r\ncarolinasaturno@terra.com.br:070701 | 2\r\nvaamo@talktalk.net:fvaamonde | 6\r\nzsbastos@terra.com.br:17122005e1a1d | 10\r\nteresayups@netvigator.com:tyu6090311d | 42\r\nderek.hall9@dsl.pipex.com:arsenal123 | 7\r\ndblanch@bex.net:123456789 | 1\r\nterrie.smith@dsl.pipex.com:twins | 11\r\nmarysy@nate.com:sesm1004 | 13\r\njmarsh123@buckeyeexpress.com:Gren2554 | 12\r\ntchew@oraclepaper.com:delphi1 | 1\r\nrjk59gpk@buckeyeexpress.com:tessa59 | 21\r\nzapa@homodefectus.com:El5elemento! | 3\r\nsuziellen@terra.com.br:197902 | 1\r\nlaurakamia@ig.com.br:lauka | 5\r\nmcintyre2005@telkomsa.net:lokiju09 | 8\r\nacdeluca@globo.com:tatati88 | 1\r\nchill4021@twc.com:brownsno1 | 3\r\nlem.alexis@laposte.net:0102Mp4d | 2\r\njr-zhou@bk.com.cn:123456 | 1\r\npusterhofer.m@a1.net:07081967 | 3\r\nmathieun@hemfrance.com:112815m | 11\r\ncesmoris@fibertel.com.ar:ceci1965 | 1\r\ngarado@fibertel.com.ar:chino15 | 9\r\nwereoutahere2005@buckeyeexpress.com:infinity1 | 3\r\nmariannwenzel@gmx.net:Mariann2607 | 1\r\nsandratal@dsl.pipex.com:theshera | 7\r\nviajes@llaveenmano.com:Maiterol5000 | 2\r\nsteve.barrowcliffe@talktalk.net:tigers9 | 6\r\nantoine.childers@bex.net:turn9sink | 8\r\nandrew.danskin@talktalk.net:2207andy | 2\r\ntecno.corp@terra.com.br:atalah | 1\r\nvincent.pagart@west-telecom.com:sardine2000 | 11\r\nmarkella@telkomsa.net:2gremlins | 5\r\ndpickle@buckeye-express.com:mickey1 | 7\r\n06010206@zjnu.net:198487 | 1\r\ndanielbrandon1@buckeye-express.com:k7fd2079 | 17\r\nmargaret@icare-usa.com:jacksdad | 1\r\nwutodi@21cn.net:50n9zhan | 42\r\ntaharmsen001@bex.net:tah2366 | 19\r\nfitz@twc.com:x70087008 | 1\r\ndegared@baybroadband.net:mabr71 | 4\r\ngwynnellis@buckeyeexpress.com:winston7 | 18\r\nmisanbradford@twc.com:Simmons1 | 18\r\nalexcmoretti@terra.com.br:ad0803660ad080366011 | 1\r\ntheblacklist12@mail.com:k553vvca | 2\r\npaula.rowden@talktalk.net:stanton34 | 2\r\nwakeland4@buckeyeexpress.com:hotshot3369 | 13\r\ncwhitman@buckeyeexpress.com:everyman12 | 46\r\nchristinarutkowski@bex.net:honey1 | 22\r\nanjoru1@fibertel.com.ar:anju3940 | 1\r\nmessaline.huillet@laposte.net:Ulysse66 | 1\r\ntruelibra924@buckeye-express.com:robbie29 | 26\r\ntdstolar@buckeyeexpress.com:teagyn96 | 8\r\nbhushan@itechsols.com:indira1 | 5\r\nsecfatima@fibertel.com.ar:fati13 | 3\r\ncoradavis@fibertel.com.ar:rocky13 | 11\r\nwillmot1977@talktalk.net:squark | 2\r\nwestmacotts@talktalk.net:Horseshoe1! | 5\r\nthework@rattlebrain.com:mygoat | 6\r\ndavid.laming@dsl.pipex.com:denise61 | 6\r\nidlt@fibertel.com.ar:82racing | 6\r\nkatelefever@dsl.pipex.com:Harvey1966 | 10\r\nfwells@bex.net:dillon1 | 23\r\nlity68@fibertel.com.ar:abcd1234 | 6\r\negsully@buckeyeexpress.com:dancer101 | 6\r\nrfmaile@hawaiiantel.net:hawaii54 | 32\r\nalexvilca@seyconsac.com:alisson_1979 | 2\r\nmargarethe.k@a1.net:laptop608 | 5\r\ninfo@teheretahiti.com:thtahiti2013 | 1\r\npurchasing@stoneharbordistribution.com:Blythe13 | 8\r\ntecnoservice@fibertel.com.ar:jose9113 | 8\r\nstardust@ruraltel.net:sissy | 12\r\ncelou.gourdain@laposte.net:Celinou2018 | 2\r\njen.reeley@talktalk.net:Willow14! | 1\r\nmartamina@fibertel.com.ar:basail45 | 5\r\nmarina@imexcomar.com:perales | 2\r\ngerda.juvan@a1.net:goertsch | 1\r\nbabyar@dybb.com:grmztrk | 5\r\ndcantu@bex.net:bdv1745 | 24\r\nnorman.landsberg@telkomsa.net:nml444 | 2\r\nrandall@sbreal.com:Realtor10X | 2\r\ntiarmjay@mbox.com.au:sabotage | 60\r\nkkempf@buckeye-express.com:tantrumb1 | 10\r\njchopper1@cox.net:84Elcamino | 2\r\ndaznic@ntlworld.com:Bellamank1 | 3\r\nhpsequeira@globo.com:chibiu | 1\r\npcolbert@buckeye-express.com:4social9 | 15\r\nsessad.clamageran@cegetel.net:sessad | 6\r\nbmeagher@buckeye-express.com:nickie1 | 14\r\ncwilliams534@buckeyeexpress.com:borsosm5 | 7\r\nklewis@hawaiiantel.net:borriss | 13\r\nigorpastis@cegetel.net:igorpastis | 11\r\nchrizzla83@a1.net:licio01n | 2\r\ndarylholder@twc.com:Apollo40h | 1\r\nandrea@trabaldo.net:morfina | 8\r\ninfo@admansp.com:adman5236 | 2\r\nandrea.merli@andyejoe.com:area51 | 11\r\ntbranyan@buckeye-express.com:oakland1 | 23\r\ncarlos.henriquecunha@globo.com:ch210121 | 16\r\npauleaston@talktalk.net:chloejade2 | 9\r\nd.maund@dsl.pipex.com:quiouquz | 8\r\nnessiehall@talktalk.net:rockydog123 | 13\r\nkeetonians@talktalk.net:keetze100 | 12\r\nigarashi@scribble-inc.com:naoki0014 | 37\r\nphilipnewman@talktalk.net:Gooner123 | 7\r\njlcooper@buckeye-express.com:audrey11 | 23\r\nrichardroo@talktalk.net:Sw!ndell5 | 3\r\nfrancischeungc@netvigator.com:cck91700939# | 63\r\nlarissa_vieira@globo.com:larissa2610 | 6\r\nsmthankful@bex.net:grateful1 | 11\r\ngordonrmclaughlin@buckeyeexpress.com:mary1960 | 17\r\ntstelmas@buckeye-express.com:walleye8805 | 10\r\naxfp52@dsl.pipex.com:rihijira | 198\r\nrouqu@accesstoledo.com:sophie | 9\r\nrufus.oyebade@virgin.net:yemisi12 | 13\r\njayrsmith@buckeyeexpress.com:codg41 | 11\r\n02170127@zjnu.net:557384 | 4\r\nlara1999@globo.com:lara1999 | 7\r\ncw.john@virgin.net:chrisjohn1 | 6\r\nnubia@joerisse.net:nubia | 2\r\nbrandy@cadygrouprealestate.com:bahamas06 | 5\r\njsiebert@buckeye-express.com:jill6370 | 10\r\nstehrer.silvia@a1.net:stsi260664pado | 1\r\ndewey.white@kenwoodpmsolutions.com:D54ewman | 4\r\ngutotimos@uol.com.br:scout18 | 2\r\nvimima@buckeye-express.com:8744rnrn | 8\r\npati@buckeye-express.com:patiwinn1017 | 10\r\nmeier-schomburg1@a1.net:beatrix1 | 21\r\naldhondt@buckeye-express.com:andrea12 | 2\r\nvargas-jr@ig.com.br:srat74 | 3\r\nbiamendonca@globo.com:bia1965 | 2\r\nchoirdude2013@bex.net:4cju16 | 19\r\nritaquintino@terra.com.br:99312971 | 1\r\nneskouwik@laposte.net:Lucas59440 | 19\r\nmark24@twc.com:79camaro | 2\r\nssso96@nate.com:dustn1996 | 1\r\nhouston@buckeyeexpress.com:arlene1 | 17\r\nvictor1953@talktalk.net:Vicky1953! | 1\r\npsj1204@accesstoledo.com:baliecat | 6\r\nlaulaz@fibertel.com.ar:cosimo08 | 6\r\nmcarolbraga@terra.com.br:toca2004 | 1\r\nelelastico@fibertel.com.ar:c11t09l3 | 2\r\njsimpson@wellspring360.com:password | 2\r\nsargentoamaral@terra.com.br:484950 | 3\r\nphilipwinton@talktalk.net:Yamaha66 | 1\r\njkrutz1@buckeye-express.com:zanetrev413 | 23\r\ndowson1@talktalk.net:netball1 | 4\r\nsuledwith@dsl.pipex.com:clarity21 | 7\r\nfosterchan@netvigator.com:Ht1020056 | 3\r\nvavazinha03@uol.com.br:bhak01 | 2\r\nfinbar@dsl.pipex.com:firefly01 | 6\r\nkatie@dynamicmovements.com:5678kick | 5\r\ndans@dansgrinding.com:lynette1 | 12\r\nkurierdienst24@alice-dsl.net:Deni1995! | 4\r\nrchihuahua2@buckeyeexpress.com:rabbitfoot1 | 13\r\nbrinlg@buckeyeexpress.com:grasley1 | 15\r\nvdepaux@cegetel.net:KINOU123 | 1\r\nntish@buckeye-express.com:tish5448 | 4\r\nbiabibi@globo.com:hannah2505 | 2\r\noliver.prescott@dsl.pipex.com:spitfire | 10\r\njedi420@bex.net:skywalker | 3\r\ns.oudin@laposte.net:cELIMAN123! | 1\r\nchris19@bex.net:hojo1984 | 17\r\negyanna@hu.inter.net:68pejkab | 3\r\nluis1990@lycos.com:Felipe19 | 4\r\njol33nw@talktalk.net:malimoo2005 | 6\r\ninfo@juraganbajumurah.com:juraganbudi01 | 8\r\nfelipe-pg-santos@uol.com.br:lipe0911 | 10\r\ndumrauf@fibertel.com.ar:felix123 | 11\r\nledyards@bex.net:Marathon1 | 32\r\nfe.elyna@ozone.net:Elyna2004 | 11\r\nfjrosebud@accesstoledo.com:fjr123 | 14\r\ntwozpots@davidbowie.com:111661 | 63\r\nmeyette@buckeye-express.com:chloe1 | 14\r\nshardin1@buckeye-express.com:7348colonial | 14\r\njosie.clough@dsl.pipex.com:Duff3rej | 7\r\nlkrausz@thejnet.com:9169 | 1\r\nmelaken@hawaiiantel.net:leo855 | 8\r\ndyliswong@netvigator.com:tennis03 | 13\r\norovits.b@a1.net:orovits | 2\r\npechy@tortusdeignis.com:pechna880109 | 17\r\ncarvrac@ozone.net:CAjpdvc49 | 6\r\nania.adamczyk@adresik.net:Aniadam1 | 1\r\nwayman_bell@crosswind.net:mm1207mm | 13\r\ncolleenr@torchlake.com:Cassidy1955 | 1\r\nandersongomes2010@uol.com.br:meio95 | 4\r\njmeeker@buckeyeexpress.com:james007 | 14\r\nj.kayluna@valliant.net:cookie | 32\r\njanet@waileacollection.com:bailey | 11\r\nstevebar@bex.net:2112YYZ46&2 | 17\r\njoanna1979@talktalk.net:fordkuga08 | 11\r\ngori.hamaguchi@nifty.com:gori8823 | 1\r\nrscagle@hughes.net:ranger9 | 11\r\npgsecco@terra.com.br:29041612QWEpgsecco | 13\r\npaulatertza@fibertel.com.ar:bedelf10 | 6\r\nrhonawild@lineone.net:concord | 8\r\npaulee@bnin.net:arfie13 | 12\r\nsiudenise@netvigator.com:k43357 | 10\r\nrobbyrayburn@windstream.net:Budd2833 | 7\r\nterry.ray51@talktalk.net:charlotte95 | 3\r\nicbutch@bex.net:af1568 | 26\r\nmalcomelectric@accesstoledo.com:deb7580 | 10\r\njudieb25@chesnet.net:ciera2003 | 2\r\nkarenchappell2010@talktalk.net:louis2003 | 6\r\ndsterry@heartofiowa.net:Jaybird00 | 13\r\nvybiral.michael@a1.net:21051972 | 2\r\narli@backalleyhoodoo.com:Florida99 | 3\r\nannemarietong@cantab.net:one83one | 12\r\nsmiller@buckeyeexpress.com:kiser1 | 8\r\nseamusyim@netvigator.com:12340000 | 7\r\nlgysassi@bex.net:pauline3 | 18\r\nrlcouch@buckeyeexpress.com:krb10905 | 18\r\nturnersigns@buckeye-access.com:2356Jimmy | 1\r\nmhjames@netins.net:water1234 | 5\r\nandressapa@uol.com.br:a270608j | 1\r\nems.ems@uol.com.br:ninja01 | 2\r\nrichard-se@uol.com.br:4m1sterd4m | 2\r\nema6@talktalk.net:bubbles11 | 2\r\nclivedbevan@talktalk.net:Hinton46! | 1\r\njuliomarconi@fibertel.com.ar:a3113a | 7\r\ndchavez@infonegocio.net.pe:RiNoa2K | 5\r\njoeandpam93@hawaiiantel.net:pamnjoe1 | 9\r\npunkin1942@bex.net:warren1937 | 22\r\nrenatoboeing@uol.com.br:rebeca10 | 1\r\nhase24@a1.net:Schnecke | 6\r\na_mash@netvision.net.il:101007 | 1\r\nfhoupert@laposte.net:Ronia5799 | 1\r\nvrichards@talktalk.net:pallett3 | 1\r\nrfragoso@buckeyeexpress.com:looking4 | 14\r\nwesson@talktalk.net:Caitlin22 | 5\r\nman2304@netvigator.com:man52371 | 8\r\nrosana.christo@globo.com:minhoca | 11\r\nbende@taborosi.com:Bendemark1 | 7\r\nmadisonie@buckeye-express.com:stacey926 | 23\r\njstix@a1.net:stix9327 | 2\r\nshin2146@nate.com:kgc0707 | 1\r\naaron@pondbuilder.com:Pumpvault11 | 1\r\nfeldmanj@fibertel.com.ar:jo26844 | 5\r\ngeoffegan@dsl.pipex.com:Sylvia12 | 9\r\nmarcohidrante@uol.com.br:a1b2c3d4 | 2\r\nkayala@patsac.com:Patsac1 | 1\r\npatriciabirman@fibertel.com.ar:03dema | 1\r\ngustavosaetta@sion.com:040660 | 16\r\nmark@mon-may.com:Mark12345 | 4\r\narndwinkelkoetter@alice-dsl.net:elke64 | 8\r\ntchildress7@buckeyeexpress.com:babyt5224 | 42\r\nmarceladias@odontojardins.com.br:14041983 | 10\r\ncathy.gardouch@laposte.net:Cathy31290 | 2\r\njessica94@buckeyeexpress.com:scissors7 | 8\r\nluvbirdj@mi-connection.com:birdie | 12\r\ndaniela.srs@terra.com.br:keyzer1701 | 2\r\nwilsoncotrim@uol.com.br:ddig81 | 1\r\nmaqmoto@uol.com.br:filial1 | 3\r\namtazzioli@laposte.net:Sasuke34500 | 2\r\nbluevolleyball@buckeyeexpress.com:precious | 20\r\nphkm@netvigator.com:169394ho12311112341 | 70\r\nlagesse@terra.com.br:amizade123 | 3\r\ncarlos@urbeengenharia.com.br:joao00 | 1\r\nwebster84@buckeyeexpress.com:clover5 | 20\r\nmdevick@heartofiowa.net:Bend0914 | 5\r\nstephen.gapper@dsl.pipex.com:nX002196 | 9\r\njoao.pataiba@globo.com:ba100508 | 18\r\njon.reynolds@talktalk.net:France211! | 1\r\nluiz@pluglig.com.br:afeganistao461 | 19\r\nsigzz@uol.com.br:wry00 | 1\r\nlcthomps@dsl.pipex.com:nutmeg | 10\r\nadesena@sion.com:qeq121 | 2\r\na.brown21@talktalk.net:matthew | 16\r\namkona@hawaiiantel.net:kealani | 17\r\nmattg408@bex.net:mattgrove1 | 1\r\nmarcelo.picazos@fibertel.com.ar:1209pica | 10\r\npdimo@iprimus.com.au:bulldogs1 | 1\r\ndschick@buckeye-express.com:shelcheymax | 25\r\nalibartley@mi-connection.com:alison123 | 3\r\nearhartt73@buckeyeexpress.com:Richard70 | 5\r\ncorradoboy20@a1.net:corradog60 | 2\r\nluoyu@hzvtc.net:luoyu1121 | 1\r\nwichsi@hawaiiantel.net:usilias1 | 5\r\nduvalsebastien@akeonet.com:nqtqaqwz | 4\r\njkdl@ig.com.br:danoninho | 2\r\ntyhung@netvigator.com:p02033 | 7\r\nrcd.tae@virgin.net:mycoolpc1 | 3\r\n316861986@qq.com:zyf951753 | 378\r\ndale.cordeiro@hawaiiantel.net:password | 27\r\njsahadeo@uniserve.com:traveller17 | 8\r\nmayr.johann@rolmail.net:9pXChSTG | 1\r\nnadin.mignot@laposte.net:Nm230264 | 1\r\nspoiledbrat01@buckeye-express.com:kendall12 | 22\r\nj.gaston@dsl.pipex.com:24700674 | 9\r\nheitor@grupobuscarioli.com.br:hbj1975 | 4\r\ncincopr@paleol.net:marija2 | 8\r\nirios@hopkinsdirect.com:12345 | 1\r\nethan@eddinshome.com:ethan2 | 1\r\n01943863515@talktalk.net:redtomato1 | 8\r\nrogerdodger721@bex.net:goosu1 | 16\r\nsandra.adamson@lineone.net:London01 | 3\r\nbrownbottle@dsl.pipex.com:bollocks | 1\r\nmatt.warwick1@virgin.net:Tott3nham | 12\r\nv.azerty50@idyle-telecom.com:1966ve | 2\r\neatkins@americanrecruitmentsolutions.com:Freeme | 12\r\nrrentner@bex.net:49Hudson | 1\r\nmarie.polito@laposte.net:Pascal010797 | 3\r\naugustoferreira1967@bol.com.br:Batata32 | 9\r\nasantoslima1980@bol.com.br:Glaucia1 | 9\r\nregina.haselbacher@a1.net:rarurehasi3 | 1\r\nmatchym@netvigator.com:mat20891 | 7\r\nbesnarddominique@ozone.net:Kierarocky2010 | 15\r\nclemence@west-telecom.com:281299 | 12\r\nmark.shinkfield@dsl.pipex.com:aries123 | 2\r\nantcnbase@alefresearch.com:prozac0188 | 2\r\ngenright@cablesurf.com:enterprise | 4\r\nalebosi@dsl.pipex.com:floyd | 6\r\nwyy@sohu.net:333000 | 1\r\nbjsc@bex.net:pooky23 | 24\r\nnbeach@twc.com:single11 | 1\r\njoe@joeharrington.com:ginger | 1\r\nvendas@jpdecoracoes.com.br:fev1998jp | 5\r\nmkoop@bex.net:cl!ff0rd | 21\r\njep@fibertel.com.ar:1423sele | 7\r\nstephenkoelsch@bex.net:tennis1 | 20\r\nmarine.hamelet3@laposte.net:Aa123456 | 1\r\nsndydrmr@buckeye-express.com:hannah826 | 15\r\nalibarts@talktalk.net:7Football | 9\r\nmichael59@buckeyeexpress.com:slaggert | 14\r\ntrumpster1@buckeye-express.com:golfman00 | 14\r\nsolangehayashi@ig.com.br:051166 | 12\r\nsheilazyt@uol.com.br:amor40 | 1\r\ngustavo.ferreira@vitalnetprovedor.com.br:1506892011bat | 9\r\nmariluz@ideeamazonia.com:Mar020609 | 6\r\nziggystargirl@davidbowie.com:judelaw | 1\r\npbc02323@nifty.com:1Slimwine | 6\r\ngordon.taylor@dsl.pipex.com:CurlyBear07 | 9\r\nshirleymiller@bex.net:sarm57 | 12\r\ndjarboe7@twc.com:scooter7 | 5\r\nmcopeland@lantic.net:michael0aa | 14\r\nhospaulohenrique2004@ig.com.br:Fhz194705 | 2\r\nmburrows@buckeye-express.com:cancer7 | 10\r\nmr.lolzor@bex.net:fish87 | 16\r\ncontact@biomeo-environnement.com:urbanisme | 1\r\nmksavage@buckeye-express.com:2210kaukauna | 22\r\nimoveismonteiro@uol.com.br:almont10 | 2\r\nsenabel@terra.com.br:34627395 | 2\r\ncschwarck1@bex.net:mikocat1 | 6\r\nraquelmaciel@globo.com:pitucho | 8\r\nh_sabine@a1.net:1mu1zi1ka | 3\r\ndavesnouffer@accesstoledo.com:130des | 7\r\nabenicio_monte@globo.com:Aninha1993 | 1\r\npwhs@netvigator.com:lili1184lili11841 | 44\r\nase@xocomp.net:hesper | 15\r\npestdetective@centramedia.net:roaches | 9\r\ndarabosa@hu.inter.net:1koljako32! | 3\r\ntuppence2@iprimus.com.au:penny5 | 1\r\nantoniogmartello@fibertel.com.ar:tomyto12 | 8\r\nsimon.loraux@laposte.net:Simlolo8 | 1\r\nfabol@globo.com:CRO120566 | 1\r\nstaff@nicotradisangiacomo.com:mukka2323 | 9\r\ngray.d@comcast.net:Tunafish2 | 128\r\naudreycvaz@globo.com:gabriel02 | 5\r\nseabash1@bex.net:emmy42 | 21\r\nbeatricehelbling@a1.net:blarney1 | 7\r\nmikeriordan@bex.net:5152Mike! | 3\r\nmeanjean@buckeyeexpress.com:goblue77 | 25\r\nozgrindpolished@getlocallisting.com:compaq6730 | 1\r\nbermerro@uol.com.br:Fidelis123 | 1\r\nfabricejol@laposte.net:Medion44 | 1\r\nandressa@mangapitanga.com:gagui100 | 30\r\nfelixgarciagomez79@vfemail.net:felix1979 | 4\r\nlesley.ramsden@ntlworld.com:milliecat2 | 2\r\nbedrocksvc@hawaiiantel.net:tracyzoe | 2\r\npatti@tangilifestyles.com:123456 | 1\r\nandreafr@fibertel.com.ar:fran12 | 8\r\nlna@talktalk.net:espero | 6\r\nshue@buckeyeexpress.com:olivia1205 | 18\r\nmartin_m@fibertel.com.ar:pitu2124 | 6\r\nconzee@buckeyeexpress.com:ccv020202 | 6\r\nmarkus.putz@a1.net:062325108 | 3\r\nchristinarutkowski@buckeye-express.com:honey1 | 22\r\nandrewdesmidt@buckeye-express.com:desmidaa | 4\r\nmaneiy@uol.com.br:leo1010 | 8\r\ndmjg3@hawaiiantel.net:Domaja123 | 4\r\nsdsteil@netins.net:sj26dm25 | 2\r\npiva.consultoria@uol.com.br:Hp521042 | 16\r\nmiddletonave@supanet.com:gunman87 | 12\r\nmariolehrer@fibertel.com.ar:5555ml | 1\r\ncarole.john.lebrun@west-telecom.com:xantia | 32\r\ninfo@fg-eclipse.net:ffooeecc | 8\r\nemkraus@bex.net:cchs2014 | 28\r\ntheenanorias@hawaiiantel.net:agape1 | 7\r\nbertram9@a1.net:adidas | 4\r\nanil_madhok@dsl.pipex.com:Babyamy7 | 7\r\nmartinsdosreis@globo.com:m12g14lo32p | 1\r\njackielee2003@netvigator.com:Jl303030 | 6\r\nlecoerico@r7.com:deus231 | 2\r\ntalkcrap@talktalk.net:cobblers1 | 14\r\nvedmonds@floridahealthcareer.com:triumphant13 | 2\r\nboniblue1@bex.net:grandma1 | 17\r\nalmcgreevy@buckeye-express.com:sparky11 | 18\r\nelizamprado79@terra.com.br:bibi2001 | 2\r\nttmcsen@talktalk.net:Murphy12! | 1\r\npeter.crumby@dsl.pipex.com:9379415 | 6\r\njvkalbitz@alice-dsl.net:Skater33 | 1\r\nbjn48@buckeyeexpress.com:maxine48 | 18\r\nallcrawford@buckeye-express.com:mowerman2 | 10\r\ngiovanabuss@terra.com.br:ramaca | 2\r\nneo_fox@lineone.net:seaworld | 7\r\ndaksinclair@dsl.pipex.com:rabb1t | 1\r\nhoerb15@a1.net:Hc3422412 | 1\r\nadnan.arif@bitsclan.com:adnan123 | 20\r\nlucky6@buckeye-access.com:oneail59 | 8\r\ngablesguest@telkomsa.net:kcbron | 7\r\nmandywong1212@netvigator.com:mandy1212...w123 | 53\r\nceline.bonjean@laposte.net:Mamie0104 | 2\r\ngilltaylor46@talktalk.net:orangedoor459 | 1\r\nsuzuki.man@laposte.net:Gsxr1100 | 1\r\nemily.albouy@cantab.net:lolita | 8\r\nleann.bader@hawaiiantel.net:gods1st | 20\r\njulianobaraujo@uol.com.br:15Promotoria | 1\r\nantscom@alefresearch.com:prozac0177 | 2\r\nblueisaac3@buckeye-express.com:blue232419 | 21\r\ntk425tammy@buckeyeexpress.com:Jane417 | 17\r\nstremair.kevin@g-store.net:oix92kks!! | 6\r\nwubba@buckeyeexpress.com:stacey70 | 19\r\npequenasestrelascba@terra.com.br:andre21 | 2\r\nbeaver1964@bex.net:sjl1964 | 25\r\nvictormallone@uol.com.br:vmcc21 | 1\r\nmelma@kikiroom.com:marine11 | 2\r\nvlora.memeti@laposte.net:Kosovo2014 | 5\r\nfoundation@dsl.pipex.com:foundati | 10\r\nacquiescence@dsl.pipex.com:happy1 | 10\r\nsophia.jager@uol.com.br:sophia1509 | 1\r\ndrjudy@buckeyeexpress.com:sinjin1 | 24\r\npxiang@fsyyy.com:px116116 | 77\r\nlynetteandbert@talktalk.net:robert2603 | 1\r\nrgmarriner7@talktalk.net:buster07 | 16\r\ncarole.secache@laposte.net:Television1 | 3\r\nchris.stoneuk@dsl.pipex.com:G0ldfish | 5\r\ndcantu@buckeye-express.com:bdv1745 | 24\r\nltedesco@fibertel.com.ar:1723mp25 | 6\r\nkieranreilly@dsl.pipex.com:kieran1810 | 1\r\nndclark@talktalk.net:holly1 | 12\r\nalainbuffalo@west-telecom.com:terredeloup | 15\r\ntalitads@uol.com.br:tata1005 | 1\r\nlovekaro@nate.com:Chzhffpt12! | 2\r\nlisilechner@a1.net:lisi2302 | 2\r\nconniegigi@roadrunner.com:Chickie1! | 47\r\nronny.cadillo@speedy.com.pe:roNNy19857 | 3\r\nyildiz83@gmx.net:Funny1983 | 1\r\nliviamedina@ig.com.br:liviamc12 | 1\r\nkarl.kail@a1.net:kaka2000 | 6\r\npaul.oconnor@dsl.pipex.com:pauloc46 | 8\r\nrafahcsp@uol.com.br:rafa1977 | 1\r\nzeljka@teol.net:konjic | 1\r\nmmartins1810@globo.com:181097gg | 2\r\nangelanelson@netvigator.com:7y0k6f | 3\r\npajenks66@bex.net:fiesta06 | 52\r\njgadeasantos@mundo-r.com:A2x23ty | 4\r\nconstrutoraonofreleite@uol.com.br:lbvm59 | 1\r\ninfo@institutdesartsmartiaux.com:ufve6scx | 1\r\nkaushik@mpjewellers.com:K09051976 | 3\r\njuangeronimo@fibertel.com.ar:flor1007 | 3\r\naldhondt@bex.net:andrea12 | 2\r\nrab88@buckeyeexpress.com:deerfield88 | 5\r\nlynnaspin@talktalk.net:Ginger1!Ginger1! | 3\r\ndigirolamoroberta@isbeconsulting.com:140843 | 5\r\njo.pauwels@vfemail.net:Iforgot123 | 2\r\npjc3@bex.net:Prov356 | 18\r\nbhuss@buckeye-express.com:3tommyjay | 2\r\nrroberts3@buckeye-express.com:redwood2 | 3\r\nnleister@buckeyeexpress.com:nal82134 | 9\r\na.sattler.03@cantab.net:Siebzehn | 9\r\nclamgf@uol.com.br:majo2010 | 1\r\noffthelip@uol.com.br:mari2212 | 3\r\namisery2007@buckeye-express.com:12corona | 24\r\nakreml@a1.net:Nelly2004 | 4\r\ntatyane.ribeiro@waal.com.br:150706 | 17\r\nt.henegar@buckeyeexpress.com:nate04 | 23\r\nsemer@semersl.com:b81329302 | 5\r\nernestolucini@fibertel.com.ar:amelia20 | 7\r\ncarpentier.v@laposte.net:Vince2606 | 1\r\ngreeknutrient@vfemail.net:Source123 | 1\r\nguitarplayer@webchamp.com:pc0916pc | 1\r\nizzymufc@talktalk.net:mufc4lyf | 12\r\nseanl@vfemail.net:Kim072801 | 1\r\ntrm.martins@uol.com.br:gilda6969 | 5\r\nl.renzani@iqsstrings.com:912007lgr | 1\r\nmadson21@terra.com.br:guime48 | 1\r\nmarcesil@fibertel.com.ar:alonso11 | 2\r\nchamberhaley@buckeye-express.com:haley4195 | 4\r\nc.gervais2@laposte.net:Poupoupidou5 | 5\r\nmatheus.duraes@uol.com.br:161064a | 3\r\nkunderwood@buckeye-express.com:utalk1990 | 7\r\nconnerd2002@buckeye-express.com:starkiller2010 | 9\r\nken@webeden.net:7890uiop | 1\r\nvanessasattamini@uol.com.br:frank24 | 1\r\nmelramirez@attorneybreakfastclub.com:pereira14 | 1\r\ngarrygeorge@talktalk.net:nemesis | 14\r\ndrake@jdmarsh.com:Hippokitty7 | 9\r\npam@broadlandholidays.com:Miadamji1 | 20\r\nalencar.mr@globo.com:Maraal321! | 21\r\ncindy306@buckeyeexpress.com:daughter2 | 18\r\nmonte.herbalife@globo.com:thphvh79 | 4\r\nmdernet@mdernet.com.br:851227de777Il | 5\r\nstevco@a1.net:joka001 | 3\r\naartuso@t-scriptproducts.com:Scotty999 | 1\r\nroberthargreaves@talktalk.net:benben | 1\r\ntraining@ordusion.com:12345 | 11\r\njo.livingstone@grapevine.com.au:Stephanie | 13\r\nniddroid@talktalk.net:hibernian1875 | 8\r\nellienik@esc.net.au:sweetpea | 280\r\nthierry.herzog@akeonet.com:m83cen66 | 4\r\nfedenoy@fibertel.com.ar:antemo12 | 1\r\nlyudmila@gracefulbrush.com:Tor781601 | 3\r\nginny.wise@twc.com:Allstar1 | 6\r\nbonth@bex.net:Cessna150 | 61\r\nlokeshca@bol.net.in:webmail2980 | 1\r\nsallesfontes@uol.com.br:mar171 | 1\r\nvinogirl@buckeye-express.com:2sbest | 2\r\nmandi@pracmark.com:m@ndi007 | 1\r\nadilson.dobosz@uol.com.br:web093 | 1\r\nthuthanh@vietbon.com:1THUthanh2 | 11\r\ncallejero7@twc.com:5mojitoman | 1\r\nmdeiuliis@windstream.net:Otto1081 | 1\r\ncontact@arnaudperat.com:StarZone666 | 1\r\nreffahs@buckeyeexpress.com:pluto1992 | 20\r\njennifer.peschi@laposte.net:Shanelle2005 | 2\r\nlscarbone@fibertel.com.ar:lc167943 | 2\r\nmlimoli@intelliwave.com:Erinnick12 | 4\r\njosematarrese@fibertel.com.ar:jose3103 | 6\r\nmarcus4652@lycos.com:Jacqui21 | 1\r\nlgambrell3@buckeye-express.com:country1 | 20\r\nsinchan681122@nifty.com:7M2MQE01 | 10\r\njon@browersales.com:brower28 | 1\r\nclaireandco@talktalk.net:tredinnick8 | 11\r\ncmaca11@iprimus.com.au:maccas10 | 1\r\nferdunan@fibertel.com.ar:hal2003 | 4\r\ngui_gsf@globo.com:gui155225 | 2\r\nashnmike@buckeye-express.com:jim630302 | 2\r\nhooaahkah@buckeye-express.com:spike135 | 24\r\nliettzz@ig.com.br:lili0906 | 1\r\nc.bellotti@globo.com:cb242524 | 44\r\ncaaborgesdias@uol.com.br:radar910 | 1\r\nvitoriapessoa@dlvaledosaofrancisco.com.br:vpdlvsf102030 | 10\r\ncamagal@uol.com.br:Kmagal1772 | 41\r\ncschwarck1@buckeye-express.com:mikocat1 | 6\r\nphuong@metamontessori.com:meta2012 | 2\r\ndkriegel@bex.net:eagle1 | 18\r\nmcalza@uol.com.br:soeusei0 | 1\r\nemiliano@gliscoiattoli.com:milano | 10\r\ncruzeiroachefacil@uol.com.br:clw1610 | 3\r\ndonna@lewisind.com:nana10 | 16\r\nw52223@bex.net:weagle23 | 19\r\npamags@uol.com.br:ps161064 | 1\r\nrorich7@nate.com:sh09071236 | 8\r\nsabsantana@globo.com:sa150503 | 14\r\nredshall.gaming@laposte.net:Valerie2101 | 1\r\nmpatt@bex.net:luckydog | 19\r\nmariecharlottemarchal@laposte.net:Maman1995 | 1\r\nb.clovis@globo.com:cb210651 | 8\r\ncruz.andrea@uol.com.br:Pai26051950 | 12\r\npinzgauerhase@a1.net:bgl1gundi | 2\r\nstephpierret1@laposte.net:Soleil59 | 1\r\ncheungsunyee@netvigator.com:CSYEE425!1234 | 29\r\nemnetherton@twc.com:emily1998 | 3\r\ngazbdraper@twc.com:ducky2003 | 2\r\njuliedensham@talktalk.net:poppy | 14\r\npromiselai@netvigator.com:cipa2482w5 | 51\r\npcjhamel@nomotech.net:philippe | 10\r\neric@aimeeanderic.com:helicity | 5\r\ninfo@thebrainbytes.com:sonal123 | 1\r\nshimsari@netvision.net.il:bell19901qw | 1\r\nfranzi501@a1.net:Viktoria01 | 1\r\njdisalle@buckeyeexpress.com:snowball1 | 16\r\ndahooti6@buckeye-express.com:bailey33 | 11\r\ne.dracou.02@cantab.net:bl659328 | 13\r\nkobayashi.yodokaa@laposte.net:Conconbre1 | 2\r\njsebastiaopereira@uol.com.br:J140155p | 1\r\ntracyomar@buckeye-express.com:summer26 | 1\r\nadmin@oravaaction.com:miro5762 | 5\r\nad@manadv.com:database | 7\r\njimhamel@bex.net:sundance | 30\r\nmcidapaiva@ig.com.br:ranieri27 | 1\r\nquomme.sherya@laposte.net:Footballf39 | 1\r\nthomas-wright@lineone.net:Sailing007! | 1\r\na.filippini@cogeogr.com:00970aoa | 9\r\njarjar77@buckeyeexpress.com:cynthia1 | 2\r\nkimfl@netvigator.com:ck7730 | 8\r\nchrisriddell@talktalk.net:Bloodshadow12 | 6\r\nmarquinhojeronimo@terra.com.br:17deabri17deabre | 7\r\nrolland.laurent@akeonet.com:beatrice | 8\r\nwalterwmc@sion.com:47166241w!123444 | 1\r\nidzver@idzver.e7even.com:siberianruswzxc11!$ | 102\r\ndcoop@accesstoledo.com:festus | 13\r\nboniblue1@buckeye-express.com:grandma1 | 17\r\nalefacciolli@terra.com.br:brilhante1aa | 4\r\nu_aaaa@nate.com:jane6846 | 1\r\ninfo@sls83.com:29041966 | 8\r\nrobson@matrixaudio.com.br:321matrix123 | 5\r\npiethome@lantic.net:ywykotem131 | 5\r\nevwilt@bex.net:goalie2 | 341\r\nfreddy0812@twc.com:poplar420 | 88\r\nellenjones@buckeye-express.com:wish12 | 2\r\nallysson01@globo.com:Sa220499 | 1\r\nchipmunk1129@bex.net:chippy1 | 22\r\nsandywatton@talktalk.net:weeble | 1\r\nmmaulertoys@vfemail.net:nicmatt66 | 1\r\nanreal007@pautina-nau.net:rD88Uc5d | 4\r\ngary@2percentinspiration.com:garych3llo | 3\r\nalan.robison1@ntlworld.com:Atrjbi511 | 4\r\nagiuliodori@fibertel.com.ar:agus1509 | 3\r\nmaxviale@flylab.net:minozzi | 5\r\nbud_mcc@ptmc.net:bu1318 | 5\r\nk.grimwade@ntlworld.com:karen1965 | 2\r\neric.valdez@vfemail.net:bigbrickezpz | 2\r\ncharles.morgado@laposte.net:Connard92 | 1\r\njeni.monroe813@bex.net:Aug132003 | 8\r\nsilviamorganti@fibertel.com.ar:sil477 | 9\r\nmarcelle.beautrais@laposte.net:Marcelle1 | 1\r\nmissout@buckeye-express.com:travis101 | 27\r\nstanfanny313@comcast.net:March1956 | 11\r\ndesiree.n@globo.com:Bikini12 | 13\r\nbobandkylie@grapevine.com.au:liambensam | 3\r\nrivergardener@dcwisp.net:amelia1bean | 10\r\npbeach@bex.net:junior1 | 14\r\nvfrasier@nycap.rr.com:Killer56! | 3\r\n381505937@qq.com:tompson1991 | 984\r\n157647716@qq.com:apollo789 | 16\r\nluigi.magon@terra.com.br:040396 | 2\r\nbjn48@bex.net:maxine48 | 18\r\nmorganstn@talktalk.net:Luigi123! | 12\r\nsteph@the-perfect10.com:12345 | 4\r\nandy.hamlett@talktalk.net:dustybin66 | 16\r\ndenisnadeau@spanadeau.com:duvallon | 7\r\nairojas@speedy.com.pe:LABRADOR | 2\r\njulio@mecsulcompressores.com.br:htfkk2667 | 8\r\nsylvia.tournier@laposte.net:Chouchou21! | 1\r\npoli.zen@laposte.net:pOpo1456 | 1\r\nlucaalvares@globo.com:junior111 | 3\r\ngsmith3@buckeye-express.com:carolyn5 | 3\r\nmkranich@netvigator.com:u636ij97 | 1\r\nderek.comerford@dsl.pipex.com:Unprofor | 10\r\nsallyann@pnc.com.au:babyteddyw015 | 280\r\n03360602@zjnu.net:7012339 | 3\r\nanitaj47@talktalk.net:sam3247 | 11\r\nspooky_ghost227@davidbowie.com:zigzag | 8\r\njohn@johnjwiley.com:Rumbler1 | 50\r\njywooley@buckeye-express.com:cortney1 | 19\r\nkatiehaines@bex.net:7D15A80D | 6\r\nandrewbrock@orcon.net.nz:Polikarpov1 | 13\r\nissol1811@talktalk.net:Isaac18 | 2\r\ntraceycatlin@buckeyeexpress.com:hawaii1 | 23\r\nsolomon50@talktalk.net:bullhuss50 | 7\r\nclaudio.mm@ig.com.br:51mogi73 | 1\r\nmartinez27@laposte.net:Maison27 | 1\r\nlroth@buckeye-express.com:lskljddt89 | 2\r\newohw@bex.net:charlie1 | 8\r\nlilje027@lantic.net:lilje10861lilje10861 | 41\r\ntaniarayes@terra.com.br:Tania141 | 2\r\ndiretoria@vipertelecom.com.br:kabelo1202kabelo12021000 | 5\r\nboynsue@buckeye-express.com:dragon4587 | 26\r\nadam@shekhter.net:adam8412 | 5\r\nseniorreverse@buckeyeexpress.com:dexter1 | 15\r\njenny.nutting@talktalk.net:Holiday1 | 3\r\nnabeel@wateensolutions.com.au:03004981382 | 3\r\nmaelle.walter@laposte.net:Elea2003 | 1\r\nnaners@bex.net:eyesblue | 18\r\nerica.ubaldi@parmaest.net:gioconda24 | 12\r\ndiegorivas@fibertel.com.ar:felipe25 | 5\r\ncraig@cambridgereprographics.com:Craigpro32 | 3\r\njwalling@bex.net:Michigan | 3\r\ncarolinafn@globo.com:kitsukitsu | 2\r\nroland.garcia.2@cegetel.net:d95gmpad | 1\r\nfjazzh@twc.com:katok922 | 1\r\ntitan157@hawaiiantel.net:shnugee157 | 23\r\nrccomp@fibertel.com.ar:rc240694 | 4\r\ncicicoffee@centramedia.net:coffeecl | 11\r\ngoodenow@hawaiiantel.net:kGG96720 | 9\r\nlhzilli@terra.com.br:brasil12 | 5\r\nofkonors@sunnet.com.ua:4191437 | 1\r\nlb2000@talktalk.net:Anneleise3 | 1\r\nwales@ukgateway.net:ekins552 | 2\r\nmalpal723@buckeyeexpress.com:karlee9394 | 21\r\npeytonlorenzen@bex.net:pendoor13 | 22\r\nportaflex@ibest.com.br:852314 | 15\r\nkatharina.strassegger@a1.net:14101985 | 3\r\ncrobert@fibertel.com.ar:din589 | 7\r\nkitkoo@netvigator.com:g082016a | 6\r\nyanster@dsl.pipex.com:alibonga | 6\r\nhazdine.idjer@laposte.net:Chiang711 | 1\r\nrmmurray@twc.com:Chelsea2 | 5\r\ndjjohn16@twc.com:Mastersgoal1 | 22\r\ntam.kokot@laposte.net:Tamara71 | 1\r\ngruber.johann@a1.net:gruber | 1\r\nrmoon@buckeyeexpress.com:superbee70 | 13\r\njohnfinck@buckeyeexpress.com:ucinnpka8199 | 15\r\nlynda.chris@talktalk.net:jonathan82 | 5\r\nhungryhanna@yahoo.com:298The8560 | 39\r\ndwo@dlinexsign.com:Carlf1881 | 9\r\nming1234311@netvigator.com:2408ming | 8\r\ni.prado@uol.com.br:wish78 | 16\r\nangeline.honte@laposte.net:Lolilol11 | 1\r\nabigail_collin@talktalk.net:Mwraight1935! | 4\r\nwaldemar1@uol.com.br:Waswas121! | 5\r\nterapievojta3@vfemail.net:Romania123 | 3\r\nchinfun@netvigator.com:cf202413 | 4\r\nloic.badin04@laposte.net:Oceanore28 | 1\r\nuuaaua@nate.com:dkssudgk3! | 2\r\nmaridmel@uol.com.br:favo16 | 2\r\nroberto_jesus@globo.com:Rjbi010194 | 11\r\nkaren.j.murphy@talktalk.net:foreman1 | 31\r\nleandroficagna@terra.com.br:160808 | 3\r\njustme@netwood.net:justus | 70\r\neverhart@buckeyeexpress.com:maumee65 | 15\r\ntelm.reis@uol.com.br:081299Bel | 62\r\nrobyn@schmitztribe.com:Josepha71! | 8\r\ncontact@atelierdynale.com:0147Toutlemonde | 1\r\nmlg48850@nifty.com:tshape4 | 7\r\nvan.silveira@globo.com:vanvan978 | 12\r\nmorgan_wyn49@talktalk.net:Saralou-1 | 1\r\nshaundonna@talktalk.net:lexanfilm | 12\r\nchezdawn@buckeye-express.com:Taurus22! | 10\r\nsula26@uol.com.br:sula0611 | 4\r\nmargie@golfswingshirt.com:12345 | 2\r\nchris.spree@talktalk.net:vertigo1 | 11\r\nlizziecoley@dsl.pipex.com:kooks1 | 7\r\ngramescadilac@buckeye-express.com:mileygirl1 | 13\r\nkevinbarley@talktalk.net:quartzsurveyor | 1\r\ntopgun@buckeyeexpress.com:hollywood | 21\r\nmarilenaortiz@vetorial.net:paixao | 3\r\ndanipilon@uol.com.br:d020878 | 3\r\ntammi32@buckeyeexpress.com:peanut1 | 21\r\njacques.guerreau@netaplan.com:jackg007 | 9\r\ndndessum@buckeyeexpress.com:lowride1 | 5\r\nomarhc@fibertel.com.ar:omar1958 | 6\r\nkimduncan@twc.com:gold0921 | 1\r\nmyeongjunkim@kakao.com:rlaaudwns13 | 1\r\njmmarchal@fibertel.com.ar:slack86 | 2\r\nbkrapowers@bex.net:robert1 | 12\r\nandyipmos@netvigator.com:36093609 | 8\r\nephargain@fibertel.com.ar:boby1941 | 3\r\nroywakeman@lineone.net:S1gnal01 | 1\r\nmelgatti@uol.com.br:mel2223 | 5\r\njean-pierre.meignen@fosec-pibplus.com:alicia | 5\r\nmario.bonitatibus@globo.com:bnttibus | 3\r\nrrathie@uol.com.br:Mf153708 | 1\r\ncorunum@alaska.net:joanOfarc_1965 | 195\r\nvgj@dsl.pipex.com:1target2 | 4\r\nmrpaul@letsbvip.com:warda23 | 10\r\nellenjones@bex.net:wish12 | 2\r\nblake@bslhomes.com:redskins1 | 2\r\nfisherboy@buckeye-express.com:snagwe10 | 2\r\ncyrielle66@laposte.net:Telephone1 | 3\r\nsbutterfly@bex.net:shawn112 | 29\r\ndlsp@uol.com.br:scb024 | 1\r\njoflazullo@uol.com.br:fla5pur8 | 4\r\nthibasket19@globo.com:karinthi07 | 1\r\nmabeljurado@fibertel.com.ar:luna10 | 10\r\nall.talk@talktalk.net:oliver | 23\r\nfredynunezm@speedy.com.pe:fREDY10 | 8\r\nn.z-m@a1.net:T0o9n0s2i | 1\r\nsam@mybnc.net:madisoncat | 6\r\nc.hachacq@laposte.net:Chouchou1! | 2\r\ncris.listas@terra.com.br:n0377eohn0377eohh1d | 2\r\nyod57@accesstoledo.com:love0517 | 5\r\ngmcrocker@dcwisp.net:mel5rose | 6\r\nadmin@knlawnservice.com:password | 1\r\nheweiwei@wo.com.cn:woxiangaini | 1\r\ndakonaboyz@hawaiiantel.net:koale818 | 60\r\n03016442@zjnu.net:840726 | 2\r\ns.jago72@talktalk.net:Whisky1972 | 2\r\nxande.prado@terra.com.br:gabriela1123 | 1\r\n15590880088@wo.com.cn:Zs123456 | 4\r\nchristian.savoure@cegetel.net:podium | 6\r\nmiriamarcelo@ig.com.br:mm190998 | 4\r\nwilhelm.pietsch@a1.net:17a580bq | 2\r\neddy069@laposte.net:Edtr.1969 | 1\r\nkap1965@buckeye-express.com:purple3 | 20\r\nfabrice@cosnac.com:mayens | 1\r\nka.ys@laposte.net:Ricasso67 | 1\r\nsatoshi@td-coa.com:03104sss | 13\r\ngreggp01@talktalk.net:meggie01 | 4\r\nwillowwood92@hughes.net:muffin123 | 1\r\nthetoselands@talktalk.net:george1911 | 15\r\naugustocesar@uol.com.br:A10C08M52 | 10\r\njuancarlos.lefevre@altabev.com:altabev | 1\r\ninfo@bluesdecker.com:Lead.belly | 1\r\nvladocq@paleol.net:maximus1 | 9\r\nwebmaster@1clic-1toit.com:2tiot1-cilc1 | 6\r\njoaoaffonso.sa@uol.com.br:abhmep12qwe | 1\r\ncosmicrabbit@dsl.pipex.com:sixetang | 3\r\nnp72@dial.pipex.com:ixechaba | 1\r\ncmrosa@ig.com.br:22maio00 | 36\r\ndasoul@dasoulrecordings.com:2VCORDAY | 9\r\ngiovanna@casabartolini.net:giovanna | 1\r\nmatthew.newport@talktalk.net:Newpom33@ | 3\r\nttoppah@carnegienet.net:tt23car | 11\r\njayhugg@bex.net:carter1 | 29\r\naucn49@dsl.pipex.com:tanidara | 10\r\nallan_fraga@uol.com.br:aguimar2 | 2\r\nandreasenna@terra.com.br:030260 | 1\r\nmyriam@taxmix.com:myriam1 | 1\r\nseverinoreinaldo@uol.com.br:reino3 | 68\r\nangelique.queruel@cegetel.net:mathilde | 6\r\nlgreer@clamgas.com:298gamas | 1\r\nmaryam.garoppo@laposte.net:Calypsong1 | 2\r\ndavekirkland@talktalk.net:1qaz2wsx | 12\r\nrandee@ny2d.com:Chapin99! | 6\r\nsam.simoncelli@laposte.net:Twister199 | 3\r\njohanna.bonnot@laposte.net:Touareg123 | 5\r\neliomar@moveisnogal.com.br:nogal123 | 9\r\ncontact@thibault-creation.com:thibaultcrea | 8\r\nkdlopetegui@virginmedia.com:yp2u685b | 1\r\nghassen@noktaproduction.com:9kTaProdghssN | 4\r\nrankin@netvision.net.il:rifhburh1rifhbu | 1\r\nbuyer@soulmatelotus.com:chika1208 | 4\r\ndeco.recarga@uol.com.br:mudar123 | 1\r\nlindachan923@netvigator.com:linda9231231098 | 38\r\neva.rechberg@a1.net:ek0320ek | 1\r\nngdaniels@dsl.pipex.com:ramadog62 | 8\r\nricardo@primvs.com.br:Rica0207 | 2\r\ncourtwala@twc.com:cjbolt0924 | 97\r\nmonicagomes@terra.com.br:f7252333 | 3\r\ngsarge@talktalk.net:yamred46 | 14\r\nse9536@nate.com:se7467 | 2\r\nmatthew.eaton@cantab.net:Armadillo1 | 12\r\nsricciardi@fibertel.com.ar:jester58 | 6\r\ndominic.d@sabrinaswindowcleaning.com:123456 | 5\r\nveronique.laboux@cegetel.net:jojojo | 5\r\nelizaa@netvigator.com:eliza1231eliza12q | 42\r\nhughhill@talktalk.net:wipeout | 10\r\np.mitterhauser@a1.net:mitterhauser | 1\r\nauuf42@dsl.pipex.com:thinisaz | 20\r\njeremy.dunn@dsl.pipex.com:roadtown | 8\r\ninput@lupastro.com:input120 | 14\r\nfa.allouani@laposte.net:08Juillet | 4\r\njbruch@metalisbrutal.com:Fearme2020!! | 3\r\nedersonvargas@uol.com.br:hthf78 | 1\r\nadriana-melao@uol.com.br:240872aa | 2\r\nela@kreshtool.com:12345 | 1\r\noperations@hiextexascity.com:operations123 | 1\r\ninfo@waltanjazz.com:Waltan2312 | 9\r\nvaldir.bassa@concrefiber.com.br:concre347258 | 9\r\ninfo@nuovospazio.com:rocca5638 | 2\r\nmaglee@mail2000.com.tw:maggie88 | 1\r\ndobsonpr@talktalk.net:37Tolgate | 1\r\ndrlarry@sankofabda.com:energydoc1 | 14\r\nens@vfemail.net:ens66613ru | 1\r\npeterjc@innergystics.com:D7rach01 | 10\r\njed.m@talktalk.net:jedijed01 | 2\r\ncontact@lespapasgateaux.com:Gaston112 | 8\r\nmariana@ibizany.com:Teofilo123 | 2\r\njean.michel.chaignaud@ozone.net:laguna | 8\r\nacarlos.ventura@uol.com.br:bop74793 | 1\r\nozzy311@talktalk.net:311311 | 10\r\nshaun-s@ntlworld.com:Belinda123 | 4\r\nannamartorelli@judosantostefano.com:anna2013 | 11\r\ncckelly@nc.rr.com:Temagami!1 | 8\r\nthiago.silva@playoffmarketing.com.br:Inicial0 | 9\r\nadapanariello@arkhearchitettura.com:camilla | 7\r\nstevemagee@twc.com:SM4398evan | 7\r\nmarcello@marineddabay.com:solito | 12\r\nherbert-bichler@a1.net:marax105 | 1\r\nodontojca@ig.com.br:re234370 | 1\r\nrecruitment@ascendevelopment.com:ascend123 | 2\r\njaycee1999@talktalk.net:iwltmayl2608 | 1\r\nenvios@elbodegon1.com:12345 | 1\r\njason@john-seymour.com:Kiera2012 | 13\r\nnicola67martin@talktalk.net:sun24shine | 7\r\njohngregory1958@virginmedia.com:Chemist02 | 1\r\njschlossman@isabellaproducoes.com.br:julie1818 | 7\r\nscottmc@interbaun.com:PURPLe | 6\r\nmikev@hydrotechco.com:Norton02766! | 20\r\ndavid@davidkaaker.com:Indian1 | 8\r\nsergiocarvalho2000@ig.com.br:saojorge123 | 7\r\nruby@diamondstarco.com:rubes22 | 2\r\nastu05@dsl.pipex.com:delboy100 | 8\r\ninfo@robynandtrevor.com:guitars123 | 4\r\njosh@watercleaningservices.com:kasenjace10 | 5\r\nsajjad786@talktalk.net:talktalk | 12\r\nnike80@nate.com:wldms0907! | 1\r\nblackking@netvigator.com:aesopf29 | 3\r\nguillermoezeiza@fibertel.com.ar:greg2012 | 9\r\nmaxpage@talktalk.net:Durban20! | 18\r\nstephane@destockgolf.com:jeffica | 8\r\nrpcook@cantab.net:He11onun. | 6\r\nangel@r7.com:julinha | 2\r\njmorrison@f3inc.net:jdmorr41 | 5\r\nsaadiha.ezzarrari@laposte.net:Mohamed1984 | 1\r\nguminghu2179@vip.qq.com:19920805Gmh | 93\r\npope.martin@virgin.net:mjy65rdx | 1\r\ncsaa3601@a1.net:bapuja03 | 4\r\ngiuliano@gugafittipaldi.com.br:Giugiu3333! | 11\r\nmaryannking@talktalk.net:alliswell2 | 8\r\nmpat0358@bww.com:Diamondin14 | 1\r\nbenegas@fibertel.com.ar:elaser98 | 8\r\nwonneproppen007@a1.net:popopopo | 11\r\njohnseed@talktalk.net:crackers1 | 8\r\njillmoore@twc.com:moorej14 | 1\r\nancastle2@talktalk.net:brighton99 | 1\r\nyiuyiu92@netvigator.com:g920606a1230 | 34\r\nmark47@talktalk.net:kumkwat47 | 13\r\nangie.stephens@universaltherapygroup.com:jaxjax14! | 5\r\nuwili@a1.net:Blattler | 4\r\ntac.tic.animation@cegetel.net:tactic09 | 2\r\ntlynch@dsl.pipex.com:thunder9 | 6\r\nfavarojc@terra.com.br:155757 | 2\r\nalexander.tanzer@a1.net:pluto19 | 2\r\nrgarat@fibertel.com.ar:1152rg | 8\r\nalitse@netvigator.com:alitse914qww | 14\r\nbuddypearl@uniserve.com:Unicorn | 2\r\ncpatton@casketsofky.com:nottap1 | 3\r\njeannot.lechat@laposte.net:Avqnynu6! | 1\r\neun6807@nate.com:dmsdud1102 | 1\r\nmartim@fibertel.com.ar:4235mmmm | 2\r\njess.gnagi@laposte.net:09071992Jess | 2\r\nstev@dsl.pipex.com:omega22 | 3\r\ntom8501@laposte.net:Thomas8501 | 1\r\ncrew@ieifactory.com:1e1factory | 9\r\ngill@lantic.net:amakhosia!11a | 18\r\nvirginiehector@west-telecom.com:virginie | 10\r\nferdinand56@laposte.net:bC30071956 | 1\r\ntarantino.sandrine@akeonet.com:sandrine | 6\r\ncamerawoman@laposte.net:Severine74! | 1\r\nvuillermoz.nicolas@ozone.net:MarksMan39832110 | 2\r\nroland.glas@a1.net:rolandg | 5\r\ngeorg.heydenreich@a1.net:nicolas | 1\r\nlemosfreire@uol.com.br:elf2650 | 1\r\nlaggos@uol.com.br:lg150055 | 1\r\nsonja_masic@t-2.net:katjatara | 7\r\nanouska.hadley@dsl.pipex.com:4randall | 2\r\nkatya@hu.inter.net:katya1969 | 1\r\nmagbar@uol.com.br:mag1945 | 1\r\npaulsharling1@talktalk.net:picanik1 | 7\r\nautocentermanpem@uol.com.br:audii05 | 1\r\nantonio.sanna@talktalk.net:toni59 | 4\r\npetitoi@cegetel.net:petitoi | 5\r\ntrsmith@talktalk.net:travel12 | 5\r\njohn.moloney12@ntlworld.com:Lukesean18 | 1\r\nx4502699@netvigator.com:aaa000 | 8\r\nstefano.italiano@pm4b.com:GFSI5050 | 10\r\nmel.womcot@pnc.com.au:ferret | 10\r\ninfo@jeremyhaessig.com:sxkn5000 | 2\r\nmrgmstgil@laposte.net:Munsch34 | 1\r\nchristianmartin@west-telecom.com:cheval | 15\r\nsholland@ntlworld.com:claude01 | 1\r\nhenri.bordage@cegetel.net:c2ticust | 7\r\nando@it-park.net:ando0315 | 3\r\nd.baines@dsl.pipex.com:quoobach | 8\r\nadagondo@uol.com.br:fisio67 | 4\r\narthur@sambasul.com:abssba07 | 9\r\nbonthuyst@lantic.net:xblade1980xblade1980 | 20\r\nfiona.gauhl@ntlworld.com:marea16v | 1\r\nvalberryowen@talktalk.net:Connie32 | 15\r\ncyrielle@hfs-centre.com:00CYhfs2019 | 2\r\nlydlink@davidbowie.com:heart6 | 11\r\naisha@unilogshipping.com:Aisha123 | 3\r\nwaynet9@talktalk.net:Virgo1000! | 1\r\nwilliamcavalheiro@ig.com.br:43115819cw | 1\r\njahsharn1@ntlworld.com:bighead1 | 1\r\nvivien95@varsat.net:199506201233! | 4\r\nchourouke.berkhli@laposte.net:Chouchou21 | 1\r\nrostefano@fibertel.com.ar:bachi09 | 7\r\nshinhk1004@nate.com:zx9903064! | 9\r\nmagma@magma-net.com.ar:magma238 | 11\r\nmehdi.aidel@laposte.net:11Hind11 | 1\r\njenny.apps@ukgateway.net:chester4 | 13\r\nmargaret.36tatton@ntlworld.com:palestine1 | 9\r\nademirneca@uol.com.br:Mariana00 | 2\r\nmail@smellyjellycandles.com:Kristen1 | 153\r\nleahpage@talktalk.net:kenya2000 | 2\r\nproject-15@finexkitchen.com:mjoshi12 | 13\r\nxfenn@davidbowie.com:4ad4ad | 3\r\njwhitesell@cox.net:Dmode069 | 7\r\nkernmaster@kernprose.com:TrustinOne | 10\r\nmfast@ig.com.br:3330M3330 | 1\r\norildo1@uol.com.br:p2011ols | 1\r\ncruelspecies@dsl.pipex.com:R3b3cca | 2\r\nalex.roberts05@talktalk.net:jinxm00k | 5\r\ninfo@matteomorandi.com:live1lie | 7\r\namabris@uol.com.br:lab1291 | 1\r\neconomyrentals@economyrentals.net:Economy901 | 2\r\nmceccarelli@uol.com.br:i3ia8388 | 1\r\nleogaudenzi@uol.com.br:Sushi17! | 5\r\nd.alivon@cegetel.net:bibou | 6\r\ntony@victorcorpnm.com:bobcat1 | 1\r\nrpvillareal@digisurf.net.au:19011521 | 11\r\nommarc2@uol.com.br:cd13yxko | 1\r\nwest_tony@lineone.net:anthony2 | 9\r\noscar@guimell.com.br:themis | 2\r\nferdi.erken@ewe.net:cedrik | 2\r\nm.tussing@laposte.net:Lagrase67 | 1\r\nalicegrange@laposte.net:Jean10Marie | 2\r\nwill.dale6@virginmedia.com:will6952 | 2\r\ngeetas@suchansoftware.com:7kailashkunj | 11\r\njanderson064@roadrunner.com:Gloilu154 | 1\r\ncontato@patrimoveis.com:10203040 | 1\r\njf.gigliotti@uol.com.br:jfg1446 | 2\r\ncaua.ferraz@bol.com.br:anabeatriz12 | 2\r\nkim@kimtastic.com:C942580454 | 1\r\nmounaa.c@laposte.net:Miky1989 | 14\r\nromain.ballais@laposte.net:djNJmtn4! | 2\r\nkristielkeefe@twc.com:Bradley1 | 1\r\nkgoete@telkomsa.net:ejoosia | 5\r\ndrd270976@ntlworld.com:jordan0909 | 3\r\nnsc40214@twc.com:ALJB1820 | 5\r\nno1yoda@nate.com:ayas8787 | 67\r\njantutt@talktalk.net:pebbles3 | 6\r\nmarcio.iquegami@terra.com.br:eiti1870 | 2\r\nalanr@digisurf.net.au:apnnpmvg | 1\r\njoyceemorrison@talktalk.net:oberammergau00 | 17\r\nelaine.luiz@uol.com.br:b23j29e11 | 3\r\njohnlocke@fibertel.com.ar:john1066 | 5\r\nbedirhan.altinguel@gmx.net:reyhan2004 | 2\r\nmicmichung@netvigator.com:pass12 | 5\r\nlg.picardie@laposte.net:Marina2612 | 1\r\ntwells644@twc.com:June261953 | 11\r\nrickchen635@vfemail.net:8dSTjcRj | 1\r\nholly@smithclayman.com:madeleine4 | 14\r\nmend@instantname.com:infomend | 3\r\ntsorel1@zoominternet.net:Tommyboy1! | 1\r\nf.macneil@ntlworld.com:Angusmac62 | 15\r\nkelzbelz83@talktalk.net:brandon2212 | 2\r\nocta@fibertel.com.ar:og170990 | 5\r\n03810120@zjnu.net:11405027 | 3\r\nlucas@lucasdesousa.com:annagrace | 3\r\nsandy@bjohnsonlaw.com:morrison999 | 2\r\nthayer2@cox.net:Paxton01 | 5\r\nlauren.mcalister@elkcreekhuntclub.com:laurenrae | 10\r\nmcgloyne@cox.net:Cindygl1 | 2\r\ndhiego.austin@terra.com.br:lontra | 1\r\njims@nuvoconstruction.com:packers1. | 2\r\ngemmeos@uol.com.br:cadu1234 | 1\r\noptometrist@getlocallisting.com:compaq6730 | 3\r\nb.t.lovedale.01@cantab.net:avocado1 | 11\r\nmichel7@a1.net:Praxiss | 3\r\nmail@gchambon.com:00161600 | 10\r\nkelly@thetillergroup.com:tiller1 | 10\r\nyann.muggianu@laposte.net:Kazam200! | 2\r\namcmurdo@supanet.com:pinnan23 | 2\r\nalepochat@fibertel.com.ar:25414122 | 3\r\ninfo@tenpl.com:Neginhal@1 | 1\r\ncaralewis@cantab.net:cara24 | 12\r\nat.ramos@uol.com.br:iv080993 | 1\r\nbowham@axion.net:beachbum111111 | 30\r\nbenyop@laposte.net:Ve40pohe | 1\r\nmarceloranieri@terra.com.br:27924906aA | 4\r\nhlavin@xtratyme.com:Hunter123zxc | 9\r\ncliffordelliott@ntlworld.com:Doppler505 | 3\r\nragonezibrito@uol.com.br:ringo4418 | 4\r\nrenatodafonseca@uol.com.br:Rita0470 | 1\r\nallen.laura@twc.com:sugarKT14 | 45\r\nsusiq49@cox.net:murphy1949 | 3\r\noacortes@ecop-sa.com:123456 | 5\r\nroddy-robertson@talktalk.net:Conduit123 | 2\r\nrahim@alajlan-global.com:12345 | 2\r\ndixieman1965@talktalk.net:magpies01 | 1\r\ngalaninternational@terra.com.br:macapa500 | 4\r\ndave@smellslikescreenspirit.com:Griff15 | 1\r\nclaudiarclima@uol.com.br:rmc0029 | 10\r\nminimann@ida.net:12Foxrider! | 5\r\nszkmst@sk-delirium.com:temp0920 | 5\r\nsader@movinet.com.uy:Chacho88 | 19\r\nmarcia@marciabastos.com:victor07 | 4\r\n318ti@dsl.pipex.com:cds001 | 2\r\nh.williams@dsl.pipex.com:sidney | 10\r\nfebsg@uol.com.br:aqua6969 | 1\r\nrudirainbow@telkomsa.net:Coenie1! | 2\r\ntony.christian1@ntlworld.com:Calender1 | 2\r\nestevaosilva@uol.com.br:pxsl0087 | 2\r\nann.mcdonnell@ukgateway.net:christophe | 2\r\nj.e.falvey.02@cantab.net:grant319 | 7\r\n24391762@talktalk.net:shakatak03 | 2\r\nclaudia.schaaf@talktalk.net:Solomon1 | 24\r\ninfo@nakamurabsc.com:Since2012 | 6\r\nwadas@a1.net:Raster1 | 1\r\nlevis@minford.com:12345 | 2\r\nlaurenlkelley@talktalk.net:Laurenlesley1! | 1\r\nnicholas.chalmers@ukgateway.net:bithoova | 9\r\njstrong@regionsresidential.com:jstrong123 | 1\r\nwitwitwitwit@qq.com:xilu1986 | 37\r\nbarbierst@west-telecom.com:kyh29blr | 1\r\ndesagun99@hawaiiantel.net:seven4me | 38\r\nprivate4mylover@dsl.pipex.com:steer607 | 7\r\neverettj@twc.com:juiceisloose3 | 1\r\nhparker@parkerhr.com:Habrdz13 | 52\r\nmlegg44231@bex.net:110block | 18\r\nramon.garcia@dsl.pipex.com:Letmein1 | 5\r\nmarsh2@iprimus.com.au:carl05 | 3\r\nhelayne.leandro@globo.com:Hedu1519 | 5\r\nch.neau@laposte.net:Freddo81 | 2\r\nmagnetoleung@netvigator.com:mag11046 | 8\r\njestto@hawaiiantel.net:jestto49! | 8\r\nskiplorry@talktalk.net:r5d4q7j5g2 | 1\r\nskessinger@twc.com:Jarbs8771 | 7\r\nmotowngirl@talktalk.net:keating123 | 5\r\namandacoutcher@buckeye-express.com:sadie223 | 18\r\nvane.mendes@uol.com.br:vane07 | 1\r\nntish@buckeyeexpress.com:tish5448 | 4\r\nkimjunsua@nate.com:Sumurray1! | 2\r\nnana123@buckeyeexpress.com:mia4615 | 4\r\njwsegura@buckeyeexpress.com:John24 | 1\r\nlorpetho@netvigator.com:ertw4942 | 6\r\nybi@ybi-consulting.com:chimie2000 | 3\r\nmegastair@talktalk.net:Wallace123 | 14\r\nkdegagne@uniserve.com:FoxyladyyqQ | 59\r\nn.ilghet@laposte.net:Nora38550 | 1\r\nfefe.rodrigues@globo.com:fefe1234 | 2\r\nscbwhite@buckeyeexpress.com:tillyrose1 | 13\r\nlsalyer@twc.com:rascal4141 | 1\r\ndandy924@buckeyeexpress.com:cchs1967 | 19\r\nbarrystrotton@talktalk.net:conniemum1 | 9\r\npgressens@uol.com.br:lovesp2018 | 1\r\nmalekamir@laposte.net:Boulogne92 | 1\r\nmleu@bex.net:GAV1LAU2 | 5\r\nkskallen@buckeye-express.com:honem2009 | 22\r\nanne@malugen.com:555555 | 3\r\nnia.jones2003@talktalk.net:RosiePosie2003 | 10\r\nhungyym1@netvigator.com:hung166813123 | 35\r\nrroberts3@bex.net:redwood2 | 3\r\nskelley@unisciteinc.com:123456 | 5\r\ntndstall000@buckeye-express.com:tress4 | 15\r\nadilson-r@uol.com.br:arsd23 | 1\r\nagi1@varsat.net:lanzarot61 | 60\r\nraphaelsloureiro@uol.com.br:Rsl151220 | 1\r\njeremy.searle@talktalk.net:gills2 | 6\r\nmarcoust@uol.com.br:gabi99 | 14\r\ncasting@reafilma.com:filmarea | 8\r\nteresaandrobert@twc.com:caleb0304 | 76\r\nm27bpope@twc.com:bp626262 | 275\r\nfogaca@fogaca.com.br:nereu1946 | 1\r\njadrianomarinho@uol.com.br:zs250794 | 5\r\ncarlosmanoel@csystems.com.br:Csystems2019 | 3\r\nsnew4151@bigpond.net.au:Ourdream32011 | 576\r\nbobandjudy@mycnyrealtor.com:rancher | 4\r\nnandolameira@uol.com.br:8umkmi7m | 5\r\nonthemark@onionbit.com:Immortals14 | 1\r\ntonyfilmer@talktalk.net:windmill1 | 1\r\ncedriclambila@laposte.net:Azerty76 | 1\r\nabc@lantic.net:Access7946! | 5\r\nwridley@gangstagroup.com:vladi2009 | 11\r\ngenhew@buckeyeexpress.com:sarahg12 | 24\r\njohn310354@talktalk.net:oldpec02 | 25\r\nllanddien@ntlworld.com:Paladin1 | 78\r\nrica@rica.com.br:ri4448ca | 6\r\ntstluis@bol.com.br:luis1984 | 8\r\njason.teague@bex.net:jat122471 | 4\r\nangalbraith@amuri.net:emmy06emmy06 | 6\r\njeffery.hughes@virgin.net:spring01 | 7\r\nbrysylv9@pnc.com.au:tanilba | 15\r\ncicydom@laposte.net:Nous2002 | 1\r\nbigdaddy9211@bex.net:jesus1 | 23\r\nkellchi@netvigator.com:zidane82!!0 | 28\r\ncattlebaronvr@telkomsa.net:cordax123 | 6\r\nvimendonca@ig.com.br:060949 | 6\r\ngloriashia1@netvigator.com:shan0302 | 4\r\nmikeelkins@talktalk.net:sophiebec1 | 15\r\nmikedenney@twc.com:Barneyd1 | 2\r\nenano04@cox.net:Baseball13 | 29\r\nimagaito@nifty.com:5mem376k1991! | 88\r\naugie@schroerboys.com:sparky78701 | 10\r\nhunteruk@dsl.pipex.com:hunter25 | 9\r\njakistler@buckeyeexpress.com:ardms5602 | 14\r\nmkaikuaana@hawaiiantel.net:malia411 | 40\r\nnickg@bex.net:rizza1 | 15\r\njbwalls@hawaiiantel.net:barflo | 12",
    "YaraRule": [
        "email_list",
        "enable_org32",
        "core_keywords",
        "email_filter"
    ],
    "total_emails": 1828,
    "unique_emails": 1828,
    "unique_domains": 426
}