{
    "scrape_url": "https://scrape.pastebin.com/api_scrape_item.php?i=AeucKf4s",
    "full_url": "https://pastebin.com/AeucKf4s",
    "date": "1594394440",
    "key": "AeucKf4s",
    "size": 655,
    "expire": "0",
    "title": "Lam Report Method 2",
    "syntax": "sql",
    "user": "clara_visionap",
    "filename": "AeucKf4s",
    "pasteid": "AeucKf4s",
    "pastesite": "pastebin.com",
    "@timestamp": "2020-07-10T15:20:40",
    "MD5": "c0183966308e21a09eb60ec9333e4ee6",
    "SHA256": "e2667689e2e284e6c90e2d20c9cad4d5c321cc6f7f06e868a7dbe2b20900cf53",
    "raw_paste": "-- Region Parameters\r\nDECLARE @p0 Int = 10000\r\nDECLARE @p1 Int = 2\r\nDECLARE @p2 Int = 0\r\n-- EndRegion\r\nSELECT SUM([t2].[Amount] + [t3].[CadDelta]) AS [Amount], [t1].[LamReportRuleId]\r\nFROM [rpt].[LamReportLinkRuleDap] AS [t0]\r\nINNER JOIN [rpt].[RefLamReportRule] AS [t1] ON [t0].[LamReportRuleId] = [t1].[LamReportRuleId]\r\nINNER JOIN [lcr].[ClaraFlow] AS [t2] ON [t1].[IsInsured] = [t2].[IsInsured]\r\nINNER JOIN [lcr].[ClaraFlowReportLink] AS [t3] ON ([t2].[ClaraFlowId] = [t3].[ClaraFlowId]) AND ([t0].[DapLineId] = [t3].[DapLineId])\r\nWHERE ([t3].[ImageId] = @p0) AND ([t1].[LamMethodId] = @p1) AND ([t2].[BucketId] = @p2)\r\nGROUP BY [t1].[LamReportRuleId]",
    "YaraRule": [
        "enable_org32",
        "core_keywords"
    ]
}