{
    "scrape_url": "https://scrape.pastebin.com/api_scrape_item.php?i=AR3Bk9E5",
    "full_url": "https://pastebin.com/AR3Bk9E5",
    "date": "1594392171",
    "key": "AR3Bk9E5",
    "size": 7730,
    "expire": "0",
    "title": "",
    "syntax": "json",
    "user": "",
    "filename": "AR3Bk9E5",
    "pasteid": "AR3Bk9E5",
    "pastesite": "pastebin.com",
    "@timestamp": "2020-07-10T14:42:51",
    "MD5": "4369cb3d64cd33b0d2a01adae9259a7a",
    "SHA256": "e1d9bfa1c6293c93358be61f87e7e835be248b02451921d1469a25db29642a93",
    "raw_paste": "{\r\n    \"Connections\": [\r\n        {\r\n            \"Name\": \"WeatherChannel\",\r\n            \"ContextURL\": \"\",\r\n            \"Address\": \"\",\r\n            \"Types\": [\r\n                {\r\n                    \"Name\": \"JMWeatherOldModule\",\r\n                    \"Enabled\": 1\r\n                },\r\n                {\r\n                    \"Name\": \"JMWeatherOldModuleDate\",\r\n                    \"Enabled\": 1\r\n                },\r\n                {\r\n                    \"Name\": \"JMWeatherOldModuleWind\",\r\n                    \"Enabled\": 1\r\n                },\r\n                {\r\n                    \"Name\": \"JMWeatherOldModuleOvercast\",\r\n                    \"Enabled\": 1\r\n                },\r\n                {\r\n                    \"Name\": \"JMWeatherOldModuleFog\",\r\n                    \"Enabled\": 1\r\n                },\r\n                {\r\n                    \"Name\": \"JMWeatherOldModuleRain\",\r\n                    \"Enabled\": 1\r\n                },\r\n                {\r\n                    \"Name\": \"JMWeatherOldModuleStorm\",\r\n                    \"Enabled\": 1\r\n                }\r\n            ]\r\n        },\r\n        {\r\n            \"Name\": \"Main\",\r\n            \"ContextURL\": \"https://discordapp.com/api/webhooks/\",\r\n            \"Address\": \"729943333564317726/_K1zSZcKi5qL2_qqJnUvgeH1cieGNxqkNtsxV640Yya-zaKcfMPN5yOTxQEoEAjk3TAS\",\r\n            \"Types\": [\r\n                {\r\n                    \"Name\": \"COTModule\",\r\n                    \"Enabled\": 1\r\n                },\r\n                {\r\n                    \"Name\": \"JMWebhookModule\",\r\n                    \"Enabled\": 1\r\n                },\r\n                {\r\n                    \"Name\": \"JMPlayerModule\",\r\n                    \"Enabled\": 1\r\n                },\r\n                {\r\n                    \"Name\": \"JMPlayerModuleSet\",\r\n                    \"Enabled\": 1\r\n                },\r\n                {\r\n                    \"Name\": \"JMPlayerModuleVehicle\",\r\n                    \"Enabled\": 1\r\n                },\r\n                {\r\n                    \"Name\": \"JMPlayerModuleTeleport\",\r\n                    \"Enabled\": 1\r\n                },\r\n                {\r\n                    \"Name\": \"JMPlayerModuleInventory\",\r\n                    \"Enabled\": 1\r\n                },\r\n                {\r\n                    \"Name\": \"JMPlayerModulePF\",\r\n                    \"Enabled\": 1\r\n                },\r\n                {\r\n                    \"Name\": \"JMObjectSpawnerModule\",\r\n                    \"Enabled\": 1\r\n                },\r\n                {\r\n                    \"Name\": \"JMObjectSpawnerModuleDelete\",\r\n                    \"Enabled\": 1\r\n                },\r\n                {\r\n                    \"Name\": \"JMObjectSpawnerModuleVector\",\r\n                    \"Enabled\": 1\r\n                },\r\n                {\r\n                    \"Name\": \"JMObjectSpawnerModulePlayer\",\r\n                    \"Enabled\": 1\r\n                },\r\n                {\r\n                    \"Name\": \"JMESPModule\",\r\n                    \"Enabled\": 1\r\n                },\r\n                {\r\n                    \"Name\": \"JMESPModuleLog\",\r\n                    \"Enabled\": 1\r\n                },\r\n                {\r\n                    \"Name\": \"JMESPModulePosition\",\r\n                    \"Enabled\": 1\r\n                },\r\n                {\r\n                    \"Name\": \"JMESPModuleOrientation\",\r\n                    \"Enabled\": 1\r\n                },\r\n                {\r\n                    \"Name\": \"JMESPModuleHealth\",\r\n                    \"Enabled\": 1\r\n                },\r\n                {\r\n                    \"Name\": \"JMESPModuleDelete\",\r\n                    \"Enabled\": 1\r\n                },\r\n                {\r\n                    \"Name\": \"JMESPModuleBB_Build\",\r\n                    \"Enabled\": 1\r\n                },\r\n                {\r\n                    \"Name\": \"JMESPModuleBB_Dismantle\",\r\n                    \"Enabled\": 1\r\n                },\r\n                {\r\n                    \"Name\": \"JMESPModuleBB_Repair\",\r\n                    \"Enabled\": 1\r\n                },\r\n                {\r\n                    \"Name\": \"JMTeleportModule\",\r\n                    \"Enabled\": 1\r\n                },\r\n                {\r\n                    \"Name\": \"JMTeleportModuleVector\",\r\n                    \"Enabled\": 1\r\n                },\r\n                {\r\n                    \"Name\": \"JMTeleportModuleLocation\",\r\n                    \"Enabled\": 1\r\n                },\r\n                {\r\n                    \"Name\": \"JMCameraModule\",\r\n                    \"Enabled\": 1\r\n                },\r\n                {\r\n                    \"Name\": \"JMVehicleSpawnerModule\",\r\n                    \"Enabled\": 1\r\n                },\r\n                {\r\n                    \"Name\": \"JMItemSetSpawnerModule\",\r\n                    \"Enabled\": 1\r\n                },\r\n                {\r\n                    \"Name\": \"JMItemSetSpawnerModuleVector\",\r\n                    \"Enabled\": 1\r\n                },\r\n                {\r\n                    \"Name\": \"JMItemSetSpawnerModulePlayer\",\r\n                    \"Enabled\": 1\r\n                },\r\n                {\r\n                    \"Name\": \"JMWeatherOldModule\",\r\n                    \"Enabled\": 1\r\n                },\r\n                {\r\n                    \"Name\": \"JMWeatherOldModuleDate\",\r\n                    \"Enabled\": 1\r\n                },\r\n                {\r\n                    \"Name\": \"JMWeatherOldModuleWind\",\r\n                    \"Enabled\": 1\r\n                },\r\n                {\r\n                    \"Name\": \"JMWeatherOldModuleOvercast\",\r\n                    \"Enabled\": 1\r\n                },\r\n                {\r\n                    \"Name\": \"JMWeatherOldModuleFog\",\r\n                    \"Enabled\": 1\r\n                },\r\n                {\r\n                    \"Name\": \"JMWeatherOldModuleRain\",\r\n                    \"Enabled\": 1\r\n                },\r\n                {\r\n                    \"Name\": \"JMWeatherOldModuleStorm\",\r\n                    \"Enabled\": 1\r\n                },\r\n                {\r\n                    \"Name\": \"JMMapModule\",\r\n                    \"Enabled\": 1\r\n                },\r\n                {\r\n                    \"Name\": \"Server\",\r\n                    \"Enabled\": 1\r\n                },\r\n                {\r\n                    \"Name\": \"PlayerJoin\",\r\n                    \"Enabled\": 1\r\n                },\r\n                {\r\n                    \"Name\": \"PlayerLeave\",\r\n                    \"Enabled\": 1\r\n                },\r\n                {\r\n                    \"Name\": \"PlayerDeath\",\r\n                    \"Enabled\": 1\r\n                },\r\n                {\r\n                    \"Name\": \"PlayerDamaged\",\r\n                    \"Enabled\": 1\r\n                },\r\n                {\r\n                    \"Name\": \"JMWebhookCOTModule\",\r\n                    \"Enabled\": 1\r\n                },\r\n                {\r\n                    \"Name\": \"JMWebhookCOTModuleURL\",\r\n                    \"Enabled\": 1\r\n                },\r\n                {\r\n                    \"Name\": \"JMWebhookCOTModuleURLSensitive\",\r\n                    \"Enabled\": 1\r\n                },\r\n                {\r\n                    \"Name\": \"JMWebhookCOTModuleType\",\r\n                    \"Enabled\": 1\r\n                },\r\n                {\r\n                    \"Name\": \"JMWebhookCOTModuleTypeSensitive\",\r\n                    \"Enabled\": 1\r\n                },\r\n                {\r\n                    \"Name\": \"ServerStartup\",\r\n                    \"Enabled\": 1\r\n                },\r\n                {\r\n                    \"Name\": \"ServerShutdown\",\r\n                    \"Enabled\": 1\r\n                },\r\n                {\r\n                    \"Name\": \"PlayerDamage\",\r\n                    \"Enabled\": 1\r\n                },\r\n                {\r\n                    \"Name\": \"AdminActive\",\r\n                    \"Enabled\": 1\r\n                }\r\n            ]\r\n        }\r\n    ]\r\n}",
    "YaraRule": [
        "discord_api"
    ]
}