{
    "scrape_url": "https://scrape.pastebin.com/api_scrape_item.php?i=atmfxgup",
    "full_url": "https://pastebin.com/atmfxgup",
    "date": "1594308203",
    "key": "atmfxgup",
    "size": 998,
    "expire": "0",
    "title": "",
    "syntax": "sql",
    "user": "",
    "filename": "atmfxgup",
    "pasteid": "atmfxgup",
    "pastesite": "pastebin.com",
    "@timestamp": "2020-07-09T15:23:23",
    "MD5": "683d4946e06a802682df6335e7690546",
    "SHA256": "9fbdbcdae61717ada8cef0db4c95d01971df3428104d5e5645e73d0ec7bbdf75",
    "raw_paste": "-- \u041d\u043e\u043c\u0435\u043d\u043a\u043b\u0430\u0442\u0443\u0440\u0430: \u0422\u0435\u043b\u0435\u0444\u043e\u043d\u043d\u0438 \u0442\u0438\u043f\u043e\u0432\u0435\r\nINSERT INTO TOP_NOMS\r\n\t   ( [CHECKSUM], [STATUS], TRCODE, HIST_USER_INI, HIST_LAST_DATE, NOMID, SIZE, NAME )\r\nVALUES\r\n\t   ( 0, 0x0, 0, '', GETDATE(), 628, 1 , '\u0422\u0435\u043b\u0435\u0444\u043e\u043d\u043d\u0438 \u0442\u0438\u043f\u043e\u0432\u0435' )\r\nGO\r\n\r\n-- \u041d\u043e\u043c\u0435\u043d\u043a\u043b\u0430\u0442\u0443\u0440\u0430: \u0413\u0440\u0430\u0434\u043e\u0432\u0435\r\nINSERT INTO TOP_NOMS\r\n\t   ( [CHECKSUM], [STATUS], TRCODE, HIST_USER_INI, HIST_LAST_DATE, NOMID, SIZE, [NAME] )\r\nVALUES\r\n\t   ( 0, 0x0, 0, '', GETDATE(), 629, 4 , '\u0413\u0440\u0430\u0434\u043e\u0432\u0435' )\r\nGO\r\n\r\nIF( OBJECT_ID('NM629', 'U') IS NULL )\r\nBEGIN\r\n\r\nCREATE TABLE NM629 \r\n( \r\n\t[CHECKSUM]\t\t\t[smallint]\t\tNOT NULL,\r\n\t[STATUS]\t\t\tdbo.STATUS\t\tNOT NULL,\r\n\t[TRCODE]\t\t\t[int]\t\t\tNOT NULL,\r\n\t[HIST_USER_INI]\t\t[INIC]\t\t\tNOT NULL,\r\n\t[HIST_LAST_DATE]    [DateTime]      NOT NULL,\r\n\t[NOMID]\t\t\t\t[smallint]\t\tNOT NULL,\r\n\t[CODE]\t\t\t\t[int]\t\t\tNOT NULL,\r\n\t[REGION]\t\t\t[char](128)\t\tNOT NULL,\r\n\r\n\tCONSTRAINT PK_NM629_CODE PRIMARY KEY (CODE),\r\n\tCONSTRAINT FK_NM629_NOMID_CODE FOREIGN KEY (NOMID, CODE)\r\n\tREFERENCES NOMS(NOMID, CODE)\r\n)\r\n\r\nEND\r\nGO\r\n\r\nEXEC dbo.SP_ADD_COUNTER 'NM629', 'NM629', 'CODE'\r\nGO",
    "YaraRule": [
        "db_structure"
    ]
}