{
    "scrape_url": "https://scrape.pastebin.com/api_scrape_item.php?i=AVJ2m5wt",
    "full_url": "https://pastebin.com/AVJ2m5wt",
    "date": "1594368110",
    "key": "AVJ2m5wt",
    "size": 2908,
    "expire": "0",
    "title": "SPL wargaming.net Acc",
    "syntax": "bash",
    "user": "TheSploit",
    "filename": "AVJ2m5wt",
    "pasteid": "AVJ2m5wt",
    "pastesite": "pastebin.com",
    "@timestamp": "2020-07-10T08:01:50",
    "MD5": "e5404a84d00ed4da066fdb8b843a8ef3",
    "SHA256": "e5a63c0a2f58ec9b3b8984dc240084e87281093e7c3102b557e8f20380716a23",
    "raw_paste": "==========================================================\r\nwargaming.net got uwu\r\nBy TheSploit :\")\r\n__________________________________________________________\r\nFindme on email indonesianweb1109@gmail.com\r\nhttps://www.youtube.com/channel/UCyNZMCmIT1lVxC0d1QUwqyA?view_as=subscriber\r\n==========================================================\r\n156103538@qq.com:135728 | 742\r\nrenildosousa@uol.com.br:reth2020 | 3\r\nrgardel@laposte.net:Mimi1504 | 15\r\njla@buckeye-express.com:hjlena | 1\r\na.seibt@bol.com.br:adriano0 | 2\r\nelizabethh@bex.net:Anking04 | 1\r\n277724365@qq.com:miuraharuma2009 | 44\r\ngavois.joffrey@laposte.net:Tassadit31 | 10\r\nnc156@laposte.net:Noe123197 | 7\r\njakistler@bex.net:ardms5602 | 1\r\nstarman304@davidbowie.com:scream | 1\r\n396094743@qq.com:raymondangel100200! | 943\r\nradley49@buckeye-express.com:shuewho | 1\r\njla@buckeyeexpress.com:hjlena | 1\r\n461886781@qq.com:779109xiao | 40\r\nrkeaton@buckeye-express.com:rlkfly55 | 1\r\nchris19@buckeye-express.com:hojo1984 | 6\r\nconnor7@dsl.pipex.com:gunner12 | 6\r\nlyndsey42@buckeyeexpress.com:aaden62 | 1\r\naulani@hawaiiantel.net:aulani3 | 4\r\nduby@buckeye-express.com:cassjake1 | 1\r\nchelltk@buckeye-express.com:reemcat09 | 6\r\n370723235@qq.com:6699_moon | 296\r\nlioness0619@buckeye-express.com:babygirl | 1\r\ncmocek010@buckeye-express.com:knights110 | 1\r\nwalker31@foxmail.com:S83p282a | 17\r\nrjk59gpk@buckeyeexpress.com:tessa59 | 4\r\nwutodi@21cn.net:50n9zhan | 42\r\nneskouwik@laposte.net:Lucas59440 | 34\r\nchris19@bex.net:hojo1984 | 6\r\npechy@tortusdeignis.com:pechna880109 | 15\r\nbcook723@twc.com:angela8268 | 10\r\nturnersigns@buckeye-access.com:2356Jimmy | 3\r\n316861986@qq.com:zyf951753 | 378\r\nsndydrmr@buckeye-express.com:hannah826 | 1\r\nmksavage@buckeye-express.com:2210kaukauna | 1\r\npestdetective@centramedia.net:roaches | 2\r\ntk425tammy@buckeyeexpress.com:Jane417 | 1\r\npxiang@fsyyy.com:px116116 | 77\r\nrab88@buckeyeexpress.com:deerfield88 | 1\r\nmateusforcinettiteixeira@uol.com.br:mati2605 | 39\r\ngarrygeorge@talktalk.net:nemesis | 67\r\nbonth@bex.net:Cessna150 | 1\r\nlokeshca@bol.net.in:webmail2980 | 1\r\nhooaahkah@buckeye-express.com:spike135 | 2\r\nredshall.gaming@laposte.net:Valerie2101 | 24\r\nkkkkxx06@laposte.net:Balavoine83 | 11\r\ndahooti6@buckeye-express.com:bailey33 | 7\r\ndcoop@accesstoledo.com:festus | 1\r\n381505937@qq.com:tompson1991 | 984\r\n157647716@qq.com:apollo789 | 16\r\nnaners@bex.net:eyesblue | 1\r\ngoodenow@hawaiiantel.net:kGG96720 | 1\r\nlb2000@talktalk.net:Anneleise3 | 17\r\npaulk@a1.net:kathi3103 | 3\r\njed.m@talktalk.net:jedijed01 | 27\r\nnicola67martin@talktalk.net:sun24shine | 1\r\nsergiocarvalho2000@ig.com.br:saojorge123 | 1\r\nguminghu2179@vip.qq.com:19920805Gmh | 93\r\nmin01051877554@nate.com:dlwjdals0 | 2\r\ndkdlemfh@nate.com:qnfxkfk12! | 2\r\ngoldyut@nate.com:kks246372 | 16\r\nwitwitwitwit@qq.com:xilu1986 | 37\r\nmagalie-tas@laposte.net:Tj233391 | 2\r\nmarcoust@uol.com.br:gabi99 | 8\r\nteresaandrobert@twc.com:caleb0304 | 12\r\njakistler@buckeyeexpress.com:ardms5602 | 1",
    "YaraRule": [
        "email_list",
        "email_filter"
    ],
    "total_emails": 68,
    "unique_emails": 68,
    "unique_domains": 25
}