{
    "scrape_url": "https://scrape.pastebin.com/api_scrape_item.php?i=BfFGDeNu",
    "full_url": "https://pastebin.com/BfFGDeNu",
    "date": "1594406230",
    "key": "BfFGDeNu",
    "size": 15562,
    "expire": "1609958230",
    "title": "Roll:08",
    "syntax": "html4strict",
    "user": "",
    "filename": "BfFGDeNu",
    "pasteid": "BfFGDeNu",
    "pastesite": "pastebin.com",
    "@timestamp": "2020-07-10T18:37:10",
    "MD5": "46dd6dc05eed09a41e34bb26d8c2b6e9",
    "SHA256": "ee0d22081331562a8b12c1cde40df7ee65b7033f59c841a4e0fec057dc2a38ff",
    "raw_paste": "<!DOCTYPE html>\r\n\r\n<html>\r\n    <head>\r\n        <title>TODO supply a title</title>\r\n        <meta charset=\"UTF-8\">\r\n        <meta name=\"viewport\" content=\"width=device-width, initial-scale=1.0\">\r\n        <link rel=\"stylesheet\" href=\"https://maxcdn.bootstrapcdn.com/bootstrap/4.5.0/css/bootstrap.min.css\">\r\n        <script src=\"https://ajax.googleapis.com/ajax/libs/jquery/3.5.1/jquery.min.js\"></script>\r\n        <script src=\"https://cdnjs.cloudflare.com/ajax/libs/popper.js/1.16.0/umd/popper.min.js\"></script>\r\n        <script src=\"https://maxcdn.bootstrapcdn.com/bootstrap/4.5.0/js/bootstrap.min.js\"></script>\r\n        <link rel=\"stylesheet\" type=\"text/css\" href=\"class/style.css\">\r\n        <link rel=\"stylesheet\" href=\"https://cdnjs.cloudflare.com/ajax/libs/font-awesome/4.7.0/css/font-awesome.min.css\">\r\n    </head>\r\n    <body>\r\n       <nav class=\"navbar navbar-expand-md navbar-dark fixed-top bg-dark\">\r\n           <a class=\"navbar-brand\" href=\"#\"><i>Touch\u00e9</i></a>\r\n        <button class=\"navbar-toggler\" type=\"button\" data-toggle=\"collapse\" data-target=\"#navbarsExampleDefault\" aria-controls=\"navbarsExampleDefault\" aria-expanded=\"false\" aria-label=\"Toggle navigation\">\r\n          <span class=\"navbar-toggler-icon\"></span>\r\n        </button> \r\n      <div class=\"collapse navbar-collapse\" id=\"navbarsExampleDefault\">\r\n        <ul class=\"navbar-nav mr-auto\">\r\n          <li class=\"nav-item active\">\r\n            <a class=\"nav-link\" href=\"#\">Home</a>\r\n          </li>\r\n          <li class=\"nav-item\">\r\n            <a class=\"nav-link\" href=\"#\">About</a>\r\n          </li>\r\n          <li class=\"nav-item\">\r\n            <a class=\"nav-link\" href=\"#reservation\">Reservation</a>\r\n          </li>\r\n          <li class=\"nav-item dropdown\">\r\n             <a class=\"nav-link dropdown-toggle\" href=\"#\" id=\"navbardrop\" data-toggle=\"dropdown\">\r\n            Menu\r\n             </a>\r\n               <div class=\"dropdown-menu\">\r\n                   <a class=\"dropdown-item\" href=\"#img\">Menu:Standard</a>\r\n                   <a class=\"dropdown-item\" href=\"#no_img\">Menu:No Images</a>\r\n               </div>\r\n          </li> \r\n           <li class=\"nav-item\">\r\n            <a class=\"nav-link\" href=\"#gallery\">Gallery</a>\r\n          </li>\r\n        </ul>\r\n          <form class=\"form-inline my-2 my-lg-0\">\r\n          <input class=\"form-control mr-sm-2\" type=\"text\" placeholder=\"Search\" aria-label=\"Search\">\r\n          <button class=\"btn btn-outline-success my-2 my-sm-0\" type=\"submit\">Search</button>\r\n        </form> \r\n      </div>   \r\n    </nav>\r\n   \r\n             <!row container>\r\n             \r\n   <div class=\"container-fluild\">\r\n       <div class=\"row body\">\r\n           <div class=\"b1\">\r\n               <p class=\"tx1\"><i>CAF\u00c9 / RESTAURANT</i></p>\r\n               <h2><strong>Touch\u00e9</strong></h2>\r\n               <p class=\"tx\">Lorem ipsum dolor sit amet, consectetur adipisicing elit. Non illo, alias animi iusto neque, sint corrupti? Laudantium, dignissimos id excepturi facilis, facere saepe quasi placeat praesentium ipsa sapiente illo molestiae?</p>\r\n           </div>\r\n       </div>\r\n   </div>\r\n             <!row manu>\r\n             \r\n             <div class=\"container\" id=\"img\">\r\n                 <div class=\"menu\">\r\n                    <div class=\"m1\">\r\n                     <h3><strong>Our menu</strong></h3>\r\n                     <p>Lorem ipsum dolor sit amet, consectetur adipisicing elit. Ratione numquam eos perferendis itaque hic unde, ad, laudantium minima.</p>\r\n                    </div>\r\n                 </div> \r\n                 <div class=\"menu1\">\r\n                     <div class=\"m2 col-12 col-sm-12 col-md-6 col-lg-6\">\r\n                         <div class=\"im\"></div>\r\n                         <div class=\"txt\">\r\n                             <h6><strong>Lorem ipsum dolor sit amet</strong></h6>\r\n                             <p><i>Lorem ipsum dolor sit amet, consectetur adipisicing elit. Modi, obcaecati!</i></p>\r\n                         </div>\r\n                         <div class=\"pr\"><h1><strong>$14</strong></h1></div>\r\n                     </div>\r\n                     <div class=\"m3  col-12 col-sm-12 col-md-6 col-lg-6\">\r\n                         <div class=\"im0\"></div>\r\n                         <div class=\"txt0\">\r\n                             <h6><strong>Lorem ipsum dolor sit amet</strong></h6>\r\n                             <p><i>Lorem ipsum dolor sit amet, consectetur adipisicing elit. Modi, obcaecati!</i></p>\r\n                         </div>\r\n                         <div class=\"pr0\"><h1><strong>$22</strong></h1></div>\r\n                     </div>\r\n                     <div class=\"m2  col-12 col-sm-12 col-md-6 col-lg-6\">\r\n                         <div class=\"im1\"></div>\r\n                         <div class=\"txt1\">\r\n                             <h6><strong>Lorem ipsum dolor sit amet</strong></h6>\r\n                             <p><i>Lorem ipsum dolor sit amet, consectetur adipisicing elit. Modi, obcaecati!</i></p>\r\n                         </div>\r\n                         <div class=\"pr1\"><h1><strong>$17</strong></h1></div>\r\n                     </div>\r\n                     <div class=\"m3  col-12 col-sm-12 col-md-6 col-lg-6\">\r\n                         <div class=\"im2\"></div>\r\n                         <div class=\"txt2\">\r\n                            <h6><strong>Lorem ipsum dolor sit amet</strong></h6>\r\n                             <p><i>Lorem ipsum dolor sit amet, consectetur adipisicing elit. Modi, obcaecati!</i></p>\r\n                         </div>\r\n                         <div class=\"pr2\"><h1><strong>$20</strong></h1></div>\r\n                     </div>\r\n                     <div class=\"m2  col-12 col-sm-12 col-md-6 col-lg-6\">\r\n                         <div class=\"im3\"></div>\r\n                         <div class=\"txt3\">\r\n                           <h6><strong>Lorem ipsum dolor sit amet</strong></h6>\r\n                             <p><i>Lorem ipsum dolor sit amet, consectetur adipisicing elit. Modi, obcaecati!</i></p>\r\n                         </div>\r\n                         <div class=\"pr3\"><h1><strong>$21</strong></h1></div>\r\n                     </div>\r\n                     <div class=\"m3  col-12 col-sm-12 col-md-6 col-lg-6\">\r\n                         <div class=\"im4\"></div>\r\n                         <div class=\"txt4\">\r\n                             <h6><strong>Lorem ipsum dolor sit amet</strong></h6>\r\n                             <p><i>Lorem ipsum dolor sit amet, consectetur adipisicing elit. Modi, obcaecati!</i></p>\r\n                         </div>\r\n                         <div class=\"pr4\"><h1><strong>$19</strong></h1></div>\r\n                     </div>\r\n                 </div>\r\n             </div>\r\n             \r\n             <!row carousel>\r\n             \r\n    <div id=\"demo\" class=\"carousel slide\" data-ride=\"carousel\">\r\n        <ul class=\"carousel-indicators\">\r\n           <li data-target=\"#demo\" data-slide-to=\"0\" class=\"active\"></li>\r\n           <li data-target=\"#demo\" data-slide-to=\"1\"></li>\r\n           <li data-target=\"#demo\" data-slide-to=\"2\"></li>\r\n        </ul>\r\n     <div class=\"carousel-inner\">\r\n         <div class=\"carousel-item  active\">\r\n            <img src=\"https://static.wixstatic.com/media/4a5235_ecc809a3c75d43558d6b8b27d911f9f9~mv2.jpg/v1/fill/w_924,h_616,al_c,q_90/4a5235_ecc809a3c75d43558d6b8b27d911f9f9~mv2.jpg\" alt=\"\" width=\"100%\" height=\"400px\">\r\n            <div class=\"carousel-caption\">\r\n                <p>Lorem ipsum dolor sit amet, consectetur adipisicing elit. Totam placeat molestiae ab, consectetur.</p>\r\n            </div>\r\n       </div>\r\n        <div class=\"carousel-item\">\r\n            <img src=\"https://images.karltayloreducation.com/spai/w_974+q_lossless+ret_img+ex_1+to_webp/https://www.karltayloreducation.com/wp-content/uploads/2019/08/Home-cooking-2148.jpg\" alt=\"\" width=\"100%\" height=\"400px\">\r\n            <div class=\"carousel-caption\">\r\n                <p>Lorem ipsum dolor sit amet, consectetur adipisicing elit. Totam placeat molestiae ab, consectetur.</p>\r\n            </div>\r\n        </div>\r\n        <div class=\"carousel-item\">\r\n            <img src=\"https://encrypted-tbn0.gstatic.com/images?q=tbn%3AANd9GcSjn489bOgDnKaM9_ogbSKpBHhPiprtL6NPxw&usqp=CAU\" alt=\"\" width=\"100%\" height=\"400px\">\r\n            <div class=\"carousel-caption text-body\">\r\n                <p><strong>Lorem ipsum dolor sit amet, consectetur adipisicing elit. Totam placeat molestiae ab, consectetur.</strong></p>\r\n            </div>\r\n        </div>\r\n      </div>\r\n      <a class=\"carousel-control-prev\" href=\"#demo\" data-slide=\"prev\">\r\n       <span class=\"carousel-control-prev-icon\"></span>\r\n      </a>\r\n      <a class=\"carousel-control-next\" href=\"#demo\" data-slide=\"next\">\r\n        <span class=\"carousel-control-next-icon\"></span>\r\n      </a>\r\n    </div> \r\n             <!no img menu>\r\n             \r\n             <div class=\"container\" id=\"no_img\">\r\n                 <div class=\"menu\">\r\n                     <div class=\"m1\">\r\n                     <h3><strong>Browse by categories</strong></h3>\r\n                     <p>Lorem ipsum dolor sit amet, consectetur adipisicing elit. Ratione numquam eos perferendis itaque hic unde, ad, laudantium minima.</p>\r\n                    </div>\r\n                 </div> \r\n                 <div class=\"menu1\">\r\n                     <div class=\"m2 col-12 col-sm-12 col-md-6 col-lg-6\">\r\n                         <div class=\"nm\">\r\n                             <h4><strong>Lorem ipsum dolor sit amet</strong></h4>\r\n                             <p>Lorem ipsum dolor sit amet, consectetur adipisicing elit. Modi, obcaecati! </p>\r\n                         </div>\r\n                         <div class=\"pr\"><h2><strong>$10</strong></h2></div>\r\n                     </div>\r\n                     <div class=\"m3 col-12 col-sm-12 col-md-6 col-lg-6\">\r\n                         <div class=\"nm\">\r\n                             <h4><strong>Lorem ipsum dolor sit amet</strong></h4>\r\n                             <p>Lorem ipsum dolor sit amet, consectetur adipisicing elit. Modi, obcaecati! Sapiente laudantium, dolorum mollitia voluptas.</p>\r\n                         </div>\r\n                         <div class=\"pr\"><h2><strong>$13</strong></h2></div>\r\n                     </div>\r\n                     <div class=\"m2 col-12 col-sm-12 col-md-6 col-lg-6\">\r\n                         <div class=\"nm\">\r\n                             <h4><strong>Lorem ipsum dolor sit amet</strong></h4>\r\n                             <p>Lorem ipsum dolor sit amet, consectetur adipisicing elit. Modi, obcaecati! Sapiente laudantium, dolorum mollitia voluptas.</p>\r\n                         </div>\r\n                         <div class=\"pr\"><h2><strong>$15</strong></h2></div>\r\n                     </div>\r\n                     <div class=\"m3 col-12 col-sm-12 col-md-6 col-lg-6\">\r\n                         <div class=\"nm\">\r\n                             <h4><strong>Lorem ipsum dolor sit amet</strong></h4>\r\n                             <p>Lorem ipsum dolor sit amet, consectetur adipisicing elit. Modi, obcaecati! Sapiente laudantium, dolorum mollitia voluptas.</p>\r\n                         </div>\r\n                         <div class=\"pr\"><h2><strong>$9</strong></h2></div>\r\n                     </div>\r\n                     <div class=\"m2 col-12 col-sm-12 col-md-6 col-lg-6\">\r\n                         <div class=\"nm\">\r\n                             <h4><strong>Lorem ipsum dolor sit amet</strong></h4>\r\n                             <p>Lorem ipsum dolor sit amet, consectetur adipisicing elit. Modi, obcaecati! Sapiente laudantium, dolorum mollitia voluptas.</p>\r\n                         </div>\r\n                         <div class=\"pr\"><h2><strong>$7</strong></h2></div>\r\n                     </div>\r\n                     <div class=\"m3 col-12 col-sm-12 col-md-6 col-lg-6\">\r\n                         <div class=\"nm\">\r\n                             <h4><strong>Lorem ipsum dolor sit amet</strong></h4>\r\n                             <p>Lorem ipsum dolor sit amet, consectetur adipisicing elit. Modi, obcaecati! Sapiente laudantium, dolorum mollitia voluptas.</p>\r\n                         </div>\r\n                         <div class=\"pr\"><h2><strong>$12</strong></h2></div>\r\n                     </div>\r\n                 </div>\r\n             </div>\r\n             \r\n            <!row contact>             \r\n        <div class=\"container\" id=\"reservation\">\r\n            <div class=\"contect\">\r\n                <h3><strong><i>Make online reservation</i></strong></h3>\r\n                <p>Lorem ipsum dolor sit amet, consectetur adipisicing elit. Quisquam illo praesentium sequi in cum, beatae maiores quae qui.</p>\r\n            </div>\r\n        <form class=\"mt-3\">\r\n            <div class=\"form-group row\">\r\n                <div class=\"col-sm-5\">\r\n                    <input type=\"text\" class=\"form-control\" placeholder=\"Full Name\">\r\n                </div>\r\n                <div class=\"col-sm-5\">\r\n                    <select name=\"city\" id=\"\" class=\"form-control\">\r\n                        <option>person</option>\r\n                        <option>1 person</option>\r\n                        <option>2 person</option>\r\n                        <option>3 person</option>\r\n                        <option>4 person</option>\r\n                        <option>5 person</option>\r\n                    </select>               \r\n                </div>\r\n            </div>\r\n            <div class=\"form-group row\">\r\n                <div class=\"col-sm-5\">\r\n                    <input type=\"number\" class=\"form-control\" placeholder=\"Phone Number\">\r\n                </div>\r\n                <div class=\"col-sm-5\">\r\n                    <input type=\"date\" class=\"form-control\" placeholder=\"Date\">\r\n                </div>\r\n            </div>\r\n             <div class=\"form-group row\">\r\n                <div class=\"col-sm-5\">\r\n                    <input type=\"time\" class=\"form-control\" placeholder=\"Time\">\r\n                </div>\r\n                <div class=\"col-sm-5\">\r\n                    <input type=\"email\" class=\"form-control\" placeholder=\"Email address\">\r\n                </div>\r\n             </div>\r\n             <div class=\"form-group row\">\r\n                  <div class=\"col-sm-3\">\r\n                    <input type=\"submit\" class=\"form-control sb\" value=\"RESERVE A TABLE\">\r\n                  </div>\r\n             </div>\r\n          </form>\r\n      </div>\r\n           \r\n            <!row footer>\r\n            \r\n            <div class=\"container-fluild\">\r\n                <div class=\"footer bg-dark\">\r\n                    <div class=\"f1\">\r\n                        <h5><b>About us</b></h5>\r\n                        <p><i>Lorem ipsum dolor sit amet, consectetur adipisicing elit. Corrupti dolorum, sint corporis nostrum, possimus unde eos vitae eius quasi saepe.</i></p>\r\n                    </div>\r\n                    <div class=\"f2\">\r\n                        <h5><b>Contect</b></h5>\r\n                        <div class=\"email col-7\"><a href=\"#\"><i class=\"fa fa-envelope\" aria-hidden=\"true\"></i>angkon17@gmail.com</a></div>\r\n                        <div class=\"phone col-5\"><a href=\"#\"><i class=\"fa fa-phone-square\" aria-hidden=\"true\"></i></a>+1 987 654 3210</div>\r\n                    </div>\r\n                    <div class=\"f3\">\r\n                        <h6><b>OPENING HOURS</b></h6>\r\n                        <p>MONDAY - THURSDAY</p>\r\n                        <h5>10:00 AM - 11:00 PM</h5>\r\n                        <p>FRIDAY - SUNDAY</p>\r\n                        <h5>12:00 AM - 03:00 AM</h5>\r\n                    </div>\r\n                </div>\r\n            </div>\r\n   </body>\r\n</html>",
    "YaraRule": [
        "enable_org32",
        "core_keywords"
    ]
}