{
    "scrape_url": "https://scrape.pastebin.com/api_scrape_item.php?i=BjQjsG7Q",
    "full_url": "https://pastebin.com/BjQjsG7Q",
    "date": "1594386598",
    "key": "BjQjsG7Q",
    "size": 2898,
    "expire": "0",
    "title": "Controller",
    "syntax": "java",
    "user": "",
    "filename": "BjQjsG7Q",
    "pasteid": "BjQjsG7Q",
    "pastesite": "pastebin.com",
    "@timestamp": "2020-07-10T13:09:58",
    "MD5": "54240d0bd54ba6925a9bcac7cbde2dac",
    "SHA256": "58d4a7f117dc72ff227a9b12f7e0f1340897445fdcee1248a0900b76a93f7503",
    "raw_paste": "package controller;\r\nimport javax.swing.JOptionPane;\r\nimport javax.swing.table.DefaultTableModel;\r\n\r\nimport data.Applicant;\r\nimport data.DataStorage;\r\nimport data.Staff;\r\n\r\npublic class Controller {\r\n\r\n\r\n\tpublic DataStorage datastorage = new DataStorage();\r\n\tprivate String tt = \"\";\r\n\r\n\r\n\tpublic DataStorage getDatastorage() {\r\n\t \t return datastorage; \r\n\t}\r\n\r\n\tpublic void setDatastorage(DataStorage datastorage) { \r\n\t\t this.datastorage = datastorage; \r\n\t}\r\n\r\n\tpublic Applicant getAllApplicants() { \r\n\t\t// TODO Auto-generated method\r\n\t\treturn null;\r\n\t }\r\n\r\n\tpublic Boolean verify_login(String id, String p) { \r\n\t\tString real = p;\r\n\t\tString cc = \"\";\r\n\t\tStaff t = datastorage.getStaff(id);\r\n\t\tif(t!=null){\r\n\t\t\tcc = t.getPassword().toString();\r\n\t\t\ttt = t.getType().toString();\r\n\t\t\tSystem.out.println(\"You have selected:\"+tt);\r\n\t\t}\r\n\t\t\telse\r\n\t\t\t{\r\n\t\t\t\tcc=\"There is no object\";\r\n\t\t\t}\r\n\t\t\tif(real.equals(cc) && tt.equals(\"Staff\"))\r\n\t\t\t{\r\n\t\t\t\tString msg = \"Login Successful You have chosen Staff\";\r\n\t\t\t\tJOptionPane.showMessageDialog(null, msg, \"Login\", JOptionPane.INFORMATION_MESSAGE);\r\n\t\t\t\treturn true;\r\n\t\t\t}\r\n\t\t\telse if(real.equals(cc) && tt.equals(\"Manager\"))\r\n\t\t\t{\r\n\t\t\t\tString msg = \"Login Successful You have chosen Manager\";\r\n\t\t\t\tJOptionPane.showMessageDialog(null, msg, \"Login\", JOptionPane.INFORMATION_MESSAGE);\r\n\t\t\treturn true;\r\n\t\t\t}\r\n\t\t\telse\r\n\t\t\t{\r\n\t\t\t\tString msg = \"Wrong Username or Password\";\r\n\t\t\t\tJOptionPane.showMessageDialog(null, msg, \"Login\", JOptionPane.INFORMATION_MESSAGE);\r\n\t\t\t\treturn false;\r\n\t\t\t}\r\n\t }\r\n\r\n\tpublic Applicant view_Applicants() { \r\n\t\t// TODO Auto-generated method\r\n\t\treturn null;\r\n\t }\r\n\r\n\tpublic void add_Applicants(int mobile_number, String name, int current_salary, int expected_salary, String email) { \r\n\t\tApplicant p1 = new Applicant(mobile_number, name, current_salary, expected_salary, email);\r\n\t\tp1.setMobile_Number(mobile_number);\r\n\t\tp1.setName(name);\r\n\t\tp1.setCurrent_Salary(current_salary);\r\n\t\tp1.setExpected_Salary(expected_salary);\r\n\t\tp1.setEmail(email);\r\n\t\tthis.datastorage.storeApplicants(p1);\r\n\t }\r\n\t\r\n\tpublic Applicant[] getAllApplicant()\r\n\t{\r\n\t\treturn this.datastorage.getAllApplicant();\r\n\t}\r\n\r\n\tpublic void generate_List(int time, String date) { \r\n\t\t// TODO Auto-generated method\r\n\t }\r\n\r\n\r\n\tpublic void regStaff(String p, String id, String t) { \r\n\t\tStaff staff = new Staff();\r\n\t\tstaff.setUser_id(id);\r\n\t\tstaff.setPassword(p);\r\n\t\tstaff.setType(t);\r\n\t\tthis.datastorage.storeStaffandManager(staff);\r\n\t }\r\n\r\n\r\n\tpublic void addShortlisted(String name, String status) { \r\n\t\t// TODO Auto-generated method\r\n\t }\r\n\r\n\r\n\tpublic void shortlist_Applicants(String name, String status) { \r\n\t\t// TODO Auto-generated method\r\n\t }\r\n\r\n\tpublic void login(String p, String id) { \r\n\t\t// TODO Auto-generated method\r\n\t }\r\n\r\n\tpublic void edit_Applicants(int index, Applicant details) { \r\n\t\t// TODO Auto-generated method\r\n\t }\r\n\tpublic String getType()\r\n\t{\r\n\t\treturn tt;\r\n\t}\r\n\r\n}",
    "YaraRule": [
        "enable_org32",
        "core_keywords"
    ]
}