{
    "scrape_url": "https://scrape.pastebin.com/api_scrape_item.php?i=C10wGqJj",
    "full_url": "https://pastebin.com/C10wGqJj",
    "date": "1594306847",
    "key": "C10wGqJj",
    "size": 374,
    "expire": "0",
    "title": "",
    "syntax": "cpp",
    "user": "",
    "filename": "C10wGqJj",
    "pasteid": "C10wGqJj",
    "pastesite": "pastebin.com",
    "@timestamp": "2020-07-09T15:00:47",
    "MD5": "ff4bc4f96d673b92274430414c8b831d",
    "SHA256": "3cfddf68ff2383dd3ef5bd2cd87b3cdef3478ebc47b779357ae6acc3cc881594",
    "raw_paste": "float DirtLevelCondition::GetConditionProgess() const\r\n{\r\n\tswitch (checkType)\r\n\t{\r\n\tcase kCheckTypeEquals:\r\n\t\tif(curDirtLevel < dirtLevel)\r\n\t\t{\r\n\tcase kCheckTypeGreater:\r\n\t\t\treturn Saturate(curDirtLevel / dirtLevel);\r\n\t\t}\r\n\t\telse\r\n\t\t{\r\n\tcase kCheckTypeLess:\r\n\t\t\treturn Saturate((1 - curDirtLevel) / (1 - dirtLevel));\r\n\t\t}\r\n\t\tbreak;\r\n\tdefault:\r\n\t\tbreak;\r\n\t}\r\n\treturn 0.0f;\r\n}",
    "YaraRule": [
        "enable_org32",
        "core_keywords"
    ]
}