{
    "scrape_url": "https://scrape.pastebin.com/api_scrape_item.php?i=c6X9uNHT",
    "full_url": "https://pastebin.com/c6X9uNHT",
    "date": "1594376516",
    "key": "c6X9uNHT",
    "size": 35766,
    "expire": "0",
    "title": "",
    "syntax": "csharp",
    "user": "",
    "filename": "c6X9uNHT",
    "pasteid": "c6X9uNHT",
    "pastesite": "pastebin.com",
    "@timestamp": "2020-07-10T10:21:56",
    "MD5": "ecde01a36d2d0a63f6aa4af8d1871860",
    "SHA256": "04533f549d6a92fb3d377236d950e661fc0bdacbd9c1f307e2fc0ec0a330d72c",
    "raw_paste": "/**\r\n * Copyright 1998-2013 Epic Games, Inc. All Rights Reserved.\r\n */\r\n\r\nusing System;\r\nusing System.Collections.Generic;\r\nusing System.Text.RegularExpressions;\r\nusing System.Diagnostics;\r\nusing System.IO;\r\nusing Microsoft.Win32;\r\n\r\nnamespace UnrealBuildTool\r\n{\r\n\tclass VCToolChain\r\n\t{\r\n\t\tstatic string GetCLArguments_Global(CPPEnvironment CompileEnvironment)\r\n\t\t{\r\n\t\t\tstring Result = \"\";\r\n\r\n\t\t\t// Prevents the compiler from displaying its logo for each invocation.\r\n\t\t\tResult += \" /nologo\";\r\n\r\n\t\t\t// Enable intrinsic functions.\r\n\t\t\tResult += \" /Oi\";\r\n\r\n\t\t\t// Enable for static code analysis (where supported). Not treating analysis warnings as errors.\r\n\t\t\t// Result += \" /analyze:WX-\";\r\n\r\n\t\t\t// Pack struct members on 4-byte boundaries.\r\n\t\t\tResult += \" /Zp4\";\r\n\r\n\t\t\t// Separate functions for linker.\r\n\t\t\tResult += \" /Gy\";\r\n\r\n\t\t\t// Relaxes floating point precision semantics to allow more optimization.\r\n\t\t\tResult += \" /fp:fast\";\r\n\r\n\t\t\t// Compile into an .obj file, and skip linking.\r\n\t\t\tResult += \" /c\";\r\n\r\n\t\t\t// Allow 400% of the default memory allocation limit.\r\n\t\t\tResult += \" /Zm400\";\r\n\r\n\t\t\t// Allow large object files to avoid hitting the 2^16 section limit when running with -StressTestUnity.\r\n\t\t\tResult += \" /bigobj\";\r\n\r\n\t\t\t// Disable \"The file contains a character that cannot be represented in the current code page\" warning for non-US windows.\r\n\t\t\tResult += \" /wd4819\";\r\n\r\n\t\t\t// Handle Common Language Runtime support (C++/CLI)\r\n\t\t\tif( CompileEnvironment.CLRMode == CPPCLRMode.CLREnabled )\r\n\t\t\t{\r\n\t\t\t\tResult += \" /clr\";\r\n\r\n\t\t\t\t// Don't use default lib path, we override it explicitly to use the 4.0 reference assemblies.\r\n\t\t\t\tResult += \" /clr:nostdlib\";\r\n\t\t\t}\r\n\r\n\t\t\tbool bUseDebugRuntimeLibrary = false;\r\n\t\t\tbool bUseStaticRuntimeLibrary = false;\r\n\r\n\t\t\t//\r\n\t\t\t//\tDebug\r\n\t\t\t//\r\n\t\t\tif( CompileEnvironment.TargetConfiguration == CPPTargetConfiguration.Debug )\r\n\t\t\t{\r\n\t\t\t\t// Use debug runtime in debug configuration.\r\n\t\t\t\tbUseDebugRuntimeLibrary = true;\r\n\r\n\t\t\t\t// Disable compiler optimization.\r\n\t\t\t\tResult += \" /Od\";\r\n\r\n\t\t\t\t// Favor code size (especially useful for embedded platforms).\r\n\t\t\t\tResult += \" /Os\";\r\n\r\n\t\t\t\t// Allow inline method expansion unless E&C support is requested.\r\n\t\t\t\tif( !BuildConfiguration.bSupportEditAndContinue )\r\n\t\t\t\t{\r\n\t\t\t\t\tResult += \" /Ob2\";\r\n\t\t\t\t}\r\n\r\n\t\t\t\tif( CompileEnvironment.TargetPlatform == CPPTargetPlatform.Win32 || CompileEnvironment.TargetPlatform == CPPTargetPlatform.Win64 )\r\n\t\t\t\t{\r\n\t\t\t\t\t// Runtime stack checks are not allowed when compiling for CLR\r\n\t\t\t\t\tif( CompileEnvironment.CLRMode == CPPCLRMode.CLRDisabled )\r\n\t\t\t\t\t{\r\n\t\t\t\t\t\tResult += \" /RTCs\";\r\n\t\t\t\t\t}\r\n\t\t\t\t}\r\n\t\t\t}\r\n\t\t\t//\r\n\t\t\t//\tRelease and LTCG\r\n\t\t\t//\r\n\t\t\telse\r\n\t\t\t{\r\n\t\t\t\t// Maximum optimizations.\r\n\t\t\t\tResult += \" /Ox\";\r\n\r\n\t\t\t\t// Favor code speed.\r\n\t\t\t\tResult += \" /Ot\";\r\n\r\n\t\t\t\t// Only omit frame pointers on the PC (which is implied by /Ox) if wanted.\r\n\t\t\t\tif ( BuildConfiguration.bOmitFramePointers == false\r\n\t\t\t\t&&  (CompileEnvironment.TargetPlatform == CPPTargetPlatform.Win32 || CompileEnvironment.TargetPlatform == CPPTargetPlatform.Win64) )\r\n\t\t\t\t{\r\n\t\t\t\t\tResult += \" /Oy-\";\r\n\t\t\t\t}\r\n\r\n\t\t\t\t// Allow inline method expansion.\t\t\t\r\n\t\t\t\tResult += \" /Ob2\";\r\n\r\n\t\t\t\t//\r\n\t\t\t\t// LTCG\r\n\t\t\t\t//\r\n\t\t\t\tif (CompileEnvironment.TargetConfiguration == CPPTargetConfiguration.Shipping || CompileEnvironment.TargetConfiguration == CPPTargetConfiguration.Test)\r\n\t\t\t\t{\r\n\t\t\t\t\tif (BuildConfiguration.bAllowLTCG && !(CompileEnvironment.TargetPlatform == CPPTargetPlatform.Win32 || CompileEnvironment.TargetPlatform == CPPTargetPlatform.Win64))\r\n\t\t\t\t\t{\r\n\t\t\t\t\t\t// Enable link-time code generation.\r\n\t\t\t\t\t\tResult += \" /GL\";\r\n\t\t\t\t\t}\r\n\t\t\t\t}\r\n\t\t\t}\r\n\r\n\t\t\t//\r\n\t\t\t//\tPC\r\n\t\t\t//\r\n\t\t\tif( CompileEnvironment.TargetPlatform == CPPTargetPlatform.Win32 || CompileEnvironment.TargetPlatform == CPPTargetPlatform.Win64 )\r\n\t\t\t{\r\n\t\t\t\t// SSE options are not allowed when using CLR compilation or the 64 bit toolchain\r\n\t\t\t\t// (both enable SSE2 automatically)\r\n\t\t\t\tif (CompileEnvironment.CLRMode == CPPCLRMode.CLRDisabled &&\r\n\t\t\t\t\tCompileEnvironment.TargetPlatform != CPPTargetPlatform.Win64)\r\n\t\t\t\t{\r\n\t\t\t\t\t// Allow the compiler to generate SSE2 instructions.\r\n\t\t\t\t\tResult += \" /arch:SSE2\";\r\n\t\t\t\t}\r\n\r\n\t\t\t\t// Prompt the user before reporting internal errors to Microsoft.\r\n\t\t\t\tResult += \" /errorReport:prompt\";\r\n\r\n\t\t\t\tif( CompileEnvironment.CLRMode == CPPCLRMode.CLRDisabled )\r\n\t\t\t\t{\r\n\t\t\t\t\t// Enable C++ exception handling, but not C exceptions.\r\n\t\t\t\t\tResult += \" /EHsc\";\r\n\t\t\t\t}\r\n\t\t\t\telse\r\n\t\t\t\t{\r\n\t\t\t\t\t// For C++/CLI all exceptions must be left enabled\r\n\t\t\t\t\tResult += \" /EHa\";\r\n\t\t\t\t}\r\n\t\t\t}\r\n\r\n\t\t\t// If enabled, create debug information.\r\n\t\t\tif( CompileEnvironment.bCreateDebugInfo )\r\n\t\t\t{\r\n\t\t\t\t// Store debug info in .pdb files.\r\n\t\t\t\tif( BuildConfiguration.bUsePDBFiles )\r\n\t\t\t\t{\r\n\t\t\t\t\t// Create debug info suitable for E&C if wanted.\r\n\t\t\t\t\tif( BuildConfiguration.bSupportEditAndContinue\r\n\t\t\t\t\t// We only need to do this in debug as that's the only configuration that supports E&C.\r\n\t\t\t\t\t&& CompileEnvironment.TargetConfiguration == CPPTargetConfiguration.Debug )\r\n\t\t\t\t\t{\r\n\t\t\t\t\t\tResult += \" /ZI\";\r\n\t\t\t\t\t}\r\n\t\t\t\t\t// Regular PDB debug information.\r\n\t\t\t\t\telse\r\n\t\t\t\t\t{\r\n\t\t\t\t\t\tResult += \" /Zi\";\r\n\t\t\t\t\t}\r\n\t\t\t\t}\r\n\t\t\t\t// Store C7-format debug info in the .obj files, which is faster.\r\n\t\t\t\telse\r\n\t\t\t\t{\r\n\t\t\t\t\tResult += \" /Z7\";\r\n\t\t\t\t}\r\n\t\t\t}\r\n\r\n\t\t\t// Specify the appropriate runtime library based on the platform and config.\r\n\t\t\tResult += string.Format(\r\n\t\t\t\t\" /M{0}{1}\",\r\n\t\t\t\tbUseStaticRuntimeLibrary ? 'T' : 'D',\r\n\t\t\t\tbUseDebugRuntimeLibrary ? \"d\" : \"\"\r\n\t\t\t\t);\r\n\r\n\t\t\treturn Result;\r\n\t\t}\r\n\r\n\t\tstatic string GetCLArguments_CPP( CPPEnvironment CompileEnvironment )\r\n\t\t{\r\n\t\t\tstring Result = \"\";\r\n\r\n\t\t\t// Explicitly compile the file as C++.\r\n\t\t\tResult += \" /TP\";\r\n\r\n\t\t\t// C++/CLI requires that RTTI is left enabled\r\n\t\t\tif( CompileEnvironment.CLRMode == CPPCLRMode.CLRDisabled )\r\n\t\t\t{\r\n\t\t\t\t// Disable C++ RTTI.\r\n\t\t\t\tResult += \" /GR-\";\r\n\t\t\t}\r\n\r\n\t\t\t// Treat warnings as errors.\r\n\t\t\tResult += \" /WX\";\r\n\r\n\t\t\t// Level 4 warnings.\r\n\t\t\tResult += \" /W4\";\r\n\r\n\t\t\treturn Result;\r\n\t\t}\r\n\t\t\r\n\t\tstatic string GetCLArguments_C()\r\n\t\t{\r\n\t\t\tstring Result = \"\";\r\n\t\t\t\r\n\t\t\t// Explicitly compile the file as C.\r\n\t\t\tResult += \" /TC\";\r\n\t\t\r\n\t\t\t// Level 0 warnings.  Needed for external C projects that produce warnings at higher warning levels.\r\n\t\t\tResult += \" /W0\";\r\n\r\n\t\t\treturn Result;\r\n\t\t}\r\n\r\n\t\tstatic string GetLinkArguments(LinkEnvironment LinkEnvironment)\r\n\t\t{\r\n\t\t\tstring Result = \"\";\r\n\r\n\t\t\t// Don't create a side-by-side manifest file for the executable.\r\n\t\t\tResult += \" /MANIFEST:NO\";\r\n\r\n\t\t\t// Prevents the linker from displaying its logo for each invocation.\r\n\t\t\tResult += \" /NOLOGO\";\r\n\r\n\t\t\tif( LinkEnvironment.bCreateDebugInfo )\r\n\t\t\t{\r\n\t\t\t\t// Output debug info for the linked executable.\r\n\t\t\t\tResult += \" /DEBUG\";\r\n\t\t\t}\r\n\r\n\t\t\t// Prompt the user before reporting internal errors to Microsoft.\r\n\t\t\tResult += \" /errorReport:prompt\";\r\n\r\n\t\t\t//\r\n\t\t\t//\tPC\r\n\t\t\t//\r\n\t\t\tif( LinkEnvironment.TargetPlatform == CPPTargetPlatform.Win32 || LinkEnvironment.TargetPlatform == CPPTargetPlatform.Win64 )\r\n\t\t\t{\r\n\t\t\t\t// Set machine type/ architecture to be 64 bit.\r\n\t\t\t\tif( LinkEnvironment.TargetPlatform == CPPTargetPlatform.Win64 )\r\n\t\t\t\t{\r\n\t\t\t\t\tResult += \" /MACHINE:x64\";\r\n\t\t\t\t}\r\n\t\t\t\t// 32 bit executable/ target.\r\n\t\t\t\telse\r\n\t\t\t\t{\r\n\t\t\t\t\tResult += \" /MACHINE:x86\";\r\n\t\t\t\t}\r\n\r\n\t\t\t\t// Link for Windows.\r\n\t\t\t\tResult += \" /SUBSYSTEM:WINDOWS\";\r\n\r\n\t\t\t\t// Allow the OS to load the EXE at different base addresses than its preferred base address.\r\n\t\t\t\tResult += \" /FIXED:No\";\r\n\r\n\t\t\t\t// Option is only relevant with 32 bit toolchain.\r\n\t\t\t\tif( LinkEnvironment.TargetPlatform == CPPTargetPlatform.Win32 )\r\n\t\t\t\t{\r\n\t\t\t\t\t// Disables the 2GB address space limit on 64-bit Windows and 32-bit Windows with /3GB specified in boot.ini\r\n\t\t\t\t\tResult += \" /LARGEADDRESSAWARE\";\r\n\t\t\t\t}\r\n\r\n\t\t\t\t// Explicitly declare that the executable is compatible with Data Execution Prevention.\r\n\t\t\t\tResult += \" /NXCOMPAT\";\r\n\r\n\t\t\t\t// Set the default stack size.\r\n\t\t\t\tif (UE3BuildConfiguration.bBuildEditor && LinkEnvironment.TargetPlatform == CPPTargetPlatform.Win64)\r\n\t\t\t\t{\r\n\t\t\t\t\t// Building editor for 64 bit executable/ target - use larger stack.\r\n\t\t\t\t\tResult += \" /STACK:6500000,5000000\";\r\n\t\t\t\t}\r\n\t\t\t\telse\r\n\t\t\t\t{\r\n\t\t\t\t\t// 32 bit executable/ target or not building the editor - use standard stack size.\r\n\t\t\t\t\tResult += \" /STACK:5000000,5000000\";\r\n\t\t\t\t}\r\n\r\n\t\t\t\t// E&C can't use /SAFESEH.  Also, /SAFESEH isn't compatible with 64-bit linking\r\n\t\t\t\tif( !BuildConfiguration.bSupportEditAndContinue &&\r\n\t\t\t\t\tLinkEnvironment.TargetPlatform != CPPTargetPlatform.Win64 )\r\n\t\t\t\t{\r\n\t\t\t\t\t// Generates a table of Safe Exception Handlers.  Documentation isn't clear whether they actually mean\r\n\t\t\t\t\t// Structured Exception Handlers.\r\n\t\t\t\t\tResult += \" /SAFESEH\";\r\n\t\t\t\t}\r\n\r\n\t\t\t\t// Include definition file required for PixelMine's UnrealScript debugger.\r\n\t\t\t\tResult += \" /DEF:UnrealEngine3.def\";\r\n\r\n\t\t\t\t// Allow delay-loaded DLLs to be explicitly unloaded.\r\n\t\t\t\tResult += \" /DELAY:UNLOAD\";\r\n\r\n\t\t\t\tif( BuildConfiguration.bCompileAsdll )\r\n\t\t\t\t{\r\n\t\t\t\t\tResult += \" /DLL\";\r\n\t\t\t\t}\r\n\t\t\t}\r\n\r\n\t\t\t//\r\n\t\t\t//\tReleaseLTCG\r\n\t\t\t//\r\n\t\t\tif( BuildConfiguration.bAllowLTCG &&\r\n\t\t\t\tLinkEnvironment.TargetConfiguration == CPPTargetConfiguration.Shipping &&\r\n\t\t\t\t!(LinkEnvironment.TargetPlatform == CPPTargetPlatform.Win32 || LinkEnvironment.TargetPlatform == CPPTargetPlatform.Win64) )\r\n\t\t\t{\r\n\t\t\t\t// Use link-time code generation.\r\n\t\t\t\tResult += \" /LTCG\";\r\n\r\n\t\t\t\t// This is where we add in the PGO-Lite linkorder.txt if we are using PGO-Lite\r\n\t\t\t\t//Result += \" /ORDER:@linkorder.txt\";\r\n\r\n\t\t\t\t//Result += \" /VERBOSE\";\r\n\t\t\t}\r\n\r\n\t\t\t//\r\n\t\t\t//\tShipping binary\r\n\t\t\t//\r\n\t\t\tif( LinkEnvironment.bIsShippingBinary )\r\n\t\t\t{\r\n\t\t\t\t// Generate an EXE checksum.\r\n\t\t\t\tResult += \" /RELEASE\";\r\n\r\n\t\t\t\t// Eliminate unreferenced symbols.\r\n\t\t\t\tResult += \" /OPT:REF\";\r\n\r\n\t\t\t\t// Remove redundant COMDATs.\r\n\t\t\t\tResult += \" /OPT:ICF\";\r\n\t\t\t}\r\n\t\t\t//\r\n\t\t\t//\tRegular development binary. \r\n\t\t\t//\r\n\t\t\telse\r\n\t\t\t{\r\n\t\t\t\t// Keep symbols that are unreferenced.\r\n\t\t\t\tResult += \" /OPT:NOREF\";\r\n\r\n\t\t\t\t// Disable identical COMDAT folding.\r\n\t\t\t\tResult += \" /OPT:NOICF\";\r\n\t\t\t}\r\n\r\n\t\t\t// Enable incremental linking if wanted.\r\n\t\t\tif( BuildConfiguration.bUseIncrementalLinking )\r\n\t\t\t{\r\n\t\t\t\tResult += \" /INCREMENTAL\";\r\n\t\t\t}\r\n\t\t\t// Disabled by default as it can cause issues and forces local execution.\r\n\t\t\telse\r\n\t\t\t{\r\n\t\t\t\tResult += \" /INCREMENTAL:NO\";\r\n\t\t\t}\r\n\r\n\t\t\treturn Result;\r\n\t\t}\r\n\r\n\t\tpublic static CPPOutput CompileCPPFiles(CPPEnvironment CompileEnvironment, List<FileItem> SourceFiles)\r\n\t\t{\r\n\t\t\tstring Arguments = GetCLArguments_Global(CompileEnvironment);\r\n\r\n\t\t\t// Add include paths to the argument list.\r\n\t\t\tforeach (string IncludePath in CompileEnvironment.IncludePaths)\r\n\t\t\t{\r\n\t\t\t\tArguments += string.Format(\" /I \\\"{0}\\\"\", IncludePath);\r\n\t\t\t}\r\n\t\t\tforeach (string IncludePath in CompileEnvironment.SystemIncludePaths)\r\n\t\t\t{\r\n\t\t\t\tArguments += string.Format(\" /I \\\"{0}\\\"\", IncludePath);\r\n\t\t\t}\r\n\r\n\r\n\t\t\tif( CompileEnvironment.CLRMode == CPPCLRMode.CLREnabled )\r\n\t\t\t{\r\n\t\t\t\t// Add .NET framework assembly paths.  This is needed so that C++/CLI projects\r\n\t\t\t\t// can reference assemblies with #using, without having to hard code a path in the\r\n\t\t\t\t// .cpp file to the assembly's location.\t\t\t\t\r\n\t\t\t\tforeach (string AssemblyPath in CompileEnvironment.SystemDotNetAssemblyPaths)\r\n\t\t\t\t{\r\n\t\t\t\t\tArguments += string.Format(\" /AI \\\"{0}\\\"\", AssemblyPath);\r\n\t\t\t\t}\r\n\r\n\t\t\t\t// Add explicit .NET framework assembly references\t\t\t\t\r\n\t\t\t\tforeach( string AssemblyName in CompileEnvironment.FrameworkAssemblyDependencies )\r\n\t\t\t\t{\r\n\t\t\t\t\tArguments += string.Format( \" /FU \\\"{0}\\\"\", AssemblyName );\r\n\t\t\t\t}\r\n\r\n\t\t\t\t// Add private assembly references\t\t\t\t\r\n\t\t\t\tforeach( PrivateAssemblyInfo CurAssemblyInfo in CompileEnvironment.PrivateAssemblyDependencies )\r\n\t\t\t\t{\r\n\t\t\t\t\tArguments += string.Format( \" /FU \\\"{0}\\\"\", CurAssemblyInfo.FileItem.AbsolutePath );\r\n\t\t\t\t}\r\n\t\t\t}\r\n\r\n\r\n\t\t\t// Add preprocessor definitions to the argument list.\r\n\t\t\tforeach (string Definition in CompileEnvironment.Definitions)\r\n\t\t\t{\r\n\t\t\t\tArguments += string.Format(\" /D \\\"{0}\\\"\", Definition);\r\n\t\t\t}\r\n\r\n\t\t\t// Create a compile action for each source file.\r\n\t\t\tCPPOutput Result = new CPPOutput();\r\n\t\t\tforeach (FileItem SourceFile in SourceFiles)\r\n\t\t\t{\r\n\t\t\t\tAction CompileAction = new Action();\r\n\t\t\t\tstring FileArguments = \"\";\r\n\t\t\t\tbool bIsPlainCFile = Path.GetExtension(SourceFile.AbsolutePathUpperInvariant) == \".C\";\r\n\r\n\t\t\t\t// Add the C++ source file and its included files to the prerequisite item list.\r\n\t\t\t\tCompileAction.PrerequisiteItems.Add(SourceFile);\r\n\t\t\t\tforeach (FileItem IncludedFile in CompileEnvironment.GetIncludeDependencies(SourceFile))\r\n\t\t\t\t{\r\n\t\t\t\t\tCompileAction.PrerequisiteItems.Add(IncludedFile);\r\n\t\t\t\t}\r\n\r\n\t\t\t\t// If this is a CLR file then make sure our dependent assemblies are added as prerequisites\r\n\t\t\t\tif( CompileEnvironment.CLRMode == CPPCLRMode.CLREnabled )\r\n\t\t\t\t{\r\n\t\t\t\t\tforeach( PrivateAssemblyInfo CurPrivateAssemblyDependency in CompileEnvironment.PrivateAssemblyDependencies )\r\n\t\t\t\t\t{\r\n\t\t\t\t\t\tCompileAction.PrerequisiteItems.Add( CurPrivateAssemblyDependency.FileItem );\r\n\t\t\t\t\t}\r\n\t\t\t\t}\r\n\r\n\t\t\t\tif (CompileEnvironment.PrecompiledHeaderAction == PrecompiledHeaderAction.Create)\r\n\t\t\t\t{\r\n\t\t\t\t\t// Generate a CPP File that just includes the precompiled header.\r\n\t\t\t\t\tstring PCHCPPFilename = Path.GetFileName(CompileEnvironment.PrecompiledHeaderIncludeFilename) + \".PCH.cpp\";\r\n\t\t\t\t\tstring PCHCPPPath = Path.Combine(CompileEnvironment.OutputDirectory, PCHCPPFilename);\r\n\t\t\t\t\tFileItem PCHCPPFile = FileItem.CreateIntermediateTextFile(\r\n\t\t\t\t\t\tPCHCPPPath,\r\n\t\t\t\t\t\tstring.Format(\"#include \\\"{0}\\\"\\r\\n\", CompileEnvironment.PrecompiledHeaderIncludeFilename)\r\n\t\t\t\t\t\t);\r\n\r\n\t\t\t\t\t// Add the precompiled header file to the produced items list.\r\n\t\t\t\t\tFileItem PrecompiledHeaderFile = FileItem.GetItemByPath(\r\n\t\t\t\t\t\tPath.Combine(\r\n\t\t\t\t\t\t\tCompileEnvironment.OutputDirectory,\r\n\t\t\t\t\t\t\tPath.GetFileName(SourceFile.AbsolutePath) + \".pch\"\r\n\t\t\t\t\t\t\t)\r\n\t\t\t\t\t\t);\r\n\t\t\t\t\tCompileAction.ProducedItems.Add(PrecompiledHeaderFile);\r\n\t\t\t\t\tResult.PrecompiledHeaderFile = PrecompiledHeaderFile;\r\n\r\n\t\t\t\t\t// Add the parameters needed to compile the precompiled header file to the command-line.\r\n\t\t\t\t\tFileArguments += string.Format(\" /Yc\\\"{0}\\\"\", CompileEnvironment.PrecompiledHeaderIncludeFilename);\r\n\t\t\t\t\tFileArguments += string.Format(\" /Fp\\\"{0}\\\"\", PrecompiledHeaderFile.AbsolutePath);\r\n\t\t\t\t\tFileArguments += string.Format(\" \\\"{0}\\\"\", PCHCPPFile.AbsolutePath);\r\n\t\t\t\t}\r\n\t\t\t\telse\r\n\t\t\t\t{\r\n\t\t\t\t\tif (CompileEnvironment.PrecompiledHeaderAction == PrecompiledHeaderAction.Include)\r\n\t\t\t\t\t{\r\n\t\t\t\t\t\tCompileAction.bIsUsingPCH = true;\r\n\t\t\t\t\t\tCompileAction.PrerequisiteItems.Add(CompileEnvironment.PrecompiledHeaderFile);\r\n\t\t\t\t\t\tFileArguments += string.Format(\" /Yu\\\"{0}\\\"\", CompileEnvironment.PrecompiledHeaderIncludeFilename);\r\n\t\t\t\t\t\tFileArguments += string.Format(\" /Fp\\\"{0}\\\"\", CompileEnvironment.PrecompiledHeaderFile.AbsolutePath);\r\n\t\t\t\t\t}\r\n\t\t\t\t\t\r\n\t\t\t\t\t// Add the source file path to the command-line.\r\n\t\t\t\t\tFileArguments += string.Format(\" \\\"{0}\\\"\", SourceFile.AbsolutePath);\r\n\t\t\t\t}\r\n\r\n\t\t\t\t// Add the object file to the produced item list.\r\n\t\t\t\tFileItem ObjectFile = FileItem.GetItemByPath(\r\n\t\t\t\t\tPath.Combine(\r\n\t\t\t\t\t\tCompileEnvironment.OutputDirectory,\r\n\t\t\t\t\t\tPath.GetFileName(SourceFile.AbsolutePath) + \".obj\"\r\n\t\t\t\t\t\t)\r\n\t\t\t\t\t);\r\n\t\t\t\tCompileAction.ProducedItems.Add(ObjectFile);\r\n\t\t\t\tResult.ObjectFiles.Add(ObjectFile);\r\n\t\t\t\tFileArguments += string.Format(\" /Fo\\\"{0}\\\"\", ObjectFile.AbsolutePath);\r\n\r\n\t\t\t\t// create PDBs per-file when not using debug info, otherwise it will try to share a PDB file, which causes\r\n\t\t\t\t// PCH creation to be serial rather than parallel (when debug info is disabled)\r\n\t\t\t\t// See https://udn.epicgames.com/lists/showpost.php?id=50619&list=unprog3\r\n\t\t\t\tif (!CompileEnvironment.bCreateDebugInfo || BuildConfiguration.bUsePDBFiles)\r\n\t\t\t\t{\r\n\t\t\t\t\tstring PDBFileName;\r\n\t\t\t\t\tbool bActionProducesPDB = false;\r\n\r\n\t\t\t\t\t// All files using the same PCH are required to share a PDB.\r\n\t\t\t\t\tif( CompileEnvironment.PrecompiledHeaderAction == PrecompiledHeaderAction.Include )\r\n\t\t\t\t\t{\r\n\t\t\t\t\t\tPDBFileName = Path.GetFileName( CompileEnvironment.PrecompiledHeaderIncludeFilename );\r\n\t\t\t\t\t}\r\n\t\t\t\t\t// Files creating a PCH or ungrouped C++ files use a PDB per file.\r\n\t\t\t\t\telse if (CompileEnvironment.PrecompiledHeaderAction == PrecompiledHeaderAction.Create || !bIsPlainCFile)\r\n\t\t\t\t\t{\r\n\t\t\t\t\t\tPDBFileName = Path.GetFileName(SourceFile.AbsolutePath);\r\n\t\t\t\t\t\tbActionProducesPDB = true;\r\n\t\t\t\t\t}\r\n\t\t\t\t\t// Group all plain C files that doesn't use PCH into the same PDB\r\n\t\t\t\t\telse\r\n\t\t\t\t\t{\r\n\t\t\t\t\t\tPDBFileName = \"MiscPlainC\";\r\n\t\t\t\t\t}\r\n\r\n\t\t\t\t\t// Specify the PDB file that the compiler should write to.\r\n\t\t\t\t\tFileItem PDBFile = FileItem.GetItemByPath(\r\n\t\t\t\t\t\t\tPath.Combine(\r\n\t\t\t\t\t\t\t\tCompileEnvironment.OutputDirectory,\r\n\t\t\t\t\t\t\t\tPDBFileName + \".pdb\"\r\n\t\t\t\t\t\t\t\t)\r\n\t\t\t\t\t\t\t);\r\n\t\t\t\t\tFileArguments += string.Format(\" /Fd\\\"{0}\\\"\", PDBFile.AbsolutePath);\r\n\r\n\t\t\t\t\t// Only use the PDB as an output file if we want PDBs and this particular action is\r\n\t\t\t\t\t// the one that produces the PDB (as opposed to no debug info, where the above code\r\n\t\t\t\t\t// is needed, but not the output PDB, or when multiple files share a single PDB, so\r\n\t\t\t\t\t// only the action that generates it should count it as output directly)\r\n\t\t\t\t\tif( BuildConfiguration.bUsePDBFiles && bActionProducesPDB )\r\n\t\t\t\t\t{\r\n\t\t\t\t\t\tCompileAction.ProducedItems.Add(PDBFile);\r\n\t\t\t\t\t\tResult.DebugDataFiles.Add(PDBFile);\r\n\t\t\t\t\t}\r\n\t\t\t\t}\r\n\r\n\t\t\t\t// Add C or C++ specific compiler arguments.\r\n\t\t\t\tif (bIsPlainCFile)\r\n\t\t\t\t{\r\n\t\t\t\t\tFileArguments += GetCLArguments_C();\r\n\t\t\t\t}\r\n\t\t\t\telse\r\n\t\t\t\t{\r\n\t\t\t\t\tFileArguments += GetCLArguments_CPP( CompileEnvironment );\r\n\t\t\t\t}\r\n\r\n\t\t\t\tCompileAction.WorkingDirectory = Path.GetFullPath(\".\");\r\n\t\t\t\tCompileAction.CommandPath = GetVCToolPath(CompileEnvironment.TargetPlatform, CompileEnvironment.TargetConfiguration, \"cl\");\r\n\t\t\t\tCompileAction.bIsVCCompiler = true;\r\n\t\t\t\tCompileAction.CommandArguments = Arguments + FileArguments + CompileEnvironment.AdditionalArguments;\r\n\t\t\t\tCompileAction.StatusDescription = string.Format(\"{0}\", Path.GetFileName(SourceFile.AbsolutePath));\r\n\t\t\t\tCompileAction.StatusDetailedDescription = SourceFile.Description;\r\n\t\t\t\tCompileAction.bShouldLogIfExecutedLocally = false;\r\n\r\n\t\t\t\t// Don't farm out creation of precomputed headers as it is the critical path task.\r\n\t\t\t\tCompileAction.bCanExecuteRemotely = CompileEnvironment.PrecompiledHeaderAction != PrecompiledHeaderAction.Create;\r\n\r\n\t\t\t\t// @todo VC10: XGE has problems remote compiling C++/CLI files that use .NET Framework 4.0\r\n\t\t\t\tif (CompileEnvironment.CLRMode == CPPCLRMode.CLREnabled)\r\n\t\t\t\t{\r\n\t\t\t\t\tCompileAction.bCanExecuteRemotely = false;\r\n\t\t\t\t}\r\n\t\t\t}\r\n\t\t\treturn Result;\r\n\t\t}\r\n\r\n\t\tpublic static CPPOutput CompileRCFiles(CPPEnvironment Environment, List<FileItem> RCFiles)\r\n\t\t{\r\n\t\t\tCPPOutput Result = new CPPOutput();\r\n\r\n\t\t\tforeach (FileItem RCFile in RCFiles)\r\n\t\t\t{\r\n\t\t\t\tAction CompileAction = new Action();\r\n\t\t\t\tCompileAction.WorkingDirectory = Path.GetFullPath(\".\");\r\n\t\t\t\tCompileAction.CommandPath = GetVCToolPath(Environment.TargetPlatform, Environment.TargetConfiguration, \"rc\");\r\n\t\t\t\tCompileAction.StatusDescription = string.Format(\"{0}\", Path.GetFileName(RCFile.AbsolutePath));\r\n\r\n\t\t\t\t// Suppress header spew\r\n\t\t\t\tCompileAction.CommandArguments += \" /nologo\";\r\n\r\n\t\t\t\t// If we're compiling for 64-bit Windows, also add the _WIN64 definition to the resource\r\n\t\t\t\t// compiler so that we can switch on that in the .rc file using #ifdef.\r\n\t\t\t\tif( Environment.TargetPlatform == CPPTargetPlatform.Win64 )\r\n\t\t\t\t{\r\n\t\t\t\t\tCompileAction.CommandArguments += \" /D _WIN64\";\r\n\t\t\t\t}\r\n\r\n\t\t\t\t// Language\r\n\t\t\t\tCompileAction.CommandArguments += \" /l 0x409\";\r\n\r\n\t\t\t\t// Include paths.\r\n\t\t\t\tforeach (string IncludePath in Environment.IncludePaths)\r\n\t\t\t\t{\r\n\t\t\t\t\tCompileAction.CommandArguments += string.Format(\" /i \\\"{0}\\\"\", IncludePath);\r\n\t\t\t\t}\r\n\r\n\t\t\t\t// Preprocessor definitions.\r\n\t\t\t\tforeach (string Definition in Environment.Definitions)\r\n\t\t\t\t{\r\n\t\t\t\t\tCompileAction.CommandArguments += string.Format(\" /d \\\"{0}\\\"\", Definition);\r\n\t\t\t\t}\r\n\r\n\t\t\t\t// Add the RES file to the produced item list.\r\n\t\t\t\tFileItem CompiledResourceFile = FileItem.GetItemByPath(\r\n\t\t\t\t\tPath.Combine(\r\n\t\t\t\t\t\tEnvironment.OutputDirectory,\r\n\t\t\t\t\t\tPath.GetFileName(RCFile.AbsolutePath) + \".res\"\r\n\t\t\t\t\t\t)\r\n\t\t\t\t\t);\r\n\t\t\t\tCompileAction.ProducedItems.Add(CompiledResourceFile);\r\n\t\t\t\tCompileAction.CommandArguments += string.Format(\" /fo \\\"{0}\\\"\", CompiledResourceFile.AbsolutePath);\r\n\t\t\t\tResult.ObjectFiles.Add(CompiledResourceFile);\r\n\r\n\t\t\t\t// Add the RC file as a prerequisite of the action.\r\n\t\t\t\tCompileAction.PrerequisiteItems.Add(RCFile);\r\n\t\t\t\tCompileAction.CommandArguments += string.Format(\" \\\"{0}\\\"\", RCFile.AbsolutePath);\r\n\r\n\t\t\t\t// Add the files included by the RC file as prerequisites of the action.\r\n\t\t\t\tforeach (FileItem IncludedFile in Environment.GetIncludeDependencies(RCFile))\r\n\t\t\t\t{\r\n\t\t\t\t\tCompileAction.PrerequisiteItems.Add(IncludedFile);\r\n\t\t\t\t}\r\n\t\t\t}\r\n\r\n\t\t\treturn Result;\r\n\t\t}\r\n\r\n\t\tpublic static FileItem LinkFiles(LinkEnvironment LinkEnvironment)\r\n\t\t{\r\n\t\t\t// Create an action that invokes the linker.\r\n\t\t\tAction LinkAction = new Action();\r\n\t\t\tLinkAction.bIsLinker = true;\r\n\t\t\tLinkAction.WorkingDirectory = Path.GetFullPath(\".\");\r\n\t\t\tLinkAction.CommandPath = GetVCToolPath(LinkEnvironment.TargetPlatform, LinkEnvironment.TargetConfiguration, \"link\");\r\n            \r\n\t\t\t// Get link arguments.\r\n\t\t\tLinkAction.CommandArguments = GetLinkArguments(LinkEnvironment);\r\n\r\n\t\t\t// Add delay loaded DLLs.\r\n\t\t\tif( LinkEnvironment.TargetPlatform == CPPTargetPlatform.Win32 || LinkEnvironment.TargetPlatform == CPPTargetPlatform.Win64 )\r\n\t\t\t{\r\n\t\t\t\t// Delay-load these DLLs.\r\n\t\t\t\tforeach (string DelayLoadDLL in LinkEnvironment.DelayLoadDLLs)\r\n\t\t\t\t{\r\n\t\t\t\t\tLinkAction.CommandArguments += string.Format(\" /DELAYLOAD:\\\"{0}\\\"\", DelayLoadDLL);\r\n\t\t\t\t}\r\n\t\t\t}\r\n\r\n\t\t\t// Add the library paths to the argument list.\r\n\t\t\tforeach (string LibraryPath in LinkEnvironment.LibraryPaths)\r\n\t\t\t{\r\n\t\t\t\tLinkAction.CommandArguments += string.Format(\" /LIBPATH:\\\"{0}\\\"\", LibraryPath);\r\n\t\t\t}\r\n\r\n\t\t\t// Add the excluded default libraries to the argument list.\r\n\t\t\tforeach (string ExcludedLibrary in LinkEnvironment.ExcludedLibraries)\r\n\t\t\t{\r\n\t\t\t\tLinkAction.CommandArguments += string.Format(\" /NODEFAULTLIB:\\\"{0}\\\"\", ExcludedLibrary);\r\n\t\t\t}\r\n\r\n\t\t\t// Add the output file as a production of the link action.\r\n\t\t\tFileItem OutputFile = FileItem.GetItemByPath(LinkEnvironment.OutputFilePath);\r\n\t\t\tLinkAction.ProducedItems.Add(OutputFile);\r\n\t\t\tLinkAction.StatusDescription = string.Format(\"{0}\", Path.GetFileName(OutputFile.AbsolutePath));\r\n\r\n\t\t\t// Add the input files to a response file, and pass the response file on the command-line.\r\n\t\t\tList<string> InputFileNames = new List<string>();\r\n\t\t\tforeach (FileItem InputFile in LinkEnvironment.InputFiles)\r\n\t\t\t{\r\n\t\t\t\tInputFileNames.Add(string.Format(\"\\\"{0}\\\"\", InputFile.AbsolutePath));\r\n\t\t\t\tLinkAction.PrerequisiteItems.Add(InputFile);\r\n\t\t\t}\r\n\t\t\tforeach (string AdditionalLibrary in LinkEnvironment.AdditionalLibraries)\r\n\t\t\t{\r\n\t\t\t\tInputFileNames.Add(string.Format(\"\\\"{0}\\\"\", AdditionalLibrary));\r\n\t\t\t}\r\n\t\t\tstring ResponseFileName = Path.Combine( LinkEnvironment.OutputDirectory, Path.GetFileName( LinkEnvironment.OutputFilePath ) + \".response\" );\r\n\t\t\tLinkAction.CommandArguments += string.Format( \" @\\\"{0}\\\"\", ResponseFile.Create( ResponseFileName, InputFileNames ) );\r\n\r\n\t\t\t// Add the output file to the command-line.\r\n\t\t\tLinkAction.CommandArguments += string.Format(\" /OUT:\\\"{0}\\\"\", OutputFile.AbsolutePath);\r\n\r\n\t\t\t// Write the import library to the output directory for nFringe support.\r\n\t\t\tstring ImportLibraryFilePath = Path.Combine(\r\n\t\t\t\tLinkEnvironment.OutputDirectory,\r\n\t\t\t\tPath.GetFileNameWithoutExtension( OutputFile.AbsolutePath ) + \".lib\"\r\n\t\t\t\t);\r\n\t\t\tFileItem ImportLibraryFile = FileItem.GetItemByPath( ImportLibraryFilePath );\r\n\t\t\tLinkAction.CommandArguments += string.Format( \" /IMPLIB:\\\"{0}\\\"\", ImportLibraryFilePath );\r\n\t\t\tLinkAction.ProducedItems.Add( ImportLibraryFile );\r\n\r\n\t\t\t// An export file is written to the output directory implicitly; add it to the produced items list.\r\n\t\t\tstring ExportFilePath = Path.ChangeExtension( ImportLibraryFilePath, \".exp\" );\r\n\t\t\tFileItem ExportFile = FileItem.GetItemByPath( ExportFilePath );\r\n\t\t\tLinkAction.ProducedItems.Add( ExportFile );\r\n\r\n\t\t\tif( LinkEnvironment.bCreateDebugInfo )\r\n\t\t\t{\r\n\t\t\t\t// Write the PDB file to the output directory.\t\t\t\r\n\t\t\t\tstring PDBFilePath = Path.Combine(LinkEnvironment.OutputDirectory,Path.GetFileNameWithoutExtension(OutputFile.AbsolutePath) + \".pdb\");\r\n\t\t\t\tFileItem PDBFile = FileItem.GetItemByPath(PDBFilePath);\r\n\t\t\t\tLinkAction.CommandArguments += string.Format(\" /PDB:\\\"{0}\\\"\",PDBFilePath);\r\n\t\t\t\tLinkAction.ProducedItems.Add(PDBFile);\t\t\t\r\n\t\t\t}\r\n\r\n\t\t\t// Add the additional arguments specified by the environment.\r\n\t\t\tLinkAction.CommandArguments += LinkEnvironment.AdditionalArguments;\r\n\r\n\t\t\t// Only execute linking on the local PC.\r\n\t\t\tLinkAction.bCanExecuteRemotely = false;\r\n\r\n\t\t\treturn OutputFile;\r\n\t\t}\r\n\r\n\t\tpublic static void CompileCSharpProject(CSharpEnvironment CompileEnvironment, string ProjectFileName, string DestinationFile)\r\n\t\t{\r\n\t\t\tvar BuildProjectAction = new Action();\r\n\r\n\t\t\t// Specify the source file (prerequisite) for the action\r\n\t\t\tvar ProjectFileItem = FileItem.GetExistingItemByPath(ProjectFileName);\r\n\t\t\tif (ProjectFileItem == null)\r\n\t\t\t{\r\n\t\t\t\tthrow new BuildException(\"Expected C# project file {0} to exist.\", ProjectFileName);\r\n\t\t\t}\r\n\t\t\t\r\n\t\t\t// Add the project and the files contained to the prereqs.\r\n\t\t\tBuildProjectAction.PrerequisiteItems.Add(ProjectFileItem);\r\n\t\t\tvar ProjectPreReqs = VCSharpProject.GetProjectFiles(ProjectFileName);\r\n\t\t\tvar ProjectFolder = Path.GetDirectoryName(ProjectFileName);\r\n\t\t\tforeach( string ProjectPreReqRelativePath in ProjectPreReqs )\r\n\t\t\t{\r\n\t\t\t\tstring ProjectPreReqAbsolutePath = Path.Combine( ProjectFolder, ProjectPreReqRelativePath );\r\n\t\t\t\tvar ProjectPreReqFileItem = FileItem.GetExistingItemByPath(ProjectPreReqAbsolutePath);\r\n\t\t\t\tif( ProjectPreReqFileItem == null )\r\n\t\t\t\t{\r\n\t\t\t\t\tthrow new BuildException(\"Expected C# dependency {0} to exist.\", ProjectPreReqAbsolutePath);\r\n\t\t\t\t}\r\n\t\t\t\tBuildProjectAction.PrerequisiteItems.Add(ProjectPreReqFileItem);\r\n\t\t\t}\r\n\r\n\t\t\t// We might be able to distribute this safely, but it doesn't take any time.\r\n\t\t\tBuildProjectAction.bCanExecuteRemotely = false;\r\n\r\n\t\t\t// Setup execution via MSBuild.\r\n\t\t\tBuildProjectAction.WorkingDirectory = Path.GetFullPath(\".\");\r\n\t\t\tBuildProjectAction.StatusDescription = string.Format(\"{0}\", Path.GetFileName(ProjectFileName));\r\n\t\t\tBuildProjectAction.CommandPath = GetDotNetFrameworkToolPath(CompileEnvironment.EnvironmentTargetPlatform, \"MSBuild\");\r\n\t\t\tif (CompileEnvironment.TargetConfiguration == CSharpTargetConfiguration.Debug)\r\n\t\t\t{\r\n\t\t\t\tBuildProjectAction.CommandArguments = \" /target:rebuild /property:Configuration=Debug\";\r\n\t\t\t}\r\n\t\t\telse\r\n\t\t\t{\r\n\t\t\t\tBuildProjectAction.CommandArguments = \" /target:rebuild /property:Configuration=Release\";\r\n\t\t\t}\r\n\r\n\t\t\t// Be less verbose\r\n//\t\t\tBuildProjectAction.CommandArguments += \" /nologo /verbosity:minimal\";\r\n\r\n\t\t\t// Add project\r\n\t\t\tBuildProjectAction.CommandArguments += String.Format(\" \\\"{0}\\\"\", ProjectFileItem.AbsolutePath);\r\n\r\n\t\t\t// We don't want to display all of the regular MSBuild output to the console\r\n\t\t\tBuildProjectAction.bShouldBlockStandardOutput = false;\r\n\r\n\t\t\t// Specify the output files.\r\n\t\t\tstring PDBFilePath = Path.Combine( Path.GetDirectoryName(DestinationFile), Path.GetFileNameWithoutExtension(DestinationFile) + \".pdb\" );\r\n\t\t\tFileItem PDBFile = FileItem.GetItemByPath( PDBFilePath );\r\n\t\t\tBuildProjectAction.ProducedItems.Add( FileItem.GetItemByPath(DestinationFile) );\t\t\r\n\t\t\tBuildProjectAction.ProducedItems.Add( PDBFile );\r\n\t\t}\r\n\r\n\t\t/** Accesses the bin directory for the VC toolchain for the specified platform. */\r\n\t\tstatic string GetVCToolPath(CPPTargetPlatform Platform, CPPTargetConfiguration Configuration, string ToolName)\r\n\t\t{\t\r\n\t\t\t// Initialize environment variables required for spawned tools.\r\n\t\t\tInitializeEnvironmentVariables( Platform );\r\n\r\n\t\t\t// Out variable that is going to contain fully qualified path to executable upon return.\r\n\t\t\tstring VCToolPath = \"\";\r\n\r\n\t\t\t// We need to differentiate between 32 and 64 bit toolchain on Windows.\r\n\t\t\t// rc.exe resides in the Windows SDK folder.\r\n\t\t\tif( ToolName.ToUpperInvariant() == \"RC\" )\r\n\t\t\t{\r\n\t\t\t\t// 64 bit -- we can use the 32 bit version to target 64 bit on 32 bit OS.\r\n\t\t\t\tif( Platform == CPPTargetPlatform.Win64 && bSupports64bitExecutables )\r\n\t\t\t\t{\r\n\t\t\t\t\tVCToolPath = Path.Combine( WindowsSDKDir, \"bin/x64/rc.exe\" );\r\n\t\t\t\t}\r\n\t\t\t\t// 32 bit\r\n\t\t\t\telse\r\n\t\t\t\t{\r\n\t\t\t\t\tVCToolPath = Path.Combine( WindowsSDKDir, \"bin/rc.exe\" );\r\n\t\t\t\t}\t\t\t\t\t\t\r\n\t\t\t}\r\n\t\t\t// cl.exe and link.exe are found in the toolchain specific folders (32 vs. 64 bit). We do however use the 64 bit linker if available\r\n\t\t\t// even when targeting 32 bit as it's noticeably faster.\r\n\t\t\telse\r\n\t\t\t{\r\n\t\t\t\t// Grab path to Visual Studio binaries from the system environment\r\n\t\t\t\tstring BaseVSToolPath = Environment.GetEnvironmentVariable(\"VS100COMNTOOLS\");\r\n\t\t\t\tif (string.IsNullOrEmpty(BaseVSToolPath))\r\n\t\t\t\t{\r\n\t\t\t\t\tthrow new BuildException(\"Visual Studio 2010 must be installed in order to build this target.\");\r\n\t\t\t\t}\r\n\r\n\t\t\t\tbool bIsRequestingLinkTool = ToolName.ToUpperInvariant() == \"LINK\";\r\n\t\t\t\t// 64 bit target on a 32 bit machine\r\n\t\t\t\tbool bNeedsCrossCompiler = (Platform == CPPTargetPlatform.Win64) && !bSupports64bitExecutables;\r\n\t\t\t\t// Compiling code for a 64 bit target when XGE is allowed (XGE does not support intercepting 64 bit tools)\r\n\t\t\t\tbool bIsXGE64BitTarget = !bIsRequestingLinkTool && (Platform == CPPTargetPlatform.Win64) && BuildConfiguration.bAllowXGE;\r\n\t\t\t\t// Both target and build machines are 64 bit\r\n\t\t\t\tbool bIs64Bit = (Platform == CPPTargetPlatform.Win64) && bSupports64bitExecutables;\r\n\t\t\t\t// Regardless of the target, if we're linking on a 64 bit machine, we want to use the 64 bit linker (it's faster than the 32 bit linker)\r\n\t\t\t\tbool bUse64BitLinker = bIsRequestingLinkTool && bSupports64bitExecutables;\r\n\r\n\t\t\t\t//@todo.VS10: Linking 32-bit exes w/ 64-bit linker no longer appears to work!\r\n\t\t\t\tif (Platform == CPPTargetPlatform.Win64 && bSupports64bitExecutables)\r\n\t\t\t\t{\r\n\t\t\t\t\t// Check for \"special cases\" when the target is 64 bit but we need to use the cross compiler tools\r\n\t\t\t\t\tif (bNeedsCrossCompiler || bIsXGE64BitTarget)\r\n\t\t\t\t\t{\r\n\t\t\t\t\t\t//VCToolPath = Path.Combine( Environment.GetEnvironmentVariable( \"VS90COMNTOOLS\" ), \"../../VC/bin/x86_amd64/\" + ToolName + \".exe\" );\r\n\t\t\t\t\t\tVCToolPath = Path.Combine(BaseVSToolPath, \"../../VC/bin/x86_amd64/\" + ToolName + \".exe\");\r\n\t\t\t\t\t}\r\n\t\t\t\t\t// Use the 64 bit tools if the build machine and target are 64 bit or if we're linking a 32 bit binary on a 64 bit machine\r\n\t\t\t\t\telse if (bIs64Bit || bUse64BitLinker)\r\n\t\t\t\t\t{\r\n\t\t\t\t\t\t//VCToolPath = Path.Combine( Environment.GetEnvironmentVariable( \"VS90COMNTOOLS\" ), \"../../VC/bin/amd64/\" + ToolName + \".exe\" );\r\n\t\t\t\t\t\tVCToolPath = Path.Combine(BaseVSToolPath, \"../../VC/bin/amd64/\" + ToolName + \".exe\");\r\n\t\t\t\t\t}\r\n\t\t\t\t}\r\n\t\t\t\telse\r\n\t\t\t\t{\r\n\t\t\t\t\t// Use 32 bit for cl.exe and other tools, or for link.exe if 64 bit path doesn't exist and we're targeting 32 bit.\r\n\t\t\t\t\tif (VCToolPath.Length == 0 || !File.Exists(VCToolPath))\r\n\t\t\t\t\t{\r\n\t\t\t\t\t\t//VCToolPath = Path.Combine( Environment.GetEnvironmentVariable(\"VS90COMNTOOLS\"), \"../../VC/bin/\" + ToolName + \".exe\" );\r\n\t\t\t\t\t\tVCToolPath = Path.Combine(BaseVSToolPath, \"../../VC/bin/\" + ToolName + \".exe\");\r\n\t\t\t\t\t}\r\n\t\t\t\t}\r\n\t\t\t}\r\n\r\n\t\t\treturn VCToolPath;\r\n\t\t}\r\n\r\n\t\t/** Accesses the directory for .NET Framework binaries such as MSBuild */\r\n\t\tstatic string GetDotNetFrameworkToolPath(CPPTargetPlatform Platform, string ToolName)\r\n\t\t{\r\n\t\t\t// Initialize environment variables required for spawned tools.\r\n\t\t\tInitializeEnvironmentVariables(Platform);\r\n\r\n\t\t\tstring FrameworkDirectory = Environment.GetEnvironmentVariable(\"FrameworkDir\");\r\n\t\t\tstring FrameworkVersion = Environment.GetEnvironmentVariable(\"FrameworkVersion\");\r\n\t\t\tif (FrameworkDirectory == null || FrameworkVersion == null)\r\n\t\t\t{\r\n\t\t\t\tthrow new BuildException( \".NET Environment Variables 'FrameWorkDir', 'FrameworkVersion', and 'FrameWork35Verion', have not been set correctly.\\nPlease ensure that 64bit Tools are installed with DevStudio - there is usually an option to install these during install\" );\r\n\t\t\t}\r\n\t\t\tstring DotNetFrameworkBinDir = Path.Combine(FrameworkDirectory, FrameworkVersion);\r\n\t\t\tstring ToolPath = Path.Combine(DotNetFrameworkBinDir, ToolName + \".exe\");\r\n\t\t\treturn ToolPath;\r\n\t\t}\r\n\r\n\t\t/** Helper to only initialize environment variables once. */\r\n\t\tstatic bool bAreEnvironmentVariablesAlreadyInitialized = false;\r\n\t\t\r\n\t\t/** Whether we can execute 64 bit executables. E.g. the 64 bit linker might be installed on a 32 bit OS. */\r\n\t\tstatic bool bSupports64bitExecutables = true;\r\n\r\n\t\t/** Installation folder of the Windows SDK, e.g. C:\\Program Files\\Microsoft SDKs\\Windows\\v6.0A\\ */\r\n\t\tstatic string WindowsSDKDir = \"\";\r\n\r\n\t\t/**\r\n\t\t * Initializes environment variables required by toolchain. Different for 32 and 64 bit.\r\n\t\t */\r\n\t\tstatic void InitializeEnvironmentVariables( CPPTargetPlatform Platform )\r\n\t\t{\r\n\t\t\tif( !bAreEnvironmentVariablesAlreadyInitialized )\r\n\t\t\t{\r\n\t\t\t\tstring VCVarsBatchFile = \"\";\r\n\r\n\t\t\t\t// Grab path to Visual Studio binaries from the system environment\r\n\t\t\t\tstring BaseVSToolPath = Environment.GetEnvironmentVariable(\"VS100COMNTOOLS\");\r\n\t\t\t\tif (string.IsNullOrEmpty(BaseVSToolPath))\r\n\t\t\t\t{\r\n\t\t\t\t\tthrow new BuildException(\"Visual Studio 2010 must be installed in order to build this target.\");\r\n\t\t\t\t}\r\n\r\n\t\t\t\t// 64 bit tool chain.\r\n\t\t\t\tif( Platform == CPPTargetPlatform.Win64 )\r\n\t\t\t\t{\r\n\t\t\t\t\tVCVarsBatchFile = Path.Combine(BaseVSToolPath, \"../../VC/bin/x86_amd64/vcvarsx86_amd64.bat\");\r\n\t\t\t\t}\r\n\t\t\t\t// The 32 bit vars batch file in the binary folder simply points to the one in the common tools folder.\r\n\t\t\t\telse\r\n\t\t\t\t{\r\n\t\t\t\t\tVCVarsBatchFile = Path.Combine(BaseVSToolPath, \"vsvars32.bat\");\r\n\t\t\t\t}\r\n\t\t\t\tUtils.SetEnvironmentVariablesFromBatchFile(VCVarsBatchFile);\r\n\r\n\t\t\t\t// @todo remove: We only need to add the XDK bin path to the environment to find imagexex when using the TechPreview compiler.\r\n\t\t\t\tEnvironment.SetEnvironmentVariable( \"PATH\", Utils.ResolveEnvironmentVariable( \"%PATH%;%XEDK%\\\\bin\\\\win32\") );\r\n\t\t\t\t\r\n\t\t\t\t// Retrieve the Windows SDK path from the registry. This is needed as Visual Studio 2008 no longer includes\r\n\t\t\t\t// the Platform/ Windows SDK but rather installs it.\r\n\t\t\t\tvar ExpectedWindowsSDKVersion = \"v7.0A\";\r\n\t\t\t\tRegistryKey Key = Registry.LocalMachine.OpenSubKey(\"SOFTWARE\\\\Microsoft\\\\Microsoft SDKs\\\\Windows\\\\\" + ExpectedWindowsSDKVersion);\r\n\t\t\t\tif (Key == null)\r\n\t\t\t\t{\r\n\t\t\t\t\tthrow new BuildException(\"Could not locate required version of Windows SDK ({0}) in SOFTWARE\\\\Microsoft\\\\Microsoft SDKs\\\\Windows\\\\!\", ExpectedWindowsSDKVersion);\r\n\t\t\t\t}\r\n\r\n\t\t\t\tWindowsSDKDir = (string)Key.GetValue(\"InstallationFolder\");\r\n\r\n\t\t\t\t// Lib and bin folders have a x64 subfolder for 64 bit development.\r\n\t\t\t\tstring ConfigSuffix = \"\";\r\n\t\t\t\tif( Platform == CPPTargetPlatform.Win64 )\r\n\t\t\t\t{\r\n\t\t\t\t\tConfigSuffix = \"\\\\x64\";\r\n\t\t\t\t}\r\n\r\n\t\t\t\t// Manually include the Windows SDK path in the LIB/ INCLUDE/ PATH variables.\r\n\t\t\t\tEnvironment.SetEnvironmentVariable( \"PATH\", Utils.ResolveEnvironmentVariable(WindowsSDKDir + \"bin\" + ConfigSuffix + \";%PATH%\") );\r\n\t\t\t\tEnvironment.SetEnvironmentVariable( \"LIB\", Utils.ResolveEnvironmentVariable(WindowsSDKDir + \"lib\" + ConfigSuffix + \";%LIB%\") );\r\n\t\t\t\tEnvironment.SetEnvironmentVariable( \"INCLUDE\", Utils.ResolveEnvironmentVariable(WindowsSDKDir + \"include;%INCLUDE%\") );\r\n\r\n\t\t\t\t// Determine 32 vs 64 bit. Worth noting that WOW64 will report x86.\r\n\t\t\t\tbSupports64bitExecutables = Environment.GetEnvironmentVariable( \"PROCESSOR_ARCHITECTURE\" ) == \"AMD64\";\r\n\r\n\t\t\t\tbAreEnvironmentVariablesAlreadyInitialized = true;\r\n\t\t\t}\t\t\t\r\n\t\t}\r\n\t};\r\n}",
    "YaraRule": [
        "enable_org32",
        "core_keywords"
    ]
}