{
    "scrape_url": "https://scrape.pastebin.com/api_scrape_item.php?i=CawtLya7",
    "full_url": "https://pastebin.com/CawtLya7",
    "date": "1594370177",
    "key": "CawtLya7",
    "size": 641,
    "expire": "0",
    "title": "Upload tugas dengan pastebin url.  Meletakkan heading di bag",
    "syntax": "python",
    "user": "",
    "filename": "CawtLya7",
    "pasteid": "CawtLya7",
    "pastesite": "pastebin.com",
    "@timestamp": "2020-07-10T08:36:17",
    "MD5": "5ac6043786a59be3cf53ae9e2095010b",
    "SHA256": "a73875c1650832fcb93785d12530aecbd08848cca7aa0eb536a57f5ad07dad63",
    "raw_paste": "from reportlab.pdfgen import canvas\r\n\r\ndataSiswa = {\r\n\t\"nama\" : \"Anas\",\r\n\t\"kelas\" : \"VII-1\",\r\n\t\"laporan\" : \"Rapor Kelas 7 semester 2\"\r\n}\r\nclass Data:\r\n\r\n\tdef __init__(self, filename, documentTitle, heading):\r\n\t\tself.filename = filename\r\n\t\tself.documentTitle = documentTitle\r\n\t\tself.heading = heading\r\n\r\n#str(dataSiswa['nama']+dataSiswa[\"kelas\"]+\".pdf\")\r\nmyData = Data(str(dataSiswa['nama']+dataSiswa[\"kelas\"]+\".pdf\"), \"Hasil Ujian\",dataSiswa['laporan'])\r\nmyPdf = canvas.Canvas(myData.filename)\r\nmyPdf.setTitle(myData.documentTitle)\r\n\r\n#PRINT ON PAPER\r\nmyPdf.drawString(220,780,myData.heading) #x,y,heading\r\n\r\n\r\n\r\nmyPdf.save()\r\n\r\n#print(\"ok\")",
    "YaraRule": [
        "enable_org32",
        "core_keywords"
    ]
}