{
    "scrape_url": "https://scrape.pastebin.com/api_scrape_item.php?i=cSLqQxfk",
    "full_url": "https://pastebin.com/cSLqQxfk",
    "date": "1594375478",
    "key": "cSLqQxfk",
    "size": 1894,
    "expire": "0",
    "title": "",
    "syntax": "cpp",
    "user": "",
    "filename": "cSLqQxfk",
    "pasteid": "cSLqQxfk",
    "pastesite": "pastebin.com",
    "@timestamp": "2020-07-10T10:04:38",
    "MD5": "443643d0e171824e35d9d75b074ce675",
    "SHA256": "ca69c7f7a9bc07d702bf38ed7942ce958c5f911e1d98b567faedde7b197f3ce3",
    "raw_paste": "#include <pthread.h>\r\n#include <unistd.h>\r\n#include <sys/time.h>\r\n#include <iostream>\r\n\r\n#define MAX 100000000\r\n\r\npthread_spinlock_t spinlock;\r\npthread_mutex_t mutex;\r\n\r\ntypedef struct {\r\n    int sum;\r\n    bool control;   //true - spinlock; false - mutex\r\n}Info;\r\n\r\nvoid* threadFun(void *ptr)\r\n{\r\n    Info* info = (Info*) ptr;\r\n\r\n    while(true) {\r\n        if(info->control == true) pthread_spin_lock(&spinlock);\r\n        else pthread_mutex_lock(&mutex);\r\n        if(info->sum == 0) {\r\n            if(info->control == true) pthread_spin_unlock(&spinlock);\r\n            else pthread_mutex_unlock(&mutex);\r\n            break;\r\n        }\r\n        info->sum--;\r\n        if(info->control == true) pthread_spin_unlock(&spinlock);\r\n        else pthread_mutex_unlock(&mutex);\r\n    }\r\n    return NULL;\r\n}\r\n\r\nint main()\r\n{\r\n    struct timeval tStart, tEnd;\r\n    pthread_t pThread1, pThread2;\r\n    pthread_spin_init(&spinlock, 0);\r\n    pthread_mutex_init(&mutex, NULL);\r\n    Info* info = new Info;\r\n    info->control = true;\r\n    info->sum = MAX;\r\n    std::string name = \"spinlock\";\r\n\r\n    for(int i = 0; i < 2; i++) {\r\n        if(i!=0) {\r\n            info->control = false;\r\n            name = \"mutex\";\r\n            info->sum = MAX;\r\n        }\r\n\r\n        gettimeofday(&tStart, NULL);\r\n        pthread_create(&pThread1, NULL, threadFun, info);\r\n        pthread_create(&pThread2, NULL, threadFun, info);\r\n\r\n        pthread_join(pThread1, NULL);\r\n        pthread_join(pThread2, NULL);\r\n        gettimeofday(&tEnd, NULL);\r\n\r\n        if (tStart.tv_usec > tEnd.tv_usec) {\r\n            tEnd.tv_sec--;\r\n            tEnd.tv_usec += 1000000;\r\n        }\r\n        std::cout << name <<\" time: \" << tEnd.tv_sec - tStart.tv_sec << \"sec \"\r\n                  << tEnd.tv_usec - tStart.tv_usec << \"ms\\n\";\r\n    }\r\n    pthread_spin_destroy(&spinlock);\r\n    pthread_mutex_destroy(&mutex);\r\n    delete info;\r\n\r\n    return 0;\r\n}",
    "YaraRule": [
        "enable_org23",
        "core_keywords"
    ]
}