{
    "scrape_url": "https://scrape.pastebin.com/api_scrape_item.php?i=cT3GQPV9",
    "full_url": "https://pastebin.com/cT3GQPV9",
    "date": "1594370436",
    "key": "cT3GQPV9",
    "size": 579,
    "expire": "0",
    "title": "",
    "syntax": "python",
    "user": "",
    "filename": "cT3GQPV9",
    "pasteid": "cT3GQPV9",
    "pastesite": "pastebin.com",
    "@timestamp": "2020-07-10T08:40:36",
    "MD5": "3168e386b10abb811be4c52e74533d14",
    "SHA256": "0caef0292b078cb9444d30d2f04446994bd00bd955e75876ba371ac1b223e9c2",
    "raw_paste": "from reportlab.pdfgen import canvas\r\n\r\ndataSiswa = {\r\n\t\"nama\" : \"Little girl's \",\r\n\t\"kelas\" : \"wish\",\r\n\t\"laporan\" : \"Do you want to play with me?\"\r\n}\r\n\r\nclass Data:\r\n\r\n\tdef __init__(self, filename, documentTitle, heading):\r\n\t\tself.filename = filename\r\n\t\tself.documentTitle = documentTitle\r\n\t\tself.heading = heading\r\n\r\nmyData = Data(str(dataSiswa[\"nama\"]+dataSiswa[\"kelas\"]+\".pdf\"), \"My Wish\", dataSiswa['laporan'])\r\nmyPdf = canvas.Canvas(myData.filename)\r\nmyPdf.setTitle(myData.documentTitle)\r\n\r\n#print on paper pdf\r\nmyPdf.drawString(225, 400, myData.heading)\r\n\r\n\r\n\r\nmyPdf.save()",
    "YaraRule": [
        "enable_org32",
        "core_keywords"
    ]
}