{
    "scrape_url": "https://scrape.pastebin.com/api_scrape_item.php?i=Cup7p9D4",
    "full_url": "https://pastebin.com/Cup7p9D4",
    "date": "1594318482",
    "key": "Cup7p9D4",
    "size": 5533,
    "expire": "0",
    "title": "Role-All",
    "syntax": "javascript",
    "user": "3USA",
    "filename": "Cup7p9D4",
    "pasteid": "Cup7p9D4",
    "pastesite": "pastebin.com",
    "@timestamp": "2020-07-09T18:14:42",
    "MD5": "daf22e939ceb247f848b084a1806d85a",
    "SHA256": "a0446f001fc8f3b2b7cd2ae204fd9ad0e8c1b31431bb907cc4502a9060cd2a83",
    "raw_paste": "const http = require('http');\r\nconst express = require('express');\r\nconst app = express();\r\napp.get(\"/\", (request, response) => {\r\n  response.sendStatus(200);\r\n});\r\napp.listen(process.env.PORT);\r\nsetInterval(() => {\r\n  http.get(`http://Name-project.glitch.me/`);\r\n}, 280000);\r\n \r\n// Code By : Kss.coder(\"3USA\");\r\n\r\nconst { Client, RichEmbed } = require(\"discord.js\");\r\nvar { Util } = require('discord.js');\r\nvar prefix = '3';\r\nconst client = new Client({ disableEveryone: true})\r\nconst ytdl = require(\"ytdl-core\");\r\nconst canvas = require(\"canvas\");\r\nconst Canvas = require(\"canvas\");\r\nconst convert = require(\"hh-mm-ss\")\r\nconst fetchVideoInfo = require(\"youtube-info\");\r\nconst botversion = require('./package.json').version;\r\nconst simpleytapi = require('simple-youtube-api')\r\nconst moment = require(\"moment\");\r\nconst fs = require('fs');\r\nconst util = require(\"util\")\r\nconst gif = require(\"gif-search\");\r\nconst opus = require(\"node-opus\");\r\nconst ms = require(\"ms\");\r\nconst jimp = require(\"jimp\");\r\nconst { get } = require('snekfetch');\r\nconst guild = require('guild');\r\nconst dateFormat = require('dateformat');//npm i dateformat\r\nconst YouTube = require('simple-youtube-api');\r\nconst youtube = new YouTube('AIzaSyAdORXg7UZUo7sePv97JyoDqtQVi3Ll0b8');\r\nconst hastebins = require('hastebin-gen');\r\nconst getYoutubeID = require('get-youtube-id');\r\nconst yt_api_key = \"AIzaSyDeoIH0u1e72AtfpwSKKOSy3IPp2UHzqi4\";\r\nconst pretty = require(\"pretty-ms\");\r\n\r\nconst queue = new Map();\r\nvar table = require('table').table\r\nconst Discord = require('discord.js');\r\nclient.on('ready', () => {\r\n  console.log(`Iam Ready My Owner ${client.user.tag}!`);\r\n});\r\n\r\n/////  Code By : Kss.coder(\"3USA\");\r\n\r\n\r\n\r\nclient.on(\"message\", message => {\r\n        let roleembed = new Discord.RichEmbed()\r\n    .setDescription(`\r\n    \u06a9\u06c6\u0645\u0627\u0646\u062f\u0647\u200c\u06a9\u0627\u0646 :\r\n    -role @mention rolename : \u067e\u06ce\u062f\u0627\u0646\u06cc \u0631\u06c6\u0644 \u0628\u0647\u200c \u06f1 \u06a9\u0647\u200c\u0633\r\n    -role all rolename : \u067e\u06ce\u062f\u0627\u0646\u06cc \u0631\u06c6\u0644 \u0628\u0647\u200c \u0647\u0647\u200c\u0645\u0648\u0648\u0627\u0646\r\n    -role humans rolename : \u067e\u06ce\u062f\u0627\u0646\u06cc \u0631\u06c6\u0644 \u0628\u06c6 \u062a\u0627\u06a9\u0647\u200c \u0631\u06c6\u0644\r\n    -role bots rolename : \u067e\u06ce\u062f\u0627\u0646\u06cc \u0631\u06c6\u0644 \u0628\u06c6 \u0628\u06c6\u062a\u0647\u200c\u06a9\u0627\u0646`)\r\n    .setFooter('Requested by '+message.author.username, message.author.avatarURL)\r\n      var args = message.content.split(' ').slice(1);\r\n      var msg = message.content.toLowerCase();\r\n      if( !message.guild ) return;\r\n      if( !msg.startsWith( prefix + 'role' ) ) return;\r\n      if(!message.member.hasPermission('MANAGE_ROLES')) return message.channel.send(' **__\u062f\u0647\u200c\u0633\u0647\u200c\u06b5\u0627\u062a\u06cc \u0626\u0647\u200c\u0648\u0647\u200c\u062a \u0646\u06cc\u0647\u200c __**');\r\n      if( msg.toLowerCase().startsWith( prefix + 'roleembed' ) ){\r\n          if( !args[0] ) return message.channel.sendEmbed(roleembed)\r\n          if( !args[1] ) return message.channel.sendEmbed(roleembed)\r\n          var role = msg.split(' ').slice(2).join(\" \").toLowerCase();\r\n          var role1 = message.guild.roles.filter( r=>r.name.toLowerCase().indexOf(role)>-1 ).first();\r\n          if( !role1 ) return message.reply( '**:x: \u067e\u06ce\u0648\u06cc\u0633\u062a\u0647\u200c \u0631\u06c6\u0644\u06cc\u06a9\u06cc \u062f\u06cc\u0627\u0631\u06cc \u06a9\u0631\u0627\u0648 \u062f\u0627\u0628\u0646\u06ce\u06cc\u062a**' );if( message.mentions.members.first() ){\r\n              message.mentions.members.first().addRole( role1 );\r\n              return message.reply('**:white_check_mark: [ '+role1.name+' ] \u0631\u06c6\u0644 [ '+args[0]+' ] \u0631\u06c6\u0644\u06cc \u067e\u06ce \u062f\u0631\u0627  **');\r\n          }\r\n          if( args[0].toLowerCase() == \"all\" ){\r\n              message.guild.members.forEach(m=>m.addRole( role1 ))\r\n              return  message.reply('**:white_check_mark: [ '+role1.name+' ] \u0631\u06c6\u0644 \u0628\u0647\u200c \u0647\u0647\u200c\u0645\u0648\u06cc \u062f\u0631\u0627 **');\r\n          } else if( args[0].toLowerCase() == \"bots\" ){\r\n              message.guild.members.filter(m=>m.user.bot).forEach(m=>m.addRole(role1))\r\n              return  message.reply('**:white_check_mark: [ '+role1.name+' ] \u0631\u06c6\u0644 \u0628\u0647\u200c \u0628\u06c6\u062a\u0647\u200c\u06a9\u0647\u200c \u062f\u0631\u0627**');\r\n          } else if( args[0].toLowerCase() == \"humans\" ){\r\n              message.guild.members.filter(m=>!m.user.bot).forEach(m=>m.addRole(role1))\r\n              return  message.reply('**:white_check_mark: [ '+role1.name+' ] \u0631\u06c6\u0644\u0647\u200c\u06a9\u0647\u200c \u0628\u0647\u200c\u0648 \u0631\u06c6\u0644\u0647\u200c \u062f\u0631\u0627 \u06a9\u0647\u200c \u062f\u06cc\u0627\u0631\u06cc\u062a \u06a9\u0631\u062f\u0628\u0648\u0648**');\r\n          }  \r\n      } else {\r\n          if( !args[0] ) return message.reply( '**:x: \u067e\u06ce\u0648\u06cc\u0633\u062a\u0647\u200c \u0626\u0647\u200c\u0648 \u06a9\u0647\u200c\u0633\u0647\u200c \u062f\u06cc\u0627\u0631\u06cc \u0628\u06a9\u0647\u200c\u06cc \u06a9\u0647\u200c \u062f\u0647\u200c\u062a\u0647\u200c\u0648\u06cc \u0631\u06c6\u0644\u06cc \u0628\u062f\u0627\u06cc\u062a\u06ce**' );\r\n          if( !args[1] ) return message.reply( '**:x: \u067e\u06ce\u0648\u06cc\u0633\u062a\u0647\u200c \u0626\u0647\u200c\u0648 \u0631\u06c6\u06b5\u0647\u200c \u200c\u062f\u06cc\u0627\u0631\u06cc \u0628\u06a9\u0647\u200c\u06cc \u06a9\u0647\u200c \u062f\u0647\u200c\u062a\u0647\u200c\u0648\u06cc \u0628\u06cc\u062f\u0647\u200c\u06cc\u062a \u0628\u0647\u200c\u0648 \u06a9\u0647\u200c\u0633\u0647\u200c**' );\r\n          var role = msg.split(' ').slice(2).join(\" \").toLowerCase();\r\n          var role1 = message.guild.roles.filter( r=>r.name.toLowerCase().indexOf(role)>-1 ).first();\r\n          if( !role1 ) return message.reply( '**:x: \u067e\u06ce\u0648\u06cc\u0633\u062a\u0647\u200c \u0626\u0647\u200c\u0648 \u0631\u06c6\u06b5\u0647\u200c \u200c\u062f\u06cc\u0627\u0631\u06cc \u0628\u06a9\u0647\u200c\u06cc \u06a9\u0647\u200c \u062f\u0647\u200c\u062a\u0647\u200c\u0648\u06cc \u0628\u06cc\u062f\u0647\u200c\u06cc\u062a \u0628\u0647\u200c\u0648 \u06a9\u0647\u200c\u0633\u0647\u200c**' );if( message.mentions.members.first() ){\r\n              message.mentions.members.first().addRole( role1 );\r\n              return message.reply('**:white_check_mark: [ '+role1.name+' ] \u0631\u062a\u0628\u0629 [ '+args[0]+' ] \u062a\u0645 \u0627\u0639\u0637\u0627\u0621 **');\r\n          }\r\n          if( args[0].toLowerCase() == \"all\" ){\r\n              message.guild.members.forEach(m=>m.addRole( role1 ))\r\n              return  message.reply('**:white_check_mark: [ '+role1.name+' ] \u0631\u06c6\u0644\u06cc \u067e\u06ce \u062f\u0631\u0627 **');\r\n          } else if( args[0].toLowerCase() == \"bots\" ){\r\n              message.guild.members.filter(m=>m.user.bot).forEach(m=>m.addRole(role1))\r\n              return  message.reply('**:white_check_mark: [ '+role1.name+' ] \u0631\u06c6\u0644 \u0628\u0647\u200c \u0628\u06c6\u062a\u0647\u200c\u06a9\u0647\u200c \u062f\u0631\u0627**');\r\n          } else if( args[0].toLowerCase() == \"humans\" ){\r\n              message.guild.members.filter(m=>!m.user.bot).forEach(m=>m.addRole(role1))\r\n              return  message.reply('**:white_check_mark: [ '+role1.name+' ] \u0631\u06c6\u0644\u0647\u200c\u06a9\u0647\u200c \u0628\u0647\u200c\u0648 \u0631\u06c6\u0644\u0647\u200c \u062f\u0631\u0627 \u06a9\u0647\u200c \u062f\u06cc\u0627\u0631\u06cc\u062a \u06a9\u0631\u062f\u0628\u0648\u0648**');\r\n          }\r\n      }\r\n  });\r\n\r\n// Code By : Kss.coder(\"3USA\");\r\n\r\n\r\n\r\n\r\n\r\nclient.login(\" \") // Lera Tokene Bot dabney",
    "YaraRule": [
        "google_api"
    ]
}