{
    "scrape_url": "https://scrape.pastebin.com/api_scrape_item.php?i=d7zLDbsb",
    "full_url": "https://pastebin.com/d7zLDbsb",
    "date": "1594368008",
    "key": "d7zLDbsb",
    "size": 2180,
    "expire": "0",
    "title": "SPL Twitch.com Acc",
    "syntax": "bash",
    "user": "TheSploit",
    "filename": "d7zLDbsb",
    "pasteid": "d7zLDbsb",
    "pastesite": "pastebin.com",
    "@timestamp": "2020-07-10T08:00:08",
    "MD5": "799102265a4b6cc284c32274c9cc50bf",
    "SHA256": "b20bdf539bdb31aab83f6cf9d4d6bd43a595f10f4bca82e10ba927d31df68fc9",
    "raw_paste": "==========================================================\r\nTwitch.tv got uwu\r\nBy TheSploit :\")\r\n__________________________________________________________\r\nFindme on email indonesianweb1109@gmail.com\r\nhttps://www.youtube.com/channel/UCyNZMCmIT1lVxC0d1QUwqyA?view_as=subscriber\r\n==========================================================\r\n156103538@qq.com:135728 | 742\r\ntanner@overbays.com:Tanner27 | 1\r\n277724365@qq.com:miuraharuma2009 | 44\r\nsandra.belhassen@cegetel.net:soleil17 | 9\r\n396094743@qq.com:raymondangel100200! | 943\r\nmetalibertad@laposte.net:grafitym23M | 1\r\n461886781@qq.com:779109xiao | 40\r\npluslove10@nate.com:368486oh | 2\r\nashley1@dsl.pipex.com:voveriba | 1\r\ngu.jalabert@laposte.net:Guigui69 | 120\r\nc.lesourd0@laposte.net:Lesourd82 | 1\r\nnathan.toublanc@laposte.net:Pupuce49 | 163\r\nleefarley1@twc.com:Critter928 | 2\r\nchelltk@buckeye-express.com:reemcat09 | 2\r\n370723235@qq.com:6699_moon | 296\r\nwalker31@foxmail.com:S83p282a | 17\r\nvaamo@talktalk.net:fvaamonde | 20\r\nwutodi@21cn.net:50n9zhan | 42\r\nole.stollberg@ewe.net:stollberg8 | 15\r\ndaznic@ntlworld.com:Bellamank1 | 1\r\narrmurakami@ig.com.br:allanrafael | 6\r\nneskouwik@laposte.net:Lucas59440 | 1\r\nbulbisar@laposte.net:Pokemon24100 | 53\r\namtazzioli@laposte.net:Sasuke34500 | 34\r\n316861986@qq.com:zyf951753 | 378\r\nmedal@globo.com:solracguilou | 34\r\ndiana.gherairi@laposte.net:Diana21061986 | 1\r\nmikeriordan@bex.net:5152Mike! | 1\r\ninfo@darkrurik.com:Njolly1974 | 1\r\nimperiumaquarios@terra.com.br:12345vcp | 13\r\nsophia.jager@uol.com.br:sophia1509 | 1\r\npxiang@fsyyy.com:px116116 | 77\r\nlokeshca@bol.net.in:webmail2980 | 1\r\nredshall.gaming@laposte.net:Valerie2101 | 2972\r\nchrisriddell@talktalk.net:Bloodshadow12 | 317\r\n381505937@qq.com:tompson1991 | 984\r\n157647716@qq.com:apollo789 | 16\r\nsam.simoncelli@laposte.net:Twister199 | 3\r\nmanumansano@uol.com.br:paula100 | 1\r\nguminghu2179@vip.qq.com:19920805Gmh | 93\r\ndkdlemfh@nate.com:qnfxkfk12! | 2\r\ncaua.ferraz@bol.com.br:anabeatriz12 | 558\r\nmehdi.benstiti69@laposte.net:Mehdiadel69 | 10\r\nwitwitwitwit@qq.com:xilu1986 | 37\r\ngeorgeleggatt@talktalk.net:turboslug61 | 1\r\nteresaandrobert@twc.com:caleb0304 | 39\r\nenano04@cox.net:Baseball13 | 2\r\nhunteruk@dsl.pipex.com:hunter25 | 3",
    "YaraRule": [
        "email_list",
        "email_filter"
    ],
    "total_emails": 49,
    "unique_emails": 49,
    "unique_domains": 25
}