{
    "scrape_url": "https://scrape.pastebin.com/api_scrape_item.php?i=dckyW5QP",
    "full_url": "https://pastebin.com/dckyW5QP",
    "date": "1594219406",
    "key": "dckyW5QP",
    "size": 3423,
    "expire": "0",
    "title": "",
    "syntax": "javascript",
    "user": "",
    "filename": "dckyW5QP",
    "pasteid": "dckyW5QP",
    "pastesite": "pastebin.com",
    "@timestamp": "2020-07-08T14:43:26",
    "MD5": "5b17969c7fc3a03f010ccab07202d87d",
    "SHA256": "6d7a30d5013ff41a9b2b1722bea570e71fb0a5bdaf844171b97160c5315330fd",
    "raw_paste": "const puppeteer = require('puppeteer');\r\nconst request = require('request-promise-native');\r\nconst poll = require('promise-poller').default;\r\n\r\nconst siteDetails = {\r\n  sitekey: '6LdINmcUAAAAADLomjD6AR9majTK5AbfhjEQJpzC',\r\n  pageurl: 'https://pje1g.trf1.jus.br/consultapublica/ConsultaPublica/listView.seam'\r\n}\r\n\r\nconst apiKey = 'd0070d34e400841384ac00bf575e8508';\r\n\r\n(async function main() {\r\n  const browser = await puppeteer.launch({                                                                                                                                                                                                                                                            \r\n    args: ['--disable-features=site-per-process'],                                                                                                                                                                                                                                                    \r\n    headless: false                                                                                                                                                                                                                                                                                   \r\n  }) ;\r\n\r\n  const page = await browser.newPage();\r\n\r\n  await page.goto('https://pje1g.trf1.jus.br/consultapublica/ConsultaPublica/listView.seam');\r\n\r\n  await page.type('#fPP\\\\:numProcesso-inputNumeroProcessoDecoration\\\\:numProcesso-inputNumeroProcesso', '1010854-98.2019.4.01.3300');\r\n  await page.click('#fPP\\\\:searchProcessos');\r\n  await page.waitFor(5000)\r\n\r\n  await page.frames();\r\n  //console.log('frame>>>', await frames[1].name());\r\n\r\n  const values = await page.evaluate(\r\n    () => [...document.querySelectorAll('iframe')]\r\n          .map(element => element.getAttribute('src'))\r\n  );\r\n\r\n  console.log('src >>>', values[0])\r\n  const src = values[0]\r\n\r\n  await page.goto(src)\r\n  await page.waitFor(5000)\r\n\r\n  const requestId = await initiateCaptchaRequest(apiKey);\r\n  const response = await pollForRequestResults(apiKey, requestId);\r\n\r\n  await page.evaluate(`document.getElementById(\"recaptcha-token\").value=\"${response}\";`);\r\n  await page.click('#recaptcha-verify-button')\r\n  \r\n  await page.screenshot({path: 'pje.png'});\r\n  //browser.close();\r\n})()\r\n\r\nasync function initiateCaptchaRequest(apiKey) {\r\n  const formData = {\r\n    method: 'userrecaptcha',\r\n    googlekey: siteDetails.sitekey,\r\n    key: apiKey,\r\n    pageurl: siteDetails.pageurl,\r\n    json: 1\r\n  };\r\n  const response = await request.post('http://2captcha.com/in.php', {form: formData});\r\n  return JSON.parse(response).request;\r\n}\r\n\r\nasync function pollForRequestResults(key, id, retries = 30, interval = 1500, delay = 15000) {\r\n  await timeout(delay);\r\n  return poll({\r\n    taskFn: requestCaptchaResults(key, id),\r\n    interval,\r\n    retries\r\n  });\r\n}\r\n\r\nfunction requestCaptchaResults(apiKey, requestId) {\r\n  const url = `http://2captcha.com/res.php?key=${apiKey}&action=get&id=${requestId}&json=1`;\r\n  return async function() {\r\n    return new Promise(async function(resolve, reject){\r\n      const rawResponse = await request.get(url);\r\n      const resp = JSON.parse(rawResponse);\r\n      if (resp.status === 0) return reject(resp.request);\r\n      resolve(resp.request);\r\n    });\r\n  }\r\n}\r\n\r\nconst timeout = millis => new Promise(resolve => setTimeout(resolve, millis))",
    "YaraRule": [
        "generic_api"
    ]
}