{
    "scrape_url": "https://scrape.pastebin.com/api_scrape_item.php?i=dEivi26W",
    "full_url": "https://pastebin.com/dEivi26W",
    "date": "1594369909",
    "key": "dEivi26W",
    "size": 589,
    "expire": "0",
    "title": "",
    "syntax": "python",
    "user": "",
    "filename": "dEivi26W",
    "pasteid": "dEivi26W",
    "pastesite": "pastebin.com",
    "@timestamp": "2020-07-10T08:31:49",
    "MD5": "bfcc1c3ef97d37b3573ee4964622d00c",
    "SHA256": "286b3052ee1d1b58f2af63d178d3909f283183a34d452bc7aee52c1f759e1a33",
    "raw_paste": "from reportlab.pdfgen import canvas\r\n\r\ndataSiswa = {\r\n\t\"nama\" : \"Luigi\",\r\n\t\"kelas\" : \"VII-1\",\r\n\t\"laporan\" : \"Rapor Kelas 7 Semester 2\"\r\n}\r\n\r\nclass Data:\r\n\r\n\tdef __init__(self, filename, documentTitle, heading):\r\n\t\tself.filename = filename\r\n\t\tself.documentTitle = documentTitle\r\n\t\tself.heading = heading\r\n\r\nmyData = Data(str(dataSiswa[\"nama\"]+dataSiswa[\"kelas\"]+\".pdf\"), \"Hasil Ujian\", dataSiswa[\"laporan\"])\r\nmyPdf = canvas.Canvas(myData.filename)\r\nmyPdf.setTitle(myData.documentTitle)\r\n\r\n#PRINT on PAPER\r\nmyPdf.drawString(230,750,myData.heading) #x,y, heading\r\n\r\nmyPdf.save()\r\n#print('OK')",
    "YaraRule": [
        "enable_org32",
        "core_keywords"
    ]
}