{
    "scrape_url": "https://scrape.pastebin.com/api_scrape_item.php?i=dRqxjXFt",
    "full_url": "https://pastebin.com/dRqxjXFt",
    "date": "1594367808",
    "key": "dRqxjXFt",
    "size": 31191,
    "expire": "0",
    "title": "SPL Instagram.com Acc",
    "syntax": "bash",
    "user": "TheSploit",
    "filename": "dRqxjXFt",
    "pasteid": "dRqxjXFt",
    "pastesite": "pastebin.com",
    "@timestamp": "2020-07-10T07:56:48",
    "MD5": "838b414c91f170ab59c42a0d49ebd7c0",
    "SHA256": "8c9725880a901f3996b1ece0e402644d16b108a537cf668cab91e4e15f60f44a",
    "raw_paste": "==========================================================\r\nInstagram.com got uwu\r\nBy TheSploit :\")\r\n__________________________________________________________\r\nFindme on email indonesianweb1109@gmail.com\r\nhttps://www.youtube.com/channel/UCyNZMCmIT1lVxC0d1QUwqyA?view_as=subscriber\r\n==========================================================\r\nranda@lantic.net:acirycep222 | 9\r\ndomingo@buckeyeexpress.com:scrappy33 | 14\r\n156103538@qq.com:135728 | 742\r\nhijadelaluna@davidbowie.com:yt1300 | 12\r\nmarilene_justi@uol.com.br:mary6113 | 1\r\nsonhas@terra.com.br:lius143511 | 8\r\nlarregain.sandrine@laposte.net:Pejusacha4 | 1\r\njonathan.edwards@dsl.pipex.com:toronado | 2\r\ntamires.johnson@terra.com.br:tamires.johnsonad | 6\r\nmarcusgodoy@globo.com:Mgodoy1967 | 1\r\nmarcosmecha@terra.com.br:alterosa44 | 3\r\nodair@orientelogistica.com.br:campoverde10 | 13\r\nseos@banakpluriels.net:Elik2016plim | 4\r\nrufus@billaafe.com:freedom | 1\r\ncja99@talktalk.net:Chelsea99 | 4\r\ngoran.s@paleol.net:kesolovac | 1\r\njoma240@buckeye-express.com:babygirl4 | 4\r\nb.gtav@laposte.net:Portugal13 | 1\r\ntbeldi@terra.com.br:09101996117 | 1\r\nboicucangamoveis@terra.com.br:010713 | 1\r\nnunes@telehard.com.br:Nunes2012 | 2\r\ndecorativemirrors@getlocallisting.com:compaq6730 | 1\r\na.cacchiani@cogeogr.com:00957vcx | 3\r\narvillibor@uol.com.br:grau33 | 9\r\nhoppenessis@hawaiiantel.net:smilesr4u | 1\r\ngorgeoushair@getlocallisting.com:compaq6730 | 1\r\nmartin.meusburger@a1.net:martin | 2\r\nhdagorne@laposte.net:Madara53 | 10\r\ned_maria@ig.com.br:319757cruz | 36\r\nn.douhi13@laposte.net:Mamanjetaime70 | 6\r\nandywhelan@talktalk.net:newfield | 2\r\njrstamp@bex.net:churchlady2 | 1\r\nrenildosousa@uol.com.br:reth2020 | 3\r\nsuper-laje@uol.com.br:giovi10 | 25\r\ncompras@vitaya.com.br:sundek44 | 2\r\nconsuelosimao@uol.com.br:moby051 | 13\r\nhideyuki@fff-design.com:yukiharuki | 3\r\njahn.schmidt@gmx.net:0688853060 | 1\r\npriscila@zoullas.com:carioca | 4\r\njogapologize@vfemail.net:Source123 | 1\r\nqian.huang@cantab.net:strong1 | 1\r\ntiago.mattoo@laposte.net:Cyber2019 | 3\r\nmanonfornes@laposte.net:Bourriquet1 | 5\r\nmichael_drage@a1.net:michael | 2\r\nmarcolin@a1.net:Deskjet123 | 2\r\njohnjb@buckeye-express.com:Laurenk1 | 6\r\nvinieri@uol.com.br:Apollo56 | 77\r\njramonsa@terra.com.br:jacare57Q | 5\r\ng00fydad@twc.com:weasel01 | 3\r\nchloe.delroux@laposte.net:Chloe2004 | 14\r\nmarcoscostalima@terra.com.br:brasil5111d | 5\r\njla@buckeye-express.com:hjlena | 3\r\nmbarbosa3890@vivointernetdiscada.com.br:maria3890999S | 21\r\ntatidias@tpa.com.br:109953 | 2\r\nspeysider@dsl.pipex.com:PQdr64lkx | 56\r\nmacek@terra.com.br:washburn999cW | 5\r\ntedeschimau@terra.com.br:parati94 | 5\r\nmanuel.trippl@a1.net:1t9h9z5e | 3\r\njvcslingo@vfemail.net:debbie | 1\r\ntiruan@terra.com.br:danielleZ23Z | 5\r\nvinicius@lojapindorama.com.br:vini2038 | 4\r\ndarciojdr@terra.com.br:filomena! | 10\r\ndottieharp@bex.net:varnee | 2\r\nmariarosarioc@terra.com.br:03f1341m1 | 7\r\namgsbrbo@terra.com.br:04a29b | 2\r\ntiagobbonilha@terra.com.br:n643cad22g | 5\r\ncrs1943@bex.net:ruthless1 | 2\r\ntyfalor@buckeyeexpress.com:svhs2011 | 8\r\nwellrobson@terra.com.br:0212810212311111d | 4\r\nmlegg44231@buckeye-express.com:110block | 11\r\nmarkuskn@a1.net:06642318779 | 2\r\nredjam.1955@virgin.net:shooter21 | 1\r\ncsh@nc.rr.com:Colbie03 | 10\r\nnegocio@runester.com.br:retsenur242 | 1\r\ntnqkrskan94@nate.com:Whdals486 | 35\r\nbmckay@dsl.pipex.com:kazmasta | 1\r\ncalves.s@uol.com.br:calves0011 | 83\r\notoole@bex.net:ryan4897 | 3\r\ntazzy722@comcast.net:Tazworld1! | 3\r\nleribaultau@west-telecom.com:17092010 | 5\r\nshinell@websourceguyana.com:Password1 | 1\r\nnicholas@theloibls.com:password | 5\r\nbuteangling@dsl.pipex.com:piker1 | 1\r\ngaliflorzinha@riogrande-rs.com.br:florzinha | 1\r\nlaw5397@buckeye-express.com:Madilynn1 | 1\r\nkhabidi@laposte.net:Qrqaeb5z | 7\r\njscamposf@terra.com.br:tecoteco11d | 3\r\nelenyabatley@talktalk.net:Umgook33! | 79\r\nelizabethh@bex.net:Anking04 | 11\r\nmatheusfelix@globo.com:cordeiro | 15\r\nrosana-trindade@uol.com.br:Rosana3991 | 39\r\nwww.otacianoandrade@ig.com.br:tata2006 | 1\r\naccounts@electromedicals.net:accounts123 | 1\r\nkyra@bex.net:chacha1 | 3\r\n277724365@qq.com:miuraharuma2009 | 44\r\ntteniente@buckeye-express.com:anthony1 | 79\r\npcmead@bex.net:bobcat42 | 1\r\nflurina@rolmail.net:luianta14 | 2\r\nmaruyama@namusam.com:H2e8h9zf | 1\r\nfalmanza@gruporicap.com:Almanza | 1\r\ngavois.joffrey@laposte.net:Tassadit31 | 7\r\ndavid.musson@ukgateway.net:koofooda | 1\r\nsandra.belhassen@cegetel.net:soleil17 | 8\r\ndfisher1932@buckeyeexpress.com:jak09400 | 5\r\nashley.leigh@talktalk.net:teapot | 2\r\ndonbothwell@conceptual.net.au:yallingup | 20\r\nnc156@laposte.net:Noe123197 | 17\r\nnylan@mlcci.com:dekary842 | 3\r\na.castriconi@cogeogr.com:01071llo | 2\r\nfabbyfernandes@terra.com.br:facrisja. | 2\r\nsueliyukie@globo.com:camila31 | 5\r\njose_munhoz@terra.com.br:munha2421 | 2\r\nineslopescardoso@terra.com.br:040521301231112317 | 6\r\n396094743@qq.com:raymondangel100200! | 943\r\ncarina_schwendinger@a1.net:Celine2005 | 1\r\nmctondi@micso.net:dinosauro | 36\r\nclementinesonnois@laposte.net:Flocon2007 | 3\r\njeanees@buckeyeexpress.com:jammers1 | 8\r\nsam_marshall@dsl.pipex.com:marshall1 | 3\r\nsell@thedousedshop.com:Student11 | 1\r\na-mf@talktalk.net:a8240369 | 1\r\njafischer@ruraltel.net:dogsyf | 71\r\nmetalibertad@laposte.net:grafitym23M | 42\r\nvictorpollanski@terra.com.br:81347747v. | 6\r\njla@buckeyeexpress.com:hjlena | 3\r\nmikemohammad@davidbowie.com:scorsese | 1\r\n461886781@qq.com:779109xiao | 40\r\nmack4@buckeye-express.com:inlove06 | 3\r\nfionalyon@dsl.pipex.com:adizzy25 | 2\r\narnold.kristof@a1.net:tuppreme123 | 44\r\nernstwelzholz@alice-dsl.net:annajan1 | 1\r\npb1369@bex.net:kelcie16 | 1\r\nallankeithlogan@talktalk.net:laddie123 | 17\r\nflaviaalbanit@terra.com.br:lindao | 4\r\ntheweaverfamily@buckeyeexpress.com:1twinboys | 25\r\naxelle.cloux@laposte.net:2004Axelle | 33\r\ndawnsewell@dsl.pipex.com:charlie | 1\r\nashley1@dsl.pipex.com:voveriba | 1\r\nwaarky@laposte.net:Julien17 | 2\r\npastorbessie@bex.net:snyder9232000 | 3\r\njohnscott123@talktalk.net:bailey00 | 46\r\ntuti02@terra.com.br:Pitoco02111dq | 2\r\nallydameandellie@talktalk.net:scoobie01 | 7\r\npoofdiscovery@vfemail.net:Source123 | 1\r\nfoxysdecking@getlocallisting.com:compaq6730 | 2\r\nverle@inspectionsmith.com:Cajun123 | 1\r\ndhschiff@terra.com.br:gju4afo911 | 3\r\nsamuele@sideram.com:pitagora | 3\r\namelia@jessophome.com:amelia | 3\r\nchristianjade@twc.com:1978kitcar | 27\r\ncarolineallen@lineone.net:durisdeer | 1\r\nguitaredandfeathered@cox.net:thursday1 | 10\r\nashleygrace@twc.com:trixielou3 | 108\r\njulianazevedo@terra.com.br:meldoida3211d | 4\r\nizabellah@mirigroup.com:izabellah | 24\r\nfatture@italgeap.com:55faradiba | 1\r\nian.lloyd60@ntlworld.com:elephant19 | 11\r\nigor_cunha@globo.com:bi793014 | 57\r\nreuab@a1.net:l0k1a1l0k1a2 | 4\r\nviniciusbarboza@vetorial.net:13487216 | 1\r\nvluchini@ig.com.br:295456 | 17\r\nlyndsey42@buckeyeexpress.com:aaden62 | 1\r\nembrau@terra.com.br:scama205 | 1\r\nkteneyck@bex.net:nursep1 | 3\r\nrfajardo@infonegocio.net.pe:Palmira | 4\r\nvaniatere@ibest.com.br:240454 | 31\r\nmatthew.bledsoe@twc.com:matthew77 | 33\r\nk.oliver@terra.com.br:oliver1 | 3\r\nluis.opniao@globo.com:jls25270305 | 1\r\ninfo@cottagerelief.com:1Todolist2 | 9\r\neiichi-e@random-e.com:re102500 | 1\r\njthoma43@columbus.rr.com:Virginia12 | 46\r\nritafreud@doctorleli.com:callas54177711 | 76\r\nnathan.toublanc@laposte.net:Pupuce49 | 21\r\nlaur2207@buckeye-express.com:luvtigger2 | 1\r\nrichardbrown1@ukgateway.net:enadoofa | 1\r\nminnie.76@virginmedia.com:Easynow76 | 69\r\nbshipman1345@buckeyeexpress.com:gwen2002 | 86\r\ninfo@alexprosoft.com:MsMy23571113! | 1\r\nmike.van@talktalk.net:service1 | 2\r\nedpierro@terra.com.br:pc1278 | 1\r\nmaryk4u@buckeyeexpress.com:Stoney12 | 8\r\ndsguirao@vivointernetdiscada.com.br:913253261zxc | 55\r\nchida@aihomenet.com:aik24567 | 5\r\nburnsie101@grapevine.com.au:daniel | 2\r\ndmrcole@talktalk.net:MRC12934 | 1\r\ntweety_girl@t-2.net:fantazij1 | 41\r\npgilis@bex.net:5139Summer | 1\r\nengenharia@gtatuape.com.br:engenharia@@gtatuape | 1\r\npatalokinha@terra.com.br:97414621! | 6\r\ntuyetpt@mayhai.com:tuyetpt123 | 1\r\ngpease@dsl.pipex.com:Su1tc4s3 | 1\r\neli_lopeslourenco@terra.com.br:valparai00 | 5\r\nasrc42@dsl.pipex.com:poppet1 | 2\r\nleefarley1@twc.com:Critter928 | 94\r\naccooper@talktalk.net:stowaway2 | 3\r\nanderson_mmelo@terra.com.br:Goku198712313 | 2\r\npalitti@terra.com.br:palitti195310981 | 2\r\nsuasesor@alertafondos.com:RomananaAd17171!000 | 7\r\ng.raeburn@dsl.pipex.com:2melons | 3\r\nalfred20vc@speedy.com.pe:Ccorahua | 2\r\nharigaya@apfnews.com:21062106 | 19\r\nbonifaciofeitosa@terra.com.br:maluco2610 | 3\r\nmeg1@bex.net:meggey1 | 26\r\nlisaburton@cyberltc.com:palmer | 1\r\nfrancis.cadet974@laposte.net:Picpic974 | 96\r\njeffblau@twc.com:Vacation1 | 8\r\nkenfyler@twc.com:sapper71 | 13\r\nduby@buckeye-express.com:cassjake1 | 5\r\nhrkbap@buckeye-express.com:ittoh11 | 1\r\nfatma.mouisi@stt-tn.com:000000000 | 2\r\nmick.rodaway@talktalk.net:charlie12 | 1\r\njr.luca@uol.com.br:jcl2012 | 1\r\nvivimoia@terra.com.br:carpe050 | 3\r\nhrsmith2@comcast.net:Polaris1 | 2\r\nabadia.fonseca@terra.com.br:didi8604111 | 1\r\nvidafarma2@uol.com.br:fer512bb | 3\r\nchelltk@buckeye-express.com:reemcat09 | 5\r\ndenisedon@uol.com.br:Cidade12 | 1\r\n370723235@qq.com:6699_moon | 296\r\nani_fernanda@terra.com.br:060985 | 1\r\npaulmorrissey@talktalk.net:Bluethedog1 | 1\r\nsoof@iprimus.com.au:doris6 | 1\r\nsales@gdp.com.my:gdp123my | 5\r\nsuegarden@talktalk.net:rosemary12 | 1\r\nribeiroliliana@uol.com.br:cuca69 | 1\r\nmorefrenchies@bgwifi.com:colby00277788 | 74\r\nkinomi13@buckeye-express.com:vampire13 | 2\r\nluciana-castello@uol.com.br:tate1980 | 2\r\nmair.enticott@talktalk.net:Taffy365 | 44\r\nbjbashore@buckeyeexpress.com:Lena.1812 | 3\r\nelize@dsl.pipex.com:betsie77 | 1\r\ntaffie@airnowonline.com:694444 | 6\r\nabbeyhutch@buckeye-express.com:lynne06 | 7\r\nciara.osullivan1@virginmedia.com:limerick99 | 7\r\nedu_rodenasjr@terra.com.br:junior92!1d | 20\r\njulianamorgado@globo.com:mimosa | 5\r\nrichardarbs@hawaiiantel.net:ra688484 | 1\r\ngoodtobqueen@buckeyeexpress.com:qweeni | 1\r\nlioness0619@buckeye-express.com:babygirl | 3\r\ninfo@bernardinobeggio.com:parati | 7\r\nvagnermmv@terra.com.br:2253va591 | 3\r\neurocezar@uol.com.br:ag049150 | 7\r\nmausi84@gmx.com:51.80.48 | 1\r\ndzf05670@nifty.com:sakai123 | 3\r\nranking@123eigo.com:mm000031 | 2\r\ngiovanni@beaucoup-fish.com:buscarino | 2\r\nprapatricia@ministeriopazeamor.com.br:israel | 1\r\ngilford@vfemail.net:Element1 | 1\r\npatou@cableamos.com:GARDERIE | 1\r\ncekicokanda@terra.com.br:celeste12!!! | 2\r\nbot14@pautina-nau.net:bot14 | 2\r\nchorles@terra.com.br:97140710111a | 1\r\njohn@john-seymour.com:Katie2007 | 2\r\nrussell.kondo@hawaiiantel.net:tobidog1 | 3\r\ndani_betti@ig.com.br:boneco | 12\r\nasuka319@nifty.com:ilikesindee | 75\r\nbrit.hill08@twc.com:Laila2013 | 61\r\ntony.haggar@ukgateway.net:bootapez | 2\r\npack@bex.net:goblue1 | 4\r\nkmares@ig.com.br:Kmares1319 | 8\r\nwww.valwriting5@vfemail.net:article123 | 1\r\nnettymc@virginmedia.com:elisha05 | 6\r\nwalker31@foxmail.com:S83p282a | 17\r\nagaro74@laposte.net:Maxime4574 | 2\r\navery@altorey.com:avery | 54\r\ntcqueb57@hawaiiantel.net:acura54 | 2\r\nbrunamacedo@tpa.com.br:1985bemo | 7\r\nandrewcarpenter@hawaiiantel.net:1asshole | 2\r\nkimberly.berne@laposte.net:21Madisson | 47\r\nsales@paris-jewelry.com:password | 9\r\natendimento01@institutomachado.com.br:Alterar123 | 2\r\nafonso_ninks@terra.com.br:35633204afonso11 | 3\r\ngraficainove@terra.com.br:inovei9 | 2\r\nhal@a-project.net:harukamika1972 | 3\r\nrexhome@lycos.com:laptop2 | 2\r\nsarcoga@terra.com.br:986421871s | 3\r\nmary@moorethenart.com:Rainer11 | 1\r\nkelli.oliver@terra.com.br:amorcris | 3\r\nlaurakamia@ig.com.br:lauka | 1\r\nchill4021@twc.com:brownsno1 | 27\r\nlem.alexis@laposte.net:0102Mp4d | 2\r\ntblack7@bex.net:sewwhat1 | 3\r\npphil44@laposte.net:Korhogo1 | 2\r\nsandratal@dsl.pipex.com:theshera | 1\r\nviajes@llaveenmano.com:Maiterol5000 | 4\r\nandrew.danskin@talktalk.net:2207andy | 6\r\nvincent.pagart@west-telecom.com:sardine2000 | 6\r\nkim.dulle@ewe.net:Maike.11 | 1\r\ndpickle@buckeye-express.com:mickey1 | 3\r\nseo2442@nate.com:s9561096 | 4\r\nwutodi@21cn.net:50n9zhan | 42\r\nfitz@twc.com:x70087008 | 1\r\nalexcmoretti@terra.com.br:ad0803660ad080366011 | 16\r\nlego-stein@a1.net:michael | 8\r\ncwhitman@buckeyeexpress.com:everyman12 | 1\r\nformacion@locrifer.com:Locrifer | 22\r\nengemass@terra.com.br:521273 | 1\r\nkatelefever@dsl.pipex.com:Harvey1966 | 1\r\nfwells@bex.net:dillon1 | 1\r\nsanto.mann@dsl.pipex.com:waheguru1 | 1\r\nalexvilca@seyconsac.com:alisson_1979 | 1\r\ninfo@teheretahiti.com:thtahiti2013 | 8\r\nstardust@ruraltel.net:sissy | 2\r\nmarina@imexcomar.com:perales | 2\r\njcblanks@grhammonds.com:jcb2447! | 1\r\norlando.chagas@vivointernetdiscada.com.br:96l64570!!123 | 22\r\njchopper1@cox.net:84Elcamino | 3\r\nhirokot@gol.com:wa08206htt | 2\r\ndaznic@ntlworld.com:Bellamank1 | 17\r\nmrzeferino@terra.com.br:periquito271a | 6\r\nandrea@trabaldo.net:morfina | 1\r\ntbranyan@buckeye-express.com:oakland1 | 1\r\nd.maund@dsl.pipex.com:quiouquz | 4\r\npauleaston@talktalk.net:chloejade2 | 1\r\nalejandroyrigoyen@speedy.com.pe:tRe111 | 2\r\ngordonrmclaughlin@buckeyeexpress.com:mary1960 | 6\r\nsrogers@talktalk.net:Harrison21 | 3\r\nmeier-schomburg1@a1.net:beatrix1 | 2\r\naldhondt@buckeye-express.com:andrea12 | 3\r\nchoirdude2013@bex.net:4cju16 | 16\r\npsj1204@accesstoledo.com:baliecat | 2\r\nariov@terra.com.br:biscoito111105 | 6\r\nmadina.moshkal@vfemail.net:mmamma6202 | 1\r\njkrutz1@buckeye-express.com:zanetrev413 | 5\r\ndowson1@talktalk.net:netball1 | 4\r\nalialarco@speedy.com.pe:lIBRA46 | 1\r\nsuledwith@dsl.pipex.com:clarity21 | 2\r\nfinbar@dsl.pipex.com:firefly01 | 1\r\nkurierdienst24@alice-dsl.net:Deni1995! | 3\r\nrowan@motherhencatering.com:sheephouse1 | 7\r\ngueguen.louise@laposte.net:Natation2235! | 8\r\nsandra_souza13@terra.com.br:afrodite21111Q | 2\r\nluis1990@lycos.com:Felipe19 | 1\r\njol33nw@talktalk.net:malimoo2005 | 4\r\nfelipe-pg-santos@uol.com.br:lipe0911 | 3\r\nanderson_4d@terra.com.br:malukinh012311 | 9\r\ncarlos_aquino@speedy.com.pe:neKo05 | 1\r\nfe.elyna@ozone.net:Elyna2004 | 6\r\ntwozpots@davidbowie.com:111661 | 1\r\nviolette.bernede@laposte.net:Pistache2005 | 34\r\nshardin1@buckeye-express.com:7348colonial | 6\r\ncahemo1213@terra.com.br:041188221041188q | 8\r\nelcdevil@buckeyeexpress.com:q8way4hh | 42\r\njeancarloshd@terra.com.br:22011983220119098 | 4\r\nheinz.martens@ewe.net:black2619 | 1\r\norovits.b@a1.net:orovits | 1\r\ncarvrac@ozone.net:CAjpdvc49 | 2\r\nania.adamczyk@adresik.net:Aniadam1 | 3\r\nsduncan@twc.com:madge1021 | 1\r\nj.kayluna@valliant.net:cookie | 1\r\njanet@waileacollection.com:bailey | 10\r\ndonsouthhadley@twc.com:ra11413184 | 3\r\njoanna1979@talktalk.net:fordkuga08 | 1\r\ngori.hamaguchi@nifty.com:gori8823 | 2\r\nrhonawild@lineone.net:concord | 1\r\nicbutch@bex.net:af1568 | 2\r\nmalcomelectric@accesstoledo.com:deb7580 | 2\r\nbcook723@twc.com:angela8268 | 12\r\nbeachbum23@richnoonan.com:littlebun23 | 19\r\nturnersigns@buckeye-access.com:2356Jimmy | 29\r\nmhjames@netins.net:water1234 | 41\r\nandressapa@uol.com.br:a270608j | 2\r\nhase24@a1.net:Schnecke | 1\r\nlaro69@a1.net:triathlon | 1\r\nbende@taborosi.com:Bendemark1 | 8\r\nmyboys2@twc.com:trev2jake | 87\r\ngeoffegan@dsl.pipex.com:Sylvia12 | 4\r\nanaluciassales@ig.com.br:2411tayn | 48\r\nkenley@rikerealestate.com:kenley | 12\r\nmanish@aimshospitality.com:aims103013 | 1\r\njessica94@buckeyeexpress.com:scissors7 | 25\r\nwilsoncotrim@uol.com.br:ddig81 | 19\r\nserafimmarques1@uol.com.br:iehp83 | 58\r\ncarlos@urbeengenharia.com.br:joao00 | 9\r\nscat.fisher@walkedintoabar.com:Flounder111Flounder1111 | 69\r\nadmalison@terra.com.br:180719771d | 12\r\nlucajam@uol.com.br:marley137 | 1\r\nakarose2@buckeye-express.com:angeleyes2 | 3\r\na.macieira@globo.com:macieira | 14\r\nstephen.gapper@dsl.pipex.com:nX002196 | 2\r\nluiz@pluglig.com.br:afeganistao461 | 3\r\namkona@hawaiiantel.net:kealani | 1\r\na.brown21@talktalk.net:matthew | 1\r\nalibartley@mi-connection.com:alison123 | 1\r\nstritch09@buckeye-express.com:maryjf9 | 54\r\n316861986@qq.com:zyf951753 | 378\r\nmayr.johann@rolmail.net:9pXChSTG | 1\r\njsahadeo@uniserve.com:traveller17 | 8\r\npatchoco@uol.com.br:Gigi6161 | 60\r\nspoiledbrat01@buckeye-express.com:kendall12 | 18\r\nj.gaston@dsl.pipex.com:24700674 | 2\r\nheitor@grupobuscarioli.com.br:hbj1975 | 3\r\ncincopr@paleol.net:marija2 | 2\r\nm-roseli-silva@uol.com.br:r1o2s3e4 | 44\r\nydt21@dial.pipex.com:pomichaz | 1\r\ndaianewvb@terra.com.br:4582198717q | 7\r\nsndydrmr@buckeye-express.com:hannah826 | 5\r\nmichael59@buckeyeexpress.com:slaggert | 2\r\nalibarts@talktalk.net:7Football | 24\r\ndiana.gherairi@laposte.net:Diana21061986 | 52\r\nsolangehayashi@ig.com.br:051166 | 5\r\nmariluz@ideeamazonia.com:Mar020609 | 4\r\ngordon.taylor@dsl.pipex.com:CurlyBear07 | 1\r\nmcopeland@lantic.net:michael0aa | 17\r\ndjarboe7@twc.com:scooter7 | 55\r\ncontact@biomeo-environnement.com:urbanisme | 1\r\nellenholc@terra.com.br:eholc27923 | 1\r\ns.bertrand458@laposte.net:Sarah1234 | 4\r\nmksavage@buckeye-express.com:2210kaukauna | 14\r\nmari_baruta@terra.com.br:sara21033pas | 1\r\nerhardfrau@alice-dsl.net:15061953 | 2\r\ncschwarck1@bex.net:mikocat1 | 4\r\nbbjfire@terra.com.br:foguinho226588 | 8\r\nexlerale@terra.com.br:halster | 1\r\naccidentadvice05@vfemail.net:article123 | 2\r\npestdetective@centramedia.net:roaches | 1\r\nozgrindpolished@getlocallisting.com:compaq6730 | 1\r\ntecsomfabio@terra.com.br:510700 | 2\r\nantonio.start@globo.com:star4675 | 4\r\neruther4d@adelphia.net:wertwert | 1\r\nandressa@mangapitanga.com:gagui100 | 4\r\nvolstag_volsungo@terra.com.br:cremutcho727 | 4\r\nshue@buckeyeexpress.com:olivia1205 | 3\r\nandrewdesmidt@buckeye-express.com:desmidaa | 1\r\naamoreno@terra.com.br:adm1602 | 2\r\npiva.consultoria@uol.com.br:Hp521042 | 34\r\npmbolster@iprimus.com.au:patrick3 | 2\r\ninfo@fg-eclipse.net:ffooeecc | 2\r\nhavens@buckeyeexpress.com:brence12 | 1\r\nanil_madhok@dsl.pipex.com:Babyamy7 | 7\r\nanafe04@terra.com.br:minhamaeQ1 | 3\r\nbreanne@breannemorgan.com:purple4life | 9\r\nreginapadylhak@terra.com.br:iluminar13 | 7\r\nac_jg@uol.com.br:tbeu2305 | 2\r\nakiremorais@terra.com.br:morais00ww | 6\r\nttmcsen@talktalk.net:Murphy12! | 1\r\ngiovanabuss@terra.com.br:ramaca | 4\r\nneo_fox@lineone.net:seaworld | 2\r\nlucky6@buckeye-access.com:oneail59 | 2\r\nblueisaac3@buckeye-express.com:blue232419 | 1\r\nstremair.kevin@g-store.net:oix92kks!! | 48\r\nmelma@kikiroom.com:marine11 | 2\r\nfoundation@dsl.pipex.com:foundati | 2\r\nadriferrante@terra.com.br:963211 | 1\r\nacquiescence@dsl.pipex.com:happy1 | 1\r\npxiang@fsyyy.com:px116116 | 77\r\nlynetteandbert@talktalk.net:robert2603 | 11\r\nrgmarriner7@talktalk.net:buster07 | 32\r\npark1144244@nate.com:wltjs119 | 14\r\nari_2009@ig.com.br:Luis3105 | 1\r\nalainbuffalo@west-telecom.com:terredeloup | 2\r\nsimoninjennifer@laposte.net:Sultan12 | 1\r\napmax@terra.com.br:internet1098 | 3\r\nconniegigi@roadrunner.com:Chickie1! | 4\r\nclaudiamalves64@terra.com.br:cl6829 | 5\r\nliviamedina@ig.com.br:liviamc12 | 5\r\npaul.oconnor@dsl.pipex.com:pauloc46 | 2\r\njuniorcabrini@terra.com.br:600160011 | 3\r\npajenks66@bex.net:fiesta06 | 8\r\njgadeasantos@mundo-r.com:A2x23ty | 2\r\naldhondt@bex.net:andrea12 | 3\r\nrab88@buckeyeexpress.com:deerfield88 | 1\r\nlynnaspin@talktalk.net:Ginger1!Ginger1! | 8\r\npjc3@bex.net:Prov356 | 2\r\ndepmharrison@columbus.rr.com:mattie23 | 4\r\nguitarplayer@webchamp.com:pc0916pc | 1\r\njutaca@terra.com.br:150896 | 1\r\nmateusforcinettiteixeira@uol.com.br:mati2605 | 91\r\nseanl@vfemail.net:Kim072801 | 2\r\ntrm.martins@uol.com.br:gilda6969 | 21\r\nl.renzani@iqsstrings.com:912007lgr | 9\r\nckonchar@triad.rr.com:Samlibby22! | 1\r\nchamberhaley@buckeye-express.com:haley4195 | 1\r\nc.gervais2@laposte.net:Poupoupidou5 | 4\r\nmatheus.duraes@uol.com.br:161064a | 25\r\nconnerd2002@buckeye-express.com:starkiller2010 | 2\r\nlissi.rienzni@rolmail.net:DvQjBsRu | 3\r\nalvespereira12@terra.com.br:idalia122311qw123 | 9\r\nmonte.herbalife@globo.com:thphvh79 | 1\r\nniddroid@talktalk.net:hibernian1875 | 3\r\nellienik@esc.net.au:sweetpea | 91\r\nginny.wise@twc.com:Allstar1 | 1\r\nlokeshca@bol.net.in:webmail2980 | 1\r\nkbuehler@buckeyeexpress.com:Beaner10! | 3\r\nrpou@uruguayforestal.com:24rosario | 2\r\ncontact@arnaudperat.com:StarZone666 | 2\r\nreffahs@buckeyeexpress.com:pluto1992 | 5\r\njennifer.peschi@laposte.net:Shanelle2005 | 76\r\nalloftes@srt.com:lucille1 | 4\r\nferdi.gears@lantic.net:matilda | 1\r\nlouloubf2@laposte.net:TriYannBZH21 | 1\r\nluciahbfreitas1@terra.com.br:advogada013 | 3\r\nclaireandco@talktalk.net:tredinnick8 | 3\r\ncmaca11@iprimus.com.au:maccas10 | 4\r\nebsdomingos@terra.com.br:310698 | 1\r\nhooaahkah@buckeye-express.com:spike135 | 1\r\nliettzz@ig.com.br:lili0906 | 5\r\nvalli@barabeesh.com:disco | 1\r\nspares@rajindiaauto.com:9936794010 | 1\r\ncamagal@uol.com.br:Kmagal1772 | 56\r\ncschwarck1@buckeye-express.com:mikocat1 | 4\r\nzacauu@gmx.net:voelkel1111 | 1\r\nemiliano@gliscoiattoli.com:milano | 1\r\nshavon@foursistersprinting.com:slpa76 | 1\r\npamags@uol.com.br:ps161064 | 23\r\nmaayanid@netvision.net.il:1050443 | 1\r\nsabsantana@globo.com:sa150503 | 7\r\nfunilariaepinturabatista@uol.com.br:Batistaoficina | 1\r\ncruz.andrea@uol.com.br:Pai26051950 | 1\r\nemnetherton@twc.com:emily1998 | 66\r\nccleto88@rolmail.net:Massafora88! | 1\r\ndahooti6@buckeye-express.com:bailey33 | 2\r\njsebastiaopereira@uol.com.br:J140155p | 49\r\nadmin@oravaaction.com:miro5762 | 1\r\nada_ulloa@infonegocio.net.pe:AdaULLoA | 2\r\nmcidapaiva@ig.com.br:ranieri27 | 4\r\nkdempsey@bex.net:Lauren05! | 1\r\nantonio.metaltec@terra.com.br:ortega | 1\r\nwalterwmc@sion.com:47166241w!123444 | 3\r\nchristinagomes@flylittlebirdie.com:pbishot1 | 1\r\nrobson@matrixaudio.com.br:321matrix123 | 1\r\npiethome@lantic.net:ywykotem131 | 8\r\nevwilt@bex.net:goalie2 | 80\r\nfreddy0812@twc.com:poplar420 | 4\r\nallysson01@globo.com:Sa220499 | 3\r\nanreal007@pautina-nau.net:rD88Uc5d | 2\r\ngary@2percentinspiration.com:garych3llo | 1\r\nademar.rp@terra.com.br:flavia18 | 7\r\nk.grimwade@ntlworld.com:karen1965 | 5\r\neric.valdez@vfemail.net:bigbrickezpz | 1\r\ncharles.morgado@laposte.net:Connard92 | 1\r\nmissout@buckeye-express.com:travis101 | 1\r\nbobandkylie@grapevine.com.au:liambensam | 5\r\nfsiniscalchi@sion.com:karate23karat11a | 8\r\n381505937@qq.com:tompson1991 | 984\r\n157647716@qq.com:apollo789 | 16\r\nluigi.magon@terra.com.br:040396 | 1\r\npri_sal_12@terra.com.br:perolamvperolamvzxc | 14\r\nmorganstn@talktalk.net:Luigi123! | 43\r\nsylvia.tournier@laposte.net:Chouchou21! | 1\r\nmelanie.winter2@ewe.net:melle-w2804 | 1\r\nlucaalvares@globo.com:junior111 | 1\r\nm_n.brown@lineone.net:happydays | 2\r\nsallyann@pnc.com.au:babyteddyw015 | 5\r\nspooky_ghost227@davidbowie.com:zigzag | 2\r\njohn@johnjwiley.com:Rumbler1 | 7\r\nkatiehaines@bex.net:7D15A80D | 1\r\nissol1811@talktalk.net:Isaac18 | 4\r\nwell.alcantara@terra.com.br:180190 | 1\r\newohw@bex.net:charlie1 | 1\r\nlilje027@lantic.net:lilje10861lilje10861 | 10\r\nadam@shekhter.net:adam8412 | 6\r\ntess.palmowski@laposte.net:Tess2004 | 11\r\nclaudio.mm@ig.com.br:51mogi73 | 21\r\nrebecca.carman@ntlworld.com:Flash2017 | 93\r\nnabeel@wateensolutions.com.au:03004981382 | 1\r\ndawnh@lantic.net:561108 | 2\r\nmaelle.walter@laposte.net:Elea2003 | 17\r\nerica.ubaldi@parmaest.net:gioconda24 | 2\r\ndidi.soussan@laposte.net:Andinou9 | 11\r\naskjhsa.kjhasd@vfemail.net:xS6a4DWBf6 | 1\r\nemersonscf@terra.com.br:miosotis321211 | 1\r\nad_dovale01@terra.com.br:levado0111 | 1\r\njwalling@bex.net:Michigan | 2\r\ncicicoffee@centramedia.net:coffeecl | 1\r\ngoodenow@hawaiiantel.net:kGG96720 | 6\r\nlhzilli@terra.com.br:brasil12 | 1\r\nofkonors@sunnet.com.ua:4191437 | 4\r\ncarolsharonline@terra.com.br:carolina123a111 | 15\r\nlb2000@talktalk.net:Anneleise3 | 3\r\nemarchizelli@terra.com.br:651000em123W13 | 1\r\npeytonlorenzen@bex.net:pendoor13 | 2\r\njatubs@terra.com.br:dangle | 1\r\nkatharina.strassegger@a1.net:14101985 | 5\r\nyanster@dsl.pipex.com:alibonga | 1\r\nportaflex@ibest.com.br:852314 | 27\r\ntam.kokot@laposte.net:Tamara71 | 43\r\nrmoon@buckeyeexpress.com:superbee70 | 2\r\nlynda.chris@talktalk.net:jonathan82 | 8\r\ndwo@dlinexsign.com:Carlf1881 | 2\r\nabigail_collin@talktalk.net:Mwraight1935! | 20\r\nterapievojta3@vfemail.net:Romania123 | 1\r\nwaldemar1@uol.com.br:Waswas121! | 42\r\nzeljodragg@teol.net:1305aco | 2\r\njrleo1@terra.com.br:361455441071 | 4\r\ntelm.reis@uol.com.br:081299Bel | 17\r\nrobyn@schmitztribe.com:Josepha71! | 8\r\nmorgan_wyn49@talktalk.net:Saralou-1 | 1\r\nshaundonna@talktalk.net:lexanfilm | 2\r\nh.ujita@uol.com.br:mari1963 | 1\r\ntopgun@buckeyeexpress.com:hollywood | 1\r\ndanipilon@uol.com.br:d020878 | 4\r\nrafaelbellintani@terra.com.br:rafa163415011a12355 | 9\r\nmerlot2000@talktalk.net:castle2000 | 1\r\nloterica_firenze@terra.com.br:firenze11q | 2\r\nmelgatti@uol.com.br:mel2223 | 15\r\nweib1004@nate.com:w1e2i3b4 | 1\r\ngugufm@uol.com.br:gu190204 | 2\r\nsbutterfly@bex.net:shawn112 | 14\r\ntoshimi1@hawaiiantel.net:kazu1994 | 1\r\nangelicapeixinho@terra.com.br:sophia010g11d | 20\r\na-liliam@ig.com.br:li18eu25 | 14\r\ndesign.angela@globo.com:1510angela | 75\r\ngdx0708@nate.com:ghkd3804! | 5\r\ncris.listas@terra.com.br:n0377eohn0377eohh1d | 1\r\nclebsons@terra.com.br:325360131d | 7\r\nadmin@knlawnservice.com:password | 6\r\nxande.prado@terra.com.br:gabriela1123 | 5\r\nmiriamarcelo@ig.com.br:mm190998 | 2\r\ngilmarostjen@terra.com.br:140202971123 | 9\r\neddy069@laposte.net:Edtr.1969 | 1\r\nthetoselands@talktalk.net:george1911 | 1\r\naugustocesar@uol.com.br:A10C08M52 | 1\r\ncosmicrabbit@dsl.pipex.com:sixetang | 2\r\nnp72@dial.pipex.com:ixechaba | 4\r\nbonanni@hotelalpi.com:attilio2016 | 4\r\njniskier@terra.com.br:paraleleparalele011 | 3\r\ncmrosa@ig.com.br:22maio00 | 29\r\nmatthew.newport@talktalk.net:Newpom33@ | 2\r\nttoppah@carnegienet.net:tt23car | 1\r\naucn49@dsl.pipex.com:tanidara | 1\r\nmaryam.garoppo@laposte.net:Calypsong1 | 2\r\nrandee@ny2d.com:Chapin99! | 2\r\nmanumansano@uol.com.br:paula100 | 42\r\nrankin@netvision.net.il:rifhburh1rifhbu | 1\r\ncourtwala@twc.com:cjbolt0924 | 91\r\ngsarge@talktalk.net:yamred46 | 1\r\nlaurie.passons16@laposte.net:Laurie16 | 28\r\nsail49@island.net:muthoppeq1q2019 | 12\r\necfmorais@terra.com.br:1565vida1565vida21d | 1\r\nadriana-melao@uol.com.br:240872aa | 28\r\nela@kreshtool.com:12345 | 18\r\ndouglasmsilva@terra.com.br:15035586a1dq | 18\r\njerrybss@terra.com.br:jb140270123 | 1\r\npeterjc@innergystics.com:D7rach01 | 1\r\nens@vfemail.net:ens66613ru | 1\r\nemelyne.merisier@laposte.net:Emelyne5 | 25\r\njcn.etherington@dsl.pipex.com:willfan | 1\r\ncckelly@nc.rr.com:Temagami!1 | 14\r\nmarcello@marineddabay.com:solito | 1\r\nrenoufgaetan@ozone.net:Martinimk36 | 1\r\ninfoprintpinda@terra.com.br:lili1709Q | 2\r\nnicola67martin@talktalk.net:sun24shine | 49\r\njulio_gabi@terra.com.br:2521804412001607 | 6\r\nsergiocarvalho2000@ig.com.br:saojorge123 | 18\r\nalonzo.jul@laposte.net:Promedi526 | 111\r\negatti05@terra.com.br:28e24v0732 | 4\r\ninfo@robynandtrevor.com:guitars123 | 3\r\njosh@watercleaningservices.com:kasenjace10 | 6\r\nsajjad786@talktalk.net:talktalk | 4\r\nsdandmj@talktalk.net:NeWtiEs8 | 1\r\nmaxpage@talktalk.net:Durban20! | 1\r\nangel@r7.com:julinha | 69\r\nguminghu2179@vip.qq.com:19920805Gmh | 93\r\nalves_milla@terra.com.br:160302 | 3\r\ngiuliano@gugafittipaldi.com.br:Giugiu3333! | 35\r\nmaryannking@talktalk.net:alliswell2 | 22\r\naminesaid@laposte.net:Sarafina2010 | 50\r\nmark47@talktalk.net:kumkwat47 | 46\r\nmichaeldunn13@twc.com:lauren13 | 23\r\nadmin@jodipuder.com:Welcome3 | 9\r\nmi_shell_oliveira@terra.com.br:mi0910822mi0910822 | 8\r\ncrew@ieifactory.com:1e1factory | 3\r\ngill@lantic.net:amakhosia!11a | 2\r\nvirginiehector@west-telecom.com:virginie | 11\r\nkathywatkins@twc.com:Blondie1 | 2\r\nesteveselvira@ig.com.br:220848 | 10\r\nkesiadd@terra.com.br:352908032098 | 1\r\nveluperini@terra.com.br:vl2110 | 2\r\ndwhravens@cox.net:Rtc304dd! | 1\r\ntrsmith@talktalk.net:travel12 | 1\r\ne.dusty@laposte.net:Laposte83 | 1\r\njohn.moloney12@ntlworld.com:Lukesean18 | 3\r\nmariam@nldguatemala.com:mariam123 | 1\r\ni.benraho@laposte.net:Hafsa2008. | 19\r\ncirincjm@nycap.rr.com:willow12 | 1\r\nfiona.gauhl@ntlworld.com:marea16v | 7\r\njahsharn1@ntlworld.com:bighead1 | 2\r\nvivien95@varsat.net:199506201233! | 3\r\nchourouke.berkhli@laposte.net:Chouchou21 | 5\r\nmagma@magma-net.com.ar:magma238 | 1\r\njenny.apps@ukgateway.net:chester4 | 2\r\nmartin.junge@terra.com.br:8822000088220q | 8\r\nfkos@bioarc-studio.com:isa310367 | 44\r\nproject-15@finexkitchen.com:mjoshi12 | 1\r\nlornaellis@talktalk.net:Topaz1964 | 2\r\natacomp@terra.com.br:pregador16 | 12\r\nmfast@ig.com.br:3330M3330 | 1\r\nma.chabane@laposte.net:Damine22441 | 25\r\nalex.roberts05@talktalk.net:jinxm00k | 8\r\ninfo@matteomorandi.com:live1lie | 1\r\namabris@uol.com.br:lab1291 | 1\r\nsandraoak@terra.com.br:tutaveia | 3\r\nrpvillareal@digisurf.net.au:19011521 | 1\r\nm.tussing@laposte.net:Lagrase67 | 1\r\njanderson064@roadrunner.com:Gloilu154 | 73\r\nqgautoelectrical@getlocallisting.com:compaq6730 | 2\r\nmounaa.c@laposte.net:Miky1989 | 2\r\nromain.ballais@laposte.net:djNJmtn4! | 2\r\nno1yoda@nate.com:ayas8787 | 3\r\nnsc40214@twc.com:ALJB1820 | 10\r\nsabrina.parent@laposte.net:Ninouche1 | 5\r\npharmdoc@twc.com:alyssa95 | 17\r\nsorridentes.dental@uol.com.br:j0978094 | 7\r\nelaine.luiz@uol.com.br:b23j29e11 | 5\r\ncanarioaugusto@terra.com.br:berenice191777 | 2\r\nrickchen635@vfemail.net:8dSTjcRj | 1\r\ntwells644@twc.com:June261953 | 4\r\nholly@smithclayman.com:madeleine4 | 1\r\nscomparinp@terra.com.br:miserere11 | 15\r\nsales@shahsteelindia.com:shahsteel76 | 28\r\n03810120@zjnu.net:11405027 | 2\r\ncm@affairesdevins.com:marry250761 | 2\r\njujbelle@terra.com.br:salesiano12 | 12\r\nlauren.mcalister@elkcreekhuntclub.com:laurenrae | 1\r\naitelbaz.soukayna@laposte.net:Ibtissem2011 | 16\r\nwass.maz@laposte.net:Cristiano69 | 2\r\nmehdi.benstiti69@laposte.net:Mehdiadel69 | 44\r\nkelly@thetillergroup.com:tiller1 | 1\r\nfatiminhaspfc@terra.com.br:tricolor11011Q123 | 18\r\namcmurdo@supanet.com:pinnan23 | 2\r\ninfo@tenpl.com:Neginhal@1 | 1\r\ncacorick@terra.com.br:pi70da75! | 4\r\ncerzabarros.barros@ig.com.br:040450 | 8\r\ndomingues.regi@terra.com.br:regi4416pas! | 15\r\nmarceloranieri@terra.com.br:27924906aA | 2\r\ncliffordelliott@ntlworld.com:Doppler505 | 1\r\nmargolies@themental-game.com:Gun4hire | 1\r\nlili.langlade@laposte.net:Clile0li | 29\r\nmarcio.david@impecltda.com.br:md82577400 | 2\r\nallen.laura@twc.com:sugarKT14 | 12\r\ntyler@twc.com:tyler123 | 1\r\nmariamarques@uol.com.br:malu2012 | 14\r\ndrwilkinson.56@vfemail.net:article123 | 2\r\nclaudiarclima@uol.com.br:rmc0029 | 5\r\nsader@movinet.com.uy:Chacho88 | 2\r\nszkmst@sk-delirium.com:temp0920 | 3\r\nmarcia@marciabastos.com:victor07 | 1\r\n318ti@dsl.pipex.com:cds001 | 3\r\nsimone.peres@ig.com.br:99883254 | 1\r\naldusguns@vfemail.net:Source123 | 1\r\ntaylor@taylorllong.com:taylor1 | 1\r\nrodrigodurst@terra.com.br:028165anrus!1dq | 7\r\nverildasouza@terra.com.br:vera1964vera19 | 1\r\nlaurenlkelley@talktalk.net:Laurenlesley1! | 8\r\nalberto.fleck@terra.com.br:amflexk131 | 6\r\nwitwitwitwit@qq.com:xilu1986 | 37\r\nnerissa@somersaulthub.com:Spark12345 | 119\r\nikorea009@nate.com:rlwlsl5753 | 5\r\nprivate4mylover@dsl.pipex.com:steer607 | 1\r\nmlegg44231@bex.net:110block | 11\r\nmagalie-tas@laposte.net:Tj233391 | 1\r\nnabekura@n-stagejp.com:9ze6s28r | 4\r\nramon.garcia@dsl.pipex.com:Letmein1 | 1\r\nch.neau@laposte.net:Freddo81 | 1\r\njwsegura@buckeyeexpress.com:John24 | 3\r\nrogerio@transbelt.com.br:525400ro | 1\r\nhamadi.anissa@laposte.net:Nassia27 | 138\r\nmegastair@talktalk.net:Wallace123 | 42\r\nfefe.rodrigues@globo.com:fefe1234 | 66\r\nagi1@varsat.net:lanzarot61 | 4\r\nflavia_denni@terra.com.br:toddyteds01 | 16\r\nraphaelsloureiro@uol.com.br:Rsl151220 | 1\r\njeremy.searle@talktalk.net:gills2 | 2\r\ncristianolau@terra.com.br:di2606812rus | 8\r\nmarcoust@uol.com.br:gabi99 | 1\r\nteresaandrobert@twc.com:caleb0304 | 6\r\nm27bpope@twc.com:bp626262 | 39\r\nfogaca@fogaca.com.br:nereu1946 | 2\r\nsnew4151@bigpond.net.au:Ourdream32011 | 5\r\nal@schmidtfamily.com:skins77 | 1\r\njsroot@mail.com:Love1993 | 24\r\ntonyfilmer@talktalk.net:windmill1 | 1\r\ndsparks@bex.net:brutus01 | 1\r\njohn310354@talktalk.net:oldpec02 | 3\r\nllanddien@ntlworld.com:Paladin1 | 3\r\ntstluis@bol.com.br:luis1984 | 1\r\nluciane.marchiorato@terra.com.br:anaedumaanaedu | 5\r\nlaurie@laurieambrite.com:natalie | 1\r\nanaclaudiamarcal@terra.com.br:cruzeirocruzeiro271 | 4\r\nmadison@blacklabfam.com:Swag0317 | 11\r\nenano04@cox.net:Baseball13 | 7\r\nimagaito@nifty.com:5mem376k1991! | 2\r\ndonnagray@dsl.pipex.com:petergray1 | 1\r\nnickg@bex.net:rizza1 | 1",
    "YaraRule": [
        "email_list",
        "enable_org32",
        "core_keywords",
        "email_filter"
    ],
    "total_emails": 787,
    "unique_emails": 787,
    "unique_domains": 216
}