{
    "scrape_url": "https://scrape.pastebin.com/api_scrape_item.php?i=fiF2L9V4",
    "full_url": "https://pastebin.com/fiF2L9V4",
    "date": "1594380441",
    "key": "fiF2L9V4",
    "size": 588,
    "expire": "1594466841",
    "title": "database-mongo.js",
    "syntax": "javascript",
    "user": "",
    "filename": "fiF2L9V4",
    "pasteid": "fiF2L9V4",
    "pastesite": "pastebin.com",
    "@timestamp": "2020-07-10T11:27:21",
    "MD5": "1ee148d3c1eefaeb8d0e1146ca33fd26",
    "SHA256": "f3989f431889774d2cf870e264116c765c639a1a12145f3b6b8087994cea8eaa",
    "raw_paste": "const MongoClient = require(\"mongodb\").MongoClient;\r\nconst mongoConfig = config.database.mongo;\r\nconst schemaUrl = `mongodb://${mongoConfig.user}:${encodeURIComponent(mongoConfig.password)}@${mongoConfig.host}:${mongoConfig.port}/${mongoConfig.name}?retryWrites=false`;\r\n\r\nconst db = MongoClient.connect(schemaUrl, {\r\n    useUnifiedTopology: true,\r\n  }).then((client) => {\r\n    return client.db();\r\n  })\r\n  .then((db) => {\r\n    return {\r\n      mqtt: db.collection(\"mqtt\"),\r\n      data: db.collection(\"data_sets\"),\r\n      test: db.collection(\"test\"),\r\n    };\r\n  });\r\n\r\nmodule.exports = db;",
    "YaraRule": [
        "db_connection"
    ]
}