{
    "scrape_url": "https://scrape.pastebin.com/api_scrape_item.php?i=fKTVq8qF",
    "full_url": "https://pastebin.com/fKTVq8qF",
    "date": "1594220293",
    "key": "fKTVq8qF",
    "size": 12190,
    "expire": "0",
    "title": "",
    "syntax": "cpp",
    "user": "",
    "filename": "fKTVq8qF",
    "pasteid": "fKTVq8qF",
    "pastesite": "pastebin.com",
    "@timestamp": "2020-07-08T14:58:13",
    "MD5": "e544967022da52f3b12c9b0317766b6b",
    "SHA256": "3746b37151ffb7b65ec35c35bce4ca8649a6218ffbec093f1debfed336fcca0a",
    "raw_paste": "#include <iostream>\r\n#include <vector>\r\n#include <regex>\r\n#include <string>\r\n#include <sstream>\r\n#include <iterator>\r\n#include <thread>\r\n#include <mutex>\r\n\r\nusing namespace std;\r\n\r\nconst char* PORUKA = \"\\n-------------------------------------------------------------------------------\\n\"\r\n\"1. SVE KLASE TREBAJU POSJEDOVATI ADEKVATAN DESTRUKTOR\\n\"\r\n\"2. NAMJERNO IZOSTAVLJANJE KOMPLETNIH I/ILI POJEDINIH DIJELOVA DESTRUKTORA CE BITI OZNACENO KAO RE\\n\"\r\n\"3. SPASAVAJTE PROJEKAT KAKO BI SE SPRIJECILO GUBLJENJE URADJENOG ZADATKA\\n\"\r\n\"4. NAZIVI FUNKCIJA, TE BROJ I TIP PARAMETARA MORAJU BITI IDENTICNI ONIMA KOJI SU KORISTENI U TESTNOM CODE-U,\\n\"\r\n\"\\tOSIM U SLUCAJU DA POSTOJI ADEKVATAN RAZLOG ZA NJIHOVU MODIFIKACIJU. OSTALE\\n\"\r\n\"\\tPOMOCNE FUNKCIJE MOZETE IMENOVATI I DODAVATI PO ZELJI.\\n\"\r\n\"5. IZUZETAK BACITE SAMO U FUNKCIJAMA U KOJIMA JE TO NAZNACENO.\\n\"\r\n\"6. FUNKCIJE KOJE NE IMPLEMENTIRATE TREBAJU BITI OBRISANE!\\n\"\r\n\"7. RJESENJA ZADATKA POSTAVITE NA FTP SERVER U ODGOVARAJUCI FOLDER!\\n\"\r\n\"-------------------------------------------------------------------------------\\n\";\r\n\r\nconst char* crt = \"\\n-------------------------------------------\\n\";\r\nenum eRazred { PRVI = 1, DRUGI, TRECI, CETVRTI };\r\n\r\nchar* GetNizKaraktera(const char* sadrzaj, bool dealociraj = false) {\r\n\tif (sadrzaj == nullptr)return nullptr;\r\n\tint vel = strlen(sadrzaj) + 1;\r\n\tchar* temp = new char[vel];\r\n\tstrcpy_s(temp, vel, sadrzaj);\r\n\tif (dealociraj)\r\n\t\tdelete[]sadrzaj;\r\n\treturn temp;\r\n}\r\ntemplate<class T1, class T2>\r\nclass Kolekcija {\r\nprotected:\r\n\tT1* _elementi1;\r\n\tT2* _elementi2;\r\n\tint _trenutno;\r\n\tbool _omoguciDupliranje;\r\npublic:\r\n\tKolekcija(bool omoguciDupliranje = true) {\r\n\r\n\t\t_elementi1 = nullptr;\r\n\t\t_elementi2 = nullptr;\r\n\t\t_omoguciDupliranje = omoguciDupliranje;\r\n\t\t_trenutno = 0;\r\n\t}\r\n\t~Kolekcija() {\r\n\t\tdelete[]_elementi1; _elementi1 = nullptr;\r\n\t\tdelete[]_elementi2; _elementi2 = nullptr;\r\n\t}\r\n\tKolekcija(const Kolekcija& d) {\r\n\t\t\r\n\t\t_trenutno = d._trenutno;\r\n\t\t_elementi1 = new T1[d._trenutno];\r\n\t\t_elementi2 = new T2[d._trenutno];\r\n\t\tfor (size_t i = 0; i < d._trenutno; i++)\r\n\t\t{\r\n\t\t\t_elementi1[i] = d._elementi1[i];\r\n\t\t\t_elementi2[i] = d._elementi2[i];\r\n\t\t}\r\n\t}\r\n\tT1& getElement1(int lokacija)const { return _elementi1[lokacija]; }\r\n\tT2& getElement2(int lokacija)const { return _elementi2[lokacija]; }\r\n\tint getTrenutno() { return _trenutno; }\r\n\r\n\tvoid AddElement(T1 el1,T2 el2)\r\n\t{\r\n\t\tif (_omoguciDupliranje == false)\r\n\t\t{\r\n\t\t\tfor (int i = 0; i < _trenutno; i++)\r\n\t\t\t{\r\n\t\t\t\tif (_elementi1[i]==el1)\r\n\t\t\t\t\tthrow exception(\"Dupliranje nije moguce\");\r\n\t\t\t}\r\n\t\t}\r\n\r\n\t\tT1* temp1 = new T1[_trenutno + 1];\r\n\t\tT2* temp2 = new T2[_trenutno + 1];\r\n\t\tfor (int i = 0; i < _trenutno; i++)\r\n\t\t{\r\n\t\t\ttemp1[i] = _elementi1[i];\r\n\t\t\ttemp2[i] = _elementi2[i];\r\n\t\t}\r\n\t\tdelete[] _elementi1;\r\n\t\tdelete[] _elementi2;\r\n\t\ttemp1[_trenutno] = el1;\r\n\t\ttemp2[_trenutno] = el2;\r\n\t\t_elementi1 = temp1;\r\n\t\t_elementi2 = temp2;\t\r\n\t\t_trenutno++;\r\n\t}\r\n\r\n\tfriend ostream& operator<< (ostream& COUT, const Kolekcija& obj) {\r\n\t\tfor (size_t i = 0; i < obj._trenutno; i++)\r\n\t\t\tCOUT << obj.getElement1(i) << \" \" << obj.getElement2(i) << endl;\r\n\t\treturn COUT;\r\n\t}\r\n\t/*objekat kolekcija2 ce biti inicijalizovan elementima koji se u objektu kolekcija1 nalaze na lokacijama 1 - 4\r\n\tukljucujuci i te lokacije. u konkretnom primjeru to ce biti parovi sa vrijednostima: 1 1 2 2 3 3 4 4*/\r\n\tKolekcija operator()(int index1, int index2)\r\n\t{\r\n\t\tif (index1 > _trenutno || index2 > _trenutno || index1 < 0 || index2 < 0)\r\n\t\t\tthrow exception(\"Greska\");\r\n\t\tT1* temp1 = new T1[index2+1];\r\n\t\tT2* temp2 = new T2[index2+1];\r\n\t\t\r\n\t\tfor (int i = 0; i <= index2; i++)\r\n\t\t{\r\n\t\t\t\ttemp1[i] = _elementi1[index1];\r\n\t\t\t\ttemp2[i] = _elementi2[index1++];\r\n\r\n\t\t}\r\n\t\t_elementi1 = temp1;\r\n\t\t_elementi2 = temp2;\r\n\t\t_trenutno = index2;\r\n\t\t\r\n\t\t\r\n\t\t\t\t\r\n\t\treturn *this;\r\n\t}\r\n};\r\nclass Datum {\r\n\tint* _dan, * _mjesec, * _godina;\r\npublic:\r\n\tDatum(int dan = 1, int mjesec = 1, int godina = 2000) {\r\n\t\t_dan = new int(dan);\r\n\t\t_mjesec = new int(mjesec);\r\n\t\t_godina = new int(godina);\r\n\t}\r\n\t~Datum() {\r\n\t\tdelete _dan; _dan = nullptr;\r\n\t\tdelete _mjesec; _mjesec = nullptr;\r\n\t\tdelete _godina; _godina = nullptr;\r\n\t}\r\n\t\t/*Datum(const Datum& obj)\r\n\t{\r\n\t\t_dan = new int(*obj._dan);\r\n\t\t_mjesec = new int(*obj._mjesec);\r\n\t\t_godina = new int(*obj._godina);\r\n\t}*/\r\n\tfriend ostream& operator<< (ostream& COUT, const Datum& obj) {\r\n\t\tCOUT << *obj._dan << \".\" << *obj._mjesec << \".\" << *obj._godina;\r\n\t\treturn COUT;\r\n\t}\r\n};\r\n\r\nclass Predmet {\r\n\tchar* _naziv;\r\n\t//int se odnosi na ocjenu u opsegu od 1 \u2013 5, a datum na momenat postizanja ocjene\r\n\tKolekcija<int, Datum> _ocjene;\r\npublic:\r\n\tPredmet(const char* naziv = \"\", int ocjena = 0, Datum datum=Datum()) {\r\n\t\t_naziv = GetNizKaraktera(naziv);\r\n\t\tif (ocjena > 0)\r\n\t\t\t_ocjene.AddElement(ocjena, datum);\r\n\t}\r\n\t~Predmet() {\r\n\t\tdelete[] _naziv; _naziv = nullptr;\r\n\t}\r\n\tvoid AddOcjena(int ocjena, Datum datum) {\r\n\t\t_ocjene.AddElement(ocjena, datum);\r\n\t}\r\n\tchar* GetNaziv() { return _naziv; }\r\n\tKolekcija<int, Datum>& GetOcjene() { return _ocjene; }\r\n\tfriend ostream& operator<< (ostream& COUT, Predmet& obj) {\r\n\t\tCOUT << obj._naziv << \".\" << obj._ocjene << endl;\r\n\t\treturn COUT;\r\n\t}\r\n};\r\nclass Uspjeh {\r\n\teRazred _razred;\r\n\t//string se odnosi na napomenu o polozenom predmetu\r\n\tKolekcija<Predmet, string>* _polozeniPredmeti;\r\npublic:\r\n\tUspjeh(eRazred razred = PRVI) {\r\n\t\t_razred = razred;\r\n\t\t\r\n\t}\r\n\t~Uspjeh() { delete _polozeniPredmeti; _polozeniPredmeti = nullptr; }\r\n\r\n\tKolekcija<Predmet, string>* GetPredmeti() { return _polozeniPredmeti; }\r\n\teRazred GetERazred() { return _razred; }\r\n\tfriend ostream& operator<< (ostream& COUT, const Uspjeh& obj) {\r\n\t\tCOUT << obj._razred << \" \" << *obj._polozeniPredmeti << endl;\r\n\t\treturn COUT;\r\n\t}\r\n};\r\n\r\nclass Kandidat {\r\n\tchar* _imePrezime;\r\n\tstring _emailAdresa;\r\n\tstring _brojTelefona;\r\n\tvector<Uspjeh> _uspjeh;\r\npublic:\r\n\tKandidat(const char* imePrezime, string emailAdresa, string brojTelefona) {\r\n\t\t_imePrezime = GetNizKaraktera(imePrezime);\r\n\t\t_emailAdresa = emailAdresa;\r\n\t\t_brojTelefona = brojTelefona;\r\n\t}\r\n\t~Kandidat() {\r\n\t\tdelete[] _imePrezime; _imePrezime = nullptr;\r\n\t}\r\n\tfriend ostream& operator<< (ostream& COUT, Kandidat& obj) {\r\n\t\tCOUT << obj._imePrezime << \" \" << obj._emailAdresa << \" \" << obj._brojTelefona << endl;\r\n\t\tfor (size_t i = 0; i < obj._uspjeh.size(); i++)\r\n\t\t\tCOUT << obj._uspjeh[i];\r\n\t\treturn COUT;\r\n\t}\r\n\tvector<Uspjeh>& GetUspjeh() { return _uspjeh; }\r\n\tstring GetEmail() { return _emailAdresa; }\r\n\tstring GetBrojTelefona() { return _brojTelefona; }\r\n\tchar* GetImePrezime() { return _imePrezime; }\r\n\r\n};\r\nconst char* GetOdgovorNaPrvoPitanje() {\r\n\tcout << \"Pitanje -> Na sta se odnosi pojam reprezentacije tipa?\\n\";\r\n\treturn \"Odgovor -> OVDJE UNESITE VAS ODGOVOR\";\r\n}\r\nconst char* GetOdgovorNaDrugoPitanje() {\r\n\tcout << \"Pitanje -> Na koji nacin se moze izbjeci pojavljivanje vise podobjekata bazne klase u slucaju visestrukog nasljedjivanja?\\n\";\r\n\treturn \"Odgovor -> OVDJE UNESITE VAS ODGOVOR\";\r\n}\r\n\r\nint main() {\r\n\r\n\tcout << PORUKA;\r\n\t//cin.get();\r\n\r\n\t//cout << GetOdgovorNaPrvoPitanje() << endl;\r\n\t//cin.get();\r\n\t//cout << GetOdgovorNaDrugoPitanje() << endl;\r\n\t//cin.get();\r\n\r\n\tDatum temp,\r\n\t\tdatum19062019(19, 6, 2019),\r\n\t\tdatum20062019(20, 6, 2019),\r\n\t\tdatum30062019(30, 6, 2019),\r\n\t\tdatum05072019(5, 7, 2019);\r\n\r\n\tint kolekcijaTestSize = 9;\r\n\tKolekcija<int, int> kolekcija1(false);\r\n\tfor (int i = 0; i <= kolekcijaTestSize; i++)\r\n\t\tkolekcija1.AddElement(i, i);\r\n\r\n\ttry {\r\n\t\t//ukoliko nije dozvoljeno dupliranje elemenata (provjeravaju se T1 i T2), metoda AddElement baca izuzetak\r\n\t\tkolekcija1.AddElement(3, 3);\r\n\t}\r\n\tcatch (exception& err) {\r\n\t\tcout << err.what() << crt;\r\n\t}\r\n\tcout << kolekcija1 << crt;\r\n\r\n\t/*objekat kolekcija2 ce biti inicijalizovan elementima koji se u objektu kolekcija1 nalaze na lokacijama 1 - 4\r\n\tukljucujuci i te lokacije. u konkretnom primjeru to ce biti parovi sa vrijednostima: 1 1 2 2 3 3 4 4*/\r\n\tKolekcija<int, int> kolekcija2 = kolekcija1(1, 4);\r\n\tcout << kolekcija2 << crt;\r\n\ttry {\r\n\t\t//primjeri u kojima opseg nije validan, te bi funkcija trebala baciti izuzetak\r\n\t\tKolekcija<int, int> temp1 = kolekcija1(1, 14);//imamo 10 elemenata\r\n\t\tKolekcija<int, int> temp2 = kolekcija1(-1, 8);//lokacija -1 ne postoji\r\n\t}\r\n\tcatch (exception& err) {\r\n\t\tcout << err.what() << crt;\r\n\t}\r\n\r\n\t//parametri: nazivPredmeta, prva ocjena, datum\r\n\tPredmet Matematika(\"Matematika\", 5, datum19062019),\r\n\t\tFizika(\"Fizika\", 5, datum20062019),\r\n\t\tHemija(\"Hemija\", 2, datum30062019),\r\n\t\tEngleski(\"Engleski\", 5, datum05072019);\r\n\r\n\t//Matematika.AddOcjena(3, datum05072019);\r\n\t//Matematika.AddOcjena(5, datum05072019);\r\n\r\n\t// ispisuje: naziv predmeta, ocjene (zajedno sa datumom polaganja) i prosjecnu ocjenu na predmetu\r\n\t// ukoliko predmet nema niti jednu ocjenu prosjecna treba biti 0\r\n\t/*cout << Matematika << endl;*/\r\n\r\n\t//if (ValidirajEmail(\"text.text@edu.fit.ba\"))\r\n\t//\tcout << \"Email validan\" << crt;\r\n\t//if (ValidirajEmail(\"texttext@edu.fit.ba\"))\r\n\t//\tcout << \"Email validan\" << crt;\r\n\t//if (ValidirajEmail(\"texttext@fit.ba\"))\r\n\t//\tcout << \"Email validan\" << crt;\r\n\t//if (ValidirajEmail(\"texttext@fit.com\"))\r\n\t//\tcout << \"Email validan\" << crt;\r\n\t//if (ValidirajEmail(\"texttext@edu.fit.org\"))\r\n\t//\tcout << \"Email validan\" << crt;\r\n\r\n\t///*\r\n\t//email adresa mora biti u formatu text.text (sa ili bez tacke),\r\n\t//dok domena moze biti fit.ba ili edu.fit.ba\r\n\t//nakon institucije (fit ili edu.fit), osim drzavne (.ba), dozvoljene su domene .com i .org.\r\n\r\n\t//za provjeru validnosti email adrese koristiti globalnu funkciju ValidirajEmail, a unutar nje regex metode.\r\n\t//validacija email adrese ce se vrsiti unutar konstruktora klase Kandidat, a u slucaju da nije validna\r\n\t//postaviti je na defaultnu adresu: notSet@edu.fit.ba\r\n\t//*/\r\n\r\n\t//Kandidat jasmin(\"Jasmin Azemovic\", \"jasmin@fit.ba\", \"033 281 172\");\r\n\t//Kandidat adel(\"Adel Handzic\", \"adel@edu.fit.ba\", \"033 281 170\");\r\n\t//Kandidat emailNotValid(\"Ime Prezime\", \"korisnik@klix.ba\", \"033 281 170\");\r\n\r\n\t///*\r\n\t//uspjeh (tokom srednjoskolskog obrazovanja) se dodaje za svaki predmet na nivou razreda.\r\n\t//tom prilikom onemoguciti:\r\n\t//- dodavanje istih (moraju biti identicne vrijednosti svih clanova) predmeta na nivou jednog razreda,\r\n\t//- dodavanje predmeta kod kojih je prosjecna ocjena manja od 2.5\r\n\t//- dodavanje vise od 5 predmeta na nivou jednog razreda\r\n\t//razredi (predmeti ili uspjeh) ne moraju biti dodavani sortiranim redoslijedom (npr. prvo se moze dodati uspjeh za II razred, pa onda za I razred i sl.).\r\n\t//Funkcija vraca true ili false u zavisnosti od (ne)uspjesnost izvrsenja\r\n\t//*/\r\n\t//if (jasmin.AddPredmet(DRUGI, Fizika, \"Napomena 1\"))\r\n\t//\tcout << \"Predmet uspjesno dodan!\" << crt;\r\n\t//if (jasmin.AddPredmet(DRUGI, Hemija, \"Napomena 2\"))\r\n\t//\tcout << \"Predmet uspjesno dodan!\" << crt;\r\n\t//if (jasmin.AddPredmet(PRVI, Engleski, \"Napomena 3\"))\r\n\t//\tcout << \"Predmet uspjesno dodan!\" << crt;\r\n\t//if (jasmin.AddPredmet(PRVI, Matematika, \"Napomena 4\"))\r\n\t//\tcout << \"Predmet uspjesno dodan!\" << crt;\r\n\t////ne treba dodati Matematiku jer je vec dodana u prvom razredu\r\n\t//if (jasmin.AddPredmet(PRVI, Matematika, \"Napomena 5\"))\r\n\t//\tcout << \"Predmet uspjesno dodan!\" << crt;\r\n\r\n\t///*nakon evidentiranja uspjeha na bilo kojem predmetu kandidatu se salje email sa porukom:\r\n\t//FROM:info@fit.ba\r\n\t//TO: emailKorisnika\r\n\t//Postovani ime i prezime, evidentirali ste uspjeh za X razred. Dosadasnji uspjeh (prosjek)\r\n\t//na nivou X razreda iznosi Y, a ukupni uspjeh u toku skolovanja iznosi Z.\r\n\t//Pozdrav.\r\n\t//FIT Team.\r\n\t//ukoliko je prosjek na nivou tog razreda veci od 4.5 kandidatu se salje SMS sa porukom: \"Svaka cast za uspjeh 4.X u X razredu\".\r\n\t//slanje poruka i emailova implemenitrati koristeci zasebne thread-ove.\r\n\t//*/\r\n\t//cout << jasmin << crt;\r\n\r\n\t////vraca kolekciju predmeta koji sadrze najmanje jednu ocjenu evidentiranu u periodu izmedju proslijedjenih datuma\r\n\t////float se odnosi na prosjecan broj dana izmedju ostvarenih ocjena na predmetu\r\n\t//Kolekcija<Predmet, float> jasminUspjeh = jasmin(Datum(18, 06, 2019), Datum(21, 06, 2019));\r\n\t//cout << jasminUspjeh << crt;\r\n\r\n\t//Uspjeh* uspjeh_Irazred = jasmin[PRVI];//vraca uspjeh kandidata ostvaren u prvom razredu\r\n\t//if (uspjeh_Irazred != nullptr)\r\n\t//\tcout << *uspjeh_Irazred << crt;\r\n\r\n\tcin.get();\r\n\tsystem(\"pause>0\");\r\n}",
    "YaraRule": [
        "enable_org23",
        "core_keywords"
    ]
}