{
    "scrape_url": "https://scrape.pastebin.com/api_scrape_item.php?i=FLRT9Dzt",
    "full_url": "https://pastebin.com/FLRT9Dzt",
    "date": "1594367632",
    "key": "FLRT9Dzt",
    "size": 1154,
    "expire": "0",
    "title": "SPL Ubi.com",
    "syntax": "bash",
    "user": "TheSploit",
    "filename": "FLRT9Dzt",
    "pasteid": "FLRT9Dzt",
    "pastesite": "pastebin.com",
    "@timestamp": "2020-07-10T07:53:52",
    "MD5": "b96d2d103e0dc1ba42dd53624291aefd",
    "SHA256": "2cec0c0e977a8bdf3b9c7292895410606c7ae48cdbc4954d5f20f1b10ce97824",
    "raw_paste": "==========================================================\r\nemail.ubi.com got uwu\r\nBy TheSploit :\")\r\n__________________________________________________________\r\nFindme on email indonesianweb1109@gmail.com\r\nhttps://www.youtube.com/channel/UCyNZMCmIT1lVxC0d1QUwqyA?view_as=subscriber\r\n==========================================================\r\n156103538@qq.com:135728 | 742\r\nmontagnon.isabelle@laposte.net:Houlala07 | 9\r\nisa07@laposte.net:Houlala07 | 9\r\n277724365@qq.com:miuraharuma2009 | 44\r\n396094743@qq.com:raymondangel100200! | 943\r\n461886781@qq.com:779109xiao | 40\r\npastorbessie@bex.net:snyder9232000 | 1\r\nfritzstohner@alice-dsl.net:amadeus123 | 4\r\n370723235@qq.com:6699_moon | 296\r\nwalker31@foxmail.com:S83p282a | 17\r\nwutodi@21cn.net:50n9zhan | 42\r\n316861986@qq.com:zyf951753 | 378\r\npxiang@fsyyy.com:px116116 | 77\r\nlokeshca@bol.net.in:webmail2980 | 1\r\n381505937@qq.com:tompson1991 | 984\r\n157647716@qq.com:apollo789 | 16\r\nclaudio.mm@ig.com.br:51mogi73 | 1\r\njed.m@talktalk.net:jedijed01 | 1\r\nnicola67martin@talktalk.net:sun24shine | 1\r\nguminghu2179@vip.qq.com:19920805Gmh | 93\r\naminesaid@laposte.net:Sarafina2010 | 1\r\nwitwitwitwit@qq.com:xilu1986 | 37",
    "YaraRule": [
        "email_list",
        "email_filter"
    ],
    "total_emails": 23,
    "unique_emails": 23,
    "unique_domains": 12
}