{
    "scrape_url": "https://scrape.pastebin.com/api_scrape_item.php?i=GNX6C1YU",
    "full_url": "https://pastebin.com/GNX6C1YU",
    "date": "1594406288",
    "key": "GNX6C1YU",
    "size": 887,
    "expire": "0",
    "title": "Tunele2WPrzod.lua",
    "syntax": "lua",
    "user": "",
    "filename": "GNX6C1YU",
    "pasteid": "GNX6C1YU",
    "pastesite": "pastebin.com",
    "@timestamp": "2020-07-10T18:38:08",
    "MD5": "454544619d309a0891d59f1e5c8d6a03",
    "SHA256": "36648661d04807acdbc6cf1ec0633f4ca3ddb430a1598a9388c8b5416f6a7e84",
    "raw_paste": "function mA()\r\n    turtle.dig()\r\n    turtle.forward()\r\n    turtle.digUp()\r\nend\r\n\r\nfunction placeTorch()\r\n    turtle.up()\r\n    turtle.turnRight()\r\n    turtle.dig()\r\n    turtle.select(16)\r\n    turtle.place()\r\n    turtle.turnLeft()\r\n    turtle.down()\r\nend\r\nfunction mining()\r\n    for kratka=1,50 do\r\n        if kratka % 8 == 0 then\r\n            placeTorch()\r\n        end\r\n        mA()\r\n    end    \r\nend\r\n\r\nfunction turning()\r\n    turtle.turnRight()\r\n    mA()\r\n    mA()\r\n    mA()\r\n    mA()\r\n    turtle.turnRight()\r\nend\r\n\r\nfunction dropItemsInChest()\r\n    turtle.select(15)\r\n    turtle.dig()\r\n    turtle.place()\r\n    \r\n    for miejsce=1,14 do\r\n        turtle.select(miejsce)\r\n        turtle.drop()\r\n    end\r\n    \r\nend\r\n\r\nmining()\r\nturning()\r\nmining()\r\ndropItemsInChest()\r\nturtle.turnRight()\r\nturtle.dig()\r\nturtle.forward()\r\nturtle.turnLeft()\r\nmining()\r\nturning()\r\nmining()\r\ndropItemsInChest()",
    "YaraRule": [
        "enable_org32",
        "core_keywords"
    ]
}