{
    "scrape_url": "https://scrape.pastebin.com/api_scrape_item.php?i=GvhzQ8aH",
    "full_url": "https://pastebin.com/GvhzQ8aH",
    "date": "1594398390",
    "key": "GvhzQ8aH",
    "size": 1487,
    "expire": "0",
    "title": "",
    "syntax": "lua",
    "user": "Wobally",
    "filename": "GvhzQ8aH",
    "pasteid": "GvhzQ8aH",
    "pastesite": "pastebin.com",
    "@timestamp": "2020-07-10T16:26:30",
    "MD5": "35936e84e6adb6987492369536b95bc5",
    "SHA256": "baf6f348c7b9a848c77a3b138332bf4ae3e5edf71b7770a212cf6c10c39c334b",
    "raw_paste": "OREIDS = {\"minecraft:coal_ore\", \"minecraft:iron_ore\"}\r\nNUMOFORES = 0\r\nNUMOFSLOTS = 30\r\n\r\nfor _, _ in ipairs(OREIDS) do\r\n  NUMOFORES = NUMOFORES + 1\r\nend\r\n\r\n\r\ndir = 0\r\nminedBlock = false\r\nrun = true\r\n\r\n\r\nfuntion isWantedBlock(id)\r\n  for _, wantedId in ipairs(OREIDS) do\r\n    if id == wantedId then\r\n      return true\r\n    end\r\n  end\r\n  return false\r\nend\r\n\r\nfunction mineBlock()\r\n  if isWantedBlock(turtle.inspectUp()[1][\"name\"]) then\r\n    turtle.digUp()\r\n  end\r\n\r\n  if isWantedBlock(turtle.inspectDown()[1][\"name\"]) then\r\n    turtle.digDown()\r\n  end\r\n\r\n  turtle.turnLeft()\r\n  \r\n  if isWantedBlock(turtle.inspect()[1][\"name\"]) then\r\n    turtle.dig()\r\n  end\r\n\r\n  turtle.turnRight()\r\n  turtle.turnRight()\r\n\r\n  if turtle.inspect()[1][\"name\"] == id then\r\n    turtle.dig()\r\n  end\r\n\r\n  turtle.turnLeft()\r\nend\r\n\r\n\r\nwhile run do\r\n  if dir == 0 then\r\n    if not minedBlock then\r\n      if turtle.detect() do\r\n        turtle.dig()\r\n        turtle.forward()\r\n        minedBlock = not turtle.detect()\r\n      \r\n      elseif not turtle.detect() then\r\n        turtle.forward()\r\n        minedBlock = not turtle.detect()\r\n      end\r\n  \r\n    elseif not minedBlock then\r\n      mineBlock()\r\n    end\r\n  elseif dir == 2 then\r\n    // check for block in front\r\n    // if no block, move forward\r\n    // if block, not chest, remove block\r\n    // if chest, open and deposit\r\n  end\r\n  \r\n  if turtle.getItemSpace(NUMOFSLOTS - NUMOFORES) == 0 then\r\n    turtle.turnRight()\r\n    turtle.turnRight()\r\n    dir = 2\r\n  end\r\nend",
    "YaraRule": [
        "enable_org32",
        "core_keywords"
    ]
}