{
    "scrape_url": "https://scrape.pastebin.com/api_scrape_item.php?i=H8Yy2yYS",
    "full_url": "https://pastebin.com/H8Yy2yYS",
    "date": "1594368369",
    "key": "H8Yy2yYS",
    "size": 7304,
    "expire": "0",
    "title": "Bxxbxb",
    "syntax": "lua",
    "user": "BhoomitRajpal",
    "filename": "H8Yy2yYS",
    "pasteid": "H8Yy2yYS",
    "pastesite": "pastebin.com",
    "@timestamp": "2020-07-10T08:06:09",
    "MD5": "312950bb50eb133c1d7e03673126435c",
    "SHA256": "cd802dc3308d5b1c50fabf2f4c5040d2ed65b3cae8c8d34f42ab3e758087c7c0",
    "raw_paste": "function intro()\r\nV = load(gg.makeRequest(\"your link pest hear\").content)\r\npcall(V)e)\r\nHH = gg.alert(\"By Jhn Gaming YT\")\r\nend--JhnGamingYT\r\n\r\nHOME = 1\r\nfunction HOME()\r\nMN = gg.choice({\r\n\t\"Antena\",\r\n\t \"AnticheatLobby\",\r\n     \"recoil\",\r\n     \"AntireportLobby\",\r\n     \"RemoveReport\",\r\n     \"Fix10minban\",\r\n     \"ipadview\",\r\n\t\" EXIT\",\r\n\t},nil,\" By Jhn Gaming YT\")\r\n\tif MN == nil then \r\n\telse\r\n\tif MN == 1 then \r\n\tAntina()\r\n\tend--JhnGamingYT\r\n\tif MN == 2 then\r\n\tAnticheatLobby()\r\n     end--by Bhoomit Rajpal \r\n     if MN == 3 then \r\n     recoil()\r\n     end--by Bhoomit Rajpal \r\n     if MN == 4 then\r\n    AntireportLobby()\r\n    end--by Bhoomit Rajpal\r\n    if MN == 5 then\r\n    RemoveReport()\r\n    end--by Bhoomit Rajpal\r\n    if MN == 6 then\r\n    end--by Bhoomit Rajpal\r\n    Fix10minban()\r\n    if MN == 7 then\r\n    ipadview()\r\n    end--by Bhoomit Rajpal\r\n    if MN ==8 then\r\n    EXIT()\r\n     end--by Bhoomit Rajpal\r\nend--JhnGamingYT\r\nPUBGMH = -1\r\nend--JhnGamingYT\r\n\r\nfunction Antina()\r\ngg.clearResults()\r\n  gg.setRanges(gg.REGION_ANONYMOUS)\r\n  gg.searchNumber(\"88.50576019287F;87.27782440186F;-100.91194152832F;1F::13\", gg.TYPE_FLOAT, false, gg.SIGN_EQUAL, 0, -1)\r\n  gg.searchNumber(\"88.50576019287F;87.27782440186F;1F\", gg.TYPE_FLOAT, false, gg.SIGN_EQUAL, 0, -1)\r\n  gg.getResults(6)\r\n  gg.editAll(\"1.96875;1.96875;999;1.96875;1.96875;999\", gg.TYPE_FLOAT)\r\n  gg.clearResults()\r\n  gg.toast(\"ANTENNA\")\r\nend--JhnGamingYT\r\nfunction AnticheatLobby()\r\ngg.searchNumber(\"0\", gg.TYPE_DOUBLE, false, gg.SIGN_EQUAL, 0, -1)\r\n  gg.getResults(500)\r\n  gg.editAll(\"0\", gg.TYPE_DOUBLE)\r\n  gg.clearResults()\r\n  gg.clearResults()\r\n  gg.searchNumber(\"1\", gg.TYPE_DOUBLE, false, gg.SIGN_EQUAL, 0, -1)\r\n  gg.getResults(500)\r\n  gg.editAll(\"1\", gg.TYPE_DOUBLE)\r\n  gg.clearResults()\r\n  gg.clearResults()\r\n  gg.searchNumber(\"937\", gg.TYPE_DOUBLE, false, gg.SIGN_EQUAL, 0, -1)\r\n  gg.getResults(500)\r\n  gg.editAll(\"937\", gg.TYPE_DOUBLE)\r\n  gg.clearResults()\r\n  gg.clearResults()\r\n  gg.toast(\"Antichat On\")\r\nend--by Bhoomit Rajpal \r\nfunction Fix10minban()\r\ngg.clearResults()\r\n  gg.setRanges(gg.REGION_C_ALLOC)\r\n  gg.searchNumber(\"909391408;808923191::8\", gg.TYPE_DWORD)\r\n  gg.getResults(999)\r\n  gg.editAll(\"1089886885\", gg.TYPE_DWORD)\r\n  gg.clearResults()\r\n  gg.setRanges(gg.REGION_C_ALLOC)\r\n  gg.searchNumber(\"909391408\", gg.TYPE_DWORD)\r\n  gg.getResults(999)\r\n  gg.editAll(\"1089886885\", gg.TYPE_DWORD)\r\n  gg.toast(\"\u1d05\u026as\u1d00\u0299\u029f\u1d07 s\u1d18\u1d07\u1d04\u1d1b\u1d07\u1d1b\")\r\n  gg.clearResults()\r\n  end--by Bhoomit Rajpal \r\nfunction recoil()\r\ngg.clearResults()\r\n  gg.setRanges(gg.REGION_ANONYMOUS)\r\n  gg.searchNumber(\"1,348,759,109;1953067887;1,634,692,166;1,920,287,604::28\", gg.TYPE_DWORD, false, gg.SIGN_EQUAL, 0, -1)\r\n  gg.getResultsCount()\r\n  gg.searchNumber(\"1634692166\", gg.TYPE_DWORD, false, gg.SIGN_EQUAL, 0, -1)\r\n  gg.getResults(1)\r\n  gg.editAll(\"9999\", gg.TYPE_DWORD)\r\n  gg.clearResults()\r\n  gg.toast(\"LESS RECOIL\")\r\nend--by Bhoomit Rajpal \r\nfunction AntireportLobby()\r\ngg.toast(\"Antireport Activa\")\r\n  gg.clearResults()\r\n  gg.setRanges(gg.REGION_C_ALLOC)\r\n  gg.searchNumber(\"2.986167e-42\", gg.TYPE_FLOAT)\r\n  gg.getResults(999)\r\n  gg.editAll(\"0\", gg.TYPE_FLOAT)\r\n  gg.clearResults()\r\n  end--by Bhoomit Rajpal \r\nfunction RemoveReport()\r\ngg.toast(\" \u2551\u2593\u2592\u2592\u2592\u2592\u2592\u2592\u2592\u2592\u2592\u2551 \")\r\ngg.toast(\" \u2551\u2593\u2593\u2592\u2592\u2592\u2592\u2592\u2592\u2592\u2592\u2551 \")\r\ngg.toast(\" \u2551\u2593\u2593\u2593\u2592\u2592\u2592\u2592\u2592\u2592\u2592\u2551 \")\r\ngg.toast(\" \u2551\u2593\u2593\u2593\u2593\u2592\u2592\u2592\u2592\u2592\u2592\u2551 \")\r\ngg.toast(\" \u2551\u2593\u2593\u2593\u2593\u2593\u2592\u2592\u2592\u2592\u2592\u2551 \")\r\ngg.toast(\" \u2551\u2593\u2593\u2593\u2593\u2593\u2593\u2592\u2592\u2592\u2592\u2551 \")\r\ngg.toast(\" \u2551\u2593\u2593\u2593\u2593\u2593\u2593\u2593\u2592\u2592\u2592\u2551 \")\r\ngg.toast(\" \u2551\u2593\u2593\u2593\u2593\u2593\u2593\u2593\u2593\u2592\u2592\u2551 \")\r\ngg.toast(\" \u2551\u2593\u2593\u2593\u2593\u2593\u2593\u2593\u2593\u2593\u2592\u2551 \")\r\ngg.toast(\" \u2551\u2593\u2593\u2593\u2593\u2593\u2593\u2593\u2593\u2593\u2593\u2551 \")\r\ngg.clearResults()\r\nos.remove(\"/data/user/0/com.tencent.ig.com.vng.pubgmobile.com.pubg.krmobile.com.rekoo.pubgmobile.com.tencent.iglite/com.tencent.ig/data/data/0/com.tencent.ig/app_appcache\")\r\nos.remove(\"/data/user/0/com.tencent.ig.com.vng.pubgmobile.com.pubg.krmobile.com.rekoo.pubgmobile.com.tencent.iglite/com.tencent.ig/data/data/0/com.tencent.ig/app_bugly\")\r\nos.remove(\"/data/user/0/com.tencent.ig.com.vng.pubgmobile.com.pubg.krmobile.com.rekoo.pubgmobile.com.tencent.iglite/com.tencent.ig/data/data/0/com.tencent.ig/app_crashrecord\")\r\nos.remove(\"/data/user/0/com.tencent.ig.com.vng.pubgmobile.com.pubg.krmobile.com.rekoo.pubgmobile.com.tencent.iglite/com.tencent.ig/data/data/0/com.tencent.ig/cache\")\r\nos.remove(\"/data/user/0/com.tencent.ig.com.vng.pubgmobile.com.pubg.krmobile.com.rekoo.pubgmobile.com.tencent.iglite/com.tencent.ig/data/data/0/com.tencent.ig/code_cache\")\r\nos.remove(\"/storage/emulated/0/Android/data/com.tencent.ig/files/UE4Game/ShadowTrackerExtra/ShadowTrackerExtra/Saved/Paks/puffer_temp\")\r\nos.remove(\"/storage/emulated/0/Android/data/com.tencent.ig/files/UE4Game/ShadowTrackerExtra/ShadowTrackerExtra/Saved/Paks/puffer_res.eifs\")\r\nos.remove(\"/storage/emulated/0/Android/data/com.tencent.ig/files/UE4Game/ShadowTrackerExtra/ShadowTrackerExtra/Saved/Paks/PufferFileList.json\")\r\nos.remove(\"/storage/emulated/0/Android/data/com.tencent.ig/files/UE4Game/ShadowTrackerExtra/ShadowTrackerExtra/Saved/Logs\")\r\nos.remove(\"/storage/emulated/0/Android/data/com.tencent.ig/files/tbslog\")\r\nos.remove(\"/storage/emulated/0/Android/data/com.tencent.ig/files/ProgramBinaryCache\")\r\nos.remove(\"/storage/emulated/0/Android/data/com.tencent.ig/cache\")\r\nos.remove(\"/storage/emulated/0/Android/data/com.tencent.ig.com.vng.pubgmobile.com.pubg.krmobile.com.rekoo.pubgmobile.com.tencent.iglite\")\r\nos.remove(\"/storage/emulated/0/Android/data/com.tencent.ig.com.vng.pubgmobile.com.pubg.krmobile.com.rekoo.pubgmobile.com.tencent.iglite/files\")\r\nos.remove(\"/storage/emulated/0/Android/data/com.tencent.ig.com.vng.pubgmobile.com.pubg.krmobile.com.rekoo.pubgmobile.com.tencent.iglite/files/crashinfo\")\r\nos.remove(\"/storage/emulated/0/Android/data/com.tencent.ig.com.vng.pubgmobile.com.pubg.krmobile.com.rekoo.pubgmobile.com.tencent.iglite/files/Movies\")\r\nos.remove(\"/storage/emulated/0/Android/data/com.tencent.ig.com.vng.pubgmobile.com.pubg.krmobile.com.rekoo.pubgmobile.com.tencent.iglite/files\")\r\nos.remove(\"/storage/emulated/0/Android/data/com.ludashi.superboost\")\r\nos.remove(\"/storage/emulated/0/Android/data/io.va.exposed/files\")\r\nos.remove(\"/storage/emulated/0/Android/data/com.tencent.ig.com.vng.pubgmobile.com.pubg.krmobile.com.rekoo.pubgmobile.com.tencent.iglite/cache\")\r\nos.remove(\"/storage/emulated/0/Android/data/com.tencent.ig.com.vng.pubgmobile.com.pubg.krmobile.com.rekoo.pubgmobile.com.tencent.iglite/files/al\")\r\nos.remove(\"/storage/emulated/0/Android/data/com.tencent.ig.com.vng.pubgmobile.com.pubg.krmobile.com.rekoo.pubgmobile.com.tencent.iglite/files/Unity\")\r\nos.remove(\"/storage/emulated/0/Android/data/com.tencent.ig.com.vng.pubgmobile.com.pubg.krmobile.com.rekoo.pubgmobile.com.tencent.iglite/files/Pictures\")\r\ngg.clearResults()\r\ngg.toast(\"\u1d05\u1d07\u029f\u1d07\u1d1b\u1d07 \u0280\u1d07\u1d18\u1d0f\u0280\u1d1bremove all report \u1d05\u1d0f\u0274\u1d07\")\r\nend--by Bhoomit Rajpal \r\nfunction ipadview()\r\n gg.setRanges(gg.REGION_ANONYMOUS)\r\n  gg.clearResults()\r\n  gg.searchNumber(\"220;178;15 \", gg.TYPE_FLOAT, false, gg.SIGN_EQUAL, 0, -1)\r\n  gg.searchNumber(\"220\", gg.TYPE_FLOAT, false, gg.SIGN_EQUAL, 0, -1)\r\n  gg.getResults(300)\r\n  gg.editAll(\"350\", gg.TYPE_FLOAT)\r\n  gg.clearResults()\r\n  gg.toast(\"IPAD VIEW\")\r\n  end--by Bhoomit Rajpal \r\nfunction EXIT()\r\nprint(\"By Jhn Gaming YT\")\r\ngg.setVisible(true)\r\nos.exit()\r\nend--JhnGamingYT\r\nwhile true do\r\nif gg.isVisible(true) then\r\nPUBGMH = -1\r\ngg.setVisible(false)\r\nend--JhnGamingYT\r\ngg.clearResults()\r\nif PUBGMH == -1 then\r\nHOME()\r\nend--JhnGamingYT\r\nend--JhnGamingYT",
    "YaraRule": [
        "enable_org32",
        "core_keywords"
    ]
}