{
    "scrape_url": "https://scrape.pastebin.com/api_scrape_item.php?i=HaSn0YtD",
    "full_url": "https://pastebin.com/HaSn0YtD",
    "date": "1594399849",
    "key": "HaSn0YtD",
    "size": 46967,
    "expire": "0",
    "title": "pvg_1.640",
    "syntax": "html4strict",
    "user": "",
    "filename": "HaSn0YtD",
    "pasteid": "HaSn0YtD",
    "pastesite": "pastebin.com",
    "@timestamp": "2020-07-10T16:50:49",
    "MD5": "4ebe07184cd780a6c3c1db148f0607d9",
    "SHA256": "95ce9e179bc9e9510b6ba481f56b5eb49565110d353c41edb666984db79ab3d0",
    "raw_paste": "pseudoviertegewalt 1.640<br />\r\n09/07/2020<br />\r\n<br />\r\n<br />\r\n<br />\r\n<br />\r\n<br />\r\n01/02/1993 <a href=\"http://www.spektrum.de/magazin/die-hypothese-der-affektlogik/820645\" target=\"_blank\">Die Hypothese der Affektlogik</a><br />\r\n20/12/2012 <a href=\"https://www.youtube.com/watch?v=GNLHTY9CeHw\" target=\"_blank\">[YouTube] Mit Luc Ciompi im Gespr\u00e4ch - Gr\u00fcnder Soteria Bern</a><br />\r\n<br />\r\n\"\u00dcberhaupt wurden von der Wissenschaft emotionale Ph\u00e4nomene, nicht zuletzt aus methodologischen und definitorischen Gr\u00fcnden, lange Zeit vergleichsweise stark vernachl\u00e4ssigt. Die Folge war ein einseitig intellektzentrisiertes Welt- und Menschenverst\u00e4ndnis, das, obwohl mit der beobachteten Wirklichkeit offensichtlich nicht \u00fcbereinstimmend, das wissenschaftliche Denken doch lange Zeit fast ausschlie\u00dflich beherrscht hat.\"<br />\r\n- Luc Ciompi<br />\r\nDie emotionalen Grundlagen des Denkens<br />\r\nEntwurf einer fraktalen Affektlogik<br />\r\n<br />\r\n<br />\r\n<br />\r\n<br />\r\n29/09/1997 <a href=\"http://www.focus.de/politik/deutschland/standpunkt-gruppen-wie-greenpeace-haben-zuviel-macht_aid_165861.html\" target=\"_blank\">Gruppen wie Greenpeace [Green10] haben zuviel Macht</a><br />\r\n08/12/2012 <a href=\"https://www.novo-argumente.com/artikel/print_novo108_28\" target=\"_blank\">[Green10] Freunde der EU</a><br />\r\n26/06/2013 <a href=\"http://www.proplanta.de/Agrar-Nachrichten/Agrarpolitik/Demokratie-durch-Lobbyismus-gefaehrdet_article1372235561.html\" target=\"_blank\">Demokratie durch Lobbyismus (gef\u00e4hrdet)</a><br />\r\n\"\u00abEs ist immer die Rede von der Stromlobby, der Pharmalobby. Aber wenn Greenpeace beim Bundesumweltministerium genau das Gleiche macht, dann ist das kein Lobbyismus\u00bb, gibt Stra\u00dfner zu bedenken.\"<br />\r\n<br />\r\n<br />\r\n<br />\r\n<br />\r\n22/12/1998 <a href=\"http://www.kommunikation.uzh.ch/static/unimagazin/archiv/4-98/riesig.html\" target=\"_blank\">[Enzyklop\u00e4die] Riesig und ein\u00e4ugig</a><br />\r\n\"Naiv ist die Vorstellung, Wissen sei speicherbar, und das sei einfach eine Frage von Laufmetern B\u00fcchern beziehungsweise Gigabytes und gr\u00f6sserer Harddisks. Naiv ist die Vorstellung, Wissen k\u00f6nne weitergegeben werden, und dies sei einfach eine Frage der \u00dcbertragungsrate (in Baud). Naiv ist die Vorstellung, dass blosse Informationsvermittlung Aufkl\u00e4rung zur Folge haben k\u00f6nnte. [...]. Lexika sind nie skeptisch \u2013 wie auch?\"<br />\r\n15/01/2011 <a href=\"http://www.gulli.com/news/15105-10-jahre-wikipedia-ein-blick-hinter-die-kulissen-2011-01-15\" target=\"_blank\">10 Jahre Wikipedia: Ein Blick hinter die Kulissen</a><br />\r\n\"[...] Andererseits bringt er genau das, was in der Wikipedia-Diskussion oft beklagt wird: die Diktatur der Zeitreichen \u00fcber die Zeitarmen [...].\"<br />\r\n08/02/2012 <a href=\"http://www.pressetext.com/news/20120208012\" target=\"_blank\">Polit-Eintr\u00e4ge bei Wikipedia nicht neutral</a><br />\r\n\"40 Prozent der Artikel sind ideologisch gef\u00e4rbt.\"<br />\r\n08/01/2013 <a href=\"http://web.archive.org/web/20130111072022/http://www.handelsblatt.com/panorama/aus-aller-welt/bicholim-konflikt-erfundener-krieg-schwelt-fuenf-jahre-lang-auf-wikipedia/7602098.html\" target=\"_blank\">\u201eBicholim-Konflikt\u201c: Erfundener Krieg schwelt f\u00fcnf Jahre lang auf Wikipedia</a><br />\r\n<br />\r\n\"Die Beitragsqualit\u00e4t unterliegt starken Schwankungen \u2013 sowohl nach oben als auch nach unten. [...]: Wer verl\u00e4\u00dfliche Informationen m\u00f6chte, tut gut daran, Wikipedia kritisch zu konsumieren.\"<br />\r\n- G\u00fcnter Schuler<br />\r\nWikipedia inside<br />\r\n<br />\r\n<br />\r\n<br />\r\n<br />\r\n00/03/1999 <a href=\"http://www.infosekta.ch/media/pdf/E_Eso_Petri-StrategienWeltverschwrungswahn.pdf\" target=\"_blank\">[PDF] Strategien gegen den Weltverschw\u00f6rungswahn</a><br />\r\n\"Herablassende Belehrungen gegen\u00fcber den \u00abd\u00fcmmlichen Irrationalisten\u00bb, wie sie gelegentlich von verstaubten Lehrst\u00fchlen herab oder von dogmatischen Intellektuellen ge\u00fcbt werden, sind wirkungslos, ja kontraproduktiv.\"<br />\r\n11/06/2010 <a href=\"https://www.antifainfoblatt.de/artikel/die-wahrheit-ist-irgendwo-da-drau\u00dfen\" target=\"_blank\">Die deutsche \u00bbTruther\u00ab-Bewegung: Die Wahrheit ist irgendwo da drau\u00dfen...</a><br />\r\n\"Politisch verorten sich die \u00bbInfokrieger\u00ab au\u00dferhalb des \u00bbLinks-Rechts-Schemas\u00ab und explizit gegen dieses. \u00bbGegen politischen Dogmatismus\u00ab zu sein ist indes eine Pr\u00e4misse, [...].\"<br />\r\n21/06/2018 <a href=\"https://www.youtube.com/watch?v=ePbtSPwAxl8\" target=\"_blank\">[YouTube] Faszination Verschw\u00f6rung \u2013 Geschichte und Wirkungen von Verschw\u00f6rungstheorien</a><br />\r\n<br />\r\n\"Viele Verschw\u00f6rungstheoretiker und ihre Anh\u00e4nger suchen nicht nur eine Verschw\u00f6rung \u2013 in Wirklichkeit sind sie an H\u00f6herem interessiert: Sie suchen die Wahrheit. Nicht etwa irgendeine Wahrheit, sondern die letzte Wahrheit, die endg\u00fcltige Gewissheit.\"<br />\r\n- Thomas Gr\u00fcter<br />\r\nFreimaurer, Illuminaten und andere Verschw\u00f6rer<br />\r\nWie Verschw\u00f6rungstheorien funktionieren<br />\r\n<br />\r\n<br />\r\n<br />\r\n<br />\r\n02/11/2005 <a href=\"https://www.spiegel.de/wissenschaft/weltall/mittelalter-und-moderne-wie-die-erde-zur-scheibe-wurde-a-381627.html\" target=\"_blank\">Mittelalter und Moderne: Wie die Erde zur Scheibe wurde</a><br />\r\n\"[D]ass etwa die Erde eine Scheibe sei, glaubte im Mittelalter niemand. Diesen Mythos hat die Moderne geschaffen \u2013 zum eigenen Ruhm.\"<br />\r\n05/10/2009 <a href=\"http://www.spiegel.de/wissenschaft/natur/alternative-landkarten-wie-die-wirklichkeit-die-welt-verzerrt-a-653185.html\" target=\"_blank\">Alternative Landkarten: Wie die Wirklichkeit die Welt verzerrt</a><br />\r\n09/12/2015 <a href=\"https://www.freitag.de/autoren/jakob-reimann-justicenow/weltbilder-gehoeren-auf-den-kopf-gestellt\" target=\"_blank\">Blickwinkel: Weltbilder geh\u00f6ren auf den Kopf gestellt!</a><br />\r\n\"[D]ie eurozentrische Abbildung der Welt ist menschengemacht und damit subjektiv und intendiert.\"<br />\r\n<br />\r\n<br />\r\n<br />\r\n<br />\r\n17/11/2006 <a href=\"http://web.archive.org/web/20140714164651/http://www.nzz.ch/aktuell/startseite/articleENMUM-1.76166\" target=\"_blank\">Wachsender Wettbewerb internationaler TV-Nachrichtensender: Kampf ums Weltbild</a><br />\r\n11/02/2013 <a href=\"https://www.heise.de/tp/features/Journalismusforschung-Ganz-auf-Linie-mit-den-Eliten-3397578.html\" target=\"_blank\">Journalismusforschung: \u201eGanz auf Linie mit den Eliten\u201c</a><br />\r\n20/12/2013 <a href=\"http://www.wienerzeitung.at/nachrichten/kultur/medien/?em_cnt=595876\" target=\"_blank\">PR-Journalismus: Der stille Krieg um die Worte</a><br />\r\n06/11/2017 <a href=\"https://www.mediadb.eu/dossiers/dossiers/newsdetail/article/die-100-groessten-medienkonzerne-der-welt-2017.html\" target=\"_blank\">Die 100 gr\u00f6\u00dften Medienkonzerne der Welt 2017</a><br />\r\n28/06/2020 <a href=\"http://web.archive.org/web/20200707191342/https://www.br.de/kultur/birk-meinhardt-wie-ich-meine-zeitung-verlor-sz-medienkritik-100.html\" target=\"_blank\">Was falsch l\u00e4uft im Journalismus</a><br />\r\n\"Der Journalismus tr\u00e4gt meines Erachtens eine Riesenschuld an der Verh\u00e4rtung der Fronten, die er selber beklagt. Er bringt sie ma\u00dfgeblich mit hervor und er beklagt sie danach.\"<br />\r\n<br />\r\n\"Durch Wiederholung und gezielte Ansprache versuchte der Werber, den Widerstand des Konsumenten zu brechen. [...]. Kontinuierliche Information wird erreicht, indem man jede Kontaktaufnahme zum Publikum so zu steuern versucht, dass die \u00d6ffentlichkeit den gew\u00fcnschten Eindruck gewinnt, ohne sich der Beeinflussung bewusst zu werden. \u00bbDramatisierung\u00ab weckt die Aufmerksamkeit der \u00d6ffentlichkeit und lenkt sie auf ein bestimmtes Detail oder einen bestimmten Aspekt, [...]. [...]. Propaganda wird niemals sterben.\"<br />\r\n- Edward Bernays<br />\r\nPropaganda<br />\r\nDie Kunst der Public Relations<br />\r\n<br />\r\n<br />\r\n<br />\r\n<br />\r\n16/07/2007 <a href=\"http://www.sueddeutsche.de/wissen/liebe-zum-land-die-maer-vom-guten-patrioten-1.912131\" target=\"_blank\">Fragw\u00fcrdige Liebe zum Land: Die M\u00e4r vom guten Patrioten</a><br />\r\n23/02/2014 <a href=\"https://www.heise.de/tp/features/Der-verschwiegene-Rassismus-der-Philosophen-3363965.html\" target=\"_blank\">Der verschwiegene Rassismus der Philosophen</a><br />\r\n\"Es ist an der Zeit, dass der Rassismus von Luther \u00fcber Kant bis Wagner offen thematisiert wird. Und dass Heidegger als das bezeichnet wird, was er zweifelsohne war: ein Antisemit.\"<br />\r\n26/01/2018 <a href=\"https://www.srf.ch/kultur/gesellschaft-religion/die-sklaverei-und-die-schweiz-rassismus-ist-die-dna-europas\" target=\"_blank\">Rassismus ist die DNA Europas</a><br />\r\n10/09/2019 <a href=\"https://www.uni-jena.de/190910_JE.html\" target=\"_blank\">Menschenrassen gibt es nicht</a><br />\r\n\"Anstelle von definierbaren Grenzen verlaufen zwischen menschlichen Gruppen genetische Gradienten. Es gibt im menschlichen Genom unter den 3,2 Milliarden Basenpaaren keinen einzigen fixierten Unterschied, der zum Beispiel Afrikaner von Nicht-Afrikanern trennt. Es gibt - um es explizit zu sagen - somit nicht nur kein einziges Gen, welches \u201arassische\u2018 Unterschiede begr\u00fcndet, sondern noch nicht mal ein einziges Basenpaar.\"<br />\r\n10/09/2019 <a href=\"https://www.uni-jena.de/unijenamedia/universit\u00e4t/abteilung+hochschulkommunikation/presse/jenaer+erkl\u00e4rung/jenaer_erklaerung.pdf\" target=\"_blank\">[PDF] Jenaer Erkl\u00e4rung</a><br />\r\n<br />\r\n\"Neg[*]r m. \u2018Mensch mit dunkler Hautfarbe\u2019, entlehnt (Ende 17. Jh., vorher Negres, Negren Plur., Anfang 17. Jh.) aus gleichbed. mfrz. frz. n\u00e8gre, das seinerseits auf gleichbed. span. port. negro, einer ABSCH\u00c4TZIGEn BEZEICHNUNG F\u00dcR DIE ALS SKLAVEN GEHANDELTEN EINGEBORENEN AFRIKAS, beruht; zu lat. niger \u2018schwarz\u2019. Zuvor begegnet (Ende 16. Jh.) auch im Dt. Negro als direkte Entlehnung aus dem Span. oder Port., das neben Mohr und schwarze Leute tritt. [...]. Rasse f. [...]. Gegen Ende des 18. Jhs. wird Rasse als anthropologischer Begriff auch auf Menschen in der oben angef\u00fchrten Bedeutung \u00fcbertragen und im 19. Jh. vielfach mit \u2018Volk\u2019 gleichgesetzt. In Anlehnung an die UNWISSENSCHAFTLICHE VORSTELLUNG VON DER UNGLEICHWERTIGKEIT DER RASSEN (vgl. \u201eEssai sur l\u2019in\u00e9galit\u00e9 des races humaines\u201c Gobineau 1853) entwickelte der deutsche Faschismus eine Rassentheorie bzw. -ideologie, mit der er die Ausbeutung, Unterdr\u00fcckung und Vernichtung bestimmter Volker oder ethnischer Gruppen zu rechtfertigen suchte.\"<br />\r\n- Dr. Wolfgang Pfeifer<br />\r\nEtymologisches W\u00f6rterbuch des Deutschen<br />\r\n<br />\r\n<br />\r\n<br />\r\n<br />\r\n17/02/2009 <a href=\"https://www.youtube.com/watch?v=Q333pMON_U4\" target=\"_blank\">[YouTube] RELIGULOUS | Offizieller deutscher Trailer</a><br />\r\n11/02/2015 <a href=\"http://hpd.de/artikel/11197?nopaging=1\" target=\"_blank\">\u201eChristliche Moral\u201c gibt es nicht</a><br />\r\n24/05/2017 <a href=\"https://hpd.de/artikel/wir-muessen-gewaltpotenzial-religionen-erkennen-14450\" target=\"_blank\">Wir m\u00fcssen das Gewaltpotenzial der Religionen erkennen</a><br />\r\n12/09/2018 <a href=\"https://www.spiegel.de/panorama/gesellschaft/katholische-kirche-missbrauchsbericht-der-bischofskonferenz-a-1227802.html\" target=\"_blank\">Missbrauchsbericht der Bischofskonferenz: Die ganze Wahrheit ist das nicht</a><br />\r\n<br />\r\n\"\u00bbWollen Sie mir wirklich sagen, dass Sie sich nur deshalb bem\u00fchen, ein guter Mensch zu sein, weil Sie Gottes Zustimmung und Lohn erringen oder seine Ablehnung und Bestrafung vermeiden wollen? Das ist doch keine Moral, sondern nur Opportunismus, Einschleimerei und der verstohlene Blick zur gro\u00dfen \u00dcberwachungskamera im Himmel oder zur kleinen Abh\u00f6rwanze in Ihrem Kopf, die jede Ihrer Bewegungen und sogar Ihre intimsten Gedanken aufzeichnet.\u00ab Oder, wie Einstein sagte: \u00bbWenn die Menschen nur deshalb gut sind, weil sie sich vor Strafe f\u00fcrchten und auf Belohnung hoffen, sind wir wirklich ein armseliger Haufen.\u00ab\"<br />\r\n- Richard Dawkins<br />\r\nDer Gotteswahn<br />\r\n<br />\r\n<br />\r\n<br />\r\n<br />\r\n19/03/2011 <a href=\"http://www.spiegel.de/wirtschaft/unternehmen/mythos-vom-eu-zahlmeister-wie-deutschland-vom-euro-profitiert-a-744027.html\" target=\"_blank\">Mythos vom EU-Zahlmeister: Wie Deutschland vom Euro profitiert</a><br />\r\n\"Kein Staat profitiert so von der europ\u00e4ischen Integration und der gemeinsamen W\u00e4hrung wie Deutschland.\"<br />\r\n10/08/2015 <a href=\"http://www.zeit.de/wirtschaft/2015-08/griechenland-deutschland-spart-milliarden-studie\" target=\"_blank\">Deutschland profitiert selbst bei Griechenland-Pleite</a><br />\r\n21/06/2018 <a href=\"https://de.euronews.com/2018/06/21/deutschland-profitiert-von-griechenland-hilfe\" target=\"_blank\">Deutschland profitiert von Griechenland-Hilfe</a><br />\r\n21/06/2018 <a href=\"https://www.youtube.com/watch?v=FIFLisOSf7A\" target=\"_blank\">[YouTube] Deutschland profitiert von Griechenland-Hilfe</a><br />\r\n<br />\r\n\"Wenn man \u00fcber die Verteilung des Reichtums spricht, ist die Politik nie sehr fern, [...].\"<br />\r\n- Thomas Piketty<br />\r\nDas Kapital im 21. Jahrhundert<br />\r\n<br />\r\n<br />\r\n<br />\r\n<br />\r\n13/05/2011 <a href=\"http://web.archive.org/web/20140712164234/http://suite101.de/article/komorbiditaet-von-essstoerungen-a111938\" target=\"_blank\">Komorbidit\u00e4t von Essst\u00f6rungen</a><br />\r\n04/02/2015 <a href=\"http://diestandard.at/2000011255486/Essstoerung-Zahl-der-Betroffenen-in-20-Jahren-verzehnfacht\" target=\"_blank\">Essst\u00f6rung: Zahl der Betroffenen in 20 Jahren verzehnfacht</a><br />\r\n<br />\r\n\"Soll ein Kind die unbefriedigten Bed\u00fcrfnisse der Eltern stillen, muss es so werden, wie sie es haben wollen, was in der Regel auf Kosten der Individualit\u00e4t des Kindes geht. Es wundert nicht, dass die meisten Frauen mit Essst\u00f6rungen eine narzisstische Pers\u00f6nlichkeit entwickeln.\"<br />\r\n- B\u00e4rbel Wardetzki<br />\r\nIss doch endlich normal<br />\r\nHilfen f\u00fcr Angeh\u00f6rige von essgest\u00f6rten M\u00e4dchen und Frauen<br />\r\n<br />\r\n\"Nicht die Krankheit ist der Feind, der vernichtet werden muss, sondern die Lebensl\u00fcge und die falsche Einstellung zu sich, dem Leben und den Menschen muss ver\u00e4ndert werden.\"<br />\r\n- B\u00e4rbel Wardetzki<br />\r\nWeiblicher Narzissmus<br />\r\nDer Hunger nach Anerkennung<br />\r\n<br />\r\n<br />\r\n<br />\r\n<br />\r\n06/11/2011 <a href=\"https://www.achgut.com/artikel/ich_weis_wer_den_holocaust_als_pr_erfunden_hat/\" target=\"_blank\">\u201eich weis wer den holocaust als PR erfunden hat\u201c</a><br />\r\n07/11/2011 <a href=\"https://www.achgut.com/artikel/kens_fans\" target=\"_blank\">Kens Fans</a><br />\r\n08/11/2011 <a href=\"https://www.achgut.com/artikel/ein_furchtbarer_verdacht_ist_ken_ein_antisemit\" target=\"_blank\">Ein furchtbarer Verdacht: Ist Ken ein Antisemit?</a><br />\r\n09/11/2011 <a href=\"https://www.achgut.com/artikel/ken_laesst_loeschen_wir_nicht\" target=\"_blank\">Ken l\u00e4sst l\u00f6schen - Wir nicht!</a><br />\r\n15/11/2011 <a href=\"https://www.achgut.com/artikel/sind_wir_nicht_alle_ein_bisschen_jebsen\" target=\"_blank\">Sind wir nicht alle ein bisschen Jebsen?</a><br />\r\n23/11/2011 <a href=\"https://www.achgut.com/artikel/jebsen_geht\" target=\"_blank\">Jebsen geht, die H\u00f6rer bleiben</a><br />\r\n<br />\r\n<br />\r\n<br />\r\n<br />\r\n20/11/2011 <a href=\"http://derstandard.at/1319183229865/Apokalypse-Chronologie-Die-schoensten-Weltuntergaenge-der-vergangenen-1500-Jahre\" target=\"_blank\">Die sch\u00f6nsten Weltunterg\u00e4nge der vergangenen 1'500 Jahre</a><br />\r\n15/07/2019 <a href=\"https://www.salonkolumnisten.com/wir-sind-noch-einmal-davongekommen-2/\" target=\"_blank\">Wir sind noch einmal davongekommen</a><br />\r\n\"Seit 50 Jahren wird vor der bevorstehenden Naturapokalypse gewarnt. Und seit 50 Jahren f\u00e4llt sie regelm\u00e4\u00dfig aus.\"<br />\r\n<br />\r\n\"Propheten haben immer Hochkonjuktur. In schlechten Zeiten will man von ihnen wissen, wann und wie es besser wird. In guten ist es dagegen die Angst, es k\u00f6nnte bald nicht mehr so weiter gehen, die einen Blick auf die Zukunft so erstrebenswert macht. Aber auch Neider provozieren d\u00fcstere Voraussagen. Denn ist der Gipfel erreicht, kann es naturgem\u00e4\u00df nur noch abw\u00e4rts gehen. Und \u00bbdie da unten\u00ab wollen auch \u00bbzu denen da oben\u00ab. Die Kassandras haben es daher immer gut: Opfer f\u00fcr ihre d\u00fcsteren Vorhersagen werden sie reichlich finden.\"<br />\r\n- Josef H. Reichholf<br />\r\nDie falschen Propheten<br />\r\nUnsere Lust an Katastrophen<br />\r\n<br />\r\n<br />\r\n<br />\r\n<br />\r\n03/02/2012 <a href=\"https://www.youtube.com/watch?v=ZWMySh4dY2o\" target=\"_blank\">[YouTube] Verfassungsschutz in der Kritik | Politik direkt</a><br />\r\n06/11/2012 <a href=\"http://www.spiegel.de/politik/deutschland/verfassungsschutz-panne-berlin-schreddert-rechtsextremismus-akten-a-865681.html\" target=\"_blank\">Verfassungsschutz: Berlin lie\u00df Rechtsextremismus-Akten schreddern</a><br />\r\n13/11/2012 <a href=\"http://www.spiegel.de/politik/deutschland/berliner-verfassungsschutz-liess-rechtsextremismus-akten-schreddern-a-866981.html\" target=\"_blank\">Verfassungsschutz lie\u00df weitere Rechtsextremismus-Akten schreddern</a><br />\r\n\"Es ist kaum mehr m\u00f6glich, bei den haarstr\u00e4ubenden Vorg\u00e4ngen im Berliner Verfassungsschutz noch an Zuf\u00e4lle zu glauben.\"<br />\r\n01/01/2013 <a href=\"https://media.ccc.de/v/29c3-5299-de-en-best_of_verfassungsschutz_h264\" target=\"_blank\">[media.ccc] Best of ... Verfassungsschutz</a><br />\r\n20/09/2018 <a href=\"https://www.dw.com/de/der-deutsche-verfassungsschutz-immer-wieder-skandale/av-45573094\" target=\"_blank\">[Audio] Der deutsche Verfassungsschutz: immer wieder Skandale</a><br />\r\n<br />\r\n<br />\r\n<br />\r\n<br />\r\n04/04/2012 <a href=\"https://www.novo-argumente.com/artikel/print_novo113_193\" target=\"_blank\">Malthus ist tot, es lebe der Malthusianismus!</a><br />\r\n\"[E]r und der Rest der gr\u00fcnen Bewegung naturalisieren soziale Erscheinungen wie Armut und Ungleichheit. [...]. Das Gerede von \u00f6kologischen Fu\u00dfabdr\u00fccken und dem metaphorischen Hektar ist nebenbei bemerkt \u201eWissenschaft\u201c auf einem derart niedrigem Niveau, [...]. Pearce und einige andere einflussreiche Gr\u00fcne wollen uns Glauben machen, es gebe in der Umweltbewegung eine grunds\u00e4tzliche Debatte zwischen dem Malthusianismus alten Stils auf der einen und fortschrittlichen Gr\u00fcnen auf der anderen Seite. Das stimmt nicht. Tats\u00e4chlich gibt es einen engstirnigen Streit innerhalb des Malthusianismus dar\u00fcber, wie antihumanistische Argumente heute am besten vorzutragen sind: [...].\"<br />\r\n28/04/2012 <a href=\"http://www.achgut.com/dadgdx/index.php/dadgd/article/das_muster_der_misanthropen/\" target=\"_blank\">Das Muster der Misanthropen</a><br />\r\n\"Die Ironie der Geschichte ist, dass die Anh\u00e4nger dieser Religion sich als Atheisten begreifen, obwohl sie selbst ernannten Propheten hinterherlaufen, um eingebildete Katastrophen zu verhindern, und dass sie dabei auf abweichende Meinungen nicht minder dogmatisch reagieren wie die katholische Kirche auf \u201eKetzer\u201c wie Galileo Galilei.\"<br />\r\n<br />\r\n\"Gr\u00fcnes Denken ist zum Bestandteil eines gehobenen Lebensstils geworden, ein geistiges Statussymbol, [...]. Die Weltanschauung der Eliten ist erstaunlich konform. Eigene Gedanken und kritische Reflexion fallen unangenehm auf. Vielleicht geht es weniger um Umweltschutz als um soziale Distinktion und um das Wiedererkennen bestimmter Meinungsstandards.\"<br />\r\n- Dirk Maxeiner, Michael Mirsch<br />\r\nAlles gr\u00fcn und gut?<br />\r\nEine Bilanz des \u00f6kologischen Denkens<br />\r\n<br />\r\n<br />\r\n<br />\r\n<br />\r\n30/05/2012 <a href=\"https://www.dw.com/de/tacitus-missbraucht-und-missverstanden/a-15982320\" target=\"_blank\">Tacitus: missbraucht und missverstanden</a><br />\r\n<br />\r\n\"Bolls Deutung der Germania, die von einem f\u00fchrenden Altphilologen der damaligen Zeit schon bald und zu Recht als naiv verurteilt wurde, [...]. Doch gerade diese belastete Geschichte ist es, die eine derart naive Deutung als gef\u00e4hrlich entlarvt. Schlie\u00dflich schrieb nicht der r\u00f6mische Historiker Tacitus ein h\u00f6chst gef\u00e4hrliches Buch; dazu machten es erst seine Leser.\"<br />\r\n- Christopher B. Krebs<br />\r\nEin gef\u00e4hrliches Buch<br />\r\nDie \u00bbGermania\u00ab des Tacitus und die Erfindung der Deutschen<br />\r\n<br />\r\n<br />\r\n<br />\r\n<br />\r\n20/06/2012 <a href=\"http://www.golem.de/news/facebook-warum-kinderbilder-nicht-in-soziale-netzwerke-gehoeren-1206-92627.html\" target=\"_blank\">Warum Kinderbilder nicht in soziale Netzwerke geh\u00f6ren</a><br />\r\n31/10/2012 <a href=\"https://www.derwesten.de/leben/digital/kriminelle-veroeffentlichen-facebook-fotos-auf-porno-websites-id7247231.html\" target=\"_blank\">Kriminelle ver\u00f6ffentlichen Facebook-Fotos auf Porno-Websites</a><br />\r\n01/04/2014 <a href=\"https://www.youtube.com/watch?v=lIo88U-Xy_Y\" target=\"_blank\">[YouTube] Cuidado con lo que sub\u00eds a Internet</a><br />\r\n04/12/2015 <a href=\"https://www.20min.ch/story/mann-kopierte-facebook-profilbilder-fuer-porno-sites-102220443317\" target=\"_blank\">Mann kopierte Facebook-Profilbilder f\u00fcr Porno-Sites</a><br />\r\n02/03/2017 <a href=\"https://www.derstandard.at/story/2000053476633/aufregung-um-facebookseite-mit-gesammelten-kinderfotos\" target=\"_blank\">Aufregung um Facebook-Seite mit gesammelten Kinderfotos</a><br />\r\n\"F\u00fcr R\u00fcdiger ist dies eine Auswirkung des \u201edigitalen Narzissmus\u201c der Eltern. \u201eViele zeigen diese Bilder ja nicht, weil sie damit ihren Kindern etwas Gutes tun m\u00f6chten, sondern weil sie hoffen, mit den Bildern Anerkennung zum Beispiel in Form von Likes und Kommentaren zu bekommen.\u201c\"<br />\r\n<br />\r\n<a href=\"https://tineye.com/\" target=\"_blank\">tineye.com</a><br />\r\n<br />\r\n<br />\r\n<br />\r\n<br />\r\n01/10/2012 <a href=\"https://www.youtube.com/watch?v=PQBLVVzikIo\" target=\"_blank\">[YouTube] Felix Hasler \u00fcber \u201eNeuromythologie\u201c</a><br />\r\n11/04/2016 <a href=\"https://www.tagesspiegel.de/themen/geist-und-seele/gesund-leben-eine-weitverbreitete-illusion/13429764.html\" target=\"_blank\">\u201eEine weitverbreitete Illusion\u201c</a><br />\r\n<br />\r\n\"Der Begriff \u00bbAbsetz-Syndrom\u00ab wurde mit Bedacht gew\u00e4hlt, um den belasteten Begriff \u00bbEntzugserscheinungen\u00ab zu vermeiden. Die SSRI-Hersteller, denen sp\u00e4testens seit Beginn der 1990er Jahre bekannt war, dass das Absetzen ihrer Medikamente zu Problemen f\u00fchren kann, haben diesen Begriff eingef\u00fchrt, um mit illegalen Drogen auf Distanz zu gehen, [...]. [...]. Ganz entscheidend f\u00fcr den \u00fcberw\u00e4ltigenden Erfolg der SSRIs war die von Anfang an verfolgte Strategie, depressive Erkrankungen auf einen einfachen biologischen Mechanismus zu reduzieren. [...]. Obwohl oft mit gro\u00dfer \u00dcberzeugung erkl\u00e4rt wird, dass depressive Menschen einen Serotonin- oder Noradrenalinmangel haben, widerspricht die wissenschaftliche Beweislage diesen Behauptungen. [...]. Auch die Medien haben viel dazu beigetragen, dass sich die Meinung etablieren konnte, [...].\"<br />\r\n- Felix Hasler<br />\r\nNeuromythologie<br />\r\nEine Streitschrift gegen die Deutungsmacht der Hirnforschung<br />\r\n<br />\r\n<br />\r\n<br />\r\n<br />\r\n24/02/2013 <a href=\"http://euleev.de/video/336-udo-pollmer-gesunde-ernaehrung-allheilmittel-oder-mythos\" target=\"_blank\">Gesunde Ern\u00e4hrung: Allheilmittel oder Mythos?</a><br />\r\n24/02/2013 <a href=\"https://www.youtube.com/watch?v=uOKG3EbKWtQ\" target=\"_blank\">[YouTube] Gesunde Ern\u00e4hrung: Allheilmittel oder Mythos?</a><br />\r\n24/03/2017 <a href=\"https://www.novo-argumente.com/artikel/jagd_auf_ernaehrungsmythen\" target=\"_blank\">Jagd auf Ern\u00e4hrungsmythen</a><br />\r\n\"Zahlreiche Initiativen von staatlicher Politik und NGOs sollen Verbraucher vor vermeintlich ungesunden Lebensmitteln sch\u00fctzen und damit auch vor schweren Krankheiten oder gar dem fr\u00fchzeitigen Tod. Dabei gibt es keinerlei wissenschaftliche Beweise f\u00fcr die Sch\u00e4dlichkeit dieser Lebensmittel.\"<br />\r\n<br />\r\n\"Es gibt keine Beweise, dass \u00abgesunde\u00bb Ern\u00e4hrung die Gesundheit erh\u00e4lt oder gar f\u00f6rdert. Es gibt noch nicht einmal gesichertes Wissen, was \u00abgesunde\u00bb Ern\u00e4hrung \u00fcberhaupt sein soll.\"<br />\r\n- Uwe Knop<br />\r\nErn\u00e4hrungswahn<br />\r\nWarum wir keine Angst vorm Essen haben m\u00fcssen<br />\r\n<br />\r\n<br />\r\n<br />\r\n<br />\r\n09/03/2013 <a href=\"http://www.stuttgarter-zeitung.de/inhalt.interview-ueber-musikszene-freiwild-machen-eindeutig-rechtsrock.5d1ce6a2-4c57-41c8-8b9f-8a688c4155d8.html\" target=\"_blank\">Interview: \u201eFreiwild machen eindeutig Rechtsrock\u201c</a><br />\r\n13/05/2013 <a href=\"https://www.youtube.com/watch?v=qmOwH8cvl9E\" target=\"_blank\">[YouTube] Michael Krons mit Thomas Kuban IM DIALOG</a><br />\r\n11/11/2014 <a href=\"https://www.youtube.com/watch?v=g08Lwc4SoxQ\" target=\"_blank\">[YouTube] Podiumsdiskussion zur Filmpr\u00e4sentation \u201eBlut muss flie\u00dfen\u201c</a><br />\r\n<br />\r\n\"W\u00e4hrend die Polizei in K\u00fcrnach ratlos vor der angeblichen Privatveranstaltung gestanden zu haben scheint, weil eine landesweite Strategie f\u00fcr solche Einsatzlagen fehlte, waren am 22. Oktober 2005 Staatsschutzbeamte am Werk, die nicht nur auf dem rechten Auge blind, sondern zudem auf dem rechten Ohr taub waren.\"<br />\r\n- Thomas Kuban<br />\r\nBlut muss flie\u00dfen<br />\r\nUndercover unter Nazis<br />\r\n<br />\r\n<br />\r\n<br />\r\n<br />\r\n19/03/2013 <a href=\"https://www.profil.at/home/bienen-mythos-bienensterben-phaenomen-1000-jahren-362407\" target=\"_blank\">Mythos Bienensterben: Ph\u00e4nomen ist seit mehr als 1\u2018000 Jahren bekannt</a><br />\r\n\"Der Imker Emmerich Fazekas aus dem burgenl\u00e4ndischen Lutzmannsburg kann das Wort \u201eBienensterben\u201c nicht mehr h\u00f6ren.\"<br />\r\n29/03/2019 <a href=\"https://www.euleev.de/lebensmittel-und-ernaehrung/brotzeit-videos/1147-brotzeit-insektensterben-der-gott-der-fliegen-triumphiert\" target=\"_blank\">Insektensterben - Der Gott der Fliegen triumphiert</a><br />\r\n29/03/2019 <a href=\"https://youtube.com/watch?v=oDLyENZXmXQ\" target=\"_blank\">[YouTube] Insektensterben - Der Gott der Fliegen triumphiert</a><br />\r\n\"Erst starben die Bienen den Medientod. Als sich diese Meldung als Ente entpuppte, sattelten die Natursch\u00fctzer ein Insektensterben drauf, gefolgt von einem gro\u00dfen Artensterben. Was kommt als n\u00e4chstes?\"<br />\r\n<br />\r\n<br />\r\n<br />\r\n<br />\r\n20/04/2013 <a href=\"https://www.diepresse.com/1391835/narzisstische-epidemie-ist-ausgebrochen\" target=\"_blank\">Narzisstische Epidemie ist ausgebrochen</a><br />\r\n11/10/2013 <a href=\"http://www.svz.de/nachrichten/uebersicht/ich-icher-am-ichsten-id5109371.html\" target=\"_blank\">Narzissmus: Ich, icher, am ichsten</a><br />\r\n\"F\u00fcr Mitmenschen sei es oft hilfreich, zu verstehen, was hinter der narzisstischen Fassade steckt. [...]. Insgesamt sch\u00e4tzt Bierhoff die Chancen als eher gering ein, dass Narzissten sich \u00e4nderten.\"<br />\r\n10/02/2016 <a href=\"https://pubmed.ncbi.nlm.nih.gov/26865291/\" target=\"_blank\">Narcissists of a Feather Flock Together: Narcissism and the Similarity of Friends</a><br />\r\n<br />\r\n\"Der [emotionale] Empathiemangel ist ein weiterer zentraler Baustein jeder narzisstischen St\u00f6rung. [...]. Der Narzisst liebt nicht wirklich, sondern nur oberfl\u00e4chlich und vordergr\u00fcndig, nicht mit Tiefgang und innerer Ber\u00fchrtheit. [...]. Oberfl\u00e4chlich betrachtet scheinen diese Menschen in sich selbst verliebt zu sein; in Wirklichkeit aber k\u00f6nnen sie sich nicht leiden, und mit ihrem Narzissmus wie mit der Selbstsucht kompensieren sie einen grundlegenden Mangel an Selbstliebe. [...]. YouTube und Facebook sind ideale Foren f\u00fcr Selbstvermarktung und befriedigendes obsessives Verlangen, immer im Zentrum der Aufmerksamkeit zu stehen. [...]. Eine urs\u00e4chliche Heilung ist wegen der nicht klaren, vielwurzeligen Ursachen nicht m\u00f6glich. [...]. Bei manchen Narzissten hilft nur eines: Einen gro\u00dfen Bogen um sie machen und m\u00f6glichst rasch fl\u00fcchten.\"<br />\r\n- Reinhard Haller<br />\r\nDie Narzissmusfalle<br />\r\n<br />\r\n<br />\r\n<br />\r\n<br />\r\n08/07/2013 <a href=\"http://www.paroli-magazin.at/594/\" target=\"_blank\">\u201eIch sehe den Trend zum angepassten Hosenschei\u00dfer\u201c</a><br />\r\n\"Das Aufsteigen durch das Mitmachen. [...]. Die Konzernchefs sind zufrieden, denn junge Menschen sind angepasste, ausbeutbare und brave Konsumenten.\"<br />\r\n18/07/2013 <a href=\"https://www.welt.de/vermischtes/article118147140/Auf-dem-besten-Wege-in-die-absolute-Verbloedung.html\" target=\"_blank\">\u201eAuf dem besten Wege in die absolute Verbl\u00f6dung\u201c</a><br />\r\n<br />\r\n\"Verf\u00fchrung durch Bilder anstatt \u00dcberzeugen durch Argumente lautet das postmoderne Grundprinzip der Kommunikation. Die Form kommt vor dem Inhalt, der Gebrauchswert von Produkten und Produktkommunikationen ist weitgehend vom Inhalt in die Form ausgewandert. Die neben dem Bild wesentlichste Form nicht-diskursiver Kommunikation ist das Spektakel, das Event. Das Spektakel ist eine Gef\u00fchlsangelegenheit. Es verf\u00fchrt, indem es alle Sinne in den Bann zieht. Die Besch\u00e4ftigung der Sinne ist die Hauptaufgabe juveniler Marketingkommunikation. In einem Zeitalter des Spektakul\u00e4ren wollen die Menschen nicht \u00fcberzeugt, sie wollen ber\u00fchrt, verf\u00fchrt, ersch\u00fcttert werden. [...]. Das postmoderne Individuum will den (Sinnes-)Rausch und nicht die Wahrheit.\"<br />\r\n- Bernhard Heinzlmaier<br />\r\nPerformer, Styler, Egoisten<br />\r\n<br />\r\n<br />\r\n<br />\r\n<br />\r\n10/07/2013 <a href=\"http://web.archive.org/web/20131030070223/http://de.ibtimes.com/articles/26411/20130710/die-gr-nen-und-ihre-nazi-vergangenheit.htm\" target=\"_blank\">Die Gr\u00fcnen und ihre Nazi-Vergangenheit</a><br />\r\n09/06/2014 <a href=\"http://www.watson.ch/!473257265\" target=\"_blank\">Wie braun sind die Gr\u00fcnen?</a><br />\r\n<br />\r\n<br />\r\n<br />\r\n<br />\r\n06/08/2013 <a href=\"http://web.archive.org/web/20130828170803/http://www.nzz.ch/aktuell/feuilleton/medien/schlechte-sicht-in-den-sueden-1.18128142\" target=\"_blank\">Entwicklungsl\u00e4nder und der Westen: Schlechte Sicht in den S\u00fcden</a><br />\r\n03/11/2014 <a href=\"https://www.youtube.com/watch?v=EKduFaKTeOw\" target=\"_blank\">[YouTube] Tatah: Das Afrikabild in den deutsch-sprachigen Medien</a><br />\r\n16/12/2016 <a href=\"https://www.youtube.com/watch?v=Yg_iaYmpdwI\" target=\"_blank\">[YouTube] Dear CNN; This is Ghana</a><br />\r\n<br />\r\n\"Um Korruption weltweit zu bek\u00e4mpfen, legte die UNO-Convention Against Corruption den UNO-Mitgliedsstaaten 2003 einen Vertrag vor. Nur 27 der 191 Mitgliedsstaaten, davon die H\u00e4lfte afrikanische Staaten, waren zu einer Vollmacht bereit. Nicht ein einziges Mitglied der G7 unterschrieb das Abkommen.\"<br />\r\n- Linda Polman<br />\r\nDie Mitleidsindustrie<br />\r\n<br />\r\n<br />\r\n<br />\r\n<br />\r\n17/10/2013 <a href=\"https://www.youtube.com/watch?v=vat5qAylnP8\" target=\"_blank\">[YouTube] Uwe Dolata - Korruption in Deutschland (Interview)</a><br />\r\n03/04/2017 <a href=\"https://www.youtube.com/watch?v=SUdh1zYjUF0\" target=\"_blank\">[YouTube] Gro\u00dfbritannien ist das korrupteste Land der Welt</a><br />\r\n04/04/2017 <a href=\"https://de.euronews.com/2017/04/04/roberto-saviano-grossbritannien-ist-das-korrupteste-land-der-welt\" target=\"_blank\">Gro\u00dfbritannien ist das korrupteste Land der Welt</a><br />\r\n16/08/2017 <a href=\"https://neue-debatte.com/2017/08/16/uwe-dolata-im-interview-strukturelle-korruption-ueberzieht-deutschland/\" target=\"_blank\">Strukturelle Korruption \u00fcberzieht Deutschland</a><br />\r\n<br />\r\n\"Transparency International ist ein Unternehmen, das von gro\u00dfen Korrupten auf die Beine gestellt wurde, das hei\u00dft alle gro\u00dfen multinationalen Unternehmen der Welt stecken da mit drin [...] - das ist so, als ob man dem Fuchs die Aufsicht \u00fcber einen H\u00fchnerstall \u00fcbertragen w\u00fcrde und ihn darum bittet, systematisch die M\u00e4use zu denunzieren, die die Maiskorner der H\u00fchner knabbern.\"<br />\r\n- Christian de Brie (Le Monde diplomatique)<br />\r\nWei\u00dfe Westen \u2013 Schwarze Kassen<br />\r\n<br />\r\n<br />\r\n<br />\r\n<br />\r\n28/11/2013 <a href=\"https://www.lokalkompass.de/velbert/c-politik/unser-grundgesetz-gesetz-oder-makulatur_a367153\" target=\"_blank\">\"UNSER GRUNDGESETZ\": Gesetz oder Makulatur</a><br />\r\n17/03/2020 <a href=\"https://www.achgut.com/artikel/mit_dem_virus_ans_grundgesetz\" target=\"_blank\">Mit dem Virus ans Grundgesetz</a><br />\r\n\"Was sind das f\u00fcr Politiker, die in einer solchen Situation eine nebul\u00f6se Grundgesetz\u00e4nderung erw\u00e4gen und damit nichts als Misstrauen und Ger\u00fcchte bef\u00f6rdern?\"<br />\r\n<br />\r\n<br />\r\n<br />\r\n<br />\r\n27/03/2014 <a href=\"http://www.welt.de/gesundheit/article126254813/Zeitumstellung-erhoeht-Risiko-fuer-Herzinfarkt.html\" target=\"_blank\">Chronobiologie: Zeitumstellung erh\u00f6ht Risiko f\u00fcr Herzinfarkt</a><br />\r\n12/11/2018 <a href=\"https://www.youtube.com/watch?v=Wk0QIcx0uXs\" target=\"_blank\">[YouTube] Schlaf und Arbeit \u2013 Welche Strategien sind die besten? - Prof. Dr. Till Roenneberg</a><br />\r\n<br />\r\n\"[...]. Wir sollten daher bei Ratschl\u00e4gen, was man tun und lassen sollte, Vorsicht walten lassen. [...]. Verschiedene Menschen k\u00f6nnen ganz verschiedene Chronotypen sein \u2013 im Extremfall kann der Unterschied 12 Stunden betragen.\"<br />\r\n- Till Roenneberg<br />\r\nWie wir ticken<br />\r\nDie Bedeutung der Chronobiologie f\u00fcr unser Leben<br />\r\n<br />\r\n<br />\r\n<br />\r\n<br />\r\n09/04/2014 <a href=\"http://www.faz.net/aktuell/wissen/medizin/studie-aus-australien-homoeopathie-nicht-besser-als-placebo-12887980.html\" target=\"_blank\">Gro\u00dfe Hom\u00f6opathie-Studie: Hilft weder gegen Migr\u00e4ne noch gegen Asthma</a><br />\r\n05/05/2017 <a href=\"https://hpd.de/artikel/homoeopathin-zur-aktiven-homoeopathie-kritikerin-14384\" target=\"_blank\">Von der Hom\u00f6opathin zur aktiven Hom\u00f6opathie-Kritikerin</a><br />\r\n10/11/2018 <a href=\"https://www.youtube.com/watch?v=-qPWDqJ0mLM\" target=\"_blank\">[YouTube] Sagenumwobene Globuli: Das Riesen-Gesch\u00e4ft mit der Hom\u00f6opathie</a><br />\r\n27/02/2019 <a href=\"https://medwatch.de/2019/02/27/absatz-sinkt-weiter-wie-lobbyisten-fuer-die-homoeopathie-kaempfen/\" target=\"_blank\">Wie Lobbyisten f\u00fcr die Hom\u00f6opathie k\u00e4mpfen</a><br />\r\n30/06/2020 <a href=\"https://www.youtube.com/watch?v=7zpWRwdo0Z8\" target=\"_blank\">[YouTube] Hom\u00f6opathischer Hokuspokus: Wenn der Glaube an Alternativmedizin t\u00f6dlich endet</a><br />\r\n<br />\r\n\"Als naturnah und sanft pr\u00e4sentieren sich Hom\u00f6opathika-Hersteller mit ihren Produkten. [...]. [I]n Sachen Marketing und Lobbyarbeit spielt die Globuli-Branche die gleiche Klaviatur wie Arzneimittelkonzerne der klassischen Chemieindustrie: [...].\"<br />\r\n- Christian Weymayr, Nicole Hei\u00dfmann<br />\r\nDie Hom\u00f6opathie-L\u00fcge<br />\r\nSo gef\u00e4hrlich ist die Lehre von den wei\u00dfen K\u00fcgelchen<br />\r\n<br />\r\n<br />\r\n<br />\r\n<br />\r\n12/08/2014 <a href=\"https://www.zeit.de/sport/2014-08/kasparow-iljumschinow-schach-praesident/komplettansicht\" target=\"_blank\">Pr\u00e4sidentenwahl im Weltschachbund: 20 Millionen Dollar schlagen 10 Millionen Dollar</a><br />\r\n03/05/2018 <a href=\"https://www.handelsblatt.com/politik/international/fide-konten-gesperrt-korruption-bedroht-den-schach-weltverband/21239948.html\" target=\"_blank\">Fide-Konten gesperrt: Korruption bedroht den Schach-Weltverband</a><br />\r\n<br />\r\n<br />\r\n<br />\r\n<br />\r\n12/09/2014 <a href=\"https://hpd.de/artikel/10045\" target=\"_blank\">Vergelt\u2019s Gott: Der unbekannte Reichtum der katholischen Kirche</a><br />\r\n\"Mit welchem Grund soll man eigentlich einer solchen Institution, die alle Regeln menschlichen Anstands mit F\u00fc\u00dfen tritt, noch Respekt entgegenbringen? [...]. Die Kluft zwischen dem, was diese von allen heiligen Geistern verlassenen Herren unter Bezug auf ihren allerobersten Herrn Jesus predigen und was sie selbst treiben, ist eigentlich ungeheuerlich!\"<br />\r\n31/10/2019 <a href=\"https://www.youtube.com/watch?v=EASzDDDe70k\" target=\"_blank\">[YouTube] Kirche \u2013 Beste Gesch\u00e4ftsidee aller Zeiten</a><br />\r\n<br />\r\n\"Es gibt kaum ein anderes Thema, das im Alltag so allgegenw\u00e4rtig ist und \u00fcber das gleichzeitig so wenige Bescheid wissen, wie die bestehenden finanziellen Verflechtungen von Kirche und Staat in Deutschland. [...]. Es gibt so gut wie keinen Bereich, in dem die Kirchen tats\u00e4chlich aus eigener Kraft, nur mit eigenen Finanzmitteln, aktiv sind. Der Aspekt, dass aus den Steuereinnahmen doch ein Gro\u00dfteil der eigenen Mitarbeiter selbst bezahlt werde, \u00fcbersieht beispielsweise, wie stark die Kirchensteuer durch staatliche Regelungen gest\u00fctzt wird.\"<br />\r\n- Carsten Frerk<br />\r\nViolettbuch Kirchenfinanzen<br />\r\nWie der Staat die Kirchen finanziert<br />\r\n<br />\r\n<br />\r\n<br />\r\n<br />\r\n11/11/2014 <a href=\"http://www.fuw.ch/article/das-pareto-optimum/\" target=\"_blank\">Das Pareto-Optimum</a><br />\r\n<br />\r\n\"Der eine macht f\u00fcr alle \u00dcbel die Juden verantwortlich, ein anderer die Freimaurer, ein anderer die Klerikalen (fr\u00fcher sagte man: Die Jesuiten), ein anderer die Militaristen, ein anderer die Sozialisten, ein anderer die Reaktion\u00e4re und so fort. An all dem ist wahr, dass die Menschen dazu neigen, sich zusammenzurotten, um auf Kosten anderer zu ihrem Vorteil zu kommen.\"<br />\r\n- Vilfredo Pareto<br />\r\nAusgew\u00e4hlte Schriften<br />\r\n<br />\r\n<br />\r\n<br />\r\n<br />\r\n06/02/2015 <a href=\"https://www.sueddeutsche.de/gesundheit/kritik-an-arzneimittelherstellern-die-pharmaindustrie-ist-schlimmer-als-die-mafia-1.2267631-0\" target=\"_blank\">\u201eDie Pharmaindustrie ist schlimmer als die Mafia\u201c</a><br />\r\n09/05/2019 <a href=\"https://www.blick.ch/news/wirtschaft/getruebte-urteilskraft-bei-zulassung-von-medikamenten-pharma-branche-bezahlt-berater-von-swissmedic-id15271649.html\" target=\"_blank\">Pharma-Branche bezahlt Berater von Swissmedic</a><br />\r\n\"F\u00fcr die Zulassung von Medikamenten st\u00fctzt sich das Heilmittelinstitut Swissmedic auf die Meinung seines Expertengremiums. Diese Experten erhalten jedoch Geld von der Pharmaindustrie, [...].\"<br />\r\n<a href=\"https://www.pharmagelder.ch/\" target=\"_blank\">www.pharmagelder.ch</a><br />\r\n05/11/2019 <a href=\"https://www.infomed.ch/pk_template.php?pkid=1077\" target=\"_blank\">Was wissen wir \u00fcber die Nebenwirkungen der Medikamente, die wir verschreiben?</a><br />\r\n<br />\r\n\"Meiner Meinung nach sind Betr\u00fcgereien und L\u00fcgen in der Forschung und im Marketing, Korruption bei \u00c4rzten und unzureichende Arzneimittelaufsicht nirgendwo so verbreitet wie im Zusammenhang mit sogenannten Gl\u00fcckspillen. Der Schwindel beginnt schon mit dem Namen. [...]. Es ist v\u00f6llig irrational, \u00e4hnliche Symptome bei Benzodiazepinen als Abh\u00e4ngigkeit, bei SSRIs jedoch als Absetzsymptome zu bezeichnen.\"<br />\r\n- Peter C. G\u00f8tzsche<br />\r\nT\u00f6dliche Medizin und organisierte Kriminalit\u00e4t<br />\r\nWie die Pharmaindustrie unser Gesundheitswesen korrumpiert<br />\r\n<br />\r\n<br />\r\n<br />\r\n<br />\r\n11/07/2015 <a href=\"http://blog.tagesanzeiger.ch/hugostamm/index.php/34379/staatliche-privilegien-fuer-scientology/\" target=\"_blank\">Staatliche Privilegien f\u00fcr Scientology</a><br />\r\n\"Steht die Regierung nicht in der Verantwortung, wenn eine Gemeinschaft mit totalit\u00e4ren Z\u00fcgen die Bewohner mit allen Tricks missioniert, ihre Mitglieder indoktriniert und antidemokratische Thesen vertritt? Scientology nennt sich aus taktischen Gr\u00fcnden Kirche. Gr\u00fcnder Hubbard sagte auch offenherzig, als Kirche m\u00fcsse man keine Steuern zahlen.\"<br />\r\n04/03/2017 <a href=\"http://www.tagesanzeiger.ch/panorama/vermischtes/tausende-sexuelle-uebergriffe-bei-den-zeugen-jehovas/story/22658338\" target=\"_blank\">Tausende sexuelle \u00dcbergriffe bei den Zeugen Jehovas</a><br />\r\n\"Es ist davon auszugehen, dass die Dunkelziffer erheblich ist, denn die F\u00fchrungsinstanzen haben viele Unterlagen \u00fcber den sexuellen Missbrauch von Minderj\u00e4hrigen vernichtet. Ausserdem muss bef\u00fcrchtet werden, dass viele \u00dcbergriffe nicht gemeldet wurden.\"<br />\r\n10/06/2019 <a href=\"https://www.watson.ch/blogs/sektenblog/260622273-infosekta-dieser-bericht-zeigt-die-versektung-der-gesellschaft\" target=\"_blank\">350 Gruppen betroffen: Dieser Bericht zeigt die \u00abVersektung\u00bb der Gesellschaft</a><br />\r\n<a href=\"https://www.infosekta.ch/wer-wir-sind/jahresberichte/\" target=\"_blank\">infoSekta: Jahresberichte</a><br />\r\n<br />\r\n<br />\r\n<br />\r\n<br />\r\n06/05/2016 <a href=\"https://www.sueddeutsche.de/wirtschaft/panama-papers-das-manifest-von-john-doe-1.2982442\" target=\"_blank\">Panama Papers - das Manifest von John Doe</a><br />\r\n\"Die Medien haben versagt. Viele Fernsehanstalten sind nur noch l\u00e4cherliche Abziehbilder ihrer selbst, und unter Milliard\u00e4ren scheint es neuerdings in Mode gekommen zu sein, Zeitungen aufzukaufen und so eine ernsthafte Berichterstattung \u00fcber die Reichen und Superreichen zu verhindern.\"<br />\r\n<br />\r\n\"Die Steueroasen bilden den Kern der europ\u00e4ischen Krise, [...].\"<br />\r\n- Gabriel Zucman<br />\r\nSteueroasen<br />\r\nWo der Wohlstand der Nationen versteckt wird<br />\r\n<br />\r\n<br />\r\n<br />\r\n<br />\r\n13/12/2016 <a href=\"https://www.youtube.com/watch?v=lf78Pl3rDQA\" target=\"_blank\">[YouTube] M\u00fccken: Darum stechen sie manche Menschen h\u00e4ufiger</a><br />\r\n28/05/2018 <a href=\"https://www.novo-argumente.com/artikel/das_ende_der_killermuecken\" target=\"_blank\">Das Ende der Killerm\u00fccken</a><br />\r\n\"Stechm\u00fccken sind f\u00fcr Menschen das t\u00f6dlichste Tier der Welt, den Menschen selbst eingeschlossen. Sie verbreiten Krankheiten wie Malaria, Gelbfieber, Dengue, Chikungunya, West-Nil-Virus und Zika-Virus, die mehr Todesf\u00e4lle verursachen als Krieg und Totschlag zusammen.\"<br />\r\n<br />\r\n<br />\r\n<br />\r\n<br />\r\n12/12/2017 <a href=\"https://de.chessbase.com/post/alpha-zero-vergleich-von-orang-utans-mit-aepfeln\" target=\"_blank\">Alpha Zero: Vergleich von Orang-Utans mit \u00c4pfeln</a><br />\r\n\"Das \u201eaustrainierte\u201c Alpha Zero-Programm spielte dann einen 100-Partien-Wettkampf gegen Stockfish, wobei es selber einen Rechner mit vier TPUs nutzte, w\u00e4hrend Stockfish auf einer Hardware mit \u201e64 threads\u201c lief.\"<br />\r\n13/12/2017 <a href=\"https://en.chessbase.com/post/alpha-zero-comparing-orang-utans-and-apples\" target=\"_blank\">Alpha Zero: Comparing Orangutans and Apples</a><br />\r\n<br />\r\n<a href=\"https://stockfishchess.org/\" target=\"_blank\">stockfishchess.org</a><br />\r\n<a href=\"https://tcec-chess.com/\" target=\"_blank\">tcec-chess.com</a><br />\r\n<br />\r\n<br />\r\n<br />\r\n<br />\r\n14/12/2017 <a href=\"https://www.aerzteblatt.de/nachrichten/87049/Influenza-Mortalitaet-weltweit-hoeher-als-bislang-angenommen\" target=\"_blank\">Influenza-Mortalit\u00e4t weltweit h\u00f6her als bislang angenommen</a><br />\r\n\"Weltweit sterben jedes Jahr zwischen 290\u2018000 bis 650\u2018000 Menschen an durch Influenzaviren hervorgerufenen Atemwegserkrankungen.\"<br />\r\n24/03/2020 <a href=\"https://www.rs2.de/interview-mit-immunologe-und-toxikologe-prof-dr-stefan-hockertz\" target=\"_blank\">Interview mit Immunologe Prof. Dr. Stefan Hockertz</a><br />\r\n29/03/2020 <a href=\"https://www.risknet.de/themen/risknews/covid-19-und-der-blindflug/\" target=\"_blank\">Mangelhafte Datenkompetenz: Covid-19 und der Blindflug</a><br />\r\n\"[A]uch Menschen, die mit Corona (und nicht an Corona) verstorben sind, werden in der Statistik aufgef\u00fchrt. Hiermit wird nicht nur gegen ein Grundgebot der Infektiologie versto\u00dfen, sondern auch gegen datenethische Grunds\u00e4tze.\"<br />\r\n12/05/2020 <a href=\"https://www.achgut.com/artikel/dossier_das_corona_papier_komplett_zum_download\" target=\"_blank\">Dossier: Das Corona-Papier komplett zum Download</a> | <a href=\"https://www.achgut.com/images/uploads/afqktxhppam7qh5d/200508_Versendung_Bericht_an_Krisenstab_01.pdf\" target=\"_blank\">[PDF]</a><br />\r\n\"Statt \u00fcber die Person des Verfassers und die Art seines Vorgehens zu debattieren, sollte der Inhalt des Papiers im Mittelpunkt des \u00f6ffentlichen Interesses stehen. Genau dies versucht die Kommunikations-Strategie des Bundes-Innenministeriums derzeit zu unterlaufen.\"<br />\r\n13/05/2020 <a href=\"http://web.archive.org/web/20200615144123/https://www.nzz.ch/international/coronavirus-pauschale-abwertung-von-protesten-verdraengt-kritik-ld.1556319\" target=\"_blank\">\u00abCovidioten\u00bb: Wie die pauschale Abwertung von Corona-Protesten vern\u00fcnftige Kritik verdr\u00e4ngt</a><br />\r\n\"Wer ohne zu unterscheiden mit Begriffen wie \u00abCovidioten\u00bb hantiert oder Tausende B\u00fcrger pauschal als \u00abVollpfosten\u00bb beleidigt, der ist letztlich keinen Deut besser als die Verschw\u00f6rungstheoretiker: Er produziert ein schlichtes Feindbild, weil ihn die komplexe Realit\u00e4t \u00fcberfordert.\"<br />\r\n10/06/2020 <a href=\"https://www.achgut.com/artikel/bericht_zur_coronalage_10.6.2020_rueckwaerts_nimmer\" target=\"_blank\">Bericht zur Coronalage 10.6.2020 \u2013 r\u00fcckw\u00e4rts nimmer</a><br />\r\n\"Der hysterische Lockdown ist das Egozentrischste, Folgenschwerste und M\u00f6rderischste, was die reichen L\u00e4ndern den \u00e4rmeren seit Langem angetan haben.\"<br />\r\n<br />\r\n\"Heute ist die Epidemiologie zu einem Selbstbedienungsladen f\u00fcr Panikmacher verkommen.\"<br />\r\n- Walter Kr\u00e4mer<br />\r\nDie Angst der Woche<br />\r\nWarum wir uns vor den falschen Dingen f\u00fcrchten<br />\r\n<br />\r\n<br />\r\n<br />\r\n<br />\r\n15/02/2018 <a href=\"https://www.shz.de/deutschland-welt/politik/afd-verklagt-blogger-weil-er-rassistische-zitate-der-parteimitglieder-sammelt-id19090516.html\" target=\"_blank\">AfD verklagt Blogger, weil er rassistische Zitate der Parteimitglieder sammelt</a><br />\r\n<a href=\"https://www.das-ist-afd.de/\" target=\"_blank\">www.das-ist-afd.de</a><br />\r\n<a href=\"https://wir-sind-afd.de/\" target=\"_blank\">wir-sind-afd.de</a><br />\r\n17/01/2020 <a href=\"http://web.archive.org/web/20200117233532/https://www.nzz.ch/schweiz/die-svp-und-ihr-ambivalentes-verhaeltnis-zum-rechten-rand-ld.1534659\" target=\"_blank\">Die SVP zeigt immer wieder ihr ambivalentes Verh\u00e4ltnis zum rechten Rand</a><br />\r\n<br />\r\n<br />\r\n<br />\r\n<br />\r\n20/10/2018 <a href=\"https://www.berliner-zeitung.de/gesundheit-oekologie/psycho-manipulation-so-perfide-ist-gaslighting-li.29332\" target=\"_blank\">Psycho-Manipulation: So perfide ist Gaslighting</a><br />\r\n<br />\r\n\"Der [maligne] Narzi\u00df wird, da er keine Substanz hat, sich an den anderen \u00abankoppeln\u00bb und wie ein Vampir versuchen, ihm sein Leben auszusaugen. Da er unf\u00e4hig ist zu echten Beziehungen, kann er das nur tun in einer \u00abperversen\u00bb Sph\u00e4re von zerst\u00f6rerischer Boshaftigkeit. Die Perversen empfinden eindeutig ein ma\u00dfloses, \u00ablebenswichtiges\u00bb Vergn\u00fcgen am Leiden des anderen und an seinen Zweifeln, wie sie auch Vergn\u00fcgen daran finden, ihn zu unterjochen und zu dem\u00fctigen.\"<br />\r\n- Marie-France Hirigoyen<br />\r\nDie Masken der Niedertracht<br />\r\nSeelische Gewalt im Alltag und wie man sich dagegen wehren kann<br />\r\n<br />\r\n<br />\r\n<br />\r\n<br />\r\n22/01/2019 <a href=\"https://medienwoche.ch/2019/01/22/meine-theorie-war-nicht-als-anleitung-fuer-die-berichterstattung-gedacht/\" target=\"_blank\">Meine Theorie war nicht als Anleitung f\u00fcr die Berichterstattung gedacht!</a><br />\r\n\"Johan Galtung macht sich Sorgen, denn der 88-j\u00e4hrige Vater der Nachrichtenwert-Theorie sieht sich falsch verstanden: \u00abDas war nicht eine Anweisung, wie man Journalismus machen sollte, sondern eine Warnung, wie man ihn nicht machen sollte!\u00bb\"<br />\r\n17/11/2019 <a href=\"https://www.achgut.com/artikel/sschimpansen_wissen_es_besser\" target=\"_blank\">Schimpansen wissen es besser</a><br />\r\n\"Man muss nur einen Blick auf die Fakten werfen, und schon f\u00e4llt ein gro\u00dfer Teil der gr\u00fcnen Angstpropaganda zusammen wie ein Kartenhaus. [...]. Es scheint, wer keine Zeitung liest, hat einen Vorteil bei der korrekten Sicht auf  unsere Welt, selbst Schimpansen sind hier besser dran.\"<br />\r\n<br />\r\n\"Vielleicht denken Sie, Menschen mit h\u00f6herem Bildungsniveau schneiden besser ab. Oder Menschen, die sich f\u00fcr die jeweiligen Themen einfach mehr interessieren. Das dachte ich zun\u00e4chst auch, aber ich hatte mich geirrt. Ich habe Leute in aller Welt und aus allen Gesellschaftsschichten befragt: [...]. Alles hochgebildete Personen, die sich daf\u00fcr interessieren, was in der Welt vor sich geht. Aber die Mehrheit von ihnen \u2013 eine wirklich erstaunende Mehrheit \u2013 liegt mit den meisten Antworten falsch. [...]. Wie sollen [...] Politiker und andere Entscheidungstr\u00e4ger Probleme im globalen Ma\u00dfstab l\u00f6sen, wenn ihre Entscheidungen auf falschen Fakten beruhen?\"<br />\r\n- Hans Rosling<br />\r\nFactfulness<br />\r\nWie wir lernen, die Welt so zu sehen, wie sie wirklich ist<br />\r\n<a href=\"https://www.gapminder.org/\" target=\"_blank\">www.gapminder.org</a><br />\r\n<a href=\"https://www.risknet.de/wissen/rezensionen/factfulness/\" target=\"_blank\">www.risknet.de/wissen/rezensionen/factfulness</a><br />",
    "YaraRule": [
        "enable_org32",
        "core_keywords"
    ]
}