{
    "scrape_url": "https://scrape.pastebin.com/api_scrape_item.php?i=Hdkh42Qw",
    "full_url": "https://pastebin.com/Hdkh42Qw",
    "date": "1594382593",
    "key": "Hdkh42Qw",
    "size": 549,
    "expire": "0",
    "title": "room",
    "syntax": "lua",
    "user": "",
    "filename": "Hdkh42Qw",
    "pasteid": "Hdkh42Qw",
    "pastesite": "pastebin.com",
    "@timestamp": "2020-07-10T12:03:13",
    "MD5": "62b183fa4490ed8c723670e74ba20cc1",
    "SHA256": "1437fddaf981ab65796070e6fda4d6583952cfefea5e4c59e9e66f580305d4c4",
    "raw_paste": "--L\u00e4gg till en funktion som fyller \r\n--kistan:\r\n\r\n\r\n\r\n--L\u00e4gg till en funktion som t\u00f6mmer\r\n--kistan: \r\n\r\n\r\n\r\n--Du f\u00e5r funktionen som g\u00f6r s\u00e5 att\r\n--turtlen st\u00e4dar rummet :)\r\nfunction clean()\r\n turtle.suck()\r\n turtle.forward()\r\n turtle.turnRight()\r\n for i =1, 4 do\r\n  turtle.suck()\r\n  turtle.forward()\r\n end\r\n turtle.turnLeft()\r\n turtle.suck()\r\n turtle.forward()\r\n turtle.turnLeft()\r\n for i = 1, 4 do\r\n  turtle.suck()\r\n  turtle.forward()\r\n end\r\n turtle.turnRight()\r\n turtle.back()\r\n turtle.back()\r\nend\r\n\r\n\r\n--H\u00e4r skriver du huvuddelen av\r\n--programmet:",
    "YaraRule": [
        "enable_org32",
        "core_keywords"
    ]
}