{
    "scrape_url": "https://scrape.pastebin.com/api_scrape_item.php?i=i5rFBeqd",
    "full_url": "https://pastebin.com/i5rFBeqd",
    "date": "1594301887",
    "key": "i5rFBeqd",
    "size": 252,
    "expire": "0",
    "title": "",
    "syntax": "javascript",
    "user": "",
    "filename": "i5rFBeqd",
    "pasteid": "i5rFBeqd",
    "pastesite": "pastebin.com",
    "@timestamp": "2020-07-09T13:38:07",
    "MD5": "eb928bdaf48556dc3a21b79104a5343a",
    "SHA256": "1318284f26370e74f2809c1ec0491e4db339a9dfc8951ee9574964cf2f542011",
    "raw_paste": "function solve(w,h) {\r\n\r\nw = Number(w) \r\nh = Number(h)\r\n\r\nlet lines = h/ 1.2\r\nlet desksALine = w/ 0.7 - 1\r\nlines = Math.trunc(lines)\r\ndesksALine = Math.trunc(desksALine)\r\nlet totalDesks  = desksALine* lines -3 \r\n\r\nconsole.log(Math.trunc(totalDesks))\r\n}",
    "YaraRule": [
        "enable_org4",
        "core_keywords"
    ]
}