{
    "scrape_url": "https://scrape.pastebin.com/api_scrape_item.php?i=inRxcWfK",
    "full_url": "https://pastebin.com/inRxcWfK",
    "date": "1594302274",
    "key": "inRxcWfK",
    "size": 27542,
    "expire": "0",
    "title": "",
    "syntax": "json",
    "user": "",
    "filename": "inRxcWfK",
    "pasteid": "inRxcWfK",
    "pastesite": "pastebin.com",
    "@timestamp": "2020-07-09T13:44:34",
    "MD5": "3b1073ef639333ddddc0e92503e72d28",
    "SHA256": "42eb588a2b9312d24e5591c3ac2a4de45ce1e09699af57541afc961ea8fd13d1",
    "raw_paste": "{\"img\"=>\"https://s3.us-east-1.amazonaws.com/custom-case-images/prisma/images/425654543953453371590692739276.png\", \"customization\"=>{\"id\"=>81, \"lite\"=>true, \"group\"=>nil, \"jsClass\"=>\"CustomizationModel\", \"elements\"=>[{\"id\"=>226, \"mx\"=>0, \"my\"=>0, \"tag\"=>{\"id\"=>226, \"top\"=>50, \"left\"=>72, \"label\"=>{\"id\"=>390, \"values\"=>{\"en\"=>\"BG\", \"pt-br\"=>\"BG\", \"default\"=>\"BG\"}, \"jsClass\"=>\"LabelModel\"}, \"jsClass\"=>\"TagModel\", \"labelId\"=>390, \"position\"=>\"left\"}, \"name\"=>\"Fundos\", \"order\"=>0, \"tagId\"=>226, \"alignX\"=>\"center\", \"alignY\"=>\"middle\", \"scaleX\"=>1, \"scaleY\"=>1, \"jsClass\"=>\"ElementImageModel\", \"rotation\"=>0, \"component\"=>nil, \"draggable\"=>false, \"runUpdate\"=>false, \"components\"=>[{\"id\"=>196, \"name\"=>\"BG\", \"label\"=>{\"id\"=>391, \"values\"=>{\"en\"=>\"BG\", \"pt-br\"=>\"BG\", \"default\"=>\"BG\"}, \"jsClass\"=>\"LabelModel\"}, \"order\"=>0, \"images\"=>[{\"id\"=>490, \"key\"=>\"/uploads/image/490/src/fb056c8ff8c28d9280174fe0e0fada09.png\", \"src\"=>\"http://static-goengines.gocase.com.br/uploads/image/490/src/fb056c8ff8c28d9280174fe0e0fada09.png\", \"show\"=>true, \"thumb\"=>\"http://static-goengines.gocase.com.br/uploads/image/490/thumb/62df736523e5ec374e625a3935f88483.png\", \"active\"=>true, \"jsClass\"=>\"ImageModel\", \"logoColor\"=>\"#ffffff\", \"logoStroke\"=>\"\"}, {\"id\"=>493, \"key\"=>\"/uploads/image/493/src/02b3ef69718443015ac169200eefb66c.png\", \"src\"=>\"http://static-goengines.gocase.com.br/uploads/image/493/src/02b3ef69718443015ac169200eefb66c.png\", \"show\"=>true, \"thumb\"=>\"http://static-goengines.gocase.com.br/uploads/image/493/thumb/bb7e9407258954602d399b4d8fc576a6.png\", \"active\"=>false, \"jsClass\"=>\"ImageModel\", \"logoColor\"=>\"#ffffff\", \"logoStroke\"=>\"\"}, {\"id\"=>492, \"key\"=>\"/uploads/image/492/src/a928b2b9c844791bdc2b30aa4ee52a74.png\", \"src\"=>\"http://static-goengines.gocase.com.br/uploads/image/492/src/a928b2b9c844791bdc2b30aa4ee52a74.png\", \"show\"=>true, \"thumb\"=>\"http://static-goengines.gocase.com.br/uploads/image/492/thumb/3d31438abdca6c827aacc0177a9f915a.png\", \"active\"=>false, \"jsClass\"=>\"ImageModel\", \"logoColor\"=>\"#ffffff\", \"logoStroke\"=>\"\"}, {\"id\"=>491, \"key\"=>\"/uploads/image/491/src/bf441de292aff94a29930fa010fcefba.png\", \"src\"=>\"http://static-goengines.gocase.com.br/uploads/image/491/src/bf441de292aff94a29930fa010fcefba.png\", \"show\"=>true, \"thumb\"=>\"http://static-goengines.gocase.com.br/uploads/image/491/thumb/e8c5185bb3f0e2646c05db296e5ed910.png\", \"active\"=>false, \"jsClass\"=>\"ImageModel\", \"logoColor\"=>\"#ffffff\", \"logoStroke\"=>\"\"}], \"jsClass\"=>\"ComponentImageModel\", \"labelId\"=>391, \"elementId\"=>226, \"runUpdate\"=>nil, \"identifier\"=>\"BG\", \"canDefineLogo\"=>true, \"canUploadFile\"=>false, \"hideComponentsById\"=>[]}], \"identifier\"=>\"Fundos\", \"typeChooser\"=>\"PickerComponent\", \"canDefineLogo\"=>true, \"applyContextScale\"=>true, \"designCustomizationId\"=>81}, {\"id\"=>227, \"mx\"=>0, \"my\"=>0, \"tag\"=>{\"id\"=>227, \"top\"=>57, \"left\"=>21, \"label\"=>{\"id\"=>392, \"values\"=>{\"en\"=>\"Initial\", \"pt-br\"=>\"Inicial\", \"default\"=>\"Initial\"}, \"jsClass\"=>\"LabelModel\"}, \"jsClass\"=>\"TagModel\", \"labelId\"=>392, \"position\"=>\"right\"}, \"name\"=>\"Letra Inicial\", \"order\"=>1, \"tagId\"=>227, \"alignX\"=>\"center\", \"alignY\"=>\"middle\", \"scaleX\"=>1, \"scaleY\"=>1, \"jsClass\"=>\"ElementImageModel\", \"rotation\"=>0, \"component\"=>nil, \"draggable\"=>false, \"runUpdate\"=>false, \"components\"=>[{\"id\"=>197, \"name\"=>\"Inicial Branca\", \"label\"=>{\"id\"=>393, \"values\"=>{\"en\"=>\"Initial White\", \"pt-br\"=>\"Inicial Branca\", \"default\"=>\"Initial White\"}, \"jsClass\"=>\"LabelModel\"}, \"order\"=>0, \"images\"=>[{\"id\"=>567, \"key\"=>\"/uploads/image/567/src/c8493a1e76caed36eea10fda2595b5ac.png\", \"src\"=>\"http://static-goengines.gocase.com.br/uploads/image/567/src/c8493a1e76caed36eea10fda2595b5ac.png\", \"show\"=>true, \"thumb\"=>\"http://static-goengines.gocase.com.br/uploads/image/567/thumb/0a7f0c710366ef7e671a8652f13a559f.png\", \"active\"=>false, \"jsClass\"=>\"ImageModel\", \"logoColor\"=>\"#000\", \"logoStroke\"=>\"#fff\"}, {\"id\"=>623, \"key\"=>\"/uploads/image/623/src/ae849402612c5bfb5de79452b85f02f2.png\", \"src\"=>\"http://static-goengines.gocase.com.br/uploads/image/623/src/ae849402612c5bfb5de79452b85f02f2.png\", \"show\"=>true, \"thumb\"=>\"http://static-goengines.gocase.com.br/uploads/image/623/thumb/e1b2e49b484a7a81479578502a47d73d.png\", \"active\"=>false, \"jsClass\"=>\"ImageModel\", \"logoColor\"=>\"#000\", \"logoStroke\"=>\"#fff\"}, {\"id\"=>569, \"key\"=>\"/uploads/image/569/src/95d06066be745d03558184807cdcc75c.png\", \"src\"=>\"http://static-goengines.gocase.com.br/uploads/image/569/src/95d06066be745d03558184807cdcc75c.png\", \"show\"=>true, \"thumb\"=>\"http://static-goengines.gocase.com.br/uploads/image/569/thumb/4e401f923a7157d2c69bfc37f44fdcf8.png\", \"active\"=>true, \"jsClass\"=>\"ImageModel\", \"logoColor\"=>\"#000\", \"logoStroke\"=>\"#fff\"}, {\"id\"=>570, \"key\"=>\"/uploads/image/570/src/1109f5674fc829acbb0d8a5dd034d78b.png\", \"src\"=>\"http://static-goengines.gocase.com.br/uploads/image/570/src/1109f5674fc829acbb0d8a5dd034d78b.png\", \"show\"=>true, \"thumb\"=>\"http://static-goengines.gocase.com.br/uploads/image/570/thumb/1e0c2e752199b2e8e3de3597dc12ff89.png\", \"active\"=>false, \"jsClass\"=>\"ImageModel\", \"logoColor\"=>\"#000\", \"logoStroke\"=>\"#fff\"}, {\"id\"=>571, \"key\"=>\"/uploads/image/571/src/db99c8fc7917004adf2ff1110496ddc5.png\", \"src\"=>\"http://static-goengines.gocase.com.br/uploads/image/571/src/db99c8fc7917004adf2ff1110496ddc5.png\", \"show\"=>true, \"thumb\"=>\"http://static-goengines.gocase.com.br/uploads/image/571/thumb/1fa7e324aca7d2ebe228f36235695b0b.png\", \"active\"=>false, \"jsClass\"=>\"ImageModel\", \"logoColor\"=>\"#000\", \"logoStroke\"=>\"#fff\"}, {\"id\"=>572, \"key\"=>\"/uploads/image/572/src/b053f6ee639e0b3b5b75d4fe5f23afc0.png\", \"src\"=>\"http://static-goengines.gocase.com.br/uploads/image/572/src/b053f6ee639e0b3b5b75d4fe5f23afc0.png\", \"show\"=>true, \"thumb\"=>\"http://static-goengines.gocase.com.br/uploads/image/572/thumb/4de11338e316e4643dc53605f5b38d0b.png\", \"active\"=>false, \"jsClass\"=>\"ImageModel\", \"logoColor\"=>\"#000\", \"logoStroke\"=>\"#fff\"}, {\"id\"=>573, \"key\"=>\"/uploads/image/573/src/fa23d44927a426b32dfbc0999d1b6fc0.png\", \"src\"=>\"http://static-goengines.gocase.com.br/uploads/image/573/src/fa23d44927a426b32dfbc0999d1b6fc0.png\", \"show\"=>true, \"thumb\"=>\"http://static-goengines.gocase.com.br/uploads/image/573/thumb/746514561352b13d0230a6f73c1e2fbe.png\", \"active\"=>false, \"jsClass\"=>\"ImageModel\", \"logoColor\"=>\"#000\", \"logoStroke\"=>\"#fff\"}, {\"id\"=>2085, \"key\"=>\"/uploads/image/2085/src/b2cf6999e0c75c8f63c6c62745aa5226.png\", \"src\"=>\"http://static-goengines.gocase.com.br/uploads/image/2085/src/b2cf6999e0c75c8f63c6c62745aa5226.png\", \"show\"=>true, \"thumb\"=>\"http://static-goengines.gocase.com.br/uploads/image/2085/thumb/ed0daa36b443a74f52ef677c95ef13dd.png\", \"active\"=>false, \"jsClass\"=>\"ImageModel\", \"logoColor\"=>\"#000\", \"logoStroke\"=>\"\"}, {\"id\"=>575, \"key\"=>\"/uploads/image/575/src/ba0f2addc2721839e86cfde6080ed636.png\", \"src\"=>\"http://static-goengines.gocase.com.br/uploads/image/575/src/ba0f2addc2721839e86cfde6080ed636.png\", \"show\"=>true, \"thumb\"=>\"http://static-goengines.gocase.com.br/uploads/image/575/thumb/94472a7d9428e42397661e028201d82a.png\", \"active\"=>false, \"jsClass\"=>\"ImageModel\", \"logoColor\"=>\"#000\", \"logoStroke\"=>\"#fff\"}, {\"id\"=>576, \"key\"=>\"/uploads/image/576/src/33b07d27832c1425de323b028d1e1177.png\", \"src\"=>\"http://static-goengines.gocase.com.br/uploads/image/576/src/33b07d27832c1425de323b028d1e1177.png\", \"show\"=>true, \"thumb\"=>\"http://static-goengines.gocase.com.br/uploads/image/576/thumb/41d90e1b0a091a320676edff84560b21.png\", \"active\"=>false, \"jsClass\"=>\"ImageModel\", \"logoColor\"=>\"#000\", \"logoStroke\"=>\"#fff\"}, {\"id\"=>577, \"key\"=>\"/uploads/image/577/src/afcf04f14e4bc1c691aebd18ddcf60f7.png\", \"src\"=>\"http://static-goengines.gocase.com.br/uploads/image/577/src/afcf04f14e4bc1c691aebd18ddcf60f7.png\", \"show\"=>true, \"thumb\"=>\"http://static-goengines.gocase.com.br/uploads/image/577/thumb/ddb48de6694c4bb33fb9bb50dc0a11ff.png\", \"active\"=>false, \"jsClass\"=>\"ImageModel\", \"logoColor\"=>\"#000\", \"logoStroke\"=>\"#fff\"}, {\"id\"=>578, \"key\"=>\"/uploads/image/578/src/a3f4c39a80a84fa3502f52db2bb3f635.png\", \"src\"=>\"http://static-goengines.gocase.com.br/uploads/image/578/src/a3f4c39a80a84fa3502f52db2bb3f635.png\", \"show\"=>true, \"thumb\"=>\"http://static-goengines.gocase.com.br/uploads/image/578/thumb/e14367f3c7c91cef12a9506285a3644a.png\", \"active\"=>false, \"jsClass\"=>\"ImageModel\", \"logoColor\"=>\"#000\", \"logoStroke\"=>\"#fff\"}, {\"id\"=>624, \"key\"=>\"/uploads/image/624/src/e1d645fe981e651c706133a6b7f91645.png\", \"src\"=>\"http://static-goengines.gocase.com.br/uploads/image/624/src/e1d645fe981e651c706133a6b7f91645.png\", \"show\"=>true, \"thumb\"=>\"http://static-goengines.gocase.com.br/uploads/image/624/thumb/b1953b5535530532204cd57d190a38a7.png\", \"active\"=>false, \"jsClass\"=>\"ImageModel\", \"logoColor\"=>\"#000\", \"logoStroke\"=>\"#fff\"}, {\"id\"=>580, \"key\"=>\"/uploads/image/580/src/d66f6e1b70ec8760d11017d9c8fb8a1f.png\", \"src\"=>\"http://static-goengines.gocase.com.br/uploads/image/580/src/d66f6e1b70ec8760d11017d9c8fb8a1f.png\", \"show\"=>true, \"thumb\"=>\"http://static-goengines.gocase.com.br/uploads/image/580/thumb/35a6af9e858fa83ad3fa2cdd503249ed.png\", \"active\"=>false, \"jsClass\"=>\"ImageModel\", \"logoColor\"=>\"#000\", \"logoStroke\"=>\"#fff\"}, {\"id\"=>581, \"key\"=>\"/uploads/image/581/src/aca379a8869b51fa191a1254bdce985c.png\", \"src\"=>\"http://static-goengines.gocase.com.br/uploads/image/581/src/aca379a8869b51fa191a1254bdce985c.png\", \"show\"=>true, \"thumb\"=>\"http://static-goengines.gocase.com.br/uploads/image/581/thumb/6ab6eadf6e4deab5f829493003943987.png\", \"active\"=>false, \"jsClass\"=>\"ImageModel\", \"logoColor\"=>\"#000\", \"logoStroke\"=>\"#fff\"}, {\"id\"=>582, \"key\"=>\"/uploads/image/582/src/262f955ebef32af483c8a78d52950aeb.png\", \"src\"=>\"http://static-goengines.gocase.com.br/uploads/image/582/src/262f955ebef32af483c8a78d52950aeb.png\", \"show\"=>true, \"thumb\"=>\"http://static-goengines.gocase.com.br/uploads/image/582/thumb/91283a9fa2a59f6250ae9264b27072b2.png\", \"active\"=>false, \"jsClass\"=>\"ImageModel\", \"logoColor\"=>\"#000\", \"logoStroke\"=>\"#fff\"}, {\"id\"=>583, \"key\"=>\"/uploads/image/583/src/93ddccf6060e1513d6bfed42aef112fb.png\", \"src\"=>\"http://static-goengines.gocase.com.br/uploads/image/583/src/93ddccf6060e1513d6bfed42aef112fb.png\", \"show\"=>true, \"thumb\"=>\"http://static-goengines.gocase.com.br/uploads/image/583/thumb/34d32ffef6ba829f41574812651bdacb.png\", \"active\"=>false, \"jsClass\"=>\"ImageModel\", \"logoColor\"=>\"#000\", \"logoStroke\"=>\"#fff\"}, {\"id\"=>584, \"key\"=>\"/uploads/image/584/src/6bb358960b4b19ab5d46865c3e5a9ac8.png\", \"src\"=>\"http://static-goengines.gocase.com.br/uploads/image/584/src/6bb358960b4b19ab5d46865c3e5a9ac8.png\", \"show\"=>true, \"thumb\"=>\"http://static-goengines.gocase.com.br/uploads/image/584/thumb/c561a9858de166d458c24f56d7e88697.png\", \"active\"=>false, \"jsClass\"=>\"ImageModel\", \"logoColor\"=>\"#000\", \"logoStroke\"=>\"#fff\"}, {\"id\"=>585, \"key\"=>\"/uploads/image/585/src/59626044f89cd578423641a7bc315e37.png\", \"src\"=>\"http://static-goengines.gocase.com.br/uploads/image/585/src/59626044f89cd578423641a7bc315e37.png\", \"show\"=>true, \"thumb\"=>\"http://static-goengines.gocase.com.br/uploads/image/585/thumb/8415279b20b7201eeb58e793168344d9.png\", \"active\"=>false, \"jsClass\"=>\"ImageModel\", \"logoColor\"=>\"#000\", \"logoStroke\"=>\"#fff\"}, {\"id\"=>625, \"key\"=>\"/uploads/image/625/src/3b3924c76b43ef075c76ee56aa8fadcf.png\", \"src\"=>\"http://static-goengines.gocase.com.br/uploads/image/625/src/3b3924c76b43ef075c76ee56aa8fadcf.png\", \"show\"=>true, \"thumb\"=>\"http://static-goengines.gocase.com.br/uploads/image/625/thumb/b249b5bb7215712754587fc85cefa692.png\", \"active\"=>false, \"jsClass\"=>\"ImageModel\", \"logoColor\"=>\"#000\", \"logoStroke\"=>\"#fff\"}, {\"id\"=>626, \"key\"=>\"/uploads/image/626/src/38e116c181c11046a47c621e4e9aad81.png\", \"src\"=>\"http://static-goengines.gocase.com.br/uploads/image/626/src/38e116c181c11046a47c621e4e9aad81.png\", \"show\"=>true, \"thumb\"=>\"http://static-goengines.gocase.com.br/uploads/image/626/thumb/9d07b2dc9f318aba1dcbeaef2f79a27e.png\", \"active\"=>false, \"jsClass\"=>\"ImageModel\", \"logoColor\"=>\"#000\", \"logoStroke\"=>\"#fff\"}, {\"id\"=>588, \"key\"=>\"/uploads/image/588/src/33e7abcc8733bf7eecaa53fb48ccda0d.png\", \"src\"=>\"http://static-goengines.gocase.com.br/uploads/image/588/src/33e7abcc8733bf7eecaa53fb48ccda0d.png\", \"show\"=>true, \"thumb\"=>\"http://static-goengines.gocase.com.br/uploads/image/588/thumb/5e76d48906d278d982eaedbf2f70c63a.png\", \"active\"=>false, \"jsClass\"=>\"ImageModel\", \"logoColor\"=>\"#000\", \"logoStroke\"=>\"#fff\"}, {\"id\"=>589, \"key\"=>\"/uploads/image/589/src/a5340cf078a4580c47faf31cd56bf245.png\", \"src\"=>\"http://static-goengines.gocase.com.br/uploads/image/589/src/a5340cf078a4580c47faf31cd56bf245.png\", \"show\"=>true, \"thumb\"=>\"http://static-goengines.gocase.com.br/uploads/image/589/thumb/9669e63fa33841f439cc54ff8f2ca10a.png\", \"active\"=>false, \"jsClass\"=>\"ImageModel\", \"logoColor\"=>\"#000\", \"logoStroke\"=>\"#fff\"}, {\"id\"=>590, \"key\"=>\"/uploads/image/590/src/67dbf241f6aa8a696b573e388ffe7e79.png\", \"src\"=>\"http://static-goengines.gocase.com.br/uploads/image/590/src/67dbf241f6aa8a696b573e388ffe7e79.png\", \"show\"=>true, \"thumb\"=>\"http://static-goengines.gocase.com.br/uploads/image/590/thumb/9f823fa14d24e5f11b4d1a86165e0468.png\", \"active\"=>false, \"jsClass\"=>\"ImageModel\", \"logoColor\"=>\"#000\", \"logoStroke\"=>\"#fff\"}, {\"id\"=>591, \"key\"=>\"/uploads/image/591/src/a1da97792d1770a33150344de3fb4bef.png\", \"src\"=>\"http://static-goengines.gocase.com.br/uploads/image/591/src/a1da97792d1770a33150344de3fb4bef.png\", \"show\"=>true, \"thumb\"=>\"http://static-goengines.gocase.com.br/uploads/image/591/thumb/0d5ea49cc7f64d8efad6eb5272c444b8.png\", \"active\"=>false, \"jsClass\"=>\"ImageModel\", \"logoColor\"=>\"#000\", \"logoStroke\"=>\"#fff\"}, {\"id\"=>592, \"key\"=>\"/uploads/image/592/src/fa14834c1dd93ce814fb3c1285ba8da2.png\", \"src\"=>\"http://static-goengines.gocase.com.br/uploads/image/592/src/fa14834c1dd93ce814fb3c1285ba8da2.png\", \"show\"=>true, \"thumb\"=>\"http://static-goengines.gocase.com.br/uploads/image/592/thumb/cfea92c47d674a06eb0b7efafcf9b5d4.png\", \"active\"=>false, \"jsClass\"=>\"ImageModel\", \"logoColor\"=>\"#000\", \"logoStroke\"=>\"#fff\"}, {\"id\"=>2497, \"key\"=>\"/uploads/image/2497/src/59d9afa65d60fe7ac84ed9d16e9c906c.png\", \"src\"=>\"http://static-goengines.gocase.com.br/uploads/image/2497/src/59d9afa65d60fe7ac84ed9d16e9c906c.png\", \"show\"=>true, \"thumb\"=>\"http://static-goengines.gocase.com.br/uploads/image/2497/thumb/44b71009d070b7ebbaca68bb86085ad7.png\", \"active\"=>false, \"jsClass\"=>\"ImageModel\", \"logoColor\"=>\"#000\", \"logoStroke\"=>\"\"}], \"jsClass\"=>\"ComponentImageModel\", \"labelId\"=>393, \"elementId\"=>227, \"runUpdate\"=>true, \"identifier\"=>\"Inicial-Branca\", \"canDefineLogo\"=>false, \"canUploadFile\"=>false, \"hideComponentsById\"=>[\"Inicial-Preta\"]}, {\"id\"=>198, \"name\"=>\"Inicial Preta\", \"label\"=>{\"id\"=>394, \"values\"=>{\"en\"=>\"Initial Black\", \"pt-br\"=>\"Inicial Preta\", \"default\"=>\"Initial Black\"}, \"jsClass\"=>\"LabelModel\"}, \"order\"=>1, \"images\"=>[{\"id\"=>593, \"key\"=>\"/uploads/image/593/src/ce6086ac4ccaf6fae93101f72c4ee547.png\", \"src\"=>\"http://static-goengines.gocase.com.br/uploads/image/593/src/ce6086ac4ccaf6fae93101f72c4ee547.png\", \"show\"=>false, \"thumb\"=>\"http://static-goengines.gocase.com.br/uploads/image/593/thumb/12f5b8e909c18ff7c3c640cdefa8e1ef.png\", \"active\"=>true, \"jsClass\"=>\"ImageModel\", \"logoColor\"=>\"#000\", \"logoStroke\"=>\"#fff\"}, {\"id\"=>620, \"key\"=>\"/uploads/image/620/src/980589a69ab178613f8e312c3507a037.png\", \"src\"=>\"http://static-goengines.gocase.com.br/uploads/image/620/src/980589a69ab178613f8e312c3507a037.png\", \"show\"=>false, \"thumb\"=>\"http://static-goengines.gocase.com.br/uploads/image/620/thumb/d286f486e92cd1819e1784f47dae26bc.png\", \"active\"=>false, \"jsClass\"=>\"ImageModel\", \"logoColor\"=>\"#000\", \"logoStroke\"=>\"#fff\"}, {\"id\"=>595, \"key\"=>\"/uploads/image/595/src/404531711d61446f47edf95aea6258ce.png\", \"src\"=>\"http://static-goengines.gocase.com.br/uploads/image/595/src/404531711d61446f47edf95aea6258ce.png\", \"show\"=>false, \"thumb\"=>\"http://static-goengines.gocase.com.br/uploads/image/595/thumb/8c160d15caacb5616f31732d6634ecb7.png\", \"active\"=>false, \"jsClass\"=>\"ImageModel\", \"logoColor\"=>\"#000\", \"logoStroke\"=>\"#fff\"}, {\"id\"=>596, \"key\"=>\"/uploads/image/596/src/57817a34fa6958c4c1af4899e56a80ab.png\", \"src\"=>\"http://static-goengines.gocase.com.br/uploads/image/596/src/57817a34fa6958c4c1af4899e56a80ab.png\", \"show\"=>false, \"thumb\"=>\"http://static-goengines.gocase.com.br/uploads/image/596/thumb/0784380ba00c20177b23c2a9fca143a0.png\", \"active\"=>false, \"jsClass\"=>\"ImageModel\", \"logoColor\"=>\"#000\", \"logoStroke\"=>\"#fff\"}, {\"id\"=>597, \"key\"=>\"/uploads/image/597/src/f6e4bdbf6d1a6b7d807386e733f8f1ac.png\", \"src\"=>\"http://static-goengines.gocase.com.br/uploads/image/597/src/f6e4bdbf6d1a6b7d807386e733f8f1ac.png\", \"show\"=>false, \"thumb\"=>\"http://static-goengines.gocase.com.br/uploads/image/597/thumb/ec579fe4555c61aece477b9d4c50308a.png\", \"active\"=>false, \"jsClass\"=>\"ImageModel\", \"logoColor\"=>\"#000\", \"logoStroke\"=>\"#fff\"}, {\"id\"=>598, \"key\"=>\"/uploads/image/598/src/d768fba31f9f94bb22c75150c9c60ce4.png\", \"src\"=>\"http://static-goengines.gocase.com.br/uploads/image/598/src/d768fba31f9f94bb22c75150c9c60ce4.png\", \"show\"=>false, \"thumb\"=>\"http://static-goengines.gocase.com.br/uploads/image/598/thumb/4a9dc4b8df2abdc5121326a020f23613.png\", \"active\"=>false, \"jsClass\"=>\"ImageModel\", \"logoColor\"=>\"#000\", \"logoStroke\"=>\"#fff\"}, {\"id\"=>599, \"key\"=>\"/uploads/image/599/src/cef4436ab57fba9b3e418291bf11186c.png\", \"src\"=>\"http://static-goengines.gocase.com.br/uploads/image/599/src/cef4436ab57fba9b3e418291bf11186c.png\", \"show\"=>false, \"thumb\"=>\"http://static-goengines.gocase.com.br/uploads/image/599/thumb/5075e4953f030817e3151e01e4f4b020.png\", \"active\"=>false, \"jsClass\"=>\"ImageModel\", \"logoColor\"=>\"#000\", \"logoStroke\"=>\"#fff\"}, {\"id\"=>619, \"key\"=>\"/uploads/image/619/src/b61a73ae39fe18357e61ad9be6f23597.png\", \"src\"=>\"http://static-goengines.gocase.com.br/uploads/image/619/src/b61a73ae39fe18357e61ad9be6f23597.png\", \"show\"=>false, \"thumb\"=>\"http://static-goengines.gocase.com.br/uploads/image/619/thumb/5eb5ee8e14081a3fdd789258950d4eae.png\", \"active\"=>false, \"jsClass\"=>\"ImageModel\", \"logoColor\"=>\"#000\", \"logoStroke\"=>\"#fff\"}, {\"id\"=>601, \"key\"=>\"/uploads/image/601/src/d0a3920564b13db1f0d23da4d39d78fb.png\", \"src\"=>\"http://static-goengines.gocase.com.br/uploads/image/601/src/d0a3920564b13db1f0d23da4d39d78fb.png\", \"show\"=>false, \"thumb\"=>\"http://static-goengines.gocase.com.br/uploads/image/601/thumb/8a93b46ff2780dcccaa4a44e20494070.png\", \"active\"=>false, \"jsClass\"=>\"ImageModel\", \"logoColor\"=>\"#000\", \"logoStroke\"=>\"#fff\"}, {\"id\"=>602, \"key\"=>\"/uploads/image/602/src/9a57b8683623a7a09714890950e2bce9.png\", \"src\"=>\"http://static-goengines.gocase.com.br/uploads/image/602/src/9a57b8683623a7a09714890950e2bce9.png\", \"show\"=>false, \"thumb\"=>\"http://static-goengines.gocase.com.br/uploads/image/602/thumb/eff4928bf74459fcb58ed4aa7e8891b7.png\", \"active\"=>false, \"jsClass\"=>\"ImageModel\", \"logoColor\"=>\"#000\", \"logoStroke\"=>\"#fff\"}, {\"id\"=>603, \"key\"=>\"/uploads/image/603/src/5bf1bd5ebdfd778d68769ac63a802415.png\", \"src\"=>\"http://static-goengines.gocase.com.br/uploads/image/603/src/5bf1bd5ebdfd778d68769ac63a802415.png\", \"show\"=>false, \"thumb\"=>\"http://static-goengines.gocase.com.br/uploads/image/603/thumb/bb9a3a6193b8823b9da2981f3b0e1ad3.png\", \"active\"=>false, \"jsClass\"=>\"ImageModel\", \"logoColor\"=>\"#000\", \"logoStroke\"=>\"#fff\"}, {\"id\"=>604, \"key\"=>\"/uploads/image/604/src/18e701b8f581d9728b744f391e99ca9b.png\", \"src\"=>\"http://static-goengines.gocase.com.br/uploads/image/604/src/18e701b8f581d9728b744f391e99ca9b.png\", \"show\"=>false, \"thumb\"=>\"http://static-goengines.gocase.com.br/uploads/image/604/thumb/1b07ede80edbfe97332a0b1fe3b26b20.png\", \"active\"=>false, \"jsClass\"=>\"ImageModel\", \"logoColor\"=>\"#000\", \"logoStroke\"=>\"#fff\"}, {\"id\"=>627, \"key\"=>\"/uploads/image/627/src/152b333e40cddee647e337b4c28b4a71.png\", \"src\"=>\"http://static-goengines.gocase.com.br/uploads/image/627/src/152b333e40cddee647e337b4c28b4a71.png\", \"show\"=>false, \"thumb\"=>\"http://static-goengines.gocase.com.br/uploads/image/627/thumb/3d8021ab9232ee799417c1f9429f63cf.png\", \"active\"=>false, \"jsClass\"=>\"ImageModel\", \"logoColor\"=>\"#000\", \"logoStroke\"=>\"#fff\"}, {\"id\"=>606, \"key\"=>\"/uploads/image/606/src/873d6bba2ffe2a6b29dbfaa60d38abbf.png\", \"src\"=>\"http://static-goengines.gocase.com.br/uploads/image/606/src/873d6bba2ffe2a6b29dbfaa60d38abbf.png\", \"show\"=>false, \"thumb\"=>\"http://static-goengines.gocase.com.br/uploads/image/606/thumb/2a69b3904e5ce25e1468b41844c0eaa6.png\", \"active\"=>false, \"jsClass\"=>\"ImageModel\", \"logoColor\"=>\"#000\", \"logoStroke\"=>\"#fff\"}, {\"id\"=>607, \"key\"=>\"/uploads/image/607/src/842dda99cc6b55a0ef51d19b5ce8cf43.png\", \"src\"=>\"http://static-goengines.gocase.com.br/uploads/image/607/src/842dda99cc6b55a0ef51d19b5ce8cf43.png\", \"show\"=>false, \"thumb\"=>\"http://static-goengines.gocase.com.br/uploads/image/607/thumb/fe6e517f1062e6d48bf16458c7ad7a71.png\", \"active\"=>false, \"jsClass\"=>\"ImageModel\", \"logoColor\"=>\"#000\", \"logoStroke\"=>\"#fff\"}, {\"id\"=>608, \"key\"=>\"/uploads/image/608/src/9b45da7d5d97d5bc1c7a923d7c75a7ab.png\", \"src\"=>\"http://static-goengines.gocase.com.br/uploads/image/608/src/9b45da7d5d97d5bc1c7a923d7c75a7ab.png\", \"show\"=>false, \"thumb\"=>\"http://static-goengines.gocase.com.br/uploads/image/608/thumb/09b72a70056ee06df12af2bbde80410b.png\", \"active\"=>false, \"jsClass\"=>\"ImageModel\", \"logoColor\"=>\"#000\", \"logoStroke\"=>\"#fff\"}, {\"id\"=>609, \"key\"=>\"/uploads/image/609/src/02e36be897d413823e2d87d41341f58d.png\", \"src\"=>\"http://static-goengines.gocase.com.br/uploads/image/609/src/02e36be897d413823e2d87d41341f58d.png\", \"show\"=>false, \"thumb\"=>\"http://static-goengines.gocase.com.br/uploads/image/609/thumb/a61883763a4ac1081f42fc7c4869f276.png\", \"active\"=>false, \"jsClass\"=>\"ImageModel\", \"logoColor\"=>\"#000\", \"logoStroke\"=>\"#fff\"}, {\"id\"=>610, \"key\"=>\"/uploads/image/610/src/7ef9e5d2a454256914218c76f6e3df4f.png\", \"src\"=>\"http://static-goengines.gocase.com.br/uploads/image/610/src/7ef9e5d2a454256914218c76f6e3df4f.png\", \"show\"=>false, \"thumb\"=>\"http://static-goengines.gocase.com.br/uploads/image/610/thumb/b6387a232fc7fe90ea723a3b97b2b59c.png\", \"active\"=>false, \"jsClass\"=>\"ImageModel\", \"logoColor\"=>\"#000\", \"logoStroke\"=>\"#fff\"}, {\"id\"=>611, \"key\"=>\"/uploads/image/611/src/7c059940cefdcb1608034e0ad47474b4.png\", \"src\"=>\"http://static-goengines.gocase.com.br/uploads/image/611/src/7c059940cefdcb1608034e0ad47474b4.png\", \"show\"=>false, \"thumb\"=>\"http://static-goengines.gocase.com.br/uploads/image/611/thumb/c4b782055b5c696a8fca7bc32e241f42.png\", \"active\"=>false, \"jsClass\"=>\"ImageModel\", \"logoColor\"=>\"#000\", \"logoStroke\"=>\"#fff\"}, {\"id\"=>621, \"key\"=>\"/uploads/image/621/src/38353412333de504876481291f003524.png\", \"src\"=>\"http://static-goengines.gocase.com.br/uploads/image/621/src/38353412333de504876481291f003524.png\", \"show\"=>false, \"thumb\"=>\"http://static-goengines.gocase.com.br/uploads/image/621/thumb/8b2bf1c3c3be28c59f56bc3f67d37c59.png\", \"active\"=>false, \"jsClass\"=>\"ImageModel\", \"logoColor\"=>\"#000\", \"logoStroke\"=>\"#fff\"}, {\"id\"=>622, \"key\"=>\"/uploads/image/622/src/d519f9c60f43053c7980b324c89dbc75.png\", \"src\"=>\"http://static-goengines.gocase.com.br/uploads/image/622/src/d519f9c60f43053c7980b324c89dbc75.png\", \"show\"=>false, \"thumb\"=>\"http://static-goengines.gocase.com.br/uploads/image/622/thumb/c336f963fe3a4460eb37fab3a39964f6.png\", \"active\"=>false, \"jsClass\"=>\"ImageModel\", \"logoColor\"=>\"#000\", \"logoStroke\"=>\"#fff\"}, {\"id\"=>614, \"key\"=>\"/uploads/image/614/src/d48822b17d2afa5e321e5ec496577e9c.png\", \"src\"=>\"http://static-goengines.gocase.com.br/uploads/image/614/src/d48822b17d2afa5e321e5ec496577e9c.png\", \"show\"=>false, \"thumb\"=>\"http://static-goengines.gocase.com.br/uploads/image/614/thumb/13fc5c794c25299bb2a252ebb4471ef6.png\", \"active\"=>false, \"jsClass\"=>\"ImageModel\", \"logoColor\"=>\"#000\", \"logoStroke\"=>\"#fff\"}, {\"id\"=>615, \"key\"=>\"/uploads/image/615/src/ab1fc698db27a8f84e55c4e6edcc41b5.png\", \"src\"=>\"http://static-goengines.gocase.com.br/uploads/image/615/src/ab1fc698db27a8f84e55c4e6edcc41b5.png\", \"show\"=>false, \"thumb\"=>\"http://static-goengines.gocase.com.br/uploads/image/615/thumb/9532bb8219c8449c825d3779130a9279.png\", \"active\"=>false, \"jsClass\"=>\"ImageModel\", \"logoColor\"=>\"#000\", \"logoStroke\"=>\"#fff\"}, {\"id\"=>616, \"key\"=>\"/uploads/image/616/src/b2f0c0ae504bb3d05163bf2aaebde2e5.png\", \"src\"=>\"http://static-goengines.gocase.com.br/uploads/image/616/src/b2f0c0ae504bb3d05163bf2aaebde2e5.png\", \"show\"=>false, \"thumb\"=>\"http://static-goengines.gocase.com.br/uploads/image/616/thumb/0d33e04b2764607200b685ce7aa42bfe.png\", \"active\"=>false, \"jsClass\"=>\"ImageModel\", \"logoColor\"=>\"#000\", \"logoStroke\"=>\"#fff\"}, {\"id\"=>617, \"key\"=>\"/uploads/image/617/src/cac5ee084a89ed2e347fbd58a5c04e56.png\", \"src\"=>\"http://static-goengines.gocase.com.br/uploads/image/617/src/cac5ee084a89ed2e347fbd58a5c04e56.png\", \"show\"=>false, \"thumb\"=>\"http://static-goengines.gocase.com.br/uploads/image/617/thumb/8f7f3c47ac22924e43191529e00267f5.png\", \"active\"=>false, \"jsClass\"=>\"ImageModel\", \"logoColor\"=>\"#000\", \"logoStroke\"=>\"#fff\"}, {\"id\"=>618, \"key\"=>\"/uploads/image/618/src/d621bcb8965b00e26e3f612dfe0933d9.png\", \"src\"=>\"http://static-goengines.gocase.com.br/uploads/image/618/src/d621bcb8965b00e26e3f612dfe0933d9.png\", \"show\"=>false, \"thumb\"=>\"http://static-goengines.gocase.com.br/uploads/image/618/thumb/27755e1bbb4fe94db008b085d845ecb1.png\", \"active\"=>false, \"jsClass\"=>\"ImageModel\", \"logoColor\"=>\"#000\", \"logoStroke\"=>\"#fff\"}, {\"id\"=>2498, \"key\"=>\"/uploads/image/2498/src/8cae08eb5c81deea3f180f7f59e62408.png\", \"src\"=>\"http://static-goengines.gocase.com.br/uploads/image/2498/src/8cae08eb5c81deea3f180f7f59e62408.png\", \"show\"=>false, \"thumb\"=>\"http://static-goengines.gocase.com.br/uploads/image/2498/thumb/e6c982cdaee2f80769bd625547c1f68a.png\", \"active\"=>false, \"jsClass\"=>\"ImageModel\", \"logoColor\"=>\"#000\", \"logoStroke\"=>\"\"}], \"jsClass\"=>\"ComponentImageModel\", \"labelId\"=>394, \"elementId\"=>227, \"runUpdate\"=>nil, \"identifier\"=>\"Inicial-Preta\", \"canDefineLogo\"=>false, \"canUploadFile\"=>false, \"hideComponentsById\"=>[\"Inicial-Branca\"]}], \"identifier\"=>\"Letra-Inicial\", \"typeChooser\"=>\"PickerComponent\", \"canDefineLogo\"=>false, \"applyContextScale\"=>true, \"designCustomizationId\"=>81}, {\"id\"=>228, \"mx\"=>-180, \"my\"=>376, \"tag\"=>{\"id\"=>228, \"top\"=>61, \"left\"=>72, \"label\"=>{\"id\"=>395, \"values\"=>{\"en\"=>\"Name\", \"pt-br\"=>\"Nome\", \"default\"=>\"Name\"}, \"jsClass\"=>\"LabelModel\"}, \"jsClass\"=>\"TagModel\", \"labelId\"=>395, \"position\"=>\"left\"}, \"name\"=>\"Texto\", \"color\"=>\"#FFFFFF\", \"fonts\"=>[{\"id\"=>97, \"src\"=>\"https://s3.amazonaws.com/static-goengines.gocase.com.br/uploads/font/50/file/66ceb71299982353ee2dd195d8e25eb7.ttf\", \"name\"=>\"FUTRFW-TTF\", \"order\"=>0, \"sufix\"=>\"\", \"active\"=>true, \"fontId\"=>50, \"prefix\"=>\"\", \"jsClass\"=>\"FontFamilyModel\", \"caseType\"=>\"uppercase\", \"fontSize\"=>70, \"identifier\"=>\"FUTRFW-TTF\"}], \"order\"=>2, \"tagId\"=>228, \"value\"=>\"carla\", \"alignX\"=>\"right\", \"alignY\"=>\"middle\", \"colors\"=>[\"#000000\", \"#FFFFFF\"], \"maxlen\"=>10, \"scaleX\"=>nil, \"scaleY\"=>nil, \"jsClass\"=>\"ElementTextModel\", \"lineJoin\"=>\"round\", \"rotation\"=>-90, \"typeText\"=>\"\", \"wrapText\"=>\"none\", \"alignText\"=>\"center\", \"draggable\"=>false, \"runUpdate\"=>false, \"fontFamily\"=>{\"id\"=>97, \"src\"=>\"https://s3.amazonaws.com/static-goengines.gocase.com.br/uploads/font/50/file/66ceb71299982353ee2dd195d8e25eb7.ttf\", \"name\"=>\"FUTRFW-TTF\", \"order\"=>0, \"sufix\"=>\"\", \"active\"=>true, \"fontId\"=>50, \"prefix\"=>\"\", \"jsClass\"=>\"FontFamilyModel\", \"caseType\"=>\"uppercase\", \"fontSize\"=>70, \"identifier\"=>\"FUTRFW-TTF\"}, \"identifier\"=>\"Texto\", \"shadowBlur\"=>0, \"placeholder\"=>\"YOUR NAME\", \"strokeWidth\"=>0, \"typeChooser\"=>\"TextComponent\", \"shadowColors\"=>[], \"strokeColors\"=>[], \"shadowEnabled\"=>false, \"shadowOffsetX\"=>0, \"shadowOffsetY\"=>0, \"shadowOpacity\"=>1, \"strokeEnabled\"=>false, \"percentMaxWidth\"=>0.8, \"percentMaxHeight\"=>0.3, \"designCustomizationId\"=>81}], \"material\"=>nil, \"timestamp\"=>2, \"identifier\"=>\"cores-liquidas\", \"featureToggle\"=>\"\"}}",
    "YaraRule": [
        "sw_bucket"
    ]
}