{
    "scrape_url": "https://scrape.pastebin.com/api_scrape_item.php?i=j82MXbma",
    "full_url": "https://pastebin.com/j82MXbma",
    "date": "1594390341",
    "key": "j82MXbma",
    "size": 32145,
    "expire": "0",
    "title": "",
    "syntax": "plsql",
    "user": "",
    "filename": "j82MXbma",
    "pasteid": "j82MXbma",
    "pastesite": "pastebin.com",
    "@timestamp": "2020-07-10T14:12:21",
    "MD5": "7c6f1ceeac0c53f8cb5f33333e4c02e3",
    "SHA256": "c4ebc64216e82ee852630c670303122d943152ea3b6ca55e9913ab3eb1cbfb13",
    "raw_paste": "/*!40101 SET @OLD_CHARACTER_SET_CLIENT=@@CHARACTER_SET_CLIENT */;\r\n/*!40101 SET @OLD_CHARACTER_SET_RESULTS=@@CHARACTER_SET_RESULTS */;\r\n/*!40101 SET @OLD_COLLATION_CONNECTION=@@COLLATION_CONNECTION */;\r\n/*!50503 SET NAMES utf8mb4 */;\r\n/*!40103 SET @OLD_TIME_ZONE=@@TIME_ZONE */;\r\n/*!40103 SET TIME_ZONE='+00:00' */;\r\n/*!40014 SET @OLD_UNIQUE_CHECKS=@@UNIQUE_CHECKS, UNIQUE_CHECKS=0 */;\r\n/*!40014 SET @OLD_FOREIGN_KEY_CHECKS=@@FOREIGN_KEY_CHECKS, FOREIGN_KEY_CHECKS=0 */;\r\n/*!40101 SET @OLD_SQL_MODE=@@SQL_MODE, SQL_MODE='NO_AUTO_VALUE_ON_ZERO' */;\r\n/*!40111 SET @OLD_SQL_NOTES=@@SQL_NOTES, SQL_NOTES=0 */;\r\n/*!50717 SELECT COUNT(*) INTO @rocksdb_has_p_s_session_variables FROM INFORMATION_SCHEMA.TABLES WHERE TABLE_SCHEMA = 'performance_schema' AND TABLE_NAME = 'session_variables' */;\r\n/*!50717 SET @rocksdb_get_is_supported = IF (@rocksdb_has_p_s_session_variables, 'SELECT COUNT(*) INTO @rocksdb_is_supported FROM performance_schema.session_variables WHERE VARIABLE_NAME=\\'rocksdb_bulk_load\\'', 'SELECT 0') */;\r\n/*!50717 PREPARE s FROM @rocksdb_get_is_supported */;\r\n/*!50717 EXECUTE s */;\r\n/*!50717 DEALLOCATE PREPARE s */;\r\n/*!50717 SET @rocksdb_enable_bulk_load = IF (@rocksdb_is_supported, 'SET SESSION rocksdb_bulk_load = 1', 'SET @rocksdb_dummy_bulk_load = 0') */;\r\n/*!50717 PREPARE s FROM @rocksdb_enable_bulk_load */;\r\n/*!50717 EXECUTE s */;\r\n/*!50717 DEALLOCATE PREPARE s */;\r\n\r\n--\r\n-- Table structure for table `ChandlerACLGroupsPermissions`\r\n--\r\n\r\nDROP TABLE IF EXISTS `ChandlerACLGroupsPermissions`;\r\n/*!40101 SET @saved_cs_client     = @@character_set_client */;\r\n/*!50503 SET character_set_client = utf8mb4 */;\r\nCREATE TABLE `ChandlerACLGroupsPermissions` (\r\n  `group` varchar(36) CHARACTER SET utf8mb4 COLLATE utf8mb4_unicode_ci NOT NULL,\r\n  `model` varchar(1000) CHARACTER SET utf8mb4 COLLATE utf8mb4_unicode_ci NOT NULL,\r\n  `context` int unsigned DEFAULT NULL,\r\n  `permission` varchar(36) CHARACTER SET utf8mb4 COLLATE utf8mb4_unicode_ci NOT NULL,\r\n  `status` tinyint(1) NOT NULL DEFAULT '1',\r\n  KEY `group` (`group`)\r\n) ENGINE=Aria DEFAULT CHARSET=utf8mb4 COLLATE=utf8mb4_unicode_ci;\r\n/*!40101 SET character_set_client = @saved_cs_client */;\r\n\r\n--\r\n-- Table structure for table `ChandlerACLPermissionAliases`\r\n--\r\n\r\nDROP TABLE IF EXISTS `ChandlerACLPermissionAliases`;\r\n/*!40101 SET @saved_cs_client     = @@character_set_client */;\r\n/*!50503 SET character_set_client = utf8mb4 */;\r\nCREATE TABLE `ChandlerACLPermissionAliases` (\r\n  `alias` varchar(190) CHARACTER SET utf8mb4 COLLATE utf8mb4_unicode_ci NOT NULL,\r\n  `model` varchar(255) CHARACTER SET utf8mb4 COLLATE utf8mb4_unicode_ci NOT NULL,\r\n  `context` varchar(255) CHARACTER SET utf8mb4 COLLATE utf8mb4_unicode_ci NOT NULL,\r\n  `permission` varchar(255) CHARACTER SET utf8mb4 COLLATE utf8mb4_unicode_ci NOT NULL,\r\n  PRIMARY KEY (`alias`)\r\n) ENGINE=Aria DEFAULT CHARSET=utf8mb4 COLLATE=utf8mb4_unicode_ci;\r\n/*!40101 SET character_set_client = @saved_cs_client */;\r\n\r\n--\r\n-- Table structure for table `ChandlerACLRelations`\r\n--\r\n\r\nDROP TABLE IF EXISTS `ChandlerACLRelations`;\r\n/*!40101 SET @saved_cs_client     = @@character_set_client */;\r\n/*!50503 SET character_set_client = utf8mb4 */;\r\nCREATE TABLE `ChandlerACLRelations` (\r\n  `user` varchar(36) CHARACTER SET utf8mb4 COLLATE utf8mb4_unicode_ci NOT NULL,\r\n  `group` varchar(36) CHARACTER SET utf8mb4 COLLATE utf8mb4_unicode_ci NOT NULL,\r\n  `priority` bigint unsigned NOT NULL DEFAULT '0',\r\n  KEY `user` (`user`),\r\n  KEY `group` (`group`)\r\n) ENGINE=Aria DEFAULT CHARSET=utf8mb4 COLLATE=utf8mb4_unicode_ci;\r\n/*!40101 SET character_set_client = @saved_cs_client */;\r\n\r\n--\r\n-- Table structure for table `ChandlerACLUsersPermissions`\r\n--\r\n\r\nDROP TABLE IF EXISTS `ChandlerACLUsersPermissions`;\r\n/*!40101 SET @saved_cs_client     = @@character_set_client */;\r\n/*!50503 SET character_set_client = utf8mb4 */;\r\nCREATE TABLE `ChandlerACLUsersPermissions` (\r\n  `user` varchar(36) CHARACTER SET utf8mb4 COLLATE utf8mb4_unicode_ci NOT NULL,\r\n  `model` varchar(1000) CHARACTER SET utf8mb4 COLLATE utf8mb4_unicode_ci NOT NULL,\r\n  `context` int unsigned NOT NULL,\r\n  `permission` int unsigned NOT NULL,\r\n  `status` tinyint(1) NOT NULL DEFAULT '1',\r\n  KEY `user` (`user`)\r\n) ENGINE=Aria DEFAULT CHARSET=utf8mb4 COLLATE=utf8mb4_unicode_ci;\r\n/*!40101 SET character_set_client = @saved_cs_client */;\r\n\r\n--\r\n-- Table structure for table `ChandlerGroups`\r\n--\r\n\r\nDROP TABLE IF EXISTS `ChandlerGroups`;\r\n/*!40101 SET @saved_cs_client     = @@character_set_client */;\r\n/*!50503 SET character_set_client = utf8mb4 */;\r\nCREATE TABLE `ChandlerGroups` (\r\n  `id` varchar(36) CHARACTER SET utf8mb4 COLLATE utf8mb4_unicode_ci NOT NULL,\r\n  `name` varchar(100) CHARACTER SET utf8mb4 COLLATE utf8mb4_unicode_ci NOT NULL,\r\n  `color` mediumint unsigned DEFAULT NULL\r\n) ENGINE=Aria DEFAULT CHARSET=utf8mb4 COLLATE=utf8mb4_unicode_ci;\r\n/*!40101 SET character_set_client = @saved_cs_client */;\r\n/*!50003 SET @saved_cs_client      = @@character_set_client */ ;\r\n/*!50003 SET @saved_cs_results     = @@character_set_results */ ;\r\n/*!50003 SET @saved_col_connection = @@collation_connection */ ;\r\n/*!50003 SET character_set_client  = utf8mb4 */ ;\r\n/*!50003 SET character_set_results = utf8mb4 */ ;\r\n/*!50003 SET collation_connection  = utf8mb4_0900_ai_ci */ ;\r\n/*!50003 SET @saved_sql_mode       = @@sql_mode */ ;\r\n/*!50003 SET sql_mode              = 'NO_AUTO_VALUE_ON_ZERO' */ ;\r\nDELIMITER ;;\r\n/*!50003 CREATE*/ /*!50017 DEFINER=`root`@`localhost`*/ /*!50003 TRIGGER `bfiu_groups` BEFORE INSERT ON `ChandlerGroups` FOR EACH ROW SET new.id = uuid() */;;\r\nDELIMITER ;\r\n/*!50003 SET sql_mode              = @saved_sql_mode */ ;\r\n/*!50003 SET character_set_client  = @saved_cs_client */ ;\r\n/*!50003 SET character_set_results = @saved_cs_results */ ;\r\n/*!50003 SET collation_connection  = @saved_col_connection */ ;\r\n\r\n--\r\n-- Table structure for table `ChandlerTokens`\r\n--\r\n\r\nDROP TABLE IF EXISTS `ChandlerTokens`;\r\n/*!40101 SET @saved_cs_client     = @@character_set_client */;\r\n/*!50503 SET character_set_client = utf8mb4 */;\r\nCREATE TABLE `ChandlerTokens` (\r\n  `token` varchar(64) CHARACTER SET utf8mb4 COLLATE utf8mb4_unicode_ci NOT NULL,\r\n  `user` varchar(36) CHARACTER SET utf8mb4 COLLATE utf8mb4_unicode_ci NOT NULL,\r\n  `ip` varchar(255) CHARACTER SET utf8mb4 COLLATE utf8mb4_unicode_ci NOT NULL,\r\n  `ua` varchar(1000) CHARACTER SET utf8mb4 COLLATE utf8mb4_unicode_ci NOT NULL,\r\n  PRIMARY KEY (`token`),\r\n  KEY `user` (`user`)\r\n) ENGINE=Aria DEFAULT CHARSET=utf8mb4 COLLATE=utf8mb4_unicode_ci;\r\n/*!40101 SET character_set_client = @saved_cs_client */;\r\n/*!50003 SET @saved_cs_client      = @@character_set_client */ ;\r\n/*!50003 SET @saved_cs_results     = @@character_set_results */ ;\r\n/*!50003 SET @saved_col_connection = @@collation_connection */ ;\r\n/*!50003 SET character_set_client  = utf8mb4 */ ;\r\n/*!50003 SET character_set_results = utf8mb4 */ ;\r\n/*!50003 SET collation_connection  = utf8mb4_0900_ai_ci */ ;\r\n/*!50003 SET @saved_sql_mode       = @@sql_mode */ ;\r\n/*!50003 SET sql_mode              = 'NO_AUTO_VALUE_ON_ZERO' */ ;\r\nDELIMITER ;;\r\n/*!50003 CREATE*/ /*!50017 DEFINER=`root`@`localhost`*/ /*!50003 TRIGGER `bfiu_tokens` BEFORE INSERT ON `ChandlerTokens` FOR EACH ROW SET new.token = uuid() */;;\r\nDELIMITER ;\r\n/*!50003 SET sql_mode              = @saved_sql_mode */ ;\r\n/*!50003 SET character_set_client  = @saved_cs_client */ ;\r\n/*!50003 SET character_set_results = @saved_cs_results */ ;\r\n/*!50003 SET collation_connection  = @saved_col_connection */ ;\r\n\r\n--\r\n-- Table structure for table `ChandlerUsers`\r\n--\r\n\r\nDROP TABLE IF EXISTS `ChandlerUsers`;\r\n/*!40101 SET @saved_cs_client     = @@character_set_client */;\r\n/*!50503 SET character_set_client = utf8mb4 */;\r\nCREATE TABLE `ChandlerUsers` (\r\n  `id` varchar(36) CHARACTER SET utf8mb4 COLLATE utf8mb4_unicode_ci NOT NULL,\r\n  `login` varchar(64) CHARACTER SET utf8mb4 COLLATE utf8mb4_unicode_ci NOT NULL,\r\n  `passwordHash` varchar(136) CHARACTER SET utf8mb4 COLLATE utf8mb4_unicode_ci NOT NULL,\r\n  `deleted` tinyint(1) NOT NULL DEFAULT '0',\r\n  PRIMARY KEY (`id`),\r\n  UNIQUE KEY `login` (`login`)\r\n) ENGINE=Aria DEFAULT CHARSET=utf8mb4 COLLATE=utf8mb4_unicode_ci;\r\n/*!40101 SET character_set_client = @saved_cs_client */;\r\n/*!50003 SET @saved_cs_client      = @@character_set_client */ ;\r\n/*!50003 SET @saved_cs_results     = @@character_set_results */ ;\r\n/*!50003 SET @saved_col_connection = @@collation_connection */ ;\r\n/*!50003 SET character_set_client  = utf8mb4 */ ;\r\n/*!50003 SET character_set_results = utf8mb4 */ ;\r\n/*!50003 SET collation_connection  = utf8mb4_0900_ai_ci */ ;\r\n/*!50003 SET @saved_sql_mode       = @@sql_mode */ ;\r\n/*!50003 SET sql_mode              = 'NO_AUTO_VALUE_ON_ZERO' */ ;\r\nDELIMITER ;;\r\n/*!50003 CREATE*/ /*!50017 DEFINER=`root`@`localhost`*/ /*!50003 TRIGGER `bfiu_users` BEFORE INSERT ON `ChandlerUsers` FOR EACH ROW SET new.id = uuid() */;;\r\nDELIMITER ;\r\n/*!50003 SET sql_mode              = @saved_sql_mode */ ;\r\n/*!50003 SET character_set_client  = @saved_cs_client */ ;\r\n/*!50003 SET character_set_results = @saved_cs_results */ ;\r\n/*!50003 SET collation_connection  = @saved_col_connection */ ;\r\n\r\n--\r\n-- Table structure for table `album_relations`\r\n--\r\n\r\nDROP TABLE IF EXISTS `album_relations`;\r\n/*!40101 SET @saved_cs_client     = @@character_set_client */;\r\n/*!50503 SET character_set_client = utf8mb4 */;\r\nCREATE TABLE `album_relations` (\r\n  `album` bigint unsigned NOT NULL,\r\n  `photo` bigint unsigned NOT NULL,\r\n  `index` bigint unsigned NOT NULL AUTO_INCREMENT,\r\n  PRIMARY KEY (`index`)\r\n) ENGINE=Aria AUTO_INCREMENT=664 DEFAULT CHARSET=utf8mb4 COLLATE=utf8mb4_unicode_ci;\r\n/*!40101 SET character_set_client = @saved_cs_client */;\r\n\r\n--\r\n-- Table structure for table `albums`\r\n--\r\n\r\nDROP TABLE IF EXISTS `albums`;\r\n/*!40101 SET @saved_cs_client     = @@character_set_client */;\r\n/*!50503 SET character_set_client = utf8mb4 */;\r\nCREATE TABLE `albums` (\r\n  `id` bigint unsigned NOT NULL AUTO_INCREMENT,\r\n  `owner` bigint NOT NULL,\r\n  `name` varchar(36) CHARACTER SET utf8mb4 COLLATE utf8mb4_unicode_ci NOT NULL,\r\n  `description` longtext CHARACTER SET utf8mb4 COLLATE utf8mb4_unicode_ci,\r\n  `access_pragma` tinyint unsigned NOT NULL DEFAULT '255',\r\n  `cover_photo` bigint unsigned DEFAULT NULL,\r\n  `special_type` tinyint unsigned NOT NULL DEFAULT '0',\r\n  `created` bigint unsigned NOT NULL,\r\n  `edited` bigint unsigned DEFAULT NULL,\r\n  `deleted` tinyint(1) NOT NULL DEFAULT '0',\r\n  PRIMARY KEY (`id`)\r\n) ENGINE=Aria AUTO_INCREMENT=481 DEFAULT CHARSET=utf8mb4 COLLATE=utf8mb4_unicode_ci;\r\n/*!40101 SET character_set_client = @saved_cs_client */;\r\n\r\n--\r\n-- Table structure for table `attachments`\r\n--\r\n\r\nDROP TABLE IF EXISTS `attachments`;\r\n/*!40101 SET @saved_cs_client     = @@character_set_client */;\r\n/*!50503 SET character_set_client = utf8mb4 */;\r\nCREATE TABLE `attachments` (\r\n  `attachable_type` varchar(64) CHARACTER SET utf8mb4 COLLATE utf8mb4_unicode_ci DEFAULT NULL,\r\n  `attachable_id` bigint unsigned DEFAULT NULL,\r\n  `target_type` varchar(64) CHARACTER SET utf8mb4 COLLATE utf8mb4_unicode_ci DEFAULT NULL,\r\n  `target_id` bigint unsigned DEFAULT NULL,\r\n  `index` bigint unsigned NOT NULL AUTO_INCREMENT,\r\n  PRIMARY KEY (`index`)\r\n) ENGINE=Aria AUTO_INCREMENT=888 DEFAULT CHARSET=utf8mb4 COLLATE=utf8mb4_unicode_ci;\r\n/*!40101 SET character_set_client = @saved_cs_client */;\r\n\r\n--\r\n-- Table structure for table `audio_relations`\r\n--\r\n\r\nDROP TABLE IF EXISTS `audio_relations`;\r\n/*!40101 SET @saved_cs_client     = @@character_set_client */;\r\n/*!50503 SET character_set_client = utf8mb4 */;\r\nCREATE TABLE `audio_relations` (\r\n  `user` bigint unsigned NOT NULL,\r\n  `audio` bigint unsigned NOT NULL,\r\n  `index` bigint unsigned NOT NULL AUTO_INCREMENT,\r\n  UNIQUE KEY `index` (`index`)\r\n) ENGINE=Aria AUTO_INCREMENT=6 DEFAULT CHARSET=utf8mb4 COLLATE=utf8mb4_unicode_ci;\r\n/*!40101 SET character_set_client = @saved_cs_client */;\r\n\r\n--\r\n-- Table structure for table `audios`\r\n--\r\n\r\nDROP TABLE IF EXISTS `audios`;\r\n/*!40101 SET @saved_cs_client     = @@character_set_client */;\r\n/*!50503 SET character_set_client = utf8mb4 */;\r\nCREATE TABLE `audios` (\r\n  `id` bigint unsigned NOT NULL AUTO_INCREMENT,\r\n  `owner` bigint unsigned NOT NULL,\r\n  `virtual_id` bigint unsigned NOT NULL,\r\n  `created` bigint unsigned NOT NULL,\r\n  `edited` bigint unsigned DEFAULT NULL,\r\n  `hash` char(128) CHARACTER SET utf8mb4 COLLATE utf8mb4_unicode_ci NOT NULL,\r\n  `deleted` tinyint DEFAULT '0',\r\n  `name` varchar(190) CHARACTER SET utf8mb4 COLLATE utf8mb4_unicode_ci NOT NULL DEFAULT '(no name)',\r\n  `performer` varchar(190) CHARACTER SET utf8mb4 COLLATE utf8mb4_unicode_ci NOT NULL DEFAULT 'Unknown',\r\n  `genre` varchar(190) CHARACTER SET utf8mb4 COLLATE utf8mb4_unicode_ci NOT NULL DEFAULT 'K-POP',\r\n  `lyrics` longtext CHARACTER SET utf8mb4 COLLATE utf8mb4_unicode_ci,\r\n  `explicit` tinyint NOT NULL DEFAULT '0',\r\n  PRIMARY KEY (`id`)\r\n) ENGINE=Aria AUTO_INCREMENT=9 DEFAULT CHARSET=utf8mb4 COLLATE=utf8mb4_unicode_ci;\r\n/*!40101 SET character_set_client = @saved_cs_client */;\r\n\r\n--\r\n-- Table structure for table `comments`\r\n--\r\n\r\nDROP TABLE IF EXISTS `comments`;\r\n/*!40101 SET @saved_cs_client     = @@character_set_client */;\r\n/*!50503 SET character_set_client = utf8mb4 */;\r\nCREATE TABLE `comments` (\r\n  `id` bigint unsigned NOT NULL AUTO_INCREMENT,\r\n  `owner` bigint NOT NULL,\r\n  `model` varchar(128) CHARACTER SET utf8mb4 COLLATE utf8mb4_unicode_ci NOT NULL,\r\n  `target` bigint unsigned NOT NULL,\r\n  `created` bigint unsigned NOT NULL,\r\n  `edited` bigint unsigned DEFAULT NULL,\r\n  `content` longtext CHARACTER SET utf8mb4 COLLATE utf8mb4_unicode_ci NOT NULL,\r\n  `flags` tinyint unsigned DEFAULT NULL,\r\n  `ad` tinyint(1) NOT NULL DEFAULT '0',\r\n  `deleted` tinyint(1) DEFAULT '0',\r\n  `virtual_id` bigint DEFAULT '0',\r\n  PRIMARY KEY (`id`)\r\n) ENGINE=Aria AUTO_INCREMENT=699 DEFAULT CHARSET=utf8mb4 COLLATE=utf8mb4_unicode_ci;\r\n/*!40101 SET character_set_client = @saved_cs_client */;\r\n\r\n--\r\n-- Table structure for table `conv_sockets`\r\n--\r\n\r\nDROP TABLE IF EXISTS `conv_sockets`;\r\n/*!40101 SET @saved_cs_client     = @@character_set_client */;\r\n/*!50503 SET character_set_client = utf8mb4 */;\r\nCREATE TABLE `conv_sockets` (\r\n  `id` bigint unsigned NOT NULL AUTO_INCREMENT,\r\n  `origin` bigint unsigned NOT NULL,\r\n  `modelId` tinyint unsigned NOT NULL,\r\n  `destination` bigint unsigned NOT NULL,\r\n  `open` bit(1) NOT NULL DEFAULT b'1',\r\n  `visible` bit(1) NOT NULL DEFAULT b'1',\r\n  UNIQUE KEY `id` (`id`)\r\n) ENGINE=Aria DEFAULT CHARSET=utf8;\r\n/*!40101 SET character_set_client = @saved_cs_client */;\r\n\r\n--\r\n-- Table structure for table `event_turnouts`\r\n--\r\n\r\nDROP TABLE IF EXISTS `event_turnouts`;\r\n/*!40101 SET @saved_cs_client     = @@character_set_client */;\r\n/*!50503 SET character_set_client = utf8mb4 */;\r\nCREATE TABLE `event_turnouts` (\r\n  `user` bigint unsigned NOT NULL,\r\n  `event` bigint unsigned NOT NULL\r\n) ENGINE=Aria DEFAULT CHARSET=utf8mb4 COLLATE=utf8mb4_unicode_ci;\r\n/*!40101 SET character_set_client = @saved_cs_client */;\r\n\r\n--\r\n-- Table structure for table `group_coadmins`\r\n--\r\n\r\nDROP TABLE IF EXISTS `group_coadmins`;\r\n/*!40101 SET @saved_cs_client     = @@character_set_client */;\r\n/*!50503 SET character_set_client = utf8mb4 */;\r\nCREATE TABLE `group_coadmins` (\r\n  `user` bigint unsigned NOT NULL,\r\n  `club` bigint unsigned NOT NULL,\r\n  `comment` varchar(36) CHARACTER SET utf8mb4 COLLATE utf8mb4_unicode_ci DEFAULT NULL,\r\n  `id` bigint NOT NULL AUTO_INCREMENT,\r\n  PRIMARY KEY (`id`)\r\n) ENGINE=Aria AUTO_INCREMENT=21 DEFAULT CHARSET=utf8mb4 COLLATE=utf8mb4_unicode_ci;\r\n/*!40101 SET character_set_client = @saved_cs_client */;\r\n\r\n--\r\n-- Table structure for table `groups`\r\n--\r\n\r\nDROP TABLE IF EXISTS `groups`;\r\n/*!40101 SET @saved_cs_client     = @@character_set_client */;\r\n/*!50503 SET character_set_client = utf8mb4 */;\r\nCREATE TABLE `groups` (\r\n  `id` bigint unsigned NOT NULL AUTO_INCREMENT,\r\n  `name` varchar(255) CHARACTER SET utf8mb4 COLLATE utf8mb4_unicode_ci DEFAULT NULL,\r\n  `about` text CHARACTER SET utf8mb4 COLLATE utf8mb4_unicode_ci,\r\n  `owner` bigint unsigned DEFAULT NULL,\r\n  `shortcode` varchar(36) CHARACTER SET utf8mb4 COLLATE utf8mb4_unicode_ci DEFAULT NULL,\r\n  `verified` tinyint(1) NOT NULL DEFAULT '0',\r\n  `type` int unsigned DEFAULT '1',\r\n  `closed` tinyint unsigned NOT NULL DEFAULT '0',\r\n  `wall` int NOT NULL DEFAULT '1',\r\n  PRIMARY KEY (`id`),\r\n  UNIQUE KEY `shortcode` (`shortcode`)\r\n) ENGINE=Aria AUTO_INCREMENT=128 DEFAULT CHARSET=utf8mb4 COLLATE=utf8mb4_unicode_ci;\r\n/*!40101 SET character_set_client = @saved_cs_client */;\r\n\r\n--\r\n-- Table structure for table `likes`\r\n--\r\n\r\nDROP TABLE IF EXISTS `likes`;\r\n/*!40101 SET @saved_cs_client     = @@character_set_client */;\r\n/*!50503 SET character_set_client = utf8mb4 */;\r\nCREATE TABLE `likes` (\r\n  `origin` bigint unsigned NOT NULL,\r\n  `model` varchar(128) CHARACTER SET utf8mb4 COLLATE utf8mb4_unicode_ci NOT NULL,\r\n  `target` bigint NOT NULL,\r\n  `index` bigint unsigned NOT NULL AUTO_INCREMENT,\r\n  PRIMARY KEY (`index`)\r\n) ENGINE=Aria AUTO_INCREMENT=1468 DEFAULT CHARSET=utf8mb4 COLLATE=utf8mb4_unicode_ci;\r\n/*!40101 SET character_set_client = @saved_cs_client */;\r\n\r\n--\r\n-- Table structure for table `messages`\r\n--\r\n\r\nDROP TABLE IF EXISTS `messages`;\r\n/*!40101 SET @saved_cs_client     = @@character_set_client */;\r\n/*!50503 SET character_set_client = utf8mb4 */;\r\nCREATE TABLE `messages` (\r\n  `id` bigint NOT NULL AUTO_INCREMENT,\r\n  `sender_type` varchar(64) CHARACTER SET utf8mb4 COLLATE utf8mb4_unicode_ci NOT NULL,\r\n  `sender_id` bigint unsigned NOT NULL,\r\n  `recipient_type` varchar(64) CHARACTER SET utf8mb4 COLLATE utf8mb4_unicode_ci NOT NULL,\r\n  `recipient_id` bigint unsigned NOT NULL,\r\n  `content` longtext CHARACTER SET utf8mb4 COLLATE utf8mb4_unicode_ci NOT NULL,\r\n  `created` bigint NOT NULL,\r\n  `edited` bigint DEFAULT NULL,\r\n  `ad` tinyint(1) NOT NULL DEFAULT '0',\r\n  `deleted` tinyint(1) NOT NULL DEFAULT '0',\r\n  PRIMARY KEY (`id`)\r\n) ENGINE=Aria AUTO_INCREMENT=750 DEFAULT CHARSET=utf8mb4 COLLATE=utf8mb4_unicode_ci;\r\n/*!40101 SET character_set_client = @saved_cs_client */;\r\n\r\n--\r\n-- Table structure for table `msg_descriptors`\r\n--\r\n\r\nDROP TABLE IF EXISTS `msg_descriptors`;\r\n/*!40101 SET @saved_cs_client     = @@character_set_client */;\r\n/*!50503 SET character_set_client = utf8mb4 */;\r\nCREATE TABLE `msg_descriptors` (\r\n  `message` bigint unsigned NOT NULL,\r\n  `socket` bigint unsigned NOT NULL,\r\n  `ack` tinyint unsigned NOT NULL DEFAULT '0',\r\n  `ack_time` bigint unsigned DEFAULT NULL,\r\n  `visible` tinyint unsigned NOT NULL DEFAULT '1',\r\n  `index` bigint unsigned NOT NULL AUTO_INCREMENT,\r\n  UNIQUE KEY `index` (`index`)\r\n) ENGINE=Aria DEFAULT CHARSET=utf8;\r\n/*!40101 SET character_set_client = @saved_cs_client */;\r\n\r\n--\r\n-- Table structure for table `notes`\r\n--\r\n\r\nDROP TABLE IF EXISTS `notes`;\r\n/*!40101 SET @saved_cs_client     = @@character_set_client */;\r\n/*!50503 SET character_set_client = utf8mb4 */;\r\nCREATE TABLE `notes` (\r\n  `id` bigint unsigned NOT NULL AUTO_INCREMENT,\r\n  `owner` bigint NOT NULL,\r\n  `virtual_id` bigint NOT NULL,\r\n  `created` bigint NOT NULL,\r\n  `edited` bigint DEFAULT NULL,\r\n  `name` varchar(256) CHARACTER SET utf8mb4 COLLATE utf8mb4_unicode_ci NOT NULL,\r\n  `source` longtext CHARACTER SET utf8mb4 COLLATE utf8mb4_unicode_ci NOT NULL,\r\n  `cached_content` longtext CHARACTER SET utf8mb4 COLLATE utf8mb4_unicode_ci,\r\n  `deleted` tinyint NOT NULL DEFAULT '0',\r\n  PRIMARY KEY (`id`)\r\n) ENGINE=Aria AUTO_INCREMENT=44 DEFAULT CHARSET=utf8mb4 COLLATE=utf8mb4_unicode_ci;\r\n/*!40101 SET character_set_client = @saved_cs_client */;\r\n\r\n--\r\n-- Table structure for table `number_verification`\r\n--\r\n\r\nDROP TABLE IF EXISTS `number_verification`;\r\n/*!40101 SET @saved_cs_client     = @@character_set_client */;\r\n/*!50503 SET character_set_client = utf8mb4 */;\r\nCREATE TABLE `number_verification` (\r\n  `user` bigint unsigned NOT NULL,\r\n  `number` varchar(48) CHARACTER SET utf8mb4 COLLATE utf8mb4_unicode_ci NOT NULL,\r\n  `code` mediumint NOT NULL,\r\n  PRIMARY KEY (`user`)\r\n) ENGINE=Aria DEFAULT CHARSET=utf8mb4 COLLATE=utf8mb4_unicode_ci;\r\n/*!40101 SET character_set_client = @saved_cs_client */;\r\n\r\n--\r\n-- Table structure for table `password_resets`\r\n--\r\n\r\nDROP TABLE IF EXISTS `password_resets`;\r\n/*!40101 SET @saved_cs_client     = @@character_set_client */;\r\n/*!50503 SET character_set_client = utf8mb4 */;\r\nCREATE TABLE `password_resets` (\r\n  `id` bigint unsigned NOT NULL AUTO_INCREMENT,\r\n  `profile` bigint unsigned NOT NULL,\r\n  `key` char(64) CHARACTER SET utf8mb4 COLLATE utf8mb4_unicode_ci NOT NULL,\r\n  `timestamp` bigint unsigned NOT NULL,\r\n  PRIMARY KEY (`id`)\r\n) ENGINE=Aria AUTO_INCREMENT=20 DEFAULT CHARSET=utf8mb4 COLLATE=utf8mb4_unicode_ci;\r\n/*!40101 SET character_set_client = @saved_cs_client */;\r\n\r\n--\r\n-- Table structure for table `photos`\r\n--\r\n\r\nDROP TABLE IF EXISTS `photos`;\r\n/*!40101 SET @saved_cs_client     = @@character_set_client */;\r\n/*!50503 SET character_set_client = utf8mb4 */;\r\nCREATE TABLE `photos` (\r\n  `id` bigint unsigned NOT NULL AUTO_INCREMENT,\r\n  `owner` bigint NOT NULL,\r\n  `virtual_id` bigint NOT NULL,\r\n  `created` bigint unsigned NOT NULL,\r\n  `edited` bigint unsigned DEFAULT NULL,\r\n  `hash` char(128) CHARACTER SET utf8mb4 COLLATE utf8mb4_unicode_ci NOT NULL,\r\n  `deleted` tinyint(1) NOT NULL DEFAULT '0',\r\n  `description` longtext CHARACTER SET utf8mb4 COLLATE utf8mb4_unicode_ci,\r\n  PRIMARY KEY (`id`)\r\n) ENGINE=Aria AUTO_INCREMENT=1044 DEFAULT CHARSET=utf8mb4 COLLATE=utf8mb4_unicode_ci;\r\n/*!40101 SET character_set_client = @saved_cs_client */;\r\n\r\n--\r\n-- Table structure for table `posts`\r\n--\r\n\r\nDROP TABLE IF EXISTS `posts`;\r\n/*!40101 SET @saved_cs_client     = @@character_set_client */;\r\n/*!50503 SET character_set_client = utf8mb4 */;\r\nCREATE TABLE `posts` (\r\n  `id` bigint unsigned NOT NULL AUTO_INCREMENT,\r\n  `owner` bigint NOT NULL,\r\n  `wall` bigint NOT NULL,\r\n  `virtual_id` bigint unsigned NOT NULL,\r\n  `created` bigint unsigned NOT NULL,\r\n  `edited` bigint unsigned DEFAULT NULL,\r\n  `content` longtext CHARACTER SET utf8mb4 COLLATE utf8mb4_unicode_ci NOT NULL,\r\n  `flags` tinyint unsigned DEFAULT NULL,\r\n  `ad` tinyint(1) NOT NULL DEFAULT '0',\r\n  `deleted` tinyint(1) DEFAULT '0',\r\n  PRIMARY KEY (`id`)\r\n) ENGINE=Aria AUTO_INCREMENT=1993 DEFAULT CHARSET=utf8mb4 COLLATE=utf8mb4_unicode_ci;\r\n/*!40101 SET character_set_client = @saved_cs_client */;\r\n\r\n--\r\n-- Table structure for table `profiles`\r\n--\r\n\r\nDROP TABLE IF EXISTS `profiles`;\r\n/*!40101 SET @saved_cs_client     = @@character_set_client */;\r\n/*!50503 SET character_set_client = utf8mb4 */;\r\nCREATE TABLE `profiles` (\r\n  `id` bigint unsigned NOT NULL AUTO_INCREMENT,\r\n  `user` varchar(36) CHARACTER SET utf8mb4 COLLATE utf8mb4_unicode_ci NOT NULL,\r\n  `first_name` varchar(50) CHARACTER SET utf8mb4 COLLATE utf8mb4_unicode_ci NOT NULL DEFAULT 'Jane',\r\n  `last_name` varchar(50) CHARACTER SET utf8mb4 COLLATE utf8mb4_unicode_ci NOT NULL DEFAULT 'Doe',\r\n  `pseudo` varchar(50) CHARACTER SET utf8mb4 COLLATE utf8mb4_unicode_ci DEFAULT NULL,\r\n  `info` longtext CHARACTER SET utf8mb4 COLLATE utf8mb4_unicode_ci,\r\n  `about` longtext CHARACTER SET utf8mb4 COLLATE utf8mb4_unicode_ci,\r\n  `status` varchar(255) CHARACTER SET utf8mb4 COLLATE utf8mb4_unicode_ci DEFAULT NULL,\r\n  `privacy` bigint unsigned NOT NULL DEFAULT '1099511627775',\r\n  `left_menu` bigint unsigned NOT NULL DEFAULT '1099511627775',\r\n  `sex` tinyint(1) NOT NULL DEFAULT '1',\r\n  `type` tinyint NOT NULL DEFAULT '0',\r\n  `phone` varchar(36) CHARACTER SET utf8mb4 COLLATE utf8mb4_unicode_ci DEFAULT NULL,\r\n  `email` varchar(90) CHARACTER SET utf8mb4 COLLATE utf8mb4_unicode_ci DEFAULT NULL,\r\n  `coins` bigint unsigned NOT NULL DEFAULT '0',\r\n  `since` datetime NOT NULL,\r\n  `block_reason` tinytext CHARACTER SET utf8mb4 COLLATE utf8mb4_unicode_ci,\r\n  `verified` tinyint(1) NOT NULL DEFAULT '0',\r\n  `reputation` bigint NOT NULL DEFAULT '1000',\r\n  `shortcode` varchar(36) CHARACTER SET utf8mb4 COLLATE utf8mb4_unicode_ci DEFAULT NULL,\r\n  `registering_ip` varchar(256) CHARACTER SET utf8mb4 COLLATE utf8mb4_unicode_ci NOT NULL DEFAULT '127.0.0.1',\r\n  `online` bigint unsigned NOT NULL DEFAULT '0',\r\n  `birthday` bigint DEFAULT '0',\r\n  `hometown` varchar(60) CHARACTER SET utf8mb4 COLLATE utf8mb4_unicode_ci DEFAULT NULL,\r\n  `polit_views` int DEFAULT '0',\r\n  `marital_status` int DEFAULT '0',\r\n  `email_contact` varchar(128) CHARACTER SET utf8mb4 COLLATE utf8mb4_unicode_ci DEFAULT NULL,\r\n  `telegram` varchar(32) CHARACTER SET utf8mb4 COLLATE utf8mb4_unicode_ci DEFAULT NULL,\r\n  `interests` text CHARACTER SET utf8mb4 COLLATE utf8mb4_unicode_ci,\r\n  `fav_music` text CHARACTER SET utf8mb4 COLLATE utf8mb4_unicode_ci,\r\n  `fav_films` text CHARACTER SET utf8mb4 COLLATE utf8mb4_unicode_ci,\r\n  `fav_shows` text CHARACTER SET utf8mb4 COLLATE utf8mb4_unicode_ci,\r\n  `fav_books` text CHARACTER SET utf8mb4 COLLATE utf8mb4_unicode_ci,\r\n  `fav_quote` text CHARACTER SET utf8mb4 COLLATE utf8mb4_unicode_ci,\r\n  `city` varchar(60) CHARACTER SET utf8mb4 COLLATE utf8mb4_unicode_ci DEFAULT NULL,\r\n  `address` varchar(60) CHARACTER SET utf8mb4 COLLATE utf8mb4_unicode_ci DEFAULT NULL,\r\n  `style` varchar(36) CHARACTER SET utf8mb4 COLLATE utf8mb4_unicode_ci NOT NULL DEFAULT 'ovk',\r\n  `style_avatar` int DEFAULT '0',\r\n  `show_rating` tinyint(1) DEFAULT '1',\r\n  `milkshake` tinyint(1) NOT NULL DEFAULT '0',\r\n  `notification_offset` bigint unsigned DEFAULT '0',\r\n  `deleted` tinyint unsigned NOT NULL DEFAULT '0',\r\n  PRIMARY KEY (`id`),\r\n  UNIQUE KEY `phone` (`phone`),\r\n  UNIQUE KEY `email` (`email`),\r\n  UNIQUE KEY `shortcode` (`shortcode`),\r\n  KEY `user` (`user`)\r\n) ENGINE=Aria AUTO_INCREMENT=218 DEFAULT CHARSET=utf8mb4 COLLATE=utf8mb4_unicode_ci;\r\n/*!40101 SET character_set_client = @saved_cs_client */;\r\n\r\n--\r\n-- Table structure for table `sticker_relations`\r\n--\r\n\r\nDROP TABLE IF EXISTS `sticker_relations`;\r\n/*!40101 SET @saved_cs_client     = @@character_set_client */;\r\n/*!50503 SET character_set_client = utf8mb4 */;\r\nCREATE TABLE `sticker_relations` (\r\n  `sticker` bigint unsigned NOT NULL,\r\n  `pack` bigint unsigned NOT NULL,\r\n  `index` bigint unsigned NOT NULL AUTO_INCREMENT,\r\n  PRIMARY KEY (`index`)\r\n) ENGINE=Aria DEFAULT CHARSET=utf8mb4 COLLATE=utf8mb4_unicode_ci;\r\n/*!40101 SET character_set_client = @saved_cs_client */;\r\n\r\n--\r\n-- Table structure for table `stickerpacks`\r\n--\r\n\r\nDROP TABLE IF EXISTS `stickerpacks`;\r\n/*!40101 SET @saved_cs_client     = @@character_set_client */;\r\n/*!50503 SET character_set_client = utf8mb4 */;\r\nCREATE TABLE `stickerpacks` (\r\n  `id` bigint unsigned NOT NULL AUTO_INCREMENT,\r\n  `slug` varchar(36) CHARACTER SET utf8mb4 COLLATE utf8mb4_unicode_ci DEFAULT NULL,\r\n  `name` varchar(64) CHARACTER SET utf8mb4 COLLATE utf8mb4_unicode_ci NOT NULL,\r\n  `description` longtext CHARACTER SET utf8mb4 COLLATE utf8mb4_unicode_ci NOT NULL,\r\n  `sold` tinyint NOT NULL DEFAULT '0',\r\n  `price` bigint unsigned DEFAULT NULL,\r\n  PRIMARY KEY (`id`),\r\n  UNIQUE KEY `slug` (`slug`)\r\n) ENGINE=Aria DEFAULT CHARSET=utf8mb4 COLLATE=utf8mb4_unicode_ci;\r\n/*!40101 SET character_set_client = @saved_cs_client */;\r\n\r\n--\r\n-- Table structure for table `stickers`\r\n--\r\n\r\nDROP TABLE IF EXISTS `stickers`;\r\n/*!40101 SET @saved_cs_client     = @@character_set_client */;\r\n/*!50503 SET character_set_client = utf8mb4 */;\r\nCREATE TABLE `stickers` (\r\n  `id` bigint unsigned NOT NULL AUTO_INCREMENT,\r\n  `hash` char(128) CHARACTER SET utf8mb4 COLLATE utf8mb4_unicode_ci NOT NULL,\r\n  `emojis` longtext CHARACTER SET utf8mb4 COLLATE utf8mb4_unicode_ci,\r\n  PRIMARY KEY (`id`),\r\n  UNIQUE KEY `hash` (`hash`)\r\n) ENGINE=Aria DEFAULT CHARSET=utf8mb4 COLLATE=utf8mb4_unicode_ci;\r\n/*!40101 SET character_set_client = @saved_cs_client */;\r\n\r\n--\r\n-- Table structure for table `subscriptions`\r\n--\r\n\r\nDROP TABLE IF EXISTS `subscriptions`;\r\n/*!40101 SET @saved_cs_client     = @@character_set_client */;\r\n/*!50503 SET character_set_client = utf8mb4 */;\r\nCREATE TABLE `subscriptions` (\r\n  `follower` bigint unsigned NOT NULL,\r\n  `model` longtext CHARACTER SET utf8mb4 COLLATE utf8mb4_unicode_ci NOT NULL,\r\n  `target` bigint unsigned NOT NULL\r\n) ENGINE=Aria DEFAULT CHARSET=utf8mb4 COLLATE=utf8mb4_unicode_ci;\r\n/*!40101 SET character_set_client = @saved_cs_client */;\r\n\r\n--\r\n-- Table structure for table `tickets`\r\n--\r\n\r\nDROP TABLE IF EXISTS `tickets`;\r\n/*!40101 SET @saved_cs_client     = @@character_set_client */;\r\n/*!50503 SET character_set_client = utf8mb4 */;\r\nCREATE TABLE `tickets` (\r\n  `id` bigint unsigned NOT NULL AUTO_INCREMENT,\r\n  `type` bigint unsigned NOT NULL,\r\n  `deleted` tinyint NOT NULL DEFAULT '0',\r\n  `user_id` bigint unsigned NOT NULL,\r\n  `name` tinytext NOT NULL,\r\n  `text` longtext NOT NULL,\r\n  `created` bigint unsigned NOT NULL,\r\n  PRIMARY KEY (`id`)\r\n) ENGINE=Aria AUTO_INCREMENT=65 DEFAULT CHARSET=utf8;\r\n/*!40101 SET character_set_client = @saved_cs_client */;\r\n\r\n--\r\n-- Table structure for table `tickets_comments`\r\n--\r\n\r\nDROP TABLE IF EXISTS `tickets_comments`;\r\n/*!40101 SET @saved_cs_client     = @@character_set_client */;\r\n/*!50503 SET character_set_client = utf8mb4 */;\r\nCREATE TABLE `tickets_comments` (\r\n  `id` int NOT NULL AUTO_INCREMENT,\r\n  `user_id` bigint unsigned NOT NULL,\r\n  `user_type` int NOT NULL DEFAULT '0',\r\n  `text` longtext NOT NULL,\r\n  `created` int NOT NULL,\r\n  `deleted` tinyint NOT NULL DEFAULT '0',\r\n  `ticket_id` bigint DEFAULT NULL,\r\n  PRIMARY KEY (`id`)\r\n) ENGINE=Aria AUTO_INCREMENT=139 DEFAULT CHARSET=utf8;\r\n/*!40101 SET character_set_client = @saved_cs_client */;\r\n\r\n--\r\n-- Table structure for table `videos`\r\n--\r\n\r\nDROP TABLE IF EXISTS `videos`;\r\n/*!40101 SET @saved_cs_client     = @@character_set_client */;\r\n/*!50503 SET character_set_client = utf8mb4 */;\r\nCREATE TABLE `videos` (\r\n  `id` bigint unsigned NOT NULL AUTO_INCREMENT,\r\n  `owner` bigint NOT NULL,\r\n  `virtual_id` bigint NOT NULL,\r\n  `created` bigint unsigned NOT NULL,\r\n  `edited` bigint unsigned DEFAULT NULL,\r\n  `hash` char(128) CHARACTER SET utf8mb4 COLLATE utf8mb4_unicode_ci DEFAULT NULL,\r\n  `link` varchar(64) CHARACTER SET utf8mb4 COLLATE utf8mb4_unicode_ci DEFAULT NULL,\r\n  `deleted` tinyint(1) NOT NULL DEFAULT '0',\r\n  `description` longtext CHARACTER SET utf8mb4 COLLATE utf8mb4_unicode_ci,\r\n  `name` varchar(64) CHARACTER SET utf8mb4 COLLATE utf8mb4_unicode_ci NOT NULL,\r\n  PRIMARY KEY (`id`)\r\n) ENGINE=Aria AUTO_INCREMENT=79 DEFAULT CHARSET=utf8mb4 COLLATE=utf8mb4_unicode_ci;\r\n/*!40101 SET character_set_client = @saved_cs_client */;\r\n/*!50112 SET @disable_bulk_load = IF (@is_rocksdb_supported, 'SET SESSION rocksdb_bulk_load = @old_rocksdb_bulk_load', 'SET @dummy_rocksdb_bulk_load = 0') */;\r\n/*!50112 PREPARE s FROM @disable_bulk_load */;\r\n/*!50112 EXECUTE s */;\r\n/*!50112 DEALLOCATE PREPARE s */;\r\n/*!40103 SET TIME_ZONE=@OLD_TIME_ZONE */;\r\n\r\n/*!40101 SET SQL_MODE=@OLD_SQL_MODE */;\r\n/*!40014 SET FOREIGN_KEY_CHECKS=@OLD_FOREIGN_KEY_CHECKS */;\r\n/*!40014 SET UNIQUE_CHECKS=@OLD_UNIQUE_CHECKS */;\r\n/*!40101 SET CHARACTER_SET_CLIENT=@OLD_CHARACTER_SET_CLIENT */;\r\n/*!40101 SET CHARACTER_SET_RESULTS=@OLD_CHARACTER_SET_RESULTS */;\r\n/*!40101 SET COLLATION_CONNECTION=@OLD_COLLATION_CONNECTION */;\r\n/*!40111 SET SQL_NOTES=@OLD_SQL_NOTES */;\r\n\r\n-- Dump completed on 2020-07-10 14:09:02\r\n\r\nINSERT INTO `ChandlerGroups` VALUES (\"a8ced6a3-49d8-11ea-bf2f-424d781d39ac\", \"OVK\\Subteno\", NULL);\r\n\r\nINSERT INTO `ChandlerACLRelations` VALUES (\"ffffffff-ffff-ffff-ffff-ffffffffffff\", \"a8ced6a3-49d8-11ea-bf2f-424d781d39ac\", 16);\r\n\r\nINSERT INTO `profiles` (`id`, `user`, `first_name`, `last_name`, `pseudo`, `info`, `about`, `status`, `privacy`, `left_menu`, `sex`, `type`, `phone`, `email`, `coins`, `since`, `block_reason`, `verified`, `reputation`, `shortcode`, `registering_ip`, `online`, `birthday`, `hometown`, `polit_views`, `marital_status`, `email_contact`, `telegram`, `interests`, `fav_music`, `fav_films`, `fav_shows`, `fav_books`, `fav_quote`, `city`, `address`, `style`, `style_avatar`, `show_rating`, `milkshake`, `notification_offset`, `deleted`) VALUES ('1', 'ffffffff-ffff-ffff-ffff-ffffffffffff', 'System', 'Administrator', 'sysop', NULL, NULL, NULL, '1099511627775', '1099511627775', '1', '0', NULL, 'admin@localhost.localdomain6', '0', '2018-10-31 15:15:15', NULL, '1', '1000', 'sysop', '::1', '0', '0', NULL, '0', '0', NULL, NULL, NULL, NULL, NULL, NULL, NULL, NULL, NULL, NULL, 'ovk', '0', '0', '1', '0', '0');",
    "YaraRule": [
        "db_structure"
    ]
}