{
    "scrape_url": "https://scrape.pastebin.com/api_scrape_item.php?i=J8QWxeLX",
    "full_url": "https://pastebin.com/J8QWxeLX",
    "date": "1594317826",
    "key": "J8QWxeLX",
    "size": 873,
    "expire": "0",
    "title": "Tunele2WProdz.lua",
    "syntax": "lua",
    "user": "",
    "filename": "J8QWxeLX",
    "pasteid": "J8QWxeLX",
    "pastesite": "pastebin.com",
    "@timestamp": "2020-07-09T18:03:46",
    "MD5": "f4307440563db78c9da91709b08d1903",
    "SHA256": "514ca01ee903e64ae6da9486252e509c38a1e0494c778c2733e38d1e81aca3c2",
    "raw_paste": "function mA()\r\n    turtle.dig()\r\n    turtle.forward()\r\n    turtle.digUp()\r\nend\r\n\r\nfunction placeTorch()\r\n    turtle.up()\r\n    turtle.turnRight()\r\n    turtle.dig()\r\n    turtle.select(16)\r\n    turtle.place()\r\n    turtle.turnLeft()\r\n    turtle.down()\r\nend\r\nfunction mining()\r\n    for kratka=1,50 do\r\n        if kratka % 8 == 0 then\r\n            placeTorch()\r\n        end\r\n        mA()\r\n    end    \r\nend\r\n\r\nfunction turning()\r\n    turtle.turnRight()\r\n    mA()\r\n    mA()\r\n    mA()\r\n    mA()\r\n    turtle.turnRight()\r\nend\r\n\r\nfunction dropItemsInChest()\r\n    turtle.select(15)\r\n    turtle.dig()\r\n    turtle.place()\r\n    \r\n    for miejsce=1,14 do\r\n        turtle.select(miejsce)\r\n        turtle.drop()\r\n    end\r\n    \r\nend\r\n\r\nmining()\r\nturning()\r\nmining()\r\ndropItemsInChest()\r\nturtle.turnRight()\r\nturtle.forward()\r\nturtle.turnLeft()\r\nmining()\r\nturning()\r\nmining()\r\ndropItemsInChest()",
    "YaraRule": [
        "enable_org32",
        "core_keywords"
    ]
}