{
    "scrape_url": "https://scrape.pastebin.com/api_scrape_item.php?i=JWjdi4EF",
    "full_url": "https://pastebin.com/JWjdi4EF",
    "date": "1594221797",
    "key": "JWjdi4EF",
    "size": 9096,
    "expire": "0",
    "title": "GWeiss' color is green because it is an LCD screen",
    "syntax": "cpp",
    "user": "",
    "filename": "JWjdi4EF",
    "pasteid": "JWjdi4EF",
    "pastesite": "pastebin.com",
    "@timestamp": "2020-07-08T15:23:17",
    "MD5": "a111b18714923c22c331a1e84d5204f4",
    "SHA256": "9d3765d8da0c8bc95eea1b5801f2d73391d9a3dd6ab14a076afc83422d906437",
    "raw_paste": "GNU Image Manipulation Program version 2.10.0\r\ngit-describe: Unknown, shouldn't happen\r\nC compiler:\r\n\tUsing built-in specs.\r\n\tCOLLECT_GCC=x86_64-w64-mingw32-gcc\r\n\tCOLLECT_LTO_WRAPPER=/usr/libexec/gcc/x86_64-w64-mingw32/7.3.0/lto-wrapper\r\n\tTarget: x86_64-w64-mingw32\r\n\tConfigured with: /var/tmp/portage/cross-x86_64-w64-mingw32/gcc-7.3.0-r1/work/gcc-7.3.0/configure --host=x86_64-pc-linux-gnu --target=x86_64-w64-mingw32 --build=x86_64-pc-linux-gnu --prefix=/usr --bindir=/usr/x86_64-pc-linux-gnu/x86_64-w64-mingw32/gcc-bin/7.3.0 --includedir=/usr/lib/gcc/x86_64-w64-mingw32/7.3.0/include --datadir=/usr/share/gcc-data/x86_64-w64-mingw32/7.3.0 --mandir=/usr/share/gcc-data/x86_64-w64-mingw32/7.3.0/man --infodir=/usr/share/gcc-data/x86_64-w64-mingw32/7.3.0/info --with-gxx-include-dir=/usr/lib/gcc/x86_64-w64-mingw32/7.3.0/include/g++-v7 --with-python-dir=/share/gcc-data/x86_64-w64-mingw32/7.3.0/python --enable-languages=c,c++ --enable-obsolete --enable-secureplt --disable-werror --with-system-zlib --enable-nls --without-included-gettext --enable-checking=release --with-bugurl=https://bugs.gentoo.org/ --with-pkgversion='Gentoo 7.3.0-r1 p1.1' --disable-esp --enable-libstdcxx-time --enable-poison-system-directories --with-sysroot=/usr/x86_64-w64-mingw32 --disable-bootstrap --disable-multilib --with-multilib-list=m64 --disable-altivec --disable-fixed-point --enable-targets=all --disable-libgcj --disable-libgomp --disable-libmudflap --disable-libssp --disable-libcilkrts --disable-libmpx --disable-vtable-verify --disable-libvtv --disable-libquadmath --enable-lto --without-isl --disable-libsanitizer --disable-default-pie --enable-default-ssp\r\n\tThread model: win32\r\n\tgcc version 7.3.0 (Gentoo 7.3.0-r1 p1.1) \r\n\t\r\nusing GEGL version 0.4.0 (compiled against version 0.4.0)\r\nusing GLib version 2.56.1 (compiled against version 2.56.1)\r\nusing GdkPixbuf version 2.36.12 (compiled against version 2.36.12)\r\nusing GTK+ version 2.24.31 (compiled against version 2.24.32)\r\nusing Pango version 1.42.1 (compiled against version 1.42.1)\r\nusing Fontconfig version 2.13.0 (compiled against version 2.13.0)\r\nusing Cairo version 1.15.12 (compiled against version 1.15.12)\r\n\r\n> fatal error: unhandled exception\r\n\r\nStack trace:\r\n-------------------\r\n\r\nError occurred on Wednesday, July 8, 2020 at 10:20:23.\r\n\r\ngimp-2.10.exe caused an Access Violation at location 000000006B2C96D6 in module libbabl-0.1-0.dll Reading from location 00000003584AA7E0.\r\n\r\nAddrPC           Params\r\n000000006B2C96D6 0000000000000000 0000000000000000 0000000000000000  libbabl-0.1-0.dll!babl_hash_table_find\r\n000000006B2C79B3 0000000000022260 00007FFC02000002 0000000000022260  libbabl-0.1-0.dll!babl_fish\r\n0000000061822654 0000000000000001 0000000000000010 000000002548F2C0  libgegl-0.4-0.dll!gegl_buffer_iterate_read_simple\r\n0000000061824A9B 0000000000020000 0000000000000002 0000000000035810  libgegl-0.4-0.dll!gegl_buffer_iterate_read_dispatch\r\n00000000618265A3 0000000000000290 000000006860F7C6 0000000000000000  libgegl-0.4-0.dll!gegl_buffer_get_unlocked\r\n0000000061829BED 000000002926C000 000000000D5E78B0 0000000000000000  libgegl-0.4-0.dll!gegl_buffer_iterator_next\r\n000000006184B05C 000000000CA4FEA8 0000000000000000 0000000000000000  libgegl-0.4-0.dll!thread_process\r\n000000006861BE20 0000000000000000 0000000000000000 00008D13A9C9E18F  libglib-2.0-0.dll!g_thread_pool_new\r\n000000006861B479 000000000AC35C18 0000000000000000 0000000000000000  libglib-2.0-0.dll!g_test_get_filename\r\n0000000064944AB4 000000000AC35BE0 0000000000000000 000000000EB1CB30  libwinpthread-1.dll!pthread_create_wrapper\r\n00007FFC69E0B04A 00007FFC69E606D0 000000000EB1CB30 0000000000000000  msvcrt.dll!_callthreadstartex\r\n00007FFC69E0B11C 0000000000000000 0000000000000000 0000000000000000  msvcrt.dll!_threadstartex\r\n00007FFC69C07BD4 0000000000000000 0000000000000000 0000000000000000  KERNEL32.DLL!BaseThreadInitThunk\r\n00007FFC6B72CE51 0000000000000000 0000000000000000 0000000000000000  ntdll.dll!RtlUserThreadStart\r\n\r\ngimp-2.10.exe\t2.10.0.0\r\nntdll.dll   \t10.0.18362.815\r\nKERNEL32.DLL\t10.0.18362.900\r\nKERNELBASE.dll\t10.0.18362.815\r\nmsvcrt.dll  \t7.0.18362.1\r\nSHELL32.dll \t10.0.18362.900\r\nucrtbase.dll\t10.0.18362.815\r\ncfgmgr32.dll\t10.0.18362.387\r\nshcore.dll  \t10.0.18362.836\r\nlibgimpmath-2.0-0.dll\r\nRPCRT4.dll  \t10.0.18362.628\r\ncombase.dll \t10.0.18362.900\r\nbcryptPrimitives.dll\t10.0.18362.836\r\nwindows.storage.dll\t10.0.18362.900\r\nmsvcp_win.dll\t10.0.18362.815\r\nsechost.dll \t10.0.18362.693\r\nadvapi32.dll\t10.0.18362.752\r\nprofapi.dll \t10.0.18362.693\r\npowrprof.dll\t10.0.18362.1\r\nUMPDC.dll\r\nshlwapi.dll \t10.0.18362.1\r\nGDI32.dll   \t10.0.18362.1\r\nwin32u.dll  \t10.0.18362.900\r\ngdi32full.dll\t10.0.18362.900\r\nlibgimpmodule-2.0-0.dll\r\nlibgimpcolor-2.0-0.dll\r\nUSER32.dll  \t10.0.18362.836\r\nkernel.appcore.dll\t10.0.18362.1\r\ncryptsp.dll \t10.0.18362.1\r\nlibgimpwidgets-2.0-0.dll\r\nlibgimpconfig-2.0-0.dll\r\nlibgimpthumb-2.0-0.dll\r\nexchndl.dll \t0.8.2.0\r\nPSAPI.DLL   \t10.0.18362.1\r\nlibfreetype-6.dll\r\nlibgdk-win32-2.0-0.dll\t2.24.31.0\r\nIMM32.dll   \t10.0.18362.387\r\nole32.dll   \t10.0.18362.693\r\nlibgexiv2-2.dll\r\nlibfontconfig-1.dll\r\nlibgdk_pixbuf-2.0-0.dll\t2.36.12.0\r\nlibcairo-2.dll\r\nlibgtk-win32-2.0-0.dll\t2.24.31.0\r\ncomdlg32.dll\t10.0.18362.900\r\nlibgio-2.0-0.dll\t2.56.1.0\r\nWS2_32.dll  \t10.0.18362.387\r\nliblcms2-2.dll\r\nlibharfbuzz-0.dll\r\nlibintl-8.dll\t0.19.8.0\r\nlibglib-2.0-0.dll\t2.56.1.0\r\nlibmypaint-1-3-0.dll\r\nzlib1.dll\r\nlibgimpbase-2.0-0.dll\r\nlibbabl-0.1-0.dll\r\nlibgegl-0.4-0.dll\r\nlibpango-1.0-0.dll\t1.42.1.0\r\nlibpangocairo-1.0-0.dll\t1.42.1.0\r\nlibgegl-npd-0.4.dll\r\nlibpangoft2-1.0-0.dll\t1.42.1.0\r\nVERSION.dll \t10.0.18362.1\r\nmgwhelp.dll \t0.8.2.0\r\nlibpng16-16.dll\r\nlibexiv2.dll\r\nlibgmodule-2.0-0.dll\t2.56.1.0\r\nlibexpat-1.dll\r\nMSIMG32.dll \t10.0.18362.836\r\nlibgcc_s_seh-1.dll\r\ngdiplus.dll \t10.0.18362.900\r\nCOMCTL32.dll\t5.82.18362.900\r\nWINSPOOL.DRV\t10.0.18362.693\r\nbcrypt.dll  \t10.0.18362.267\r\nDNSAPI.dll  \t10.0.18362.815\r\nNSI.dll     \t10.0.18362.449\r\nIPHLPAPI.DLL\t10.0.18362.1\r\nlibwinpthread-1.dll\t1.0.0.0\r\nlibpcre-1.dll\r\nlibstdc++-6.dll\r\nlibfribidi-0.dll\r\nlibgraphite2.dll\r\ndbghelp.dll \t6.3.9600.17298\r\nPROPSYS.dll \t7.0.18362.815\r\nOLEAUT32.dll\t10.0.18362.900\r\nlibjson-c-3.dll\r\nlibpangowin32-1.0-0.dll\t1.42.1.0\r\nUSP10.dll   \t10.0.18362.476\r\nlibgobject-2.0-0.dll\t2.56.1.0\r\nlibbz2-1.dll\r\nlibiconv-2.dll\t1.15.0.0\r\nlibpixman-1-0.dll\r\nlibatk-1.0-0.dll\t2.28.0.0\r\nlibffi-6.dll\r\nuxtheme.dll \t10.0.18362.449\r\nclbcatq.dll \t2001.12.10941.16384\r\nMSCTF.dll   \t10.0.18362.900\r\ncairo.dll\r\nCIE.dll\r\ndouble.dll\r\nfast-float.dll\r\nfloat.dll\r\ngegl-fixups.dll\r\ngggl-lies.dll\r\ngggl-table-lies.dll\r\ngggl-table.dll\r\ngggl.dll\r\ngimp-8bit.dll\r\ngrey.dll\r\nhalf.dll\r\nHCY.dll\r\nHSL.dll\r\nHSV.dll\r\nnaive-CMYK.dll\r\nsimple.dll\r\nsse-half.dll\r\nsse2-float.dll\r\nsse2-int16.dll\r\nsse2-int8.dll\r\nsse4-int8.dll\r\ntwo-table.dll\r\nu16.dll\r\nu32.dll\r\nycbcr.dll\r\ngegl-core.dll\r\nlibjson-glib-1.0-0.dll\r\nrsaenh.dll  \t10.0.18362.1\r\nCRYPTBASE.dll\t10.0.18362.1\r\nwinhttp.dll \t10.0.18362.778\r\nexr-load.dll\r\nlibIlmImf-2_2.dll\r\nlibHalf-2_2.dll\r\nlibIex-2_2.dll\r\nlibIlmThread-2_2.dll\r\nlibImath-2_2.dll\r\ngegl-common-gpl3.dll\r\ngegl-common.dll\r\njp2-load.dll\r\nlibjasper-4.dll\r\nlibjpeg-8.dll\r\njpg-load.dll\r\npixbuf.dll\r\npng-load.dll\r\nppm-load.dll\r\nraw-load.dll\r\nlibraw-16.dll\r\nlibgomp-1.dll\r\nWSOCK32.dll \t10.0.18362.1\r\nrgbe-load.dll\r\nsvg-load.dll\r\nlibrsvg-2-2.dll\r\nlibcroco-0.6-3.dll\r\nlibxml2-2.dll\r\nliblzma-5.dll\t5.2.3.0\r\ntext.dll\r\ntiff-load.dll\r\nlibtiff-5.dll\r\nwebp-load.dll\r\nlibwebp-7.dll\r\nexr-save.dll\r\njpg-save.dll\r\nnpy-save.dll\r\npng-save.dll\r\nppm-save.dll\r\nrgbe-save.dll\r\nsave-pixbuf.dll\r\ntiff-save.dll\r\nwebp-save.dll\r\nlcms-from-profile.dll\r\nnpd.dll\r\npath.dll\r\ntransformops.dll\r\nvector-fill.dll\r\nvector-stroke.dll\r\ngegl-generated.dll\r\nseamless-clone.dll\r\nlibgegl-sc-0.4.dll\r\nseamless-clone-compose.dll\r\nlibwimp.dll\r\nlibpixmap.dll\r\nlibpixbufloader-png.dll\r\nlibpixbufloader-svg.dll\r\nmscms.dll   \t10.0.18362.836\r\nUSERENV.dll \t10.0.18362.387\r\nColorAdapterClient.dll\t10.0.18362.836\r\nicm32.dll   \t10.0.18362.836\r\nTextInputFramework.dll\t10.0.18362.693\r\nCoreUIComponents.dll\t10.0.18362.207\r\nCoreMessaging.dll\t10.0.18362.836\r\nntmarta.dll \t10.0.18362.1\r\nwintypes.dll\t10.0.18362.900\r\niertutil.dll\t11.0.18362.815\r\nshfolder.dll\t10.0.18362.1\r\nWintab32.dll\t1.0.5.9\r\nSETUPAPI.dll\t10.0.18362.1\r\nWTSAPI32.dll\t10.0.18362.1\r\nHID.DLL     \t10.0.18362.1\r\nMPR.dll     \t10.0.18362.1\r\nWacom_Tablet.dll\t6.3.33.3\r\napphelp.dll \t10.0.18362.1\r\ncomctl32.dll\t6.10.18362.900\r\nWindowsCodecs.dll\t10.0.18362.778\r\nlibpixbufloader-bmp.dll\r\nlibcolor-selector-cmyk.dll\r\nlibcolor-selector-water.dll\r\nlibcolor-selector-wheel.dll\r\nWININET.dll \t11.0.18362.753\r\nSspiCli.dll \t10.0.18362.1\r\nondemandconnroutehelper.dll\t10.0.18362.1\r\nmswsock.dll \t10.0.18362.815\r\nWINNSI.DLL  \t10.0.18362.449\r\nurlmon.dll  \t11.0.18362.815\r\nrasadhlp.dll\t10.0.18362.1\r\nfwpuclnt.dll\t10.0.18362.207\r\nschannel.DLL\t10.0.18362.900\r\nCRYPT32.dll \t10.0.18362.592\r\nMSASN1.dll  \t10.0.18362.1\r\nmskeyprotect.dll\t10.0.18362.1\r\nncrypt.dll  \t10.0.18362.1\r\nNTASN1.dll  \t10.0.18362.1\r\nDPAPI.DLL   \t10.0.18362.1\r\nWINTRUST.dll\t10.0.18362.387\r\ncryptnet.dll\t10.0.18362.1\r\ndhcpcsvc6.DLL\t10.0.18362.815\r\ndhcpcsvc.DLL\t10.0.18362.815\r\nwebio.dll   \t10.0.18362.628\r\nncryptsslp.dll\t10.0.18362.1\r\n\r\nWindows 10.0.18362\r\nDrMingw 0.8.2",
    "YaraRule": [
        "enable_org32",
        "core_keywords"
    ]
}