{
    "scrape_url": "https://scrape.pastebin.com/api_scrape_item.php?i=JwRJafzh",
    "full_url": "https://pastebin.com/JwRJafzh",
    "date": "1594388619",
    "key": "JwRJafzh",
    "size": 2616,
    "expire": "0",
    "title": "dash",
    "syntax": "python",
    "user": "bard356",
    "filename": "JwRJafzh",
    "pasteid": "JwRJafzh",
    "pastesite": "pastebin.com",
    "@timestamp": "2020-07-10T13:43:39",
    "MD5": "4bbc5a514866edd4d353b3c8c0895aa7",
    "SHA256": "1fc2ac9efb8c9c88e6515da9c7e1be6cc92059b46a974ba8083c343291069006",
    "raw_paste": "#!/usr/bin/python\r\n# -*- coding: utf-8 -*-\r\n\r\nimport dash\r\nimport dash_core_components as dcc\r\nimport dash_html_components as html\r\n\r\nimport plotly.graph_objs as go\r\n\r\nimport pandas as pd\r\n\r\n# \u0437\u0430\u0434\u0430\u0451\u043c \u0434\u0430\u043d\u043d\u044b\u0435 \u0434\u043b\u044f \u043e\u0442\u0440\u0438\u0441\u043e\u0432\u043a\u0438\r\nfrom sqlalchemy import create_engine\r\n\r\n# \u043f\u0440\u0438\u043c\u0435\u0440 \u043f\u043e\u0434\u043a\u043b\u044e\u0447\u0435\u043d\u0438\u044f \u043a \u0431\u0430\u0437\u0435 \u0434\u0430\u043d\u043d\u044b\u0445 \u0434\u043b\u044f Postresql\r\n#db_config = {'user': 'my_user',\r\n#             'pwd': 'my_user_password',\r\n#             'host': 'localhost',\r\n#             'port': 5432,\r\n#             'db': 'games'}\r\n#engine = create_engine('postgresql://{}:{}@{}:{}/{}'.format(db_config['user'],\r\n#                                                            db_config['pwd'],\r\n#                                                            db_config['host'],\r\n#                                                            db_config['port'],\r\n#                                                            db_config['db']))\r\n# \u043f\u0440\u0438\u043c\u0435\u0440 \u043f\u043e\u0434\u043a\u043b\u044e\u0447\u0435\u043d\u0438\u044f \u043a \u0431\u0430\u0437\u0435 \u0434\u0430\u043d\u043d\u044b\u0445 \u0434\u043b\u044f Sqlite\r\nengine = create_engine('sqlite:////db/games.db', echo = False)\r\n\r\n# \u043f\u043e\u043b\u0443\u0447\u0430\u0435\u043c \u0441\u044b\u0440\u044b\u0435 \u0434\u0430\u043d\u043d\u044b\u0435\r\nquery = '''\r\n            SELECT * FROM data_raw\r\n        '''\r\ngames_raw = pd.io.sql.read_sql(query, con = engine)\r\n\r\n# \u0444\u043e\u0440\u043c\u0438\u0440\u0443\u0435\u043c \u0434\u0430\u043d\u043d\u044b\u0435 \u0434\u043b\u044f \u043e\u0442\u0447\u0451\u0442\u0430\r\ngames_grouped = (games_raw.groupby(['genre'])\r\n                          .agg({'name': 'nunique'})\r\n                          .rename(columns = {'name': 'games_launched'})\r\n                          .reset_index()\r\n                )\r\ngames_grouped = games_grouped.sort_values(by=['games_launched'],ascending=False) # \u043d\u0430\u043f\u0438\u0448\u0438\u0442\u0435 \u043a\u043e\u0434\r\n\r\n# \u0444\u043e\u0440\u043c\u0438\u0440\u0443\u0435\u043c \u043f\u043e\u0434\u043f\u0438\u0441\u0438\r\ngames_grouped['label'] = games_grouped.apply(lambda x: '{} \u0438\u0433\u0440'.format(x['games_launched']), axis = 1)\r\n\r\n# \u0444\u043e\u0440\u043c\u0438\u0440\u0443\u0435\u043c \u0433\u0440\u0430\u0444\u0438\u043a\u0438 \u0434\u043b\u044f \u043e\u0442\u0440\u0438\u0441\u043e\u0432\u043a\u0438\r\ndata = [go\u2026.(x = games_grouped['genre'],\r\n               y = games_grouped['games_launched'],\r\n               text = games_grouped['label'], # \u043d\u0430\u043f\u0438\u0448\u0438\u0442\u0435 \u043a\u043e\u0434\r\n               textposition = 'auto',               \r\n               name = 'games_launched')]\r\n\r\n# \u0437\u0430\u0434\u0430\u0451\u043c \u043b\u0435\u0439\u0430\u0443\u0442\r\nexternal_stylesheets = ['https://codepen.io/chriddyp/pen/bWLwgP.css']\r\napp = dash.Dash(__name__, external_stylesheets=external_stylesheets,compress=False)\r\napp.layout = html.Div(children=[  \r\n    \r\n    # \u0444\u043e\u0440\u043c\u0438\u0440\u0443\u0435\u043c \u0437\u0430\u0433\u043e\u043b\u043e\u0432\u043e\u043a \u0442\u0435\u0433\u043e\u043c HTML\r\n    html.H1(children = '\u0412\u044b\u043f\u0443\u0441\u043a \u0438\u0433\u0440 \u043f\u043e \u0436\u0430\u043d\u0440\u0430\u043c'),\r\n\r\n    dcc.Graph(\r\n        figure = {'data': data,\r\n                  'layout': go.Layout(xaxis = {'title': '\u0416\u0430\u043d\u0440'},\r\n                                      yaxis = {'title': '\u0412\u044b\u043f\u0443\u0449\u0435\u043d\u043d\u044b\u0435 \u0438\u0433\u0440\u044b'})\r\n                 },\r\n        id = 'launches_by_genre' # \u043d\u0430\u043f\u0438\u0448\u0438\u0442\u0435 \u043a\u043e\u0434\r\n    ),         \r\n \r\n])\r\n\r\n# \u043e\u043f\u0438\u0441\u044b\u0432\u0430\u0435\u043c \u043b\u043e\u0433\u0438\u043a\u0443 \u0434\u0430\u0448\u0431\u043e\u0440\u0434\u0430\r\nif __name__ == '__main__':\r\n    app.run_server(host='0.0.0.0', port=3000)",
    "YaraRule": [
        "db_connection"
    ]
}