{
    "scrape_url": "https://scrape.pastebin.com/api_scrape_item.php?i=mUDYCDef",
    "full_url": "https://pastebin.com/mUDYCDef",
    "date": "1594315610",
    "key": "mUDYCDef",
    "size": 87,
    "expire": "0",
    "title": "tunelMining.lua",
    "syntax": "lua",
    "user": "",
    "filename": "mUDYCDef",
    "pasteid": "mUDYCDef",
    "pastesite": "pastebin.com",
    "@timestamp": "2020-07-09T17:26:50",
    "MD5": "bec54a47c37abb2d06c528c78b5201aa",
    "SHA256": "e5f5c780be52fdb692a54bdf180a37566d93fa330ca641c54bc62926c5f60e3f",
    "raw_paste": "for powtorzenie=1,62 do\r\n    turtle.digDown()\r\n    turtle.down()\r\n    turtle.dig()\r\nend",
    "YaraRule": [
        "enable_org32",
        "core_keywords"
    ]
}