{
    "scrape_url": "https://scrape.pastebin.com/api_scrape_item.php?i=MWSMAgxm",
    "full_url": "https://pastebin.com/MWSMAgxm",
    "date": "1594392174",
    "key": "MWSMAgxm",
    "size": 6011,
    "expire": "0",
    "title": "dfghjkljkh",
    "syntax": "json",
    "user": "Khalifff",
    "filename": "MWSMAgxm",
    "pasteid": "MWSMAgxm",
    "pastesite": "pastebin.com",
    "@timestamp": "2020-07-10T14:42:54",
    "MD5": "d763b99d51b8fb23c28fa1b8adba549e",
    "SHA256": "b564574f6d949f40660ab44ade9402207437ce19c29702d80ba6168580a15d27",
    "raw_paste": "{\r\n\r\n  \"More\":\r\n  [\r\n    {\r\n      \"id\":1,\r\n      \"judul\":\"Research Tools\",\r\n      \"image\":\"https://lh3.googleusercontent.com/_-QVPJK1Wa0m17Rltqiua4-9T0VAavzw04ut0U0EYpU_4EKRt5GcdnxmaE1B1kRCMQ=s180-rw\",\r\n      \"link\":\"https://play.google.com/store/apps/details?id=com.findbestjournal.book\"\r\n    },\r\n    {\r\n      \"id\":2,\r\n      \"judul\":\"Effortless English Podcast Free\",\r\n      \"image\":\"https://lh3.googleusercontent.com/GHaTba3bmQhS2sfn_IILu9MhsxicoBjN1LtmHDU98YJdUyW0Nyx-BmbISQwrE6-OSDs1=s180-rw\",\r\n      \"link\":\"https://play.google.com/store/apps/details?id=com.effortlessenglish.podcast\"\r\n    },\r\n    {\r\n      \"id\":3,\r\n      \"judul\":\"Surfshark Urban VPN\",\r\n      \"image\":\"https://lh3.googleusercontent.com/fSu1IXoapqj3vqKqep47tgCyJRl0OW5pTr1jIIlgzU8O2GXlM4lUI5VUa-0JzzltMQo=s180-rw\",\r\n      \"link\":\"https://play.google.com/store/apps/details?id=com.Genon.SurfsharkUrbanVPN\"\r\n    }\r\n  ],\r\n\r\n  \"Categories\": [\r\n    {\r\n      \"id\": 1,\r\n      \"nama_cat\": \"Tutorial 1 - 4\",\r\n      \"gambar\": \"https://1.bp.blogspot.com/-Gi5QgrmzoSg/Xwh8gnJ488I/AAAAAAAABBE/sjx-LAAnND8rAP84CU_bD8CfrrMlZ_FNwCLcBGAsYHQ/s1600/Tutoria%2B1%2B-%2B4.png\"\r\n\r\n    },\r\n    {\r\n      \"id\": 2,\r\n      \"nama_cat\": \"Tutorial 5 - 9\",\r\n      \"gambar\": \"https://1.bp.blogspot.com/-5ZOwyCH8rUk/Xwh8svfUFcI/AAAAAAAABBI/re1rjS2qM5YMmGq80q0evm9Z5H6v9gfVgCLcBGAsYHQ/s1600/Tutoria%2B5%2B-%2B9.png\"\r\n\r\n    }\r\n\r\n  ],\r\n\r\n  \"Data\":\r\n  [\r\n    {\r\n      \"id\":9,\r\n      \"id_guide\":\"009\",\r\n      \"nama_cat\":\"Tutorial 1 - 4\",\r\n      \"judul\":\"Cara Mengganti Huruf Menjadi Tebal dan Miring\",\r\n      \"image\":\"https://1.bp.blogspot.com/-Q0CbYVCl4Jk/XwhtdLHXtPI/AAAAAAAAA_0/B_gqk0rt57EyCxoIbW0mGncS-Wh7yjFJACLcBGAsYHQ/s1600/1%2Bgantihuruf%2Bjd%2Btebal%2Bdan%2Bmiring.png\",\r\n      \"link\":\"https://effortlessenglish001.blogspot.com/2020/07/cara-mengganti-tema-wa-jadi-tebal-dan_4.html\",\r\n      \"deskripsi\":\"Pengguna WhatsApp bisa melakukan formatting text atau customize format huruf.\"\r\n    },\r\n    {\r\n      \"id\":8,\r\n      \"id_guide\":\"008\",\r\n      \"nama_cat\":\"Tutorial 1 - 4\",\r\n      \"judul\":\"Cara Membuat dan Mengirimkan Tulisan Chat WA Berwarna\",\r\n      \"image\":\"https://1.bp.blogspot.com/-eL2BlEH1aAw/XwhttjGKP-I/AAAAAAAAA_8/R35tbBH5_AkHy3OgnmoVbEK4QRznmPCQQCLcBGAsYHQ/s1600/2%2Bcara%2Bmembuat%2Bdan%2Bmengirimkan%2Btulisan%2Bchat%2BWA%2Bberwarna.png\",\r\n      \"link\":\"https://effortlessenglish001.blogspot.com/2020/07/merubah-warna-tulisan.html\",\r\n      \"deskripsi\":\"3 cara untuk merubah warna pada tulisan WhatsApp.\"\r\n    },\r\n    {\r\n      \"id\":7,\r\n      \"id_guide\":\"007\",\r\n      \"nama_cat\":\"Tutorial 1 - 4\",\r\n      \"judul\":\"Cara Mengganti Tema WA Tanpa Aplikasi\",\r\n      \"image\":\"https://1.bp.blogspot.com/-_6O5TD5aLYA/XwhuQ6Eae-I/AAAAAAAABAE/VT-zwP8csi0aC8Bvr_OFvFmSsV2zM-6swCLcBGAsYHQ/s1600/3%2Bganti%2Btema%2Btanpa%2Baplikasi.png\",\r\n      \"link\":\"https://effortlessenglish001.blogspot.com/2020/07/mengganti-tema-wa-tanpa-aplikasi.html\",\r\n      \"deskripsi\":\"Tutorial cara mengganti tema WhatsApp tanpa aplikasi.\"\r\n    },\r\n\r\n    {\r\n      \"id\":6,\r\n      \"id_guide\":\"006\",\r\n      \"nama_cat\":\"Tutorial 5 - 9\",\r\n      \"judul\":\"Cara Mengganti Tema WA Dengan Aplikasi\",\r\n      \"image\":\"https://1.bp.blogspot.com/-eVFQdO-lym0/XwhuaR4ILQI/AAAAAAAABAI/SdZVLCOHINQU0LqpKIzQPVWFbMyFaZyJgCLcBGAsYHQ/s1600/4%2Bganti%2Btema%2Bdengan%2Bapp.png\",\r\n      \"link\":\"https://effortlessenglish001.blogspot.com/2020/07/cara-mengganti-tema-wa-dengan-gbwhatsapp.html\",\r\n      \"deskripsi\":\"Cara mengubah tema Whatsapp dengan GBWhatsapp.\"\r\n    },\r\n    {\r\n      \"id\":5,\r\n      \"id_guide\":\"005\",\r\n      \"nama_cat\":\"Tutorial 5 - 9\",\r\n      \"judul\":\"Cara Merubah Gelembung Chat WA Tanpa Aplikasi\",\r\n      \"image\":\"https://1.bp.blogspot.com/-Qz3WCLv9q9Q/Xwhuj9vDofI/AAAAAAAABAQ/ygwRErhavJwy-x8IXUobpNxeY62raq0hACLcBGAsYHQ/s1600/5%2Bmerubah%2Bgelembung%2Btanpa%2Bapp.png\",\r\n      \"link\":\"https://effortlessenglish001.blogspot.com/2020/07/mengubah-tema-gelembung-tanpa-aplikasi.html\",\r\n      \"deskripsi\":\"Mengubah tema gelembung chat whatsapp dengan pengaturan tema\"\r\n    },\r\n    {\r\n      \"id\":4,\r\n      \"id_guide\":\"004\",\r\n      \"nama_cat\":\"Tutorial 5 - 9\",\r\n      \"judul\":\"Cara Merubah Gelembung Chat WA Dengan Aplikasi\",\r\n      \"image\":\"https://1.bp.blogspot.com/-XbPGzuZxoR4/XwhuuJLDt4I/AAAAAAAABAU/v7cee8xwexY1EP0mGyscj8FTEcFH5DzfACLcBGAsYHQ/s1600/6%2Bmerubah%2Bgelembung%2Bdgn%2Bapp.png\",\r\n      \"link\":\"https://effortlessenglish001.blogspot.com/2020/07/cara-mengganti-style-gelembung-chat.html\",\r\n      \"deskripsi\":\"Mengubah tema gelembung chat whatsapp dengan WhatsBubble\"\r\n    },\r\n    {\r\n      \"id\":3,\r\n      \"id_guide\":\"003\",\r\n      \"nama_cat\":\"Tutorial 5 - 9\",\r\n      \"judul\":\"Cara Merubah Font Chat WA\",\r\n      \"image\":\"https://1.bp.blogspot.com/-yvhXuu3un6I/XwhwdrLHKyI/AAAAAAAABAo/lUqhBJ52c9odxUb8p1QokjDREy58VLBVQCLcBGAsYHQ/s1600/7%2Bcara%2Bmerubah%2Bfont%2BWA.png\",\r\n      \"link\":\"https://effortlessenglish001.blogspot.com/2020/07/cara-merubah-font-wa.html\",\r\n      \"deskripsi\":\"Cara mudah mengganti warna dan font style WhatsApp.\"\r\n\r\n    },\r\n    {\r\n      \"id\":2,\r\n      \"id_guide\":\"002\",\r\n      \"nama_cat\":\"Tutorial 5 - 9\",\r\n      \"judul\":\"Cara Menyembunyikan Centang Biru Chat WA\",\r\n      \"image\":\"https://1.bp.blogspot.com/-H9yNorJf2Ag/XwhxZsNNAYI/AAAAAAAABAw/DXOeZRr06183yuW5Owe7L4gXU1tAl2e_ACLcBGAsYHQ/s1600/8%2Bsembunyikan%2Bcentang%2Bbiru.png\",\r\n      \"link\":\"https://effortlessenglish001.blogspot.com/2020/07/cara-menyembunyikan-centang-biru-di-wa.html\",\r\n      \"deskripsi\":\"Cara sederhana mematikan centang biru di WhatsApp.\"\r\n\r\n    },\r\n    {\r\n      \"id\":1,\r\n      \"id_guide\":\"001\",\r\n      \"nama_cat\":\"Tutorial 5 - 9\",\r\n      \"judul\":\"Cara Cloning WA Agar Dapat Menggunakan 2 Akun di HP\",\r\n      \"image\":\"https://1.bp.blogspot.com/-nseyNrPtyA8/Xwhxj18VL7I/AAAAAAAABA0/DvKDtO3MwLg_p0mowR3n5I2Uk03ea2cmgCLcBGAsYHQ/s1600/9%2Bcloning.png\",\r\n      \"link\":\"https://effortlessenglish001.blogspot.com/2020/07/cara-kloning-whatsapp-agar-bisa.html\",\r\n      \"deskripsi\":\"Fitur dual apps yang memungkinkan kita melakukan clone app tanpa harus menginstall aplikasi tambahan.\"\r\n    }\r\n\r\n  ]\r\n}",
    "YaraRule": [
        "enable_org32",
        "core_keywords"
    ]
}