{
    "scrape_url": "https://scrape.pastebin.com/api_scrape_item.php?i=nGYLuLY0",
    "full_url": "https://pastebin.com/nGYLuLY0",
    "date": "1594231388",
    "key": "nGYLuLY0",
    "size": 883,
    "expire": "0",
    "title": "side",
    "syntax": "lua",
    "user": "",
    "filename": "nGYLuLY0",
    "pasteid": "nGYLuLY0",
    "pastesite": "pastebin.com",
    "@timestamp": "2020-07-08T18:03:08",
    "MD5": "4c1a0c19f39f5d26351c0dc46c4749e6",
    "SHA256": "ebe30895b083feeebc2c170f1ad30074bfca2b611b944b2dc7f25c8e070d8b38",
    "raw_paste": "function pf(sn)\r\n  turtle.select(sn)\r\n  turtle.place()\r\nend\r\nfunction pd(s)\r\n  turtle.select(s)\r\n  turtle.placeDown()\r\nend\r\nfunction sk(s)\r\n  turtle.select(s)\r\n  turtle.suck()\r\nend\r\nfunction f()\r\n  turtle.forward()\r\nend\r\nfunction u()\r\n  turtle.up()\r\nend\r\nfunction d()\r\n  turtle.down()\r\nend\r\nfunction r()\r\n  turtle.turnRight()\r\nend\r\nfunction l()\r\n  turtle.turnLeft()\r\nend\r\nfunction dg(s)\r\n  turtle.select(s)\r\n  turtle.dig()\r\nend\r\nfunction rf()\r\n  pf(1)\r\n  sk(16)\r\n  turtle.refuel()\r\n  sk(15)\r\n  turtle.refuel()\r\n  sk(14)\r\n  turtle.refuel()\r\n  dg(1)\r\nend\r\nfunction lm()\r\n  pd(2)\r\n  u()\r\n  pd(3)\r\n  f()\r\n  d()\r\nend\r\nfunction first()\r\n  for a=1,62 do \r\n    f()\r\n  end\r\nend\r\nfunction second()\r\n  f()\r\n  f()\r\nend\r\nrf()\r\nfunction set()\r\n  lm()\r\n  first()\r\n  lm()\r\n  second()\r\n  lm()\r\n  first()\r\n  lm()\r\n  second()\r\nend\r\nfunction multiple()\r\n  for a=1,8 do\r\n    set()\r\n  end\r\nend\r\nmultiple()",
    "YaraRule": [
        "enable_org32",
        "core_keywords"
    ]
}