{
    "scrape_url": "https://scrape.pastebin.com/api_scrape_item.php?i=NhXS95WM",
    "full_url": "https://pastebin.com/NhXS95WM",
    "date": "1594402420",
    "key": "NhXS95WM",
    "size": 8493,
    "expire": "0",
    "title": "",
    "syntax": "html5",
    "user": "",
    "filename": "NhXS95WM",
    "pasteid": "NhXS95WM",
    "pastesite": "pastebin.com",
    "@timestamp": "2020-07-10T17:33:40",
    "MD5": "30780b39e1ce9ad7498a88867ec7dd0d",
    "SHA256": "b55741c2632b61221e3461ea7648499dd13689305aca223e9584a917f6844f7e",
    "raw_paste": "<!DOCTYPE html>\r\n<html lang=\"fr\">\r\n<head>\r\n    <meta charset=\"UTF-8\">\r\n    <meta name=\"viewport\" content=\"width=device-width, initial-scale=1.0\">\r\n    <title>Formulaire d'inscription</title>\r\n    <!-- importer les fichers de css en faisant appel aux liens -->\r\n    <script\r\n        src=\"https://kit.fontawesome.com/774d5df828.js\"\r\n        crossorigin=\"anonymous\"\r\n    ></script>\r\n    <link\r\n        href=\"https://fonts.googleapis.com/css2?family=Nunito:wght@900&display=swap\"\r\n        rel=\"stylesheet\"\r\n    />\r\n    <link rel=\"stylesheet\" href=\"https://fonts.googleapis.com/css2?family=Saira+Condensed:wght@500&display=swap\">\r\n    <link rel=\"stylesheet\" href=\"http://localhost/PFE/css/base.css\">\r\n    <link rel=\"stylesheet\" href=\"http://localhost/PFE/css/header.css\">\r\n    <link rel=\"stylesheet\" href=\"http://localhost/PFE/css/form.css\">\r\n    <style>\r\n        .form_label {\r\n            display: block;\r\n\r\n            font-weight: bold;\r\n        }\r\n    </style>\r\n</head>\r\n<body>\r\n\r\n<div class=\"header header_otherpage\">\r\n    <div class=\"header__texture\"></div>\r\n\r\n    <div class=\"header__mask\">\r\n        <svg\r\n            width=\"100%\"\r\n            height=\"100%\"\r\n            viewbox=\"0 0 100 100\"\r\n            preserveAspectRatio=\"none\"\r\n        >\r\n            <path\r\n                d=\"M0 100 L 0 0 C 25 100 75 100 100 0 L 100 100\"\r\n                fill=\"#fff\"\r\n            ></path>\r\n        </svg>\r\n    </div>\r\n\r\n    <div class=\"container\">\r\n        <div class=\"header__navbar\">\r\n            <div class=\"header__navbar--logo\">\r\n                <img\r\n                    class=\"mb-4\"\r\n                    src=\"image/photo.jpg\"\r\n                    alt=\"\"\r\n                    width=\"80\"\r\n                    height=\"80\"\r\n                />\r\n            </div>\r\n\r\n            <div class=\"header__navbar--menu\">\r\n                <a href=\"\" class=\"header__navbar--menu-link\"\r\n                    ><i class=\"fas fa-home\"></i> Acceuil</a\r\n                >\r\n                <a\r\n                    href=\"/connexion.html\"\r\n                    class=\"header__navbar--menu-link\"\r\n                >\r\n                    <i class=\"fas fa-sign-in-alt\"></i> Se connecter</a\r\n                >\r\n                <a href=\"\" class=\"header__navbar--menu-link\">\r\n                    <i class=\"fas fa-phone\"></i> Contact</a\r\n                >\r\n            </div>\r\n        </div>\r\n\r\n        <div class=\"header__slogan\">\r\n            <h1 class=\"h__slogan--title\">\r\n                Bienvenue Dans Le Centre M\u00e9dical De SONATRACH\r\n            </h1>\r\n        </div>\r\n    </div>\r\n</div>\r\n\r\n<div class=\"container\">\r\n    <div class=\"form\">\r\n        <div class=\"form-titre\">Cr\u00e9ation</div>\r\n\r\n        <form class=\"form_inner\">\r\n            <div class=\"form_ligne\">\r\n                <div class=\"form_block\">\r\n                    <label for=\"field-nom\" class=\"form_label\">Nom</label> <!-- Utilisez des labels au lieu d'autre balise pour les libell\u00e9s des champs, en utilisant l'attribut d\u00e8s que vous cliquez sur un \u00e9lement le navigateur mettera le curseur sur l'\u00e9lement avec le ID correspondant -->\r\n\r\n                    <input type=\"text\" name=\"nom\" id=\"field-nom\" class=\"form_input\" minlength=\"3\" required>\r\n                </div>\r\n\r\n                <div class=\"form_block\">\r\n                    <label for=\"field-prenom\" class=\"form_label\">Pr\u00e9nom</label>\r\n\r\n                    <input type=\"text\" name=\"prenom\" id=\"field-prenom\" class=\"form_input\" minlength=\"3\" required>\r\n                </div>\r\n            </div>\r\n\r\n            <div class=\"form_ligne\">\r\n                <div class=\"form_block\">\r\n                    <label for=\"field-sexe\" class=\"form_label\">Sexe</label>\r\n\r\n                    <select class=\"form_input\" name=\"sexe\" id=\"field-sexe\" required>\r\n                        <option value=\"\">Choisissez</option>\r\n                        <option value=\"F\u00e9minin\">F\u00e9minin</option>\r\n                        <option value=\"Masculin\">Masculin</option>\r\n                    </select>\r\n                </div>\r\n\r\n                <div class=\"form_block\">\r\n                    <label for=\"field-daten\" class=\"form_label\">Date de naissance</label>\r\n\r\n                    <input type=\"date\" name=\"daten\" id=\"field-daten\" class=\"form_input\" required>\r\n                </div>\r\n            </div>\r\n\r\n            <div class=\"form_ligne\">\r\n                <div class=\"form_block\">\r\n                    <label id=\"field-email\" class=\"form_label\">E-mail</label>\r\n\r\n                    <input type=\"email\" name=\"email\" id=\"field-email\" class=\"form_input\" required>\r\n                </div>\r\n            </div>\r\n\r\n            <div class=\"form_ligne\">\r\n                <div class=\"form_block\">\r\n                    <label for=\"field-type-p\" class=\"form_label\">Type</label>\r\n\r\n                    <select class=\"form_input\" name=\"type_p\" id=\"field-type-p\" required>\r\n                        <option value=\"\">Choisissez</option>\r\n                        <option value=\"Admin\">Admin</option>\r\n                        <option value=\"M\u00e9decin\">M\u00e9decin</option>\r\n                        <option value=\"Assistant m\u00e9dical\">Assistant m\u00e9dical</option>\r\n                    </select>\r\n                </div>\r\n\r\n                <div id=\"container-specialite\" class=\"form_block\">\r\n                    <label id=\"field-specialite\" class=\"form_label\">Specialit\u00e9</label>\r\n\r\n                    <input type=\"text\" name=\"specialite\" id=\"field-specialite\" class=\"form_input\" required>\r\n                </div>\r\n            </div>\r\n\r\n            <div class=\"form_ligne\">\r\n                <div class=\"form_block\">\r\n                    <label for=\"field-mdp\" class=\"form_label\">Mot de passe</label>\r\n\r\n                    <input type=\"password\" name=\"mdp\" id=\"field-mdp\" class=\"form_input\" minlength=\"5\" required>\r\n                </div>\r\n\r\n                <div class=\"form_block\">\r\n                    <label for=\"field-mdpc\" class=\"form_label\">Confirmer mot de passe</label>\r\n\r\n                    <input type=\"password\" name=\"mdpc\" id=\"field-mdpc\" class=\"form_input\" minlength=\"5\" required>\r\n                </div>\r\n            </div>\r\n\r\n            <button type=\"submit\" name=\"submit\" class=\"btn\">S'inscrire</button>\r\n        </form>\r\n    </div>\r\n</div>\r\n\r\n<!-- On charge la librarie jQuery pour nous facilier les manipulations en javascript -->\r\n<script src=\"https://ajax.googleapis.com/ajax/libs/jquery/3.5.1/jquery.min.js\"></script>\r\n<script>\r\n/*\r\n\r\nRemarques:\r\n- Ne laissez pas les commentaires que je vous ai fait dans votre code que vous allez utiliser,\r\n    c'est beaucoup plus pour vous expliquer le fonctionnement et faire des remarques\r\n- De pr\u00e9f\u00e9rences toujours ajouter l'attribut ID sur les champs et les \u00e9l\u00e9ments (div par exemple), sur lesquels\r\n    vous voulez faire des traitements javascript, bien entendu cet ID doit \u00eatre unique pour chaque \u00e9lement\r\n- En javascript il faut savoir que tout est objet, donc il faut comprendre la programmation orient\u00e9e objet\r\n\r\nLorsqu'on utilise jQuery on doit toujours mettre notre code entre les guillemets suivantes:\r\n\r\n(function($){ // Ouveture\r\n\r\n    // Notre code doit \u00eatre ICI\r\n    // le $ est un raccourci pour la variable jQuery, celle-ci est disponible une fois le script charg\u00e9\r\n\r\n})(jQuery); // Fermeture\r\n\r\n*/\r\n(function($){\r\n\r\n    // Donc avec la fonction 'on' on ajoute un observateur sur le champ s\u00e9l\u00e9ctionn\u00e9 pr\u00e9cedemment\r\n    // On ajoute en param\u00e8tre 'change' pour observer seulement l'evenement 'change' - changement de valeur\r\n    $(\"#field-type-p\").on('change', function(e){\r\n\r\n        if (e.target.value == \"M\u00e9decin\") { // On r\u00e9cup\u00e8re la valeur du champ \u00e0 l'aide du param\u00e8tre e\r\n            $(\"#container-specialite\").show().find(':text').removeAttr('disabled');\r\n            // On Affiche la div qui contient notre champ sp\u00e9cialit\u00e9 dans le cas o\u00f9 la valeur est 'M\u00e9decin'\r\n            // On retir l'attribut disabled du champ sp\u00e9cialit\u00e9\r\n        } else {\r\n            $(\"#container-specialite\").hide().find(':text').attr('disabled', true);\r\n            // Dans le cas contraire on masque la div qui contient le champ sp\u00e9cialit\u00e9\r\n            // On ajoute un attribut disabled sur le champ sp\u00e9cialit\u00e9, pour que ce dernier\r\n            // Soit ignor\u00e9 lors de l'envoie du formulaire\r\n        }\r\n\r\n    }).trigger('change'); // On simule un changement avec la fonction 'trigger' et le param\u00e8tre 'change'\r\n    // Dans le cas o\u00f9 une valeur est d\u00e9j\u00e0 pr\u00e9sente dans le champ sp\u00e9cialit\u00e9 pour effectuer les op\u00e9ration\r\n    // Que nous avons programm\u00e9\r\n\r\n})(jQuery);\r\n</script>\r\n\r\n</body>\r\n</html>",
    "YaraRule": [
        "db_connection"
    ]
}