{
    "scrape_url": "https://scrape.pastebin.com/api_scrape_item.php?i=NNd8zE88",
    "full_url": "https://pastebin.com/NNd8zE88",
    "date": "1594222981",
    "key": "NNd8zE88",
    "size": 50326,
    "expire": "0",
    "title": "MiningTurtle",
    "syntax": "lua",
    "user": "Rusty_6159",
    "filename": "NNd8zE88",
    "pasteid": "NNd8zE88",
    "pastesite": "pastebin.com",
    "@timestamp": "2020-07-08T15:43:01",
    "MD5": "76f93a19cdbd81c7322ae529aa27153b",
    "SHA256": "71a0a1c2355886e7bbb6afd581adf2baf06ffef30a15e9b061a3e1b9d6ee0c00",
    "raw_paste": "-- Enumeration to store the the different types of message that can be written\r\nmessageLevel = { DEBUG=0, INFO=1, WARNING=2, ERROR=3, FATAL=4 }\r\n\r\n-- Enumeration to store names for the 6 directions\r\ndirection = { FORWARD=0, RIGHT=1, BACK=2, LEFT=3, UP=4, DOWN=5 }\r\n\r\nlocal messageOutputLevel = messageLevel.INFO\r\nlocal fuelLevelToRefuelAt = 5\r\nlocal refuelItemsToUseWhenRefuelling = 63\r\nlocal emergencyFuelToRetain = 0\r\nlocal maximumGravelStackSupported = 25 -- The number of stacked gravel or sand blocks supported\r\nlocal noiseBlocksCount\r\nlocal bottomLayer = 5 -- The y co-ords of the layer immediately above bedrock\r\nlocal returningToStart = false\r\nlocal lookForChests = false -- Determines if chests should be located as part of the quarrying\r\nlocal miningOffset -- The offset to the mining layer. This is set depending on whether chests are being looked for or not\r\nlocal lastEmptySlot -- The last inventory slot that was empty when the program started (is either 15 if not looking for chests or 14 if we are)\r\nlocal turtleId\r\nlocal currentlySelectedSlot = 0 -- The slot that the last noise block was found in\r\nlocal lastMoveNeededDig = true -- Determines whether the last move needed a dig first\r\nlocal haveBeenAtZeroZeroOnLayer -- Determines whether the turtle has been at (0, 0) in this mining layer\r\nlocal orientationAtZeroZero -- The turtle's orientation when it was at (0, 0)\r\nlocal levelToReturnTo -- The level that the turtle should return to in order to head back to the start to unload\r\n\r\n-- Variables to store the current location and orientation of the turtle. x is right, left, y is up, down and\r\n-- z is forward, back with relation to the starting orientation. Y is the actual turtle level, x and z are\r\n-- in relation to the starting point (i.e. the starting point is (0, 0))\r\nlocal currX\r\nlocal currY\r\nlocal currZ\r\nlocal currOrient\r\n\r\n-- Command line parameters\r\nlocal startHeight -- Represents the height (y co-ord) that the turtle started at\r\nlocal quarryWidth -- Represents the length of the mines that the turtle will dig\r\n\r\n-- ********************************************************************************** --\r\n-- Writes an output message\r\n-- ********************************************************************************** --\r\nfunction writeMessage(message, msgLevel)\r\n  if (msgLevel >= messageOutputLevel) then\r\n        print(message)\r\n        if (turtleId == nil) then\r\n          rednet.broadcast(message)\r\n        else\r\n          -- Broadcast the message (prefixed with the turtle's id)\r\n          rednet.broadcast(\"[\".. turtleId..\"] \"..message)\r\n        end\r\n  end\r\nend\r\n\r\n-- ********************************************************************************** --\r\n-- Ensures that the turtle has fuel\r\n-- ********************************************************************************** --\r\nfunction ensureFuel()\r\n\r\n  -- Determine whether a refuel is required\r\n  local fuelLevel = turtle.getFuelLevel()\r\n  if (fuelLevel ~= \"unlimited\") then\r\n        if (fuelLevel < fuelLevelToRefuelAt) then\r\n          -- Need to refuel\r\n          turtle.select(16)\r\n          currentlySelectedSlot = 16\r\n          local fuelItems = turtle.getItemCount(16)\r\n\r\n          -- Do we need to impact the emergency fuel to continue? (always  \r\n          -- keep one fuel item in slot 16)\r\n          if (fuelItems == 0) then\r\n                writeMessage(\"Completely out of fuel!\", messageLevel.FATAL)\r\n          elseif (fuelItems == 1) then\r\n                writeMessage(\"Out of Fuel!\", messageLevel.ERROR)\r\n                turtle.refuel()\r\n          elseif (fuelItems <= (emergencyFuelToRetain + 1)) then\r\n                writeMessage(\"Consuming emergency fuel supply. \"..(fuelItems - 2)..\" emergency fuel items remain\", messageLevel.WARNING)\r\n                turtle.refuel(1)\r\n          else\r\n                -- Refuel the lesser of the refuelItemsToUseWhenRefuelling and the number of items more than\r\n                -- the emergency fuel level\r\n                if (fuelItems - (emergencyFuelToRetain + 1) < refuelItemsToUseWhenRefuelling) then\r\n                  turtle.refuel(fuelItems - (emergencyFuelToRetain + 1))\r\n                else\r\n                  turtle.refuel(refuelItemsToUseWhenRefuelling)\r\n                end\r\n          end\r\n        end\r\n  end\r\nend             \r\n\r\n-- ********************************************************************************** --\r\n-- Checks that the turtle has inventory space by checking for spare slots and returning\r\n-- to the starting point to empty out if it doesn't.\r\n--\r\n-- Takes the position required to move to in order to empty the turtle's inventory\r\n-- should it be full as arguments\r\n-- ********************************************************************************** --\r\nfunction ensureInventorySpace()\r\n\r\n  -- If already returning to start, then don't need to do anything\r\n  if (returningToStart == false) then\r\n\r\n        -- If the last inventory slot is full, then need to return to the start and empty\r\n        if (turtle.getItemCount(lastEmptySlot) > 0) then\r\n\r\n          -- Return to the starting point and empty the inventory, then go back to mining\r\n          returnToStartAndUnload(true)\r\n        end\r\n  end\r\nend\r\n\r\n-- ********************************************************************************** --\r\n-- Function that is called when the turtle has returned to the start in order to\r\n-- empty its inventory into the chest and also pick up any fuel that is\r\n-- available\r\n-- ********************************************************************************** --\r\nfunction emptyInventory()\r\n\r\n  local slotLoop = 1\r\n\r\n  -- Face the chest\r\n  turtleSetOrientation(direction.BACK)\r\n\r\n  -- Loop over each of the slots (except the 16th one which stores fuel)\r\n  while (slotLoop < 16) do\r\n        -- If this is one of the slots that contains a noise block, empty all blocks except\r\n        -- one\r\n        turtle.select(slotLoop) -- Don't bother updating selected slot variable as it will set later in this function\r\n        if ((slotLoop <= noiseBlocksCount) or ((slotLoop == 15) and (lookForChests == true))) then\r\n          turtle.drop(turtle.getItemCount(slotLoop) - 1)\r\n        else\r\n          -- Not a noise block, drop all of the items in this slot\r\n          turtle.drop()\r\n        end\r\n\r\n        slotLoop = slotLoop + 1\r\n  end\r\n\r\n  -- While we are here, refill the fuel items\r\n  turtleSetOrientation(direction.LEFT)\r\n  turtle.select(16) -- Don't bother updating selected slot variable as it will set later in this function\r\n  local currFuelItems = turtle.getItemCount(16)\r\n  turtle.suck()\r\n  while ((currFuelItems ~= turtle.getItemCount(16)) and (turtle.getItemCount(16) < 64)) do\r\n        currFuelItems = turtle.getItemCount(16)\r\n        turtle.suck()\r\n  end\r\n\r\n  slotLoop = noiseBlocksCount + 1\r\n  -- Have now picked up all the items that we can. If we have also picked up some\r\n  -- additional fuel in some of the other slots, then drop it again\r\n  while (slotLoop < lastEmptySlot) do\r\n        -- Drop any items found in this slot\r\n        turtle.select(slotLoop) -- Don't bother updating selected slot variable as it will set later in this function\r\n        turtle.drop()\r\n        slotLoop = slotLoop + 1\r\n  end\r\n\r\n  -- Select the 1st slot because sometimes when leaving the 15th or 16th slots selected it can result\r\n  -- in that slot being immediately filled (resulting in the turtle returning to base again too soon)\r\n  turtle.select(1)\r\n  currentlySelectedSlot = 1\r\nend\r\n\r\n-- ********************************************************************************** --\r\n-- Function to move to the starting point, call a function that is passed in\r\n-- and return to the same location (if required)\r\n-- ********************************************************************************** --\r\nfunction returnToStartAndUnload(returnBackToMiningPoint)\r\n\r\n  writeMessage(\"returnToStartAndUnload called\", messageLevel.DEBUG)\r\n  returningToStart = true\r\n\r\n  -- Store the current location and orientation so that it can be returned to\r\n  local storedX = currX\r\n  local storedY = currY\r\n  local storedZ = currZ\r\n  local storedOrient = currOrient\r\n\r\n  writeMessage(\"Return to start, return level: \"..levelToReturnTo, messageLevel.DEBUG)\r\n\r\n  -- Move down to the correct layer to return via\r\n  if (currY > levelToReturnTo) then\r\n        while (currY > levelToReturnTo) do\r\n          turtleDown()\r\n        end\r\n  elseif (currY < levelToReturnTo) then\r\n        while (currY < levelToReturnTo) do\r\n          turtleUp()\r\n        end\r\n  end\r\n\r\n  if ((haveBeenAtZeroZeroOnLayer == false) or (orientationAtZeroZero == direction.FORWARD)) then\r\n        -- Move back to the correct X position first\r\n        if (currX > 0) then\r\n          turtleSetOrientation(direction.LEFT)\r\n          while (currX > 0) do\r\n                turtleForward()\r\n          end\r\n        elseif (currX < 0) then\r\n          -- This should never happen\r\n          writeMessage(\"Current x is less than 0 in returnToStartAndUnload\", messageLevel.ERROR)\r\n        end\r\n\r\n        -- Then move back to the correct Z position\r\n        if (currZ > 0) then\r\n          turtleSetOrientation(direction.BACK)\r\n          while (currZ > 0) do\r\n                turtleForward()\r\n          end\r\n        elseif (currZ < 0) then\r\n          -- This should never happen\r\n          writeMessage(\"Current z is less than 0 in returnToStartAndUnload\", messageLevel.ERROR)\r\n        end\r\n  else\r\n        -- Move back to the correct Z position first\r\n        if (currZ > 0) then\r\n          turtleSetOrientation(direction.BACK)\r\n          while (currZ > 0) do\r\n                turtleForward()\r\n          end\r\n        elseif (currZ < 0) then\r\n          -- This should never happen\r\n          writeMessage(\"Current z is less than 0 in returnToStartAndUnload\", messageLevel.ERROR)\r\n        end\r\n\r\n        -- Then move back to the correct X position\r\n        if (currX > 0) then\r\n          turtleSetOrientation(direction.LEFT)\r\n          while (currX > 0) do\r\n                turtleForward()\r\n          end\r\n        elseif (currX < 0) then\r\n          -- This should never happen\r\n          writeMessage(\"Current x is less than 0 in returnToStartAndUnload\", messageLevel.ERROR)\r\n        end\r\n  end\r\n\r\n  -- Return to the starting layer\r\n  if (currY < startHeight) then\r\n        while (currY < startHeight) do\r\n          turtleUp()\r\n        end\r\n  elseif (currY > startHeight) then\r\n        -- This should never happen\r\n        writeMessage(\"Current height is greater than start height in returnToStartAndUnload\", messageLevel.ERROR)\r\n  end\r\n\r\n  -- Empty the inventory\r\n  local slotLoop = 1\r\n\r\n  -- Face the chest\r\n  turtleSetOrientation(direction.BACK)\r\n\r\n  -- Loop over each of the slots (except the 16th one which stores fuel)\r\n  while (slotLoop < 16) do\r\n        -- If this is one of the slots that contains a noise block, empty all blocks except\r\n        -- one\r\n        turtle.select(slotLoop) -- Don't bother updating selected slot variable as it will set later in this function\r\n        if ((slotLoop <= noiseBlocksCount) or ((slotLoop == 15) and (lookForChests == true))) then\r\n          turtle.drop(turtle.getItemCount(slotLoop) - 1)\r\n        else\r\n          -- Not a noise block, drop all of the items in this slot\r\n          turtle.drop()\r\n        end\r\n\r\n        slotLoop = slotLoop + 1\r\n  end\r\n\r\n  -- While we are here, refill the fuel items if there is capacity\r\n  if (turtle.getItemCount(16) < 64) then\r\n        turtleSetOrientation(direction.LEFT)\r\n        turtle.select(16) -- Don't bother updating selected slot variable as it will set later in this function\r\n        local currFuelItems = turtle.getItemCount(16)\r\n        turtle.suck()\r\n        while ((currFuelItems ~= turtle.getItemCount(16)) and (turtle.getItemCount(16) < 64)) do\r\n          currFuelItems = turtle.getItemCount(16)\r\n          turtle.suck()\r\n        end\r\n\r\n        slotLoop = noiseBlocksCount + 1\r\n        -- Have now picked up all the items that we can. If we have also picked up some\r\n        -- additional fuel in some of the other slots, then drop it again\r\n        while (slotLoop <= lastEmptySlot) do\r\n          -- Drop any items found in this slot\r\n          turtle.select(slotLoop) -- Don't bother updating selected slot variable as it will set later in this function\r\n          turtle.drop()\r\n          slotLoop = slotLoop + 1\r\n        end\r\n  end\r\n\r\n  -- Select the 1st slot because sometimes when leaving the 15th or 16th slots selected it can result\r\n  -- in that slot being immediately filled (resulting in the turtle returning to base again too soon)\r\n  turtle.select(1)\r\n  currentlySelectedSlot = 1\r\n\r\n  -- If required, move back to the point that we were mining at before returning to the start\r\n  if (returnBackToMiningPoint == true) then\r\n        -- Return back to the required layer\r\n        while (currY > levelToReturnTo) do\r\n          turtleDown()\r\n        end\r\n\r\n        if ((haveBeenAtZeroZeroOnLayer == false) or (orientationAtZeroZero == direction.FORWARD)) then\r\n          -- Move back to the correct Z position first\r\n          writeMessage(\"Stored Z: \"..storedZ..\", currZ: \"..currZ, messageLevel.DEBUG)\r\n          if (storedZ > currZ) then\r\n                writeMessage(\"Orienting forward\", messageLevel.DEBUG)\r\n                writeMessage(\"Moving in z direction\", messageLevel.DEBUG)\r\n                turtleSetOrientation(direction.FORWARD)\r\n                while (storedZ > currZ) do\r\n                  turtleForward()\r\n                end\r\n          elseif (storedZ < currZ) then\r\n                -- This should never happen\r\n                writeMessage(\"Stored z is less than current z in returnToStartAndUnload\", messageLevel.ERROR)\r\n          end\r\n\r\n          -- Then move back to the correct X position\r\n          if (storedX > currX) then\r\n                writeMessage(\"Stored X: \"..storedX..\", currX: \"..currX, messageLevel.DEBUG)\r\n                writeMessage(\"Orienting right\", messageLevel.DEBUG)\r\n                writeMessage(\"Moving in x direction\", messageLevel.DEBUG)\r\n                turtleSetOrientation(direction.RIGHT)\r\n                while (storedX > currX) do\r\n                  turtleForward()\r\n                end\r\n          elseif (storedX < currX) then\r\n                -- This should never happen\r\n                writeMessage(\"Stored x is less than current x in returnToStartAndUnload\", messageLevel.ERROR)\r\n          end\r\n        else\r\n          -- Move back to the correct X position first\r\n          if (storedX > currX) then\r\n                writeMessage(\"Stored X: \"..storedX..\", currX: \"..currX, messageLevel.DEBUG)\r\n                writeMessage(\"Orienting right\", messageLevel.DEBUG)\r\n                writeMessage(\"Moving in x direction\", messageLevel.DEBUG)\r\n                turtleSetOrientation(direction.RIGHT)\r\n                while (storedX > currX) do\r\n                  turtleForward()\r\n                end\r\n          elseif (storedX < currX) then\r\n                -- This should never happen\r\n                writeMessage(\"Stored x is less than current x in returnToStartAndUnload\", messageLevel.ERROR)\r\n          end\r\n\r\n          -- Then move back to the correct Z position\r\n          writeMessage(\"Stored Z: \"..storedZ..\", currZ: \"..currZ, messageLevel.DEBUG)\r\n          if (storedZ > currZ) then\r\n                writeMessage(\"Orienting forward\", messageLevel.DEBUG)\r\n                writeMessage(\"Moving in z direction\", messageLevel.DEBUG)\r\n                turtleSetOrientation(direction.FORWARD)\r\n                while (storedZ > currZ) do\r\n                  turtleForward()\r\n                end\r\n          elseif (storedZ < currZ) then\r\n                -- This should never happen\r\n                writeMessage(\"Stored z is less than current z in returnToStartAndUnload\", messageLevel.ERROR)\r\n          end\r\n        end\r\n\r\n        -- Move back to the correct layer\r\n        if (storedY < currY) then\r\n          while (storedY < currY) do\r\n                turtleDown()\r\n          end\r\n        elseif (storedY > currY) then\r\n          while (storedY > currY) do\r\n                turtleUp()\r\n          end\r\n        end\r\n\r\n        -- Finally, set the correct orientation\r\n        turtleSetOrientation(storedOrient)\r\n\r\n        writeMessage(\"Have returned to the mining point\", messageLevel.DEBUG)\r\n  end\r\n\r\n  returningToStart = false\r\n\r\nend\r\n\r\n-- ********************************************************************************** --\r\n-- Empties a chest's contents\r\n-- ********************************************************************************** --\r\nfunction emptyChest(suckFn)\r\n\r\n  local prevInventoryCount = {}\r\n  local inventoryLoop\r\n  local chestEmptied = false\r\n\r\n  -- Record the number of items in each of the inventory slots\r\n  for inventoryLoop = 1, 16 do\r\n        prevInventoryCount[inventoryLoop] = turtle.getItemCount(inventoryLoop)\r\n  end\r\n\r\n  while (chestEmptied == false) do\r\n        -- Pick up the next item\r\n        suckFn()\r\n\r\n        -- Determine the number of items in each of the inventory slots now\r\n        local newInventoryCount = {}\r\n        for inventoryLoop = 1, 16 do\r\n          newInventoryCount[inventoryLoop] = turtle.getItemCount(inventoryLoop)\r\n        end\r\n\r\n        -- Now, determine whether there have been any items taken from the chest\r\n        local foundDifferentItemCount = false\r\n        inventoryLoop = 1\r\n        while ((foundDifferentItemCount == false) and (inventoryLoop <= 16)) do\r\n          if (prevInventoryCount[inventoryLoop] ~= newInventoryCount[inventoryLoop]) then\r\n                foundDifferentItemCount = true\r\n          else\r\n                inventoryLoop = inventoryLoop + 1\r\n          end\r\n        end\r\n\r\n        -- If no items have been found with a different item count, then the chest has been emptied\r\n        chestEmptied = not foundDifferentItemCount\r\n\r\n        if (chestEmptied == false) then\r\n          prevInventoryCount = newInventoryCount\r\n          -- Check that there is sufficient inventory space as may have picked up a block\r\n          ensureInventorySpace()\r\n        end\r\n  end\r\n\r\n  writeMessage(\"Finished emptying chest\", messageLevel.DEBUG)\r\nend\r\n\r\n\r\n-- ********************************************************************************** --\r\n-- Generic function to move the Turtle (pushing through any gravel or other\r\n-- things such as mobs that might get in the way).\r\n--\r\n-- The only thing that should stop the turtle moving is bedrock. Where this is\r\n-- found, the function will return after 15 seconds returning false\r\n-- ********************************************************************************** --\r\nfunction moveTurtle(moveFn, detectFn, digFn, attackFn, compareFn, suckFn, maxDigCount)\r\n\r\n  ensureFuel()\r\n\r\n  -- Flag to determine whether digging has been tried yet. If it has\r\n  -- then pause briefly before digging again to allow sand or gravel to\r\n  -- drop\r\n  local digCount = 0\r\n  local moveSuccess = false\r\n\r\n  if (lastMoveNeededDig == false) then\r\n        -- Didn't need to dig last time the turtle moved, so try moving first\r\n        writeMessage(\"Trying to move before digging\", messageLevel.DEBUG)\r\n        moveSuccess = moveFn()\r\n\r\n        -- Don't need to set the last move needed dig. It is already false, if\r\n        -- move success is now true, then it won't be changed\r\n  else  \r\n        writeMessage(\"Trying to dig before moving\", messageLevel.DEBUG)\r\n        -- If we are looking for chests, then check that this isn't a chest before trying to dig it\r\n        if (lookForChests == true) then\r\n          if (isNoiseBlock(compareFn) == false) then\r\n                if (detectFn() == true) then\r\n                  -- Determine if it is a chest before digging it\r\n                  if (isChestBlock(compareFn) == true) then\r\n                        -- Have found a chest, empty it before continuing\r\n                        emptyChest (suckFn)\r\n                  end\r\n                end\r\n          end\r\n        end\r\n\r\n        -- Try to dig (without doing a detect as it is quicker)\r\n        local digSuccess = digFn()\r\n        if (digSuccess == true) then\r\n          digCount = 1\r\n        end\r\n        moveSuccess = moveFn()\r\n\r\n        if (moveSuccess == true) then\r\n          lastMoveNeededDig = digSuccess\r\n        end\r\n  end\r\n\r\n  -- Loop until we've successfully moved\r\n  if (moveSuccess == false) then\r\n        while ((moveSuccess == false) and (digCount < maxDigCount)) do\r\n\r\n          -- If there is a block in front, dig it\r\n          if (detectFn() == true) then\r\n\r\n                  -- If we've already tried digging, then pause before digging again to let\r\n                  -- any sand or gravel drop, otherwise check for a chest before digging\r\n                  if(digCount == 0) then\r\n                        -- Am about to dig a block - check that it is not a chest if necessary\r\n                        -- If we are looking for chests, then check that this isn't a chest before moving\r\n                        if (lookForChests == true) then\r\n                          if (isNoiseBlock(compareFn) == false) then\r\n                                if (detectFn() == true) then\r\n                                  -- Determine if it is a chest before digging it\r\n                                  if (isChestBlock(compareFn) == true) then\r\n                                        -- Have found a chest, empty it before continuing\r\n                                        emptyChest (suckFn)\r\n                                  end\r\n                                end\r\n                          end\r\n                        end\r\n                  else\r\n                        sleep(0.1)\r\n                  end\r\n\r\n                  digFn()\r\n                  digCount = digCount + 1\r\n          else\r\n                 -- Am being stopped from moving by a mob, attack it\r\n                 attackFn()\r\n          end\r\n\r\n          -- Try the move again\r\n          moveSuccess = moveFn()\r\n        end\r\n\r\n        if (digCount == 0) then\r\n          lastMoveNeededDig = false\r\n        else\r\n          lastMoveNeededDig = true\r\n        end\r\n  end\r\n\r\n  -- Return the move success\r\n  return moveSuccess\r\n\r\nend\r\n\r\n-- ********************************************************************************** --\r\n-- Move the turtle forward one block (updating the turtle's position)\r\n-- ********************************************************************************** --\r\nfunction turtleForward()\r\n  local returnVal = moveTurtle(turtle.forward, turtle.detect, turtle.dig, turtle.attack, turtle.compare, turtle.suck, maximumGravelStackSupported)\r\n  if (returnVal == true) then\r\n        -- Update the current co-ordinates\r\n        if (currOrient == direction.FORWARD) then\r\n          currZ = currZ + 1\r\n        elseif (currOrient == direction.LEFT) then\r\n          currX = currX - 1\r\n        elseif (currOrient == direction.BACK) then\r\n          currZ = currZ - 1\r\n        elseif (currOrient == direction.RIGHT) then\r\n          currX = currX + 1\r\n        else\r\n          writeMessage (\"Invalid currOrient in turtleForward function\", messageLevel.ERROR)\r\n        end\r\n\r\n        -- Check that there is sufficient inventory space as may have picked up a block\r\n        ensureInventorySpace()\r\n  end\r\n\r\n  return returnVal\r\nend\r\n\r\n-- ********************************************************************************** --\r\n-- Move the turtle up one block (updating the turtle's position)\r\n-- ********************************************************************************** --\r\nfunction turtleUp()\r\n  local returnVal = moveTurtle(turtle.up, turtle.detectUp, turtle.digUp, turtle.attackUp, turtle.compareUp, turtle.suckUp, maximumGravelStackSupported)\r\n  if (returnVal == true) then\r\n        currY = currY + 1\r\n\r\n        -- Check that there is sufficient inventory space as may have picked up a block\r\n        ensureInventorySpace()\r\n  end\r\n  return returnVal\r\nend\r\n\r\n-- ********************************************************************************** --\r\n-- Move the turtle down one block (updating the turtle's position)\r\n-- ********************************************************************************** --\r\nfunction turtleDown()\r\n  local returnVal\r\n\r\n  -- Because the turtle is digging down, can fail fast (only allow 1 dig attempt).\r\n  returnVal = moveTurtle(turtle.down, turtle.detectDown, turtle.digDown, turtle.attackDown, turtle.compareDown, turtle.suckDown, 1)\r\n  if (returnVal == true) then\r\n        currY = currY - 1\r\n\r\n        -- Check that there is sufficient inventory space as may have picked up a block\r\n        ensureInventorySpace()\r\n  end\r\n  return returnVal\r\nend\r\n\r\n-- ********************************************************************************** --\r\n-- Move the turtle back one block (updating the turtle's position)\r\n-- ********************************************************************************** --\r\nfunction turtleBack()\r\n  -- First try to move back using the standard function\r\n  local returnVal = turtle.back()\r\n\r\n  -- Moving back didn't work (might be a block or a mob in the way). Turn round and move\r\n  -- forward instead (whereby anything in the way can be cleared)\r\n  if(returnVal == false) then\r\n        turtle.turnRight()\r\n        turtle.turnRight()\r\n        returnVal = turtleForward()\r\n        turtle.turnRight()\r\n        turtle.turnRight()\r\n  end  \r\n\r\n  if (returnVal == true) then\r\n        -- Update the current co-ordinates\r\n        if (currOrient == direction.FORWARD) then\r\n          currZ = currZ - 1\r\n        elseif (currOrient == direction.LEFT) then\r\n          currX = currX + 1\r\n        elseif (currOrient == direction.BACK) then\r\n          currZ = currZ + 1\r\n        elseif (currOrient == direction.RIGHT) then\r\n          currX = currX - 1\r\n        else\r\n          writeMessage (\"Invalid currOrient in turtleBack function\", messageLevel.ERROR)\r\n        end\r\n\r\n        -- Check that there is sufficient inventory space as may have picked up a block\r\n        ensureInventorySpace()\r\n  end\r\n\r\n  return returnVal\r\nend\r\n\r\n-- ********************************************************************************** --\r\n-- Turns the turtle (updating the current orientation at the same time)\r\n-- ********************************************************************************** --\r\nfunction turtleTurn(turnDir)\r\n\r\n  if (turnDir == direction.LEFT) then\r\n        if (currOrient == direction.FORWARD) then\r\n          currOrient = direction.LEFT\r\n          turtle.turnLeft()\r\n        elseif (currOrient == direction.LEFT) then\r\n          currOrient = direction.BACK\r\n          turtle.turnLeft()\r\n        elseif (currOrient == direction.BACK) then\r\n          currOrient = direction.RIGHT\r\n          turtle.turnLeft()\r\n        elseif (currOrient == direction.RIGHT) then\r\n          currOrient = direction.FORWARD\r\n          turtle.turnLeft()\r\n        else\r\n          writeMessage (\"Invalid currOrient in turtleTurn function\", messageLevel.ERROR)\r\n        end\r\n  elseif (turnDir == direction.RIGHT) then\r\n        if (currOrient == direction.FORWARD) then\r\n          currOrient = direction.RIGHT\r\n          turtle.turnRight()\r\n        elseif (currOrient == direction.LEFT) then\r\n          currOrient = direction.FORWARD\r\n          turtle.turnRight()\r\n        elseif (currOrient == direction.BACK) then\r\n          currOrient = direction.LEFT\r\n          turtle.turnRight()\r\n        elseif (currOrient == direction.RIGHT) then\r\n          currOrient = direction.BACK\r\n          turtle.turnRight()\r\n        else\r\n          writeMessage (\"Invalid currOrient in turtleTurn function\", messageLevel.ERROR)\r\n        end\r\n  else\r\n        writeMessage (\"Invalid turnDir in turtleTurn function\", messageLevel.ERROR)\r\n  end\r\nend\r\n\r\n-- ********************************************************************************** --\r\n-- Sets the turtle to a specific orientation, irrespective of its current orientation\r\n-- ********************************************************************************** --\r\nfunction turtleSetOrientation(newOrient)\r\n\r\n  if (currOrient ~= newOrient) then\r\n        if (currOrient == direction.FORWARD) then\r\n          if (newOrient == direction.RIGHT) then\r\n                turtle.turnRight()\r\n                currOrient = newOrient\r\n          elseif (newOrient == direction.BACK) then\r\n                turtle.turnRight()\r\n                turtle.turnRight()\r\n                currOrient = newOrient\r\n          elseif (newOrient == direction.LEFT) then\r\n                turtle.turnLeft()\r\n                currOrient = newOrient\r\n          else\r\n                writeMessage (\"Invalid newOrient in turtleSetOrientation function\", messageLevel.ERROR)\r\n          end\r\n        elseif (currOrient == direction.RIGHT) then\r\n          if (newOrient == direction.BACK) then\r\n                turtle.turnRight()\r\n                currOrient = newOrient\r\n          elseif (newOrient == direction.LEFT) then\r\n                turtle.turnRight()\r\n                turtle.turnRight()\r\n                currOrient = newOrient\r\n          elseif (newOrient == direction.FORWARD) then\r\n                turtle.turnLeft()\r\n                currOrient = newOrient\r\n          else\r\n                writeMessage (\"Invalid newOrient in turtleSetOrientation function\", messageLevel.ERROR)\r\n          end\r\n        elseif (currOrient == direction.BACK) then\r\n          if (newOrient == direction.LEFT) then\r\n                turtle.turnRight()\r\n                currOrient = newOrient\r\n          elseif (newOrient == direction.FORWARD) then\r\n                turtle.turnRight()\r\n                turtle.turnRight()\r\n                currOrient = newOrient\r\n          elseif (newOrient == direction.RIGHT) then\r\n                turtle.turnLeft()\r\n                currOrient = newOrient\r\n          else\r\n                writeMessage (\"Invalid newOrient in turtleSetOrientation function\", messageLevel.ERROR)\r\n          end\r\n        elseif (currOrient == direction.LEFT) then\r\n          if (newOrient == direction.FORWARD) then\r\n                turtle.turnRight()\r\n                currOrient = newOrient\r\n          elseif (newOrient == direction.RIGHT) then\r\n                turtle.turnRight()\r\n                turtle.turnRight()\r\n                currOrient = newOrient\r\n          elseif (newOrient == direction.BACK) then\r\n                turtle.turnLeft()\r\n                currOrient = newOrient\r\n          else\r\n                writeMessage (\"Invalid newOrient in turtleSetOrientation function\", messageLevel.ERROR)\r\n          end\r\n        else\r\n          writeMessage (\"Invalid currOrient in turtleTurn function\", messageLevel.ERROR)\r\n        end\r\n  end\r\nend\r\n\r\n-- ********************************************************************************** --\r\n-- Determines if a particular block is considered a noise block or not. A noise\r\n-- block is one that is a standard block in the game (stone, dirt, gravel etc.) and\r\n-- is one to ignore as not being an ore. Function works by comparing the block\r\n-- in question against a set of blocks in the turtle's inventory which are known not to\r\n-- be noise blocks. Param is the function to use to compare the block for a noise block\r\n-- ********************************************************************************** --\r\nfunction isNoiseBlock(compareFn)\r\n\r\n  -- Consider air to be a noise block\r\n  local returnVal = false\r\n  local seamLoop = 1\r\n  local prevSelectedSlot  \r\n\r\n  -- If the currently selected slot is a noise block, then compare against this first\r\n  -- so that the slot doesn't need to be selected again (there is a 0.05s cost to do\r\n  -- this even if it is the currently selected slot)\r\n  if (currentlySelectedSlot <= noiseBlocksCount) then\r\n        returnVal = compareFn()\r\n  end\r\n\r\n  if (returnVal == false) then\r\n        prevSelectedSlot = currentlySelectedSlot\r\n        while((returnVal == false) and (seamLoop <= noiseBlocksCount)) do\r\n          if (seamLoop ~= prevSelectedSlot) then\r\n                turtle.select(seamLoop)\r\n                currentlySelectedSlot = seamLoop\r\n                returnVal = compareFn()\r\n          end\r\n          seamLoop = seamLoop + 1\r\n        end\r\n  end\r\n\r\n  -- Return the calculated value\r\n  return returnVal\r\n\r\nend\r\n\r\n-- ********************************************************************************** --\r\n-- Determines if a particular block is a chest. Returns false if it is not a chest\r\n-- or chests are not being detected\r\n-- ********************************************************************************** --\r\nfunction isChestBlock(compareFn)\r\n\r\n  -- Check the block in the appropriate direction to see whether it is a chest. Only\r\n  -- do this if we are looking for chests\r\n  local returnVal = false\r\n  if (lookForChests == true) then\r\n        turtle.select(15)\r\n        currentlySelectedSlot = 15\r\n        returnVal = compareFn()\r\n  end\r\n\r\n  -- Return the calculated value\r\n  return returnVal\r\n\r\nend\r\n\r\n-- ********************************************************************************** --\r\n-- Function to calculate the number of non seam blocks in the turtle's inventory. This\r\n-- is all of the blocks at the start of the inventory (before the first empty slot is\r\n-- found\r\n-- ********************************************************************************** --\r\nfunction determineNoiseBlocksCountCount()\r\n  -- Determine the location of the first empty inventory slot. All items before this represent\r\n  -- noise items.\r\n  local foundFirstBlankInventorySlot = false\r\n  noiseBlocksCount = 1\r\n  while ((noiseBlocksCount < 16) and (foundFirstBlankInventorySlot == false)) do\r\n        if (turtle.getItemCount(noiseBlocksCount) > 0) then\r\n          noiseBlocksCount = noiseBlocksCount + 1\r\n        else\r\n          foundFirstBlankInventorySlot = true\r\n        end\r\n  end\r\n  noiseBlocksCount = noiseBlocksCount - 1\r\n\r\n  -- Determine whether a chest was provided, and hence whether we should support\r\n  -- looking for chests\r\n  if (turtle.getItemCount(15) > 0) then\r\n        lookForChests = true\r\n        lastEmptySlot = 14\r\n        miningOffset = 0\r\n        writeMessage(\"Looking for chests...\", messageLevel.DEBUG)\r\n  else\r\n        lastEmptySlot = 15\r\n        miningOffset = 1\r\n        writeMessage(\"Ignoring chests...\", messageLevel.DEBUG)\r\n  end\r\nend\r\n\r\n-- ********************************************************************************** --\r\n-- Creates a quarry mining out only ores and leaving behind any noise blocks\r\n-- ********************************************************************************** --\r\nfunction createQuarry()\r\n\r\n  -- Determine the top mining layer layer. The turtle mines in layers of 3, and the bottom layer\r\n  -- is the layer directly above bedrock.\r\n  --\r\n  -- The actual layer that the turtle operates in is the middle of these three layers,\r\n  -- so determine the top layer\r\n  local topMiningLayer = startHeight + ((bottomLayer - startHeight - 2) % 3) - 1 + miningOffset\r\n\r\n  -- If the top layer is up, then ignore it and move to the next layer\r\n  if (topMiningLayer > currY) then\r\n        topMiningLayer = topMiningLayer - 3\r\n  end\r\n\r\n  local startedLayerToRight = true -- Only used where the quarry is of an odd width\r\n\r\n  -- Loop over each mining row\r\n  local miningLevel\r\n  for miningLevel = (bottomLayer + miningOffset), topMiningLayer, 3 do\r\n        writeMessage(\"Mining Layer: \"..miningLevel, messageLevel.INFO)\r\n        haveBeenAtZeroZeroOnLayer = false\r\n\r\n        -- While the initial shaft is being dug out, set the level to return to in order to unload\r\n        -- to the just take the turtle straight back up\r\n        if (miningLevel == (bottomLayer + miningOffset)) then\r\n          levelToReturnTo = startHeight\r\n        end\r\n\r\n        -- Move to the correct level to start mining\r\n        if (currY > miningLevel) then\r\n          while (currY > miningLevel) do\r\n                turtleDown()\r\n          end\r\n        elseif (currY < miningLevel) then\r\n          while (currY < miningLevel) do\r\n                turtleUp()\r\n          end\r\n        end\r\n\r\n        -- Set the layer to return via when returning to the surface as the one below the currently\r\n        -- mined one\r\n        if (miningLevel == (bottomLayer + miningOffset)) then\r\n          levelToReturnTo = (bottomLayer + miningOffset)\r\n        else\r\n          levelToReturnTo = miningLevel - 3\r\n        end\r\n\r\n        -- Move turtle into the correct orientation to start mining (if this is the\r\n        -- first row to be mined, then don't need to turn, otherwise turn towards the next\r\n        -- mining section)\r\n\r\n        writeMessage(\"Mining Level: \"..miningLevel..\", Bottom Layer: \"..bottomLayer..\", Mining Offset: \"..miningOffset, messageLevel.DEBUG)\r\n\r\n        if (miningLevel > (bottomLayer + miningOffset)) then\r\n          writeMessage (\"Turning at start of layer\", messageLevel.DEBUG)\r\n          -- Turn towards the next mining layer\r\n          if (quarryWidth % 2 == 0) then\r\n                -- An even width quarry, always turn right\r\n                turtleTurn(direction.RIGHT)\r\n          else\r\n                -- Turn the opposite direction to that which we turned before\r\n                if (startedLayerToRight == true) then\r\n                  turtleTurn(direction.LEFT)\r\n                  startedLayerToRight = false\r\n                else\r\n                  turtleTurn(direction.RIGHT)\r\n                  startedLayerToRight = true\r\n                end\r\n          end\r\n        end\r\n\r\n        local mineRows\r\n        local onNearSideOfQuarry = true\r\n        local diggingAway = true\r\n        for mineRows = 1, quarryWidth do\r\n\r\n          -- If this is not the first row, then get into position to mine the next row\r\n          if ((mineRows == 1) and (lookForChests == false)) then\r\n                -- Not looking for chests, check the block below for being an ore. Only do this\r\n                -- if we're not looking for chests since the program doesn't support chests in\r\n                -- bedrock\r\n                if (isNoiseBlock(turtle.compareDown) == false) then\r\n                  turtle.digDown()\r\n                  ensureInventorySpace()\r\n                end\r\n          elseif (mineRows > 1) then\r\n                -- Move into position for mining the next row\r\n                if (onNearSideOfQuarry == diggingAway) then\r\n                  if (startedLayerToRight == true) then\r\n                        turtleTurn(direction.LEFT)\r\n                  else\r\n                        turtleTurn(direction.RIGHT)\r\n                  end\r\n                else\r\n                  if (startedLayerToRight == true) then\r\n                        turtleTurn(direction.RIGHT)\r\n                  else\r\n                        turtleTurn(direction.LEFT)\r\n                  end\r\n                end\r\n\r\n                turtleForward()\r\n\r\n                -- Before making the final turn, check the block below. Do this\r\n                -- now because if it is a chest, then we want to back up and\r\n                -- approach it from the side (so that we don't lose items if we\r\n                -- have to return to the start through it).\r\n                --\r\n                -- This is the point at which it is safe to back up without moving\r\n                -- out of the quarry area (unless at bedrock in which case don't bother\r\n                -- as we'll be digging down anyway)\r\n                if (miningLevel ~= bottomLayer) then\r\n                  if (isNoiseBlock(turtle.compareDown) == false) then\r\n                        -- If we are not looking for chests, then just dig it (it takes\r\n                        -- less time to try to dig and fail as it does to do detect and\r\n                        -- only dig if there is a block there)\r\n                        if (lookForChests == false) then\r\n                          turtle.digDown()\r\n                          ensureInventorySpace()\r\n                        elseif (turtle.detectDown() == true) then\r\n                          if (isChestBlock(turtle.compareDown) == true) then\r\n                                -- There is a chest block below. Move back and approach\r\n                                -- from the side to ensure that we don't need to return to\r\n                                -- start through the chest itself (potentially losing items)\r\n                                turtleBack()\r\n                                turtleDown()\r\n                                emptyChest(turtle.suck)\r\n                                turtleUp()\r\n                                turtleForward()\r\n                                turtle.digDown()\r\n                                ensureInventorySpace()\r\n                          else\r\n                                turtle.digDown()\r\n                                ensureInventorySpace()\r\n                          end\r\n                        end\r\n                  end\r\n                end\r\n\r\n                -- Move into final position for mining the next row\r\n                if (onNearSideOfQuarry == diggingAway) then\r\n                  if (startedLayerToRight == true) then\r\n                        turtleTurn(direction.LEFT)\r\n                  else\r\n                        turtleTurn(direction.RIGHT)\r\n                  end\r\n                else\r\n                  if (startedLayerToRight == true) then\r\n                        turtleTurn(direction.RIGHT)\r\n                  else\r\n                        turtleTurn(direction.LEFT)\r\n                  end\r\n                end\r\n          end\r\n\r\n          -- Dig to the other side of the quarry\r\n          local blocksMined\r\n          for blocksMined = 0, (quarryWidth - 1) do\r\n                if (blocksMined > 0) then\r\n                  -- Only move forward if this is not the first space\r\n                  turtleForward()\r\n                end\r\n\r\n                -- If the current block is (0,0), then record the fact that the\r\n                -- turtle has been through this block and what it's orientation was and update the layer\r\n                -- that it should return via to get back to the surface (it no longer needs to go down\r\n                -- a level to prevent losing ores).\r\n                if ((currX == 0) and (currZ == 0)) then\r\n                  -- Am at (0, 0). Remember this, and what direction I was facing so that the quickest route\r\n                  -- to the surface can be taken\r\n                  levelToReturnTo = miningLevel\r\n                  haveBeenAtZeroZeroOnLayer = true\r\n                  orientationAtZeroZero = currOrient\r\n                end\r\n\r\n                -- If currently at bedrock, just move down until the turtle can't go any\r\n                -- further. This allows the blocks within the bedrock to be mined\r\n                if (miningLevel == bottomLayer) then\r\n                  -- Temporarily turn off looking for chests to increase bedrock mining speed (this\r\n                  -- means that the program doesn't support chests below level 5 - but I think\r\n                  -- they they don't exist anyway)\r\n                  local lookForChestsPrev = lookForChests\r\n                  lookForChests = false\r\n\r\n                  -- Manually set the flag to determine whether the turtle should try to move first or\r\n                  -- dig first. At bedrock, is very rarely any space\r\n\r\n                  -- Just above bedrock layer, dig down until can't dig any lower, and then\r\n                  -- come back up. This replicates how the quarry functions\r\n                  lastMoveNeededDig = true\r\n                  local moveDownSuccess = turtleDown()\r\n                  while (moveDownSuccess == true) do\r\n                        moveDownSuccess = turtleDown()\r\n                  end\r\n\r\n                  -- Know that we are moving back up through air, therefore set the flag to force the\r\n                  -- turtle to try moving first\r\n                  lastMoveNeededDig = false\r\n\r\n                  -- Have now hit bedrock, move back to the mining layer\r\n                  writeMessage(\"Moving back to mining layer\", messageLevel.DEBUG)\r\n                  writeMessage(\"currY: \"..currY..\", bottomLayer: \"..bottomLayer, messageLevel.DEBUG)\r\n                  while (currY < bottomLayer) do\r\n                        turtleUp()\r\n                  end\r\n\r\n                  -- Now back at the level above bedrock, again reset the flag to tell the turtle to\r\n                  -- try digging again (because it is rare to find air at bedrock level)\r\n                  lastMoveNeededDig = false\r\n\r\n                  -- Reset the look for chests value\r\n                  lookForChests = lookForChestsPrev\r\n                elseif ((blocksMined > 0) and ((currX ~= 0) or (currZ ~= 0))) then\r\n                  -- This isn't the first block of the row, nor are we at (0, 0) so we need to check the\r\n                  -- block below\r\n\r\n                  -- Check the block down for being a noise block (don't need to check the first\r\n                  -- block as it has already been checked in the outer loop)\r\n                  if (isNoiseBlock(turtle.compareDown) == false) then\r\n                        -- If we are not looking for chests, then just dig it (it takes\r\n                        -- less time to try to dig and fail as it does to do detect and\r\n                        -- only dig if there is a block there)\r\n                        if (lookForChests == false) then\r\n                          turtle.digDown()\r\n                          ensureInventorySpace()\r\n                        elseif (turtle.detectDown() == true) then\r\n                          if (isChestBlock(turtle.compareDown) == true) then\r\n                                -- There is a chest block below. Move back and approach\r\n                                -- from the side to ensure that we don't need to return to\r\n                                -- start through the chest itself (potentially losing items)\r\n                                turtleBack()\r\n                                turtleDown()\r\n                                emptyChest(turtle.suck)\r\n                                turtleUp()\r\n                                turtleForward()\r\n                                turtle.digDown()\r\n                                ensureInventorySpace()\r\n                          else\r\n                                turtle.digDown()\r\n                                ensureInventorySpace()\r\n                          end\r\n                        end\r\n                  end\r\n                end\r\n\r\n                -- Check the block above for ores (if we're not a (0, 0) in which case\r\n                -- we know it's air)\r\n                if ((currX ~= 0) or (currZ ~= 0)) then\r\n                  if (isNoiseBlock(turtle.compareUp) == false) then\r\n                        -- If we are not looking for chests, then just dig it (it takes\r\n                        -- less time to try to dig and fail as it does to do detect and\r\n                        -- only dig if there is a block there)\r\n                        if (lookForChests == false) then\r\n                          turtle.digUp()\r\n                          ensureInventorySpace()\r\n                        elseif (turtle.detectUp() == true) then\r\n                          -- Determine if it is a chest before digging it\r\n                          if (isChestBlock(turtle.compareUp) == true) then\r\n                                -- There is a chest block above. Empty it before digging it\r\n                                emptyChest(turtle.suckUp)\r\n                                turtle.digUp()\r\n                                ensureInventorySpace()\r\n                          else\r\n                                turtle.digUp()\r\n                                ensureInventorySpace()\r\n                          end\r\n                        end\r\n                  end\r\n                end\r\n          end\r\n\r\n          -- Am now at the other side of the quarry\r\n          onNearSideOfQuarry = not onNearSideOfQuarry\r\n        end\r\n\r\n        -- If we were digging away from the starting point, will be digging\r\n        -- back towards it on the next layer\r\n        diggingAway = not diggingAway\r\n  end\r\n\r\n  -- Return to the start\r\n  returnToStartAndUnload(false)\r\n\r\n  -- Face forward\r\n  turtleSetOrientation(direction.FORWARD)\r\nend\r\n\r\n-- ********************************************************************************** --\r\n-- Main Function                                                                                  \r\n-- ********************************************************************************** --\r\n-- Process the input arguments - storing them to global variables\r\nlocal args = { ... }\r\nlocal paramsOK = true\r\n\r\nturtleId = os.getComputerLabel()\r\nrednet.open(\"right\")\r\n\r\nif (#args == 1) then\r\n  quarryWidth = tonumber(args[1])\r\n  local x, y, z = gps.locate(5)\r\n  startHeight = y\r\n  if (startHeight == nil) then\r\n        writeMessage(\"Can't locate GPS\", messageLevel.FATAL)\r\n        paramsOK = false\r\n  end\r\nelseif (#args == 2) then\r\n  quarryWidth = tonumber(args[1])\r\n  startHeight = tonumber(args[2])\r\nelse\r\n  writeMessage(\"Usage: OreQuarry <diameter> <turtleY>\", messageLevel.FATAL)\r\n  paramsOK = false\r\nend\r\n\r\nif (paramsOK == true) then\r\n  if ((startHeight < 6) or (startHeight > 128)) then\r\n        writeMessage(\"turtleY must be between 6 and 128\", messageLevel.FATAL)\r\n        paramsOK = false\r\n  end\r\n\r\n  if ((quarryWidth < 2) or (quarryWidth > 64)) then\r\n        writeMessage(\"diameter must be between 2 and 64\", messageLevel.FATAL)\r\n        paramsOK = false\r\n  end\r\nend\r\n\r\nif (paramsOK == true) then\r\n  writeMessage(\"---------------------------------\", messageLevel.INFO)\r\n  writeMessage(\"** Ore Quarry v0.4 by AustinKK **\", messageLevel.INFO)\r\n  writeMessage(\"---------------------------------\", messageLevel.INFO)\r\n\r\n  -- Set the turtle's starting position\r\n  currX = 0\r\n  currY = startHeight\r\n  currZ = 0\r\n  currOrient = direction.FORWARD\r\n\r\n  -- Calculate which blocks in the inventory signify noise blocks\r\n  determineNoiseBlocksCountCount()\r\n\r\n  if ((noiseBlocksCount == 0) or (noiseBlocksCount == 15)) then\r\n        writeMessage(\"No noise blocks have been been added. Please place blocks that the turtle should not mine (e.g. Stone, Dirt, Gravel etc.) in the first few slots of the turtle\\'s inventory. The first empty slot signifies the end of the noise blocks.\", messageLevel.FATAL)\r\n  else\r\n        -- Create a Quary\r\n        turtle.select(1)\r\n        currentlySelectedSlot = 1\r\n        createQuarry()\r\n  end\r\nend",
    "YaraRule": [
        "enable_org32",
        "core_keywords"
    ]
}