{
    "scrape_url": "https://scrape.pastebin.com/api_scrape_item.php?i=PCVx6FGY",
    "full_url": "https://pastebin.com/PCVx6FGY",
    "date": "1594319742",
    "key": "PCVx6FGY",
    "size": 270,
    "expire": "1594320342",
    "title": "",
    "syntax": "python",
    "user": "",
    "filename": "PCVx6FGY",
    "pasteid": "PCVx6FGY",
    "pastesite": "pastebin.com",
    "@timestamp": "2020-07-09T18:35:42",
    "MD5": "48ddf1cbbfc76830e60d2e1dbf050467",
    "SHA256": "10869992691dcf4b924cf839538bbd6cb45e722fbec0bf985f34d4659289a927",
    "raw_paste": "Nmap scan report for 165.125.81.61\r\nHost is up (0.33s latency).\r\nPORT    STATE SERVICE\r\n443/tcp open  https\r\n| http-methods: \r\n|   Supported Methods: GET HEAD CONNECT\r\n|_  Potentially risky methods: CONNECT\r\n\r\nNmap done: 1 IP address (1 host up) scanned in 26.00 seconds",
    "YaraRule": [
        "nmap_scan",
        "core_keywords"
    ]
}