{
    "scrape_url": "https://scrape.pastebin.com/api_scrape_item.php?i=qGfTz1LJ",
    "full_url": "https://pastebin.com/qGfTz1LJ",
    "date": "1594317834",
    "key": "qGfTz1LJ",
    "size": 193,
    "expire": "0",
    "title": "BlockUpdateDetector.lua",
    "syntax": "lua",
    "user": "",
    "filename": "qGfTz1LJ",
    "pasteid": "qGfTz1LJ",
    "pastesite": "pastebin.com",
    "@timestamp": "2020-07-09T18:03:54",
    "MD5": "5cff2c78c1cf8611769e616fed7d35e4",
    "SHA256": "d10a610508ced93cc00cd3c088ead87a49613509ff47e0f0972cbc841523129a",
    "raw_paste": "shell.run(\"clear\")\r\nprint(\"BLOCKUPDATE DETECTOR 1.0 BY MAESTRO\")\r\nif(turtle.detect()) then\r\n    redstone.setOutput(\"right\",true)\r\n    redstone.setOutput(\"left\",true)\r\nend\r\nsleep(3)\r\nos.reboot()",
    "YaraRule": [
        "enable_org32",
        "core_keywords"
    ]
}