{
    "scrape_url": "https://scrape.pastebin.com/api_scrape_item.php?i=qQCVwAw7",
    "full_url": "https://pastebin.com/qQCVwAw7",
    "date": "1594370752",
    "key": "qQCVwAw7",
    "size": 586,
    "expire": "0",
    "title": "",
    "syntax": "python",
    "user": "",
    "filename": "qQCVwAw7",
    "pasteid": "qQCVwAw7",
    "pastesite": "pastebin.com",
    "@timestamp": "2020-07-10T08:45:52",
    "MD5": "313e9cbba77cb89a56244a8ffa265f42",
    "SHA256": "4fa92988753e2a3af37f1dbb28ae05ab04966a75224a50a743b2e91bdd43a926",
    "raw_paste": "from reportlab.pdfgen import canvas\r\n\r\ndataSiswa = {\r\n\t\"nama\" : \"Kenzie\",\r\n\t\"kelas\" : \"VII-1\",\r\n\t\"laporan\" : \"Rapor Kelas 7 Semester 2\"\r\n}\r\n\r\n\r\nclass Data:\r\n\r\n\tdef __init__(self, filename, documentTitle, heading):\r\n\t\tself.filename = filename\r\n\t\tself.documentTitle = documentTitle\r\n\t\tself.heading = heading\r\n\r\nmyData = Data(str(dataSiswa['nama']+dataSiswa[\"kelas\"]+\".pdf\"), \"Hasil Ujian\", dataSiswa['laporan'])\r\nmyPdf = canvas.Canvas(myData.filename)\r\nmyPdf.setTitle(myData.filename)\r\n#print on paper\r\nmyPdf.drawString(230,750,myData.heading) #x,y,heading\r\n\r\nmyPdf.save()\r\n\r\n#print(\"OK\")",
    "YaraRule": [
        "enable_org32",
        "core_keywords"
    ]
}