{
    "scrape_url": "https://scrape.pastebin.com/api_scrape_item.php?i=R8hTF07s",
    "full_url": "https://pastebin.com/R8hTF07s",
    "date": "1594368165",
    "key": "R8hTF07s",
    "size": 4251,
    "expire": "0",
    "title": "SPL Xbox.com",
    "syntax": "bash",
    "user": "TheSploit",
    "filename": "R8hTF07s",
    "pasteid": "R8hTF07s",
    "pastesite": "pastebin.com",
    "@timestamp": "2020-07-10T08:02:45",
    "MD5": "a10c729bf66a6320d08086d88556c454",
    "SHA256": "9a04b5c371f22eea6e678c610f6ccf8ec27e58ed565c969a8773c57f2cb6c405",
    "raw_paste": "==========================================================\r\nXbox.com got uwu\r\nBy TheSploit :\")\r\n__________________________________________________________\r\nFindme on email indonesianweb1109@gmail.com\r\nhttps://www.youtube.com/channel/UCyNZMCmIT1lVxC0d1QUwqyA?view_as=subscriber\r\n==========================================================\r\ndomingo@buckeyeexpress.com:scrappy33 | 1\r\n156103538@qq.com:135728 | 742\r\nleoluzes@globo.com:leo1312 | 1\r\ned_maria@ig.com.br:319757cruz | 25\r\ndljones@ukgateway.net:startrek | 1\r\nrodrigo.carrieri@uol.com.br:r0dr1g04 | 1\r\nvinieri@uol.com.br:Apollo56 | 1\r\njla@buckeye-express.com:hjlena | 1\r\ntrevor.mack@ukgateway.net:oolibeja | 1\r\nelaine_alvarenga@globo.com:142624 | 2\r\nrosana-trindade@uol.com.br:Rosana3991 | 2\r\n277724365@qq.com:miuraharuma2009 | 44\r\ngavois.joffrey@laposte.net:Tassadit31 | 19\r\nkarenbooker2007@talktalk.net:buster | 2\r\n396094743@qq.com:raymondangel100200! | 943\r\njla@buckeyeexpress.com:hjlena | 1\r\n461886781@qq.com:779109xiao | 40\r\naidan.toal@talktalk.net:express1 | 1\r\nsam001@talktalk.net:unicorn001 | 1\r\npastorbessie@bex.net:snyder9232000 | 1\r\njohnscott123@talktalk.net:bailey00 | 1\r\nguitaredandfeathered@cox.net:thursday1 | 1\r\nkteneyck@bex.net:nursep1 | 1\r\nednatpsantos@terra.com.br:emilia | 1\r\nray1946@buckeyeexpress.com:r0ck@1172 | 1\r\nrichardbrown1@ukgateway.net:enadoofa | 1\r\nfrancis.cadet974@laposte.net:Picpic974 | 17\r\ncolinchristelow@talktalk.net:Lochgelly1 | 2\r\n370723235@qq.com:6699_moon | 296\r\nbjbashore@buckeyeexpress.com:Lena.1812 | 1\r\nmagscott2@buckeye-express.com:cronos1313 | 1\r\nalexadams@twc.com:Ginger4ever | 1\r\nwalker31@foxmail.com:S83p282a | 17\r\nvaamo@talktalk.net:fvaamonde | 2\r\nantoine.childers@bex.net:turn9sink | 1\r\nwutodi@21cn.net:50n9zhan | 42\r\ntruelibra924@buckeye-express.com:robbie29 | 1\r\nfwells@bex.net:dillon1 | 1\r\ngordonrmclaughlin@buckeyeexpress.com:mary1960 | 1\r\nntish@buckeye-express.com:tish5448 | 1\r\njol33nw@talktalk.net:malimoo2005 | 11\r\nshardin1@buckeye-express.com:7348colonial | 1\r\nandressapa@uol.com.br:a270608j | 2\r\nmattg408@bex.net:mattgrove1 | 1\r\na.brown21@talktalk.net:matthew | 1\r\n316861986@qq.com:zyf951753 | 378\r\nsandra.adamson@lineone.net:London01 | 1\r\nmikeriordan@bex.net:5152Mike! | 1\r\nandrewdesmidt@buckeye-express.com:desmidaa | 1\r\nyebiko@nate.com:snr102410 | 1\r\ntalkcrap@talktalk.net:cobblers1 | 2\r\npxiang@fsyyy.com:px116116 | 77\r\nlynetteandbert@talktalk.net:robert2603 | 1\r\nckonchar@triad.rr.com:Samlibby22! | 1\r\ngarrygeorge@talktalk.net:nemesis | 2\r\nlokeshca@bol.net.in:webmail2980 | 1\r\ncruz.andrea@uol.com.br:Pai26051950 | 2\r\ntheo.mikolajczak@laposte.net:Yocool16 | 14\r\ngazbdraper@twc.com:ducky2003 | 7\r\npcjhamel@nomotech.net:philippe | 1\r\nchrisriddell@talktalk.net:Bloodshadow12 | 38\r\nevwilt@bex.net:goalie2 | 1\r\nmissout@buckeye-express.com:travis101 | 1\r\nbobandkylie@grapevine.com.au:liambensam | 1\r\n381505937@qq.com:tompson1991 | 984\r\n157647716@qq.com:apollo789 | 16\r\nmorganstn@talktalk.net:Luigi123! | 1\r\nandy.hamlett@talktalk.net:dustybin66 | 1\r\npoli.zen@laposte.net:pOpo1456 | 4\r\ngsmith3@buckeye-express.com:carolyn5 | 1\r\ntraceycatlin@buckeyeexpress.com:hawaii1 | 1\r\njwalling@bex.net:Michigan | 1\r\nrmmurray@twc.com:Chelsea2 | 2\r\ni.prado@uol.com.br:wish78 | 7\r\nkaren.j.murphy@talktalk.net:foreman1 | 1\r\nvan.silveira@globo.com:vanvan978 | 2\r\nchezdawn@buckeye-express.com:Taurus22! | 1\r\nall.talk@talktalk.net:oliver | 2\r\naugustocesar@uol.com.br:A10C08M52 | 2\r\nttoppah@carnegienet.net:tt23car | 1\r\nseverinoreinaldo@uol.com.br:reino3 | 1\r\ngsarge@talktalk.net:yamred46 | 2\r\nmarion.castien@laposte.net:Vqqfj94q | 2\r\nstevemagee@twc.com:SM4398evan | 1\r\nherbert-bichler@a1.net:marax105 | 1\r\nsajjad786@talktalk.net:talktalk | 1\r\nguminghu2179@vip.qq.com:19920805Gmh | 93\r\nvirginiehector@west-telecom.com:virginie | 4\r\ntrsmith@talktalk.net:travel12 | 1\r\nalex.roberts05@talktalk.net:jinxm00k | 6\r\njantutt@talktalk.net:pebbles3 | 2\r\nclaudia.schaaf@talktalk.net:Solomon1 | 2\r\nwitwitwitwit@qq.com:xilu1986 | 37\r\njuliano-basso@uol.com.br:gdxj66 | 1\r\nntish@buckeyeexpress.com:tish5448 | 1\r\nmegastair@talktalk.net:Wallace123 | 1\r\ngeorgeleggatt@talktalk.net:turboslug61 | 6\r\nraphaelsloureiro@uol.com.br:Rsl151220 | 2\r\nmarcoust@uol.com.br:gabi99 | 1\r\ntstluis@bol.com.br:luis1984 | 2\r\nmikeelkins@talktalk.net:sophiebec1 | 1\r\nmikedenney@twc.com:Barneyd1 | 4",
    "YaraRule": [
        "email_list",
        "email_filter"
    ],
    "total_emails": 103,
    "unique_emails": 103,
    "unique_domains": 28
}