{
    "scrape_url": "https://scrape.pastebin.com/api_scrape_item.php?i=RA62WSbW",
    "full_url": "https://pastebin.com/RA62WSbW",
    "date": "1594404191",
    "key": "RA62WSbW",
    "size": 389,
    "expire": "0",
    "title": "dance",
    "syntax": "lua",
    "user": "",
    "filename": "RA62WSbW",
    "pasteid": "RA62WSbW",
    "pastesite": "pastebin.com",
    "@timestamp": "2020-07-10T18:03:11",
    "MD5": "d2ec287d9efa5a73c1bed458eeb7502d",
    "SHA256": "96a4d0067c4189f65f2d386c17b781a0e05aec98e3bb288df910c906833b1974",
    "raw_paste": "--[[Programa de dan\u00e7a\r\nmake the turtle dance!]]\r\n\r\nprint('Hora de dan\u00e7ar!')\r\n\r\n--Turtle stard dancing\r\nturtle.forward()\r\nturtle.back()\r\nturtle.turnRight()\r\nturtle.forward()\r\nturtle.back()\r\nturtle.back()\r\nturtle.turnLeft()\r\nturtle.turnLeft()\r\nturtle.back()\r\nturtle.turnRight()\r\n\r\n--Turtle spins atound\r\nfor i=1,4 do \r\n  turtle.turnRight()\r\nend\r\n\r\nturtle.up()\r\nturtle.down()\r\nprint('Acabou!)",
    "YaraRule": [
        "enable_org32",
        "core_keywords"
    ]
}