{
    "scrape_url": "https://scrape.pastebin.com/api_scrape_item.php?i=rcjxuYeG",
    "full_url": "https://pastebin.com/rcjxuYeG",
    "date": "1594393308",
    "key": "rcjxuYeG",
    "size": 13279,
    "expire": "0",
    "title": "",
    "syntax": "cpp",
    "user": "",
    "filename": "rcjxuYeG",
    "pasteid": "rcjxuYeG",
    "pastesite": "pastebin.com",
    "@timestamp": "2020-07-10T15:01:48",
    "MD5": "1139e569e237a590dba4b07c96096bdb",
    "SHA256": "ea2161cf376b3642eb4e0c043263725cccde7b07c2dc84984ce63de01ad38396",
    "raw_paste": "#include <iostream>\r\n#include <vector>\r\n#include <regex>\r\n#include <sstream>\r\n#include <thread>\r\n#include <mutex>\r\nusing namespace std;\r\n\r\n#pragma warning(disable:4996)\r\nconst char* crt = \"\\n-------------------------------------------\\n\";\r\nenum eRazred { PRVI = 1, DRUGI, TRECI, CETVRTI };\r\nconst float minimalan_prosjek = 4.5;\r\n\r\nmutex m;\r\n\r\nchar* AlocirajNizKaraktera(const char* sadrzaj) {\r\n\tif (sadrzaj == nullptr)\r\n\t\treturn nullptr;\r\n\tint vel = strlen(sadrzaj) + 1;\r\n\tchar* temp = new char[vel];\r\n\tstrcpy_s(temp, vel, sadrzaj);\r\n\treturn temp;\r\n}\r\n\r\ntemplate<class T1, class T2>\r\nclass Kolekcija {\r\n\tT1* _elementi1;\r\n\tT2* _elementi2;\r\n\tint* _trenutno;\r\npublic:\r\n\tKolekcija() {\r\n\t\t_elementi1 = nullptr;\r\n\t\t_elementi2 = nullptr;\r\n\t\t_trenutno = new int(0);\r\n\t}\r\n\tKolekcija(const Kolekcija& k) {\r\n\t\t_trenutno = new int(*k._trenutno);\r\n\r\n\t\t_elementi1 = new T1[(*_trenutno)];\r\n\t\t_elementi2 = new T2[(*_trenutno)];\r\n\r\n\t\tfor (size_t i = 0; i < (*_trenutno); i++)\r\n\t\t{\r\n\t\t\t_elementi1[i] = k._elementi1[i];\r\n\t\t\t_elementi2[i] = k._elementi2[i];\r\n\t\t}\r\n\t}\r\n\t~Kolekcija() {\r\n\t\tdelete[] _elementi1; _elementi1 = nullptr;\r\n\t\tdelete[] _elementi2; _elementi2 = nullptr;\r\n\t\tdelete _trenutno; _trenutno = nullptr;\r\n\t}\r\n\tT1& getElement1(int lokacija) { return _elementi1[lokacija]; }\r\n\tT2& getElement2(int lokacija) { return _elementi2[lokacija]; }\r\n\tint getTrenutno() { return *_trenutno; }\r\n\r\n\tvoid AddElement(T1 el1, T2 el2) {\r\n\t\tT1* temp1 = new T1[*_trenutno + 1];\r\n\t\tT2* temp2 = new T2[*_trenutno + 1];\r\n\t\tfor (size_t i = 0; i < *_trenutno; i++)\r\n\t\t{\r\n\t\t\ttemp1[i] = _elementi1[i];\r\n\t\t\ttemp2[i] = _elementi2[i];\r\n\t\t}\r\n\t\tdelete[] _elementi1; delete[] _elementi2;\r\n\t\ttemp1[*_trenutno] = el1;\r\n\t\ttemp2[*_trenutno] = el2;\r\n\t\t_elementi1 = temp1; _elementi2 = temp2;\r\n\t\ttemp1 = nullptr; temp2 = nullptr;\r\n\t\t(*_trenutno)++;\r\n\t}\r\n\r\n\tvoid SortOpadajuciByT2() {\r\n\t\tbool flag = true;\r\n\t\twhile (flag)\r\n\t\t{\r\n\t\t\tflag = false;\r\n\t\t\tfor (size_t i = 0; i < (*_trenutno) - 1; i++)\r\n\t\t\t{\r\n\t\t\t\tif (_elementi2[i] < _elementi2[i + 1])\r\n\t\t\t\t{\r\n\t\t\t\t\tT1 temp1 = _elementi1[i];\r\n\t\t\t\t\t_elementi1[i] = _elementi1[i + 1];\r\n\t\t\t\t\t_elementi1[i + 1] = temp1;\r\n\r\n\r\n\t\t\t\t\tT2 temp2 = _elementi2[i];\r\n\t\t\t\t\t_elementi2[i] = _elementi2[i + 1];\r\n\t\t\t\t\t_elementi2[i + 1] = temp2;\r\n\r\n\t\t\t\t\tflag = true;\r\n\t\t\t\t}\r\n\t\t\t}\r\n\t\t}\r\n\t}\r\n\r\n\tKolekcija& operator =(const Kolekcija& k) {\r\n\t\tif (this != &k) {\r\n\t\t\tdelete[] _elementi1;\r\n\t\t\tdelete[] _elementi2;\r\n\t\t\t*_trenutno = *k._trenutno;\r\n\t\t\t_elementi1 = new T1[*k._trenutno];\r\n\t\t\t_elementi2 = new T2[*k._trenutno];\r\n\t\t\tfor (size_t i = 0; i < *k._trenutno; i++)\r\n\t\t\t{\r\n\t\t\t\t_elementi1[i] = k._elementi1[i];\r\n\t\t\t\t_elementi2[i] = k._elementi2[i];\r\n\t\t\t}\r\n\t\t}\r\n\t\treturn *this;\r\n\t}\r\n\r\n\tfriend ostream& operator<< (ostream& COUT, Kolekcija& obj) {\r\n\t\tfor (size_t i = 0; i < *obj._trenutno; i++)\r\n\t\t\tCOUT << obj.getElement1(i) << \" \" << obj.getElement2(i) << endl;\r\n\t\treturn COUT;\r\n\t}\r\n};\r\n\r\nclass DatumVrijeme {\r\n\tint* _dan, * _mjesec, * _godina, * _sati, * _minuti;\r\npublic:\r\n\tDatumVrijeme(int dan = 1, int mjesec = 1, int godina = 2000, int sati = 0, int minuti = 0) {\r\n\t\t_dan = new int(dan);\r\n\t\t_mjesec = new int(mjesec);\r\n\t\t_godina = new int(godina);\r\n\t\t_sati = new int(sati);\r\n\t\t_minuti = new int(minuti);\r\n\t}\r\n\tDatumVrijeme(const DatumVrijeme& d) :DatumVrijeme(*d._dan, *d._mjesec, *d._godina, *d._sati, *d._minuti) {}\r\n\r\n\t~DatumVrijeme() {\r\n\t\tdelete _dan; _dan = nullptr;\r\n\t\tdelete _mjesec; _mjesec = nullptr;\r\n\t\tdelete _godina; _godina = nullptr;\r\n\t\tdelete _sati; _sati = nullptr;\r\n\t\tdelete _minuti; _minuti = nullptr;\r\n\t}\r\n\tfriend ostream& operator<< (ostream& COUT, DatumVrijeme& obj) {\r\n\t\tCOUT << *obj._dan << \".\" << *obj._mjesec << \".\" << *obj._godina << \" \" << *obj._sati << \":\" << *obj._minuti << endl;\r\n\t\treturn COUT;\r\n\t}\r\n\tchar* ToCharArray() const {\r\n\t\tstringstream ss;\r\n\t\tss << *_dan << \".\" << *_mjesec << \".\" << *_godina << \" \" << *_sati << \":\" << *_minuti;\r\n\t\treturn AlocirajNizKaraktera(ss.str().c_str());\r\n\t}\r\n\tDatumVrijeme& operator = (const DatumVrijeme& d) {\r\n\t\t*_dan = *d._dan;\r\n\t\t*_mjesec = *d._mjesec;\r\n\t\t*_godina = *d._godina;\r\n\t\t*_sati = *d._sati;\r\n\t\t*_minuti = *d._minuti;\r\n\t\treturn *this;\r\n\t}\r\n\tbool operator == (const DatumVrijeme& d) {\r\n\t\treturn\r\n\t\t\t*_dan == *d._dan &&\r\n\t\t\t*_mjesec == *d._mjesec &&\r\n\t\t\t*_godina == *d._godina &&\r\n\t\t\t*_sati == *d._sati &&\r\n\t\t\t*_minuti == *d._minuti;\r\n\t}\r\n};\r\n\r\nclass Predmet {\r\n\tchar* _naziv;\r\n\tint _ocjena;\r\n\tstring _napomena;\r\npublic:\r\n\tPredmet(const char* naziv, int ocjena, string napomena = \"\") :_ocjena(ocjena), _napomena(napomena) {\r\n\t\t_naziv = AlocirajNizKaraktera(naziv);\r\n\t}\r\n\tPredmet(const Predmet& p) :Predmet(p._naziv, p._ocjena, p._napomena) {}\r\n\t~Predmet() {\r\n\t\tdelete[] _naziv; _naziv = nullptr;\r\n\t}\r\n\tfriend ostream& operator<< (ostream& COUT, Predmet& obj) {\r\n\t\tCOUT << obj._naziv << \" (\" << obj._ocjena << \") \" << obj._napomena;\r\n\t\treturn COUT;\r\n\t}\r\n\tchar* GetNaziv() { return _naziv; }\r\n\tstring GetNapomena() { return _napomena; }\r\n\tint GetOcjena() { return _ocjena; }\r\n\tvoid DodajNapomenu(string napomena) {\r\n\t\t_napomena += \" \" + napomena;\r\n\t}\r\n\tbool operator == (const Predmet& p) { return strcmp(_naziv, p._naziv) == 0; }\r\n};\r\nstruct Uspjeh {\r\n\teRazred _razred;\r\n\t//datumvrijeme se odnosi na vrijeme evidentiranja polozenog predmeta\r\n\tKolekcija<Predmet*, DatumVrijeme>* _predmeti;\r\npublic:\r\n\tUspjeh(eRazred razred) :_razred(razred), _predmeti(nullptr) {\r\n\t}\r\n\t~Uspjeh() {\r\n\t\tfor (size_t i = 0; i < _predmeti->getTrenutno(); i++)\r\n\t\t\tdelete _predmeti->getElement1(i);\r\n\t\tdelete[] _predmeti; _predmeti = nullptr;\r\n\t}\r\n\tUspjeh(Uspjeh& u) :Uspjeh(u._razred) {\r\n\t\t_predmeti = new Kolekcija<Predmet*, DatumVrijeme>;\r\n\t\tif (u.GetPredmeti() != nullptr) {\r\n\t\t\tfor (size_t i = 0; i < u.GetPredmeti()->getTrenutno(); i++)\r\n\t\t\t{\r\n\t\t\t\t_predmeti->AddElement(new Predmet(*u.GetPredmeti()->getElement1(i)), u.GetPredmeti()->getElement2(i));\r\n\t\t\t}\r\n\t\t}\r\n\t}\r\n\r\n\tKolekcija<Predmet*, DatumVrijeme>* GetPredmeti() { return _predmeti; }\r\n\teRazred GetRazred() { return _razred; }\r\n\r\n\tfriend ostream& operator<< (ostream& COUT, Uspjeh& obj) {\r\n\t\tCOUT << obj._razred << \" RAZRED: \" << crt;\r\n\t\tif (obj._predmeti != nullptr) {\r\n\t\t\tfor (size_t i = 0; i < obj._predmeti->getTrenutno(); i++)\r\n\t\t\t\tcout << *obj._predmeti->getElement1(i) << \" \" << obj.GetPredmeti()->getElement2(i) << endl;\r\n\t\t}\r\n\t\treturn COUT;\r\n\t}\r\n\tvoid DodajPredmet(Predmet p, DatumVrijeme d) {\r\n\t\tif (_predmeti == nullptr) _predmeti = new Kolekcija<Predmet*, DatumVrijeme>;\r\n\t\t_predmeti->AddElement(new Predmet(p), d);\r\n\t}\r\n};\r\n\r\nclass Kandidat {\r\n\tchar* _imePrezime;\r\n\tstring _emailAdresa;\r\n\tstring _brojTelefona;\r\n\tvector<Uspjeh*> _uspjeh;\r\npublic:\r\n\tKandidat(const char* imePrezime, string emailAdresa, string brojTelefona) :_emailAdresa(emailAdresa), _brojTelefona(brojTelefona) {\r\n\t\t_imePrezime = AlocirajNizKaraktera(imePrezime);\r\n\t}\r\n\t~Kandidat() {\r\n\t\tdelete[] _imePrezime; _imePrezime = nullptr;\r\n\t   _uspjeh.clear();\r\n\t\t\r\n\t}\r\n\t/////////////////////////////////////////////////////////////////////////////////////////\r\n\tbool AddPredmet(eRazred r, Predmet p, DatumVrijeme d) {\r\n\t\t\r\n\t\tfor (vector<Uspjeh*>::iterator i = _uspjeh.begin(); i != _uspjeh.end(); i++)\r\n\t\t{\r\n\t\t\tUspjeh *u = *i;\r\n\t\t\tif (u->GetRazred() == r) {\r\n\t\t\t\tif (u->GetPredmeti() == nullptr) return false;\r\n\t\t\t\tif (u->GetPredmeti()->getTrenutno() >= 6) return false;\r\n\t\t\t\tfor (size_t j = 0; j < u->GetPredmeti()->getTrenutno(); j++)\r\n\t\t\t\t{\r\n\t\t\t\t\tif (*u->GetPredmeti()->getElement1(j) == p || u->GetPredmeti()->getElement2(j) == d) return false;\r\n\t\t\t\t}\r\n\t\t\t\tu->GetPredmeti()->AddElement(new Predmet(p), d);\r\n\t\t\t\tif (u->GetPredmeti()->getTrenutno() == 6) {\r\n\t\t\t\t\tthread t([u]() {\r\n\t\t\t\t\t\tm.lock();\r\n\t\t\t\t\t\tfloat suma = 0;\r\n\t\t\t\t\t\tfor (size_t i = 0; i < u->GetPredmeti()->getTrenutno(); i++)\r\n\t\t\t\t\t\t\tsuma += u->GetPredmeti()->getElement1(i)->GetOcjena();\r\n\t\t\t\t\t\tsuma /= u->GetPredmeti()->getTrenutno();\r\n\t\t\t\t\t\tm.unlock();\r\n\t\t\t\t\t\tthread email([](eRazred r) {\r\n\t\t\t\t\t\t\tm.lock();\r\n\t\t\t\t\t\t\tcout << \"Evidentirali ste uspjeh za \" << r << \" razred\" << endl;\r\n\t\t\t\t\t\t\tm.unlock();\r\n\t\t\t\t\t\t\t}, u->GetRazred());\r\n\t\t\t\t\t\tif (suma >= minimalan_prosjek) {\r\n\t\t\t\t\t\t\tthread sms([suma]() {\r\n\t\t\t\t\t\t\t\tm.lock();\r\n\t\t\t\t\t\t\t\tcout << \"Svaka cast za uspjeh \" << suma << endl;\r\n\t\t\t\t\t\t\t\tm.unlock();\r\n\t\t\t\t\t\t\t\t});\r\n\t\t\t\t\t\t\tsms.join();\r\n\t\t\t\t\t\t}\r\n\t\t\t\t\t\temail.join();\r\n\t\t\t\t\t\t});\r\n\t\t\t\t\tt.join();\r\n\t\t\t\t}\r\n\t\t\t\treturn true;\r\n\t\t\t}\r\n\t\t}\r\n\t\tUspjeh* temp = new Uspjeh(r);\r\n\t\ttemp->DodajPredmet(p, d);\r\n\t\t_uspjeh.push_back(temp);\r\n\t\treturn true;\r\n\t}\r\n\t//////////////////////////////////////////////////////////////////////////////////////////\r\n\tfriend ostream& operator<< (ostream& COUT, Kandidat& obj) {\r\n\t\tCOUT << obj._imePrezime << \" \" << obj._emailAdresa << \" \" << obj._brojTelefona << endl;\r\n\t\tfor (size_t i = 0; i < obj._uspjeh.size(); i++)\r\n\t\t\tCOUT << *obj._uspjeh[i] << endl;\r\n\t\treturn COUT;\r\n\t}\r\n\tUspjeh* operator()(eRazred r) {\r\n\t\tfor (size_t i = 0; i < _uspjeh.size(); i++)\r\n\t\t{\r\n\t\t\tif (_uspjeh[i]->GetRazred() == r) {\r\n\t\t\t\treturn _uspjeh[i];\r\n\t\t\t}\r\n\t\t}\r\n\t\treturn nullptr;\r\n\t}\r\n\r\n\tvector<Uspjeh*> GetUspjeh() { return _uspjeh; }\r\n\r\n\r\n};\r\n\r\nvoid main() {\r\n\t/****************************************************************************\r\n\t1. SVE KLASE TREBAJU POSJEDOVATI ADEKVATAN DESTRUKTOR\r\n\t2. NAMJERNO IZOSTAVLJANJE KOMPLETNIH I/ILI POJEDINIH DIJELOVA DESTRUKTORA KOJI UZROKUJU RUNTIME ERROR \ufffdE BITI OZNACENO KAO \"RE\"\r\n\t3. SPA\ufffdAVAJTE PROJEKAT KAKO BI SE SPRIJE\ufffdILO GUBLJENJE URA\ufffdENOG ZADATKA\r\n\t4. PROGRAMSKI CODE SE TAKO\ufffdER NALAZI U FAJLU CODE.TXT\r\n\t5. NAZIVI FUNKCIJA, TE BROJ I TIP PARAMETARA MORAJU BITI IDENTI\ufffdNI ONIMA KOJI SU KORI\ufffdTENI U TESTNOM CODE-U, OSIM U SLU\ufffdAJU DA POSTOJI ADEKVATAN RAZLOG ZA NJIHOVU MODIFIKACIJU. OSTALE, POMO\ufffdNE FUNKCIJE MO\ufffdETE IMENOVATI I DODAVATI PO \ufffdELJI.\r\n\t6. IZUZETAK BACITE U FUNKCIJAMA U KOJIMA JE TO NAZNA\ufffdENO.\r\n\t****************************************************************************/\r\n\r\n\tDatumVrijeme temp,\r\n\t\tdatum19062018_1015(19, 6, 2018, 10, 15),\r\n\t\tdatum20062018_1115(20, 6, 2018, 11, 15),\r\n\t\tdatum30062018_1215(30, 6, 2018, 12, 15),\r\n\t\tdatum05072018_1231(5, 7, 2018, 12, 31),\r\n\t\tdatum20062018_1115_Copy(datum20062018_1115);\r\n\t//funkcija ToCharArray vraca datum i vrijeme kao char *\r\n\tcout << datum19062018_1015.ToCharArray() << endl;//treba ispisati: 19.6.2018 10:15\r\n\ttemp = datum05072018_1231;\r\n\tcout << temp.ToCharArray() << endl;//treba ispisati: 5.7.2018 12:31\r\n\tcout << datum20062018_1115_Copy.ToCharArray() << endl;//treba ispisati: 20.6.2018 11:15\r\n\r\n\tconst int kolekcijaTestSize = 10;\r\n\tKolekcija<int, int> kolekcija1;\r\n\tfor (size_t i = 0; i < kolekcijaTestSize; i++)\r\n\t\tkolekcija1.AddElement(i + 1, i * i);\r\n\tcout << kolekcija1 << endl;\r\n\r\n\tKolekcija<int, int> kolekcija2 = kolekcija1;\r\n\tcout << kolekcija2 << crt;\r\n\tKolekcija<int, int> kolekcija3;\r\n\tkolekcija3 = kolekcija1;\r\n\tkolekcija3.SortOpadajuciByT2(); //od najvece prema najmanjoj vrijednosti\r\n\tcout << kolekcija3 << crt;\r\n\r\n\t//napomena se moze dodati i prilikom kreiranja objekta\r\n\tPredmet Matematika(\"Matematika\", 5, \"Ucesce na takmicenju\"),\r\n\t\tFizika(\"Fizika\", 5),\r\n\t\tHemija(\"Hemija\", 2),\r\n\t\tEngleski(\"Engleski\", 5);\r\n\tFizika.DodajNapomenu(\"Pohvala za ostvareni uspjeh\"); // dodaje novu napomenu zadrzavajuci ranije dodane\r\n\tcout << Matematika << endl;\r\n\r\n\tKandidat jasmin(\"Jasmin Azemovic\", \"jasmin@gmail.com\", \"033 281 172\");\r\n\tKandidat adel(\"Adel Handzic\", \"adel@edu.fit.ba\", \"033 281 170\");\r\n\r\n\t/*\r\n\tuspjeh (tokom srednjoskolskog obrazovanja) se dodaje za svaki predmet na nivou razreda.\r\n\ttom prilikom onemoguciti:\r\n\t- dodavanje vise od 6 predmeta za jedan razred\r\n\t- dodavanje istoimenih predmeta na nivou jednog razreda,\r\n\t- dodavanje vise predmeta u kratkom vremenskom periodu (na nivou jednog razreda, razmak izmedju dodavanja pojedinih predmeta mora biti najmanje minut).\r\n\trazredi (predmeti ili uspjeh) ne moraju biti dodavani sortiranim redoslijedom (npr. prvo se moze dodati uspjeh za II\r\n\trazred, pa onda za I razred i sl.). Funkcija vraca true ili false u zavisnosti od (ne)uspjesnost izvrsenja\r\n\t*/\r\n\tif (jasmin.AddPredmet(DRUGI, Fizika, datum20062018_1115))\r\n\t//\tcout << \"Predmet uspjesno dodan!\" << crt << jasmin;\r\n\t//if (jasmin.AddPredmet(DRUGI, Hemija, datum30062018_1215))\r\n\t//\tcout << \"Predmet uspjesno dodan!\" << crt;\r\n\t//if (jasmin.AddPredmet(PRVI, Engleski, datum19062018_1015))\r\n\t//\tcout << \"Predmet uspjesno dodan!\" << crt;\r\n\t//if (jasmin.AddPredmet(PRVI, Matematika, datum20062018_1115))\r\n\t//\tcout << \"Predmet uspjesno dodan!\" << crt;\r\n\t////ne treba dodati Matematiku jer je vec dodana u prvom razredu\r\n\t//if (jasmin.AddPredmet(PRVI, Matematika, datum05072018_1231))\r\n\t//\tcout << \"Predmet uspjesno dodan!\" << crt;\r\n\t////ne treba dodati Fiziku jer nije prosao minut od dodavanja posljednjeg predmeta\r\n\t//if (jasmin.AddPredmet(PRVI, Fizika, datum05072018_1231))\r\n\t//\tcout << \"Predmet uspjesno dodan!\" << crt;\r\n\t/*pretpostavka je da na nivou jednog razreda kandidati imaju 6 predmeta.\r\n\tupravo zbog toga, nakon evidentiranja 6 predmeta na nivou jednog razreda kandidatu se salje mail\r\n\tsa porukom: \"evidentirali ste uspjeh za X razred\". ukoliko je prosjek na nivou tog razreda veci od minimalan_prosjek\r\n\tkandidatu se salje SMS sa porukom: \"svaka cast za uspjeh 4.X\". slanje poruka i emailova implemenitrati koristeci\r\n\tzasebne thread-ove.\r\n\t*/\r\n\r\n\t//Uspjeh* u = jasmin(PRVI);//vraca uspjeh kandidata ostvaren u prvom razredu\r\n\t//if (u != nullptr)\r\n\t//    cout << *u << endl;\r\n\r\n\r\n\tsystem(\"pause>0\");\r\n}",
    "YaraRule": [
        "enable_org23",
        "core_keywords"
    ]
}