{
    "scrape_url": "https://scrape.pastebin.com/api_scrape_item.php?i=rfD6tTQb",
    "full_url": "https://pastebin.com/rfD6tTQb",
    "date": "1594317996",
    "key": "rfD6tTQb",
    "size": 203,
    "expire": "0",
    "title": "BlockUpdateDetector.lua",
    "syntax": "lua",
    "user": "",
    "filename": "rfD6tTQb",
    "pasteid": "rfD6tTQb",
    "pastesite": "pastebin.com",
    "@timestamp": "2020-07-09T18:06:36",
    "MD5": "94a2021515a5d227aef0312b9ecad260",
    "SHA256": "861ea929a87c08f6059b03f7fb3d0791df55ca09102fb589004a2e5dfefe0805",
    "raw_paste": "shell.run(\"clear\")\r\nprint(\"BLOCKUPDATE DETECTOR 1.0 BY MAESTRO\")\r\nsleep(1)\r\nif(turtle.detect()) then\r\n    redstone.setOutput(\"right\",true)\r\n    redstone.setOutput(\"left\",true)\r\nend\r\nsleep(1)\r\nos.reboot()",
    "YaraRule": [
        "enable_org32",
        "core_keywords"
    ]
}