{
    "scrape_url": "https://scrape.pastebin.com/api_scrape_item.php?i=rGsHVWf1",
    "full_url": "https://pastebin.com/rGsHVWf1",
    "date": "1594236681",
    "key": "rGsHVWf1",
    "size": 847,
    "expire": "0",
    "title": "mid",
    "syntax": "lua",
    "user": "",
    "filename": "rGsHVWf1",
    "pasteid": "rGsHVWf1",
    "pastesite": "pastebin.com",
    "@timestamp": "2020-07-08T19:31:21",
    "MD5": "0743178935bc1c9dfa12c162e0cf8606",
    "SHA256": "4df958c4cedd2c349c569cd6625999937ba721337d8085b3788f67063110503f",
    "raw_paste": "function pf(s)\r\n  turtle.select(s)\r\n  turtle.place()\r\nend\r\nfunction pd(s)\r\n  turtle.select(s)\r\n  turtle.placeDown()\r\nend\r\nfunction u()\r\n  turtle.up()\r\nend\r\nfunction f()\r\n  turtle.forward()\r\nend\r\nfunction d()\r\n  turtle.down()\r\nend\r\nfunction sk(s)\r\n  turtle.select(s)\r\n  turtle.suck()\r\nend\r\nfunction dg(s)\r\n  turtle.select(s)\r\n  turtle.dig()\r\nend\r\nfunction rf()\r\n  pf(1)\r\n  sk(16)\r\n  turtle.refuel()\r\n  sk(15)\r\n  turtle.refuel()\r\n  sk(14)\r\n  turtle.refuel()\r\n  dg(1)\r\nend\r\nfunction lm()\r\n  pd(2)\r\n  u()\r\n  pd(3)\r\n  f()\r\n  d()\r\nend\r\nfunction first()\r\n  for a=1,62 do\r\n    f()\r\n  end\r\nend\r\nfunction mid()\r\n  pd(2)\r\n  f()\r\n  f()\r\n  f()\r\n  pd(2)\r\n  f()\r\nend\r\nfunction next()\r\n  f()\r\n  f()\r\nend\r\nrf()\r\nfunction set()\r\n  lm()\r\n  first()\r\n  mid()\r\n  first()\r\n  lm()\r\n  f()\r\n  f()\r\nend\r\nfunction multiple()\r\n  for a=1,8 do\r\n    set()\r\n  end\r\nend\r\nmultiple()",
    "YaraRule": [
        "enable_org32",
        "core_keywords"
    ]
}