{
    "scrape_url": "https://scrape.pastebin.com/api_scrape_item.php?i=rGVxAufT",
    "full_url": "https://pastebin.com/rGVxAufT",
    "date": "1594392071",
    "key": "rGVxAufT",
    "size": 1013,
    "expire": "0",
    "title": "Turtle Fib Seq",
    "syntax": "python",
    "user": "DefaultChrisLee",
    "filename": "rGVxAufT",
    "pasteid": "rGVxAufT",
    "pastesite": "pastebin.com",
    "@timestamp": "2020-07-10T14:41:11",
    "MD5": "7f6d010647dee01f6727866945a0f0fc",
    "SHA256": "4a3e056b0d5188950d2699b609de6878cfa62ddd4f552da2ca5592cf890945c8",
    "raw_paste": "from turtle import *\n\n\ndef mem_fib(n, _cache={}):\n    if n in _cache:\n        return _cache[n]\n    elif n > 1:\n        return _cache.setdefault(n, mem_fib(n - 1) + mem_fib(n - 2))\n    return n\n\n\nht()        # Hide Turtle\ntracer(1)   # Delay\nn = 150      # Sequences\nn = n+1     # Add to counter\n\n\nfor x in range(1, n):\n    print(x, mem_fib(x))  # print n return value\n    name = mem_fib(x)  # The Print text\n    pu()                                            # Pen Up\n    fd(x * 2)                                       # Creates Spiral\n    pd()                                            # Pen Down\n    size = (x*2) // 6\n    write(name, font=('', size, 'bold'))   # The Actual Writing\n    lt(88)\n\n\n# for x in range(1, 150):  # iterate over n times\n#     color('red')\n#     printText()\n#     color('orange')\n#     printText()\n#     color('yellow')\n#     printText()\n#     color('green')\n#     printText()\n#     color('blue')\n#     printText()\n#     color('indigo')\n#     printText()\n#     color('violet')\n\ndone()",
    "YaraRule": [
        "enable_org32",
        "core_keywords"
    ]
}