{
    "scrape_url": "https://scrape.pastebin.com/api_scrape_item.php?i=rkvhVnSk",
    "full_url": "https://pastebin.com/rkvhVnSk",
    "date": "1594379658",
    "key": "rkvhVnSk",
    "size": 35531,
    "expire": "1594383258",
    "title": "",
    "syntax": "python",
    "user": "",
    "filename": "rkvhVnSk",
    "pasteid": "rkvhVnSk",
    "pastesite": "pastebin.com",
    "@timestamp": "2020-07-10T11:14:18",
    "MD5": "22da37d569debd3bcba1c6f8ccb8cf96",
    "SHA256": "b424523a955c28045a2db17fe89cdbe64043faa2c8620c9bf3854fd98a491092",
    "raw_paste": "TemplateSyntaxError at /api/v1/auth/registration/\nCould not parse the remainder: '</strong><span style=\"font-size:14px\">' from 'legal_name</strong><span style=\"font-size:14px\">'\n\nRequest Method: POST\nRequest URL: https://caterway.webcase-dev.com/api/v1/auth/registration/\nDjango Version: 2.2\nPython Executable: /home/caitering/caitering/caitering/server/.venv/bin/python3.7\nPython Version: 3.7.3\nPython Path: ['/home/caitering/caitering/caitering/server', '/home/caitering/caitering/caitering/server/.venv/bin', '/home/caitering/caitering/caitering/server/.venv/lib/python37.zip', '/home/caitering/caitering/caitering/server/.venv/lib/python3.7', '/home/caitering/caitering/caitering/server/.venv/lib/python3.7/lib-dynload', '/usr/lib/python3.7', '/home/caitering/caitering/caitering/server/.venv/lib/python3.7/site-packages', '/home/caitering/caitering/caitering/server/.venv/lib/python3.7/site-packages/odf', '/home/caitering/caitering/caitering/server/.venv/lib/python3.7/site-packages/odf', '/home/caitering/caitering/caitering/server/.venv/lib/python3.7/site-packages/odf', '/home/caitering/caitering/caitering/server/.venv/lib/python3.7/site-packages/odf', '/home/caitering/caitering/caitering/server/.venv/lib/python3.7/site-packages/odf', '/home/caitering/caitering/caitering/server/.venv/lib/python3.7/site-packages/odf', '/home/caitering/caitering/caitering/server/.venv/lib/python3.7/site-packages/odf']\nServer time: Fri, 10 Jul 2020 23:13:51 +1200\nInstalled Applications:\n['markup',\n 'shared',\n 'apps.cart',\n 'apps.checkout',\n 'apps.goods',\n 'apps.handling',\n 'apps.organization',\n 'apps.pages',\n 'apps.staff',\n 'adminsortable2',\n 'ckeditor',\n 'ckeditor_uploader',\n 'des',\n 'django_filters',\n 'django_jinja',\n 'hijack',\n 'compat',\n 'parler',\n 'postie',\n 'seo',\n 'rest_framework',\n 'rest_framework.authtoken',\n 'rest_framework_recaptcha',\n 'import_export',\n 'robots',\n 'rosetta',\n 'script_pattern',\n 'solo',\n 'wkhtmltopdf',\n 'vuejs_translate',\n 'jet',\n 'rangefilter',\n 'django.contrib.admin',\n 'django.contrib.auth',\n 'django.contrib.contenttypes',\n 'django.contrib.sessions',\n 'django.contrib.messages',\n 'django.contrib.staticfiles',\n 'django.contrib.sites',\n 'django.contrib.redirects']\nInstalled Middleware:\n['django.middleware.security.SecurityMiddleware',\n 'django.contrib.sessions.middleware.SessionMiddleware',\n 'django.middleware.common.CommonMiddleware',\n 'django.middleware.csrf.CsrfViewMiddleware',\n 'django.contrib.auth.middleware.AuthenticationMiddleware',\n 'django.contrib.messages.middleware.MessageMiddleware',\n 'django.middleware.clickjacking.XFrameOptionsMiddleware',\n 'shared.middleware.redirect.RedirectFallbackMiddleware',\n 'shared.middleware.url_seo.url_seo_middleware']\n\nTemplate error:\nIn template <unknown source>, error at line 58\n   Could not parse the remainder: '</strong><span style=\"font-size:14px\">' from 'legal_name</strong><span style=\"font-size:14px\">'\n   48 : \t\t\t&lt;/div&gt;\n   49 : \n   50 : \t\t\t&lt;div style=&quot;background-color:transparent&quot;&gt;\n   51 : \t\t\t&lt;div class=&quot;block-grid&quot; style=&quot;background-color:#ffffff; margin-bottom:0px; margin-left:0px; margin-right:0px; margin-top:0px; max-width:600px; min-width:320px; overflow-wrap:break-word; word-break:break-word; word-wrap:break-word&quot;&gt;\n   52 : \t\t\t&lt;div style=&quot;background-color:#ffffff; border-collapse:collapse; display:table; width:100%&quot;&gt;&lt;!--[if (mso)|(IE)]&gt;&lt;table width=&quot;100%&quot; cellpadding=&quot;0&quot; cellspacing=&quot;0&quot; border=&quot;0&quot; style=&quot;background-color:transparent;&quot;&gt;&lt;tr&gt;&lt;td align=&quot;center&quot;&gt;&lt;table cellpadding=&quot;0&quot; cellspacing=&quot;0&quot; border=&quot;0&quot; style=&quot;width:600px&quot;&gt;&lt;tr class=&quot;layout-full-width&quot; style=&quot;background-color:#fff&quot;&gt;&lt;![endif]--&gt;&lt;!--[if (mso)|(IE)]&gt;&lt;td align=&quot;center&quot; width=&quot;600&quot; style=&quot;background-color:#fff;width:600px; border-top: 0px solid transparent; border-left: 0px solid transparent; border-bottom: 0px solid transparent; border-right: 0px solid transparent;&quot; valign=&quot;top&quot;&gt;&lt;table width=&quot;100%&quot; cellpadding=&quot;0&quot; cellspacing=&quot;0&quot; border=&quot;0&quot;&gt;&lt;tr&gt;&lt;td style=&quot;padding-right: 20px; padding-left: 20px; padding-top:35px; padding-bottom:35px;&quot;&gt;&lt;![endif]--&gt;\n   53 : \t\t\t&lt;div class=&quot;col num12&quot; style=&quot;display:table-cell; max-width:600px; min-width:320px; vertical-align:top; width:600px&quot;&gt;\n   54 : \t\t\t&lt;div style=&quot;width:100% !important&quot;&gt;&lt;!--[if (!mso)&amp;(!IE)]&gt;&lt;!--&gt;\n   55 : \t\t\t&lt;div style=&quot;border-bottom:0px solid transparent; border-left:0px solid transparent; border-right:0px solid transparent; border-top:0px solid transparent; padding-bottom:35px; padding-left:20px; padding-right:20px; padding-top:35px&quot;&gt;&lt;!--&lt;![endif]--&gt;&lt;!--[if mso]&gt;&lt;table width=&quot;100%&quot; cellpadding=&quot;0&quot; cellspacing=&quot;0&quot; border=&quot;0&quot;&gt;&lt;tr&gt;&lt;td style=&quot;padding-right: 10px; padding-left: 10px; padding-top: 10px; padding-bottom: 10px; font-family: &#39;Trebuchet MS&#39;, Tahoma, sans-serif&quot;&gt;&lt;![endif]--&gt;\n   56 : \t\t\t&lt;div style=&quot;color:#555555; font-family:&#39;Montserrat&#39;,&#39;Trebuchet MS&#39;,&#39;Lucida Grande&#39;,&#39;Lucida Sans Unicode&#39;,&#39;Lucida Sans&#39;,Tahoma,sans-serif; line-height:1.2; padding-bottom:10px; padding-left:10px; padding-right:10px; padding-top:10px&quot;&gt;\n   57 : \t\t\t&lt;div style=&quot;color:#555555; font-family:&#39;Montserrat&#39;,&#39;Trebuchet MS&#39;,&#39;Lucida Grande&#39;,&#39;Lucida Sans Unicode&#39;,&#39;Lucida Sans&#39;,Tahoma,sans-serif; font-size:12px; line-height:1.2; mso-line-height-alt:14px&quot;&gt;\n   58 : \t\t\t&lt;p style=&quot;margin-left:0px; margin-right:0px&quot;&gt;&lt;span style=&quot;font-size:14px&quot;&gt;Hello {{ name }},&lt;/span&gt;&lt;strong&gt;&amp;nbsp; {{ legal_name&lt;/strong&gt;&lt;span style=&quot;font-size:14px&quot;&gt; }} &lt;/span&gt;&lt;/p&gt;\n   59 : \t\t\t&lt;/div&gt;\n   60 : \t\t\t&lt;/div&gt;\n   61 : \t\t\t&lt;!--[if mso]&gt;&lt;/td&gt;&lt;/tr&gt;&lt;/table&gt;&lt;![endif]--&gt;&lt;!--[if mso]&gt;&lt;table width=&quot;100%&quot; cellpadding=&quot;0&quot; cellspacing=&quot;0&quot; border=&quot;0&quot;&gt;&lt;tr&gt;&lt;td style=&quot;padding-right: 10px; padding-left: 10px; padding-top: 10px; padding-bottom: 10px; font-family: &#39;Trebuchet MS&#39;, Tahoma, sans-serif&quot;&gt;&lt;![endif]--&gt;\n   62 : \n   63 : \t\t\t&lt;div style=&quot;color:#555555; font-family:&#39;Montserrat&#39;,&#39;Trebuchet MS&#39;,&#39;Lucida Grande&#39;,&#39;Lucida Sans Unicode&#39;,&#39;Lucida Sans&#39;,Tahoma,sans-serif; line-height:1.5; padding-bottom:10px; padding-left:10px; padding-right:10px; padding-top:10px&quot;&gt;\n   64 : \t\t\t&lt;div style=&quot;color:#555555; font-family:&#39;Montserrat&#39;,&#39;Trebuchet MS&#39;,&#39;Lucida Grande&#39;,&#39;Lucida Sans Unicode&#39;,&#39;Lucida Sans&#39;,Tahoma,sans-serif; font-size:12px; line-height:1.5; mso-line-height-alt:18px&quot;&gt;\n   65 : \t\t\t&lt;p style=&quot;margin-left:0px; margin-right:0px&quot;&gt;Thank you for signing up with Caterway! Please confirm your email.&lt;/p&gt;\n   66 : \t\t\t&lt;/div&gt;\n   67 : \t\t\t&lt;/div&gt;\n   68 : \t\t\t&lt;!--[if mso]&gt;&lt;/td&gt;&lt;/tr&gt;&lt;/table&gt;&lt;![endif]--&gt;\n\n\nTraceback:\n\nFile \"/home/caitering/caitering/caitering/server/.venv/lib/python3.7/site-packages/django/core/handlers/exception.py\" in inner\n  34.             response = get_response(request)\n\nFile \"/home/caitering/caitering/caitering/server/.venv/lib/python3.7/site-packages/django/core/handlers/base.py\" in _get_response\n  115.                 response = self.process_exception_by_middleware(e, request)\n\nFile \"/home/caitering/caitering/caitering/server/.venv/lib/python3.7/site-packages/django/core/handlers/base.py\" in _get_response\n  113.                 response = wrapped_callback(request, *callback_args, **callback_kwargs)\n\nFile \"/home/caitering/caitering/caitering/server/.venv/lib/python3.7/site-packages/django/views/decorators/csrf.py\" in wrapped_view\n  54.         return view_func(*args, **kwargs)\n\nFile \"/home/caitering/caitering/caitering/server/.venv/lib/python3.7/site-packages/django/views/generic/base.py\" in view\n  71.             return self.dispatch(request, *args, **kwargs)\n\nFile \"/home/caitering/caitering/caitering/server/.venv/lib/python3.7/site-packages/rest_framework/views.py\" in dispatch\n  505.             response = self.handle_exception(exc)\n\nFile \"/home/caitering/caitering/caitering/server/.venv/lib/python3.7/site-packages/rest_framework/views.py\" in handle_exception\n  465.             self.raise_uncaught_exception(exc)\n\nFile \"/home/caitering/caitering/caitering/server/.venv/lib/python3.7/site-packages/rest_framework/views.py\" in raise_uncaught_exception\n  476.         raise exc\n\nFile \"/home/caitering/caitering/caitering/server/.venv/lib/python3.7/site-packages/rest_framework/views.py\" in dispatch\n  502.             response = handler(request, *args, **kwargs)\n\nFile \"/home/caitering/caitering/caitering/server/.venv/lib/python3.7/site-packages/rest_framework/generics.py\" in post\n  190.         return self.create(request, *args, **kwargs)\n\nFile \"/home/caitering/caitering/caitering/server/.venv/lib/python3.7/site-packages/rest_framework/mixins.py\" in create\n  19.         self.perform_create(serializer)\n\nFile \"/home/caitering/caitering/caitering/server/.venv/lib/python3.7/site-packages/rest_framework/mixins.py\" in perform_create\n  24.         serializer.save()\n\nFile \"/home/caitering/caitering/caitering/server/.venv/lib/python3.7/site-packages/rest_framework/serializers.py\" in save\n  212.             self.instance = self.create(validated_data)\n\nFile \"/home/caitering/caitering/caitering/server/apps/staff/serializers/auth.py\" in create\n  346.         self.send_email()\n\nFile \"/home/caitering/caitering/caitering/server/apps/staff/serializers/auth.py\" in send_email\n  322.         send_mail(**user_params)\n\nFile \"/home/caitering/caitering/caitering/server/shared/shortcuts.py\" in send_mail\n  15.         postie_send_mail(*args, **admin_kwargs)\n\nFile \"/home/caitering/caitering/caitering/server/.venv/lib/python3.7/site-packages/postie/shortcuts.py\" in send_mail\n  41.         language=language\n\nFile \"/home/caitering/caitering/caitering/server/.venv/lib/python3.7/site-packages/postie/entities.py\" in new_letter\n  265.         rendered_fields = self.render(context)\n\nFile \"/home/caitering/caitering/caitering/server/.venv/lib/python3.7/site-packages/postie/entities.py\" in render\n  233.         html = DjangoTemplate(self.object.html).render(Context(context))\n\nFile \"/home/caitering/caitering/caitering/server/.venv/lib/python3.7/site-packages/django/template/base.py\" in __init__\n  156.         self.nodelist = self.compile_nodelist()\n\nFile \"/home/caitering/caitering/caitering/server/.venv/lib/python3.7/site-packages/django/template/base.py\" in compile_nodelist\n  194.             return parser.parse()\n\nFile \"/home/caitering/caitering/caitering/server/.venv/lib/python3.7/site-packages/django/template/base.py\" in parse\n  449.                     raise self.error(token, e)\n\nFile \"/home/caitering/caitering/caitering/server/.venv/lib/python3.7/site-packages/django/template/base.py\" in parse\n  447.                     filter_expression = self.compile_filter(token.contents)\n\nFile \"/home/caitering/caitering/caitering/server/.venv/lib/python3.7/site-packages/django/template/base.py\" in compile_filter\n  563.         return FilterExpression(token, self)\n\nFile \"/home/caitering/caitering/caitering/server/.venv/lib/python3.7/site-packages/django/template/base.py\" in __init__\n  663.                                       \"from '%s'\" % (token[upto:], token))\n\nException Type: TemplateSyntaxError at /api/v1/auth/registration/\nException Value: Could not parse the remainder: '</strong><span style=\"font-size:14px\">' from 'legal_name</strong><span style=\"font-size:14px\">'\nRequest information:\nUSER: AnonymousUser\n\nGET: No GET data\n\nPOST: No POST data\n\nFILES: No FILES data\n\nCOOKIES:\n_ga = 'GA1.2.1474675152.1582179472'\n__stripe_mid = '189072d1-7fe8-4e59-86ff-067151426b2d'\ncsrftoken = 'BRyd6hKiv6oTYe33FOgQ2upHOh9udtES3qOd3BDyt03MF2LNtXo5O3oXsKLdISV8'\nsessionid = '6esnasvmj3kt5qme5fe12xel1zczsvne'\n\nMETA:\nCONTENT_LENGTH = '1089'\nCONTENT_TYPE = 'application/json;charset=UTF-8'\nCSRF_COOKIE = 'BRyd6hKiv6oTYe33FOgQ2upHOh9udtES3qOd3BDyt03MF2LNtXo5O3oXsKLdISV8'\nHTTP_ACCEPT = 'application/json, text/plain, */*'\nHTTP_ACCEPT_ENCODING = 'gzip, deflate, br'\nHTTP_ACCEPT_LANGUAGE = 'ru-RU,ru;q=0.9,en-US;q=0.8,en;q=0.7,uk;q=0.6'\nHTTP_CONNECTION = 'close'\nHTTP_COOKIE = '_ga=GA1.2.1474675152.1582179472; __stripe_mid=189072d1-7fe8-4e59-86ff-067151426b2d; csrftoken=BRyd6hKiv6oTYe33FOgQ2upHOh9udtES3qOd3BDyt03MF2LNtXo5O3oXsKLdISV8; sessionid=6esnasvmj3kt5qme5fe12xel1zczsvne'\nHTTP_HOST = 'caterway.webcase-dev.com'\nHTTP_ORIGIN = 'https://caterway.webcase-dev.com'\nHTTP_REFERER = 'https://caterway.webcase-dev.com/auth/registration/company/'\nHTTP_SEC_FETCH_DEST = 'empty'\nHTTP_SEC_FETCH_MODE = 'cors'\nHTTP_SEC_FETCH_SITE = 'same-origin'\nHTTP_USER_AGENT = 'Mozilla/5.0 (Windows NT 10.0; WOW64) AppleWebKit/537.36 (KHTML, like Gecko) Chrome/83.0.4103.116 Safari/537.36'\nHTTP_X_CSRFTOKEN = 'BRyd6hKiv6oTYe33FOgQ2upHOh9udtES3qOd3BDyt03MF2LNtXo5O3oXsKLdISV8'\nHTTP_X_FORWARDED_FOR = '185.248.130.27'\nHTTP_X_FORWARDED_PROTO = 'https'\nHTTP_X_REQUESTED_WITH = 'XMLHttpRequest'\nPATH_INFO = '/api/v1/auth/registration/'\nQUERY_STRING = ''\nRAW_URI = '/api/v1/auth/registration/'\nREMOTE_ADDR = ''\nREQUEST_METHOD = 'POST'\nSCRIPT_NAME = ''\nSERVER_NAME = 'caterway.webcase-dev.com'\nSERVER_PORT = '443'\nSERVER_PROTOCOL = 'HTTP/1.0'\nSERVER_SOFTWARE = 'gunicorn/20.0.4'\ngunicorn.socket = <gevent._socket3.socket at 0x7f41aba03548 object, fd=9, family=1, type=1, proto=0>\nwsgi.errors = <gunicorn.http.wsgi.WSGIErrorsWrapper object at 0x7f41abba5ef0>\nwsgi.file_wrapper = ''\nwsgi.input = <gunicorn.http.body.Body object at 0x7f41abba50b8>\nwsgi.input_terminated = True\nwsgi.multiprocess = True\nwsgi.multithread = True\nwsgi.run_once = False\nwsgi.url_scheme = 'https'\nwsgi.version = '(1, 0)'\n\nSettings:\nUsing settings module app.settings\nABSOLUTE_URL_OVERRIDES = {}\nADMINS = []\nALLOWED_HOSTS = ['104.248.62.123', 'caterway.webcase-dev.com']\nAPPEND_SLASH = True\nAUTHENTICATION_BACKENDS = ['django.contrib.auth.backends.ModelBackend']\nAUTH_PASSWORD_VALIDATORS = '********************'\nAUTH_USER_MODEL = 'auth.User'\nBASE_DIR = PosixPath('/home/caitering/caitering/caitering/server/app/settings/default.py')\nBASE_ROOT = PosixPath('/home/caitering/caitering/caitering/server/app')\nCACHES = {'default': {'BACKEND': 'django_redis.cache.RedisCache', 'LOCATION': 'redis://127.0.0.1:6379/1'}}\nCACHE_MIDDLEWARE_ALIAS = 'default'\nCACHE_MIDDLEWARE_KEY_PREFIX = '********************'\nCACHE_MIDDLEWARE_SECONDS = 600\nCELERY_ACCEPT_CONTENT = ['json']\nCELERY_BROKER_URL = 'redis://127.0.0.1:6379/0'\nCELERY_RESULT_SERIALIZER = 'json'\nCELERY_TASK_SERIALIZER = 'json'\nCKEDITOR_CONFIGS = {'default': {'skin': 'office2013', 'CKEDITOR_BROWSE_SHOW_DIRS': True, 'toolbar_Basic': [['Source', '-', 'Bold', 'Italic']], 'toolbar_YourCustomToolbarConfig': [{'name': 'document', 'items': ['Source', '-', 'Save', 'NewPage', 'Preview', 'Print', '-', 'Templates']}, {'name': 'clipboard', 'items': ['Cut', 'Copy', 'Paste', 'PasteText', 'PasteFromWord', '-', 'Undo', 'Redo']}, {'name': 'editing', 'items': ['Find', 'Replace', '-', 'SelectAll']}, {'name': 'forms', 'items': ['Form', 'Checkbox', 'Radio', 'TextField', 'Textarea', 'Select', 'Button', 'ImageButton', 'HiddenField']}, '/', {'name': 'basicstyles', 'items': ['Bold', 'Italic', 'Underline', 'Strike', 'Subscript', 'Superscript', '-', 'RemoveFormat']}, {'name': 'paragraph', 'items': ['NumberedList', 'BulletedList', '-', 'Outdent', 'Indent', '-', 'Blockquote', 'CreateDiv', '-', 'JustifyLeft', 'JustifyCenter', 'JustifyRight', 'JustifyBlock', '-', 'BidiLtr', 'BidiRtl', 'Language']}, {'name': 'links', 'items': ['Link', 'Unlink', 'Anchor']}, {'name': 'insert', 'items': ['Image', 'Flash', 'Table', 'HorizontalRule', 'Smiley', 'SpecialChar', 'PageBreak', 'Iframe']}, '/', {'name': 'styles', 'items': ['Styles', 'Format', 'Font', 'FontSize']}, {'name': 'colors', 'items': ['TextColor', 'BGColor']}, {'name': 'tools', 'items': ['Maximize', 'ShowBlocks']}, {'name': 'about', 'items': ['About']}, '/', {'name': 'yourcustomtools', 'items': ['Preview', 'Maximize']}], 'toolbar': 'YourCustomToolbarConfig', 'tabSpaces': 4, 'extraPlugins': 'uploadimage,div,autolink,autoembed,embedsemantic,widget,lineutils,clipboard,dialog,dialogui,elementspath,uploadwidget'}}\nCKEDITOR_UPLOAD_PATH = ''\nCSRF_COOKIE_AGE = 31449600\nCSRF_COOKIE_DOMAIN = None\nCSRF_COOKIE_HTTPONLY = False\nCSRF_COOKIE_NAME = 'csrftoken'\nCSRF_COOKIE_PATH = '/'\nCSRF_COOKIE_SAMESITE = 'Lax'\nCSRF_COOKIE_SECURE = False\nCSRF_FAILURE_VIEW = 'django.views.csrf.csrf_failure'\nCSRF_HEADER_NAME = 'HTTP_X_CSRFTOKEN'\nCSRF_TRUSTED_ORIGINS = []\nCSRF_USE_SESSIONS = False\nDATABASES = {'default': {'NAME': 'caitering_db', 'USER': 'caitering_db', 'PASSWORD': '********************', 'HOST': '127.0.0.1', 'PORT': 5432, 'ENGINE': 'django.db.backends.postgresql', 'CONN_MAX_AGE': 0, 'ATOMIC_REQUESTS': False, 'AUTOCOMMIT': True, 'OPTIONS': {}, 'TIME_ZONE': None, 'TEST': {'CHARSET': None, 'COLLATION': None, 'NAME': None, 'MIRROR': None}}}\nDATABASE_ROUTERS = []\nDATA_UPLOAD_MAX_MEMORY_SIZE = 2621440\nDATA_UPLOAD_MAX_NUMBER_FIELDS = None\nDATETIME_FORMAT = 'N j, Y, P'\nDATETIME_INPUT_FORMATS = ['%d/%m/%Y', '%d/%m/%Y %I:%M %p', '%d.%m.%Y', '%d.%m.%y', '%Y-%m-%d %H:%M:%S', '%Y-%m-%d %H:%M:%S.%f', '%Y-%m-%d %H:%M', '%Y-%m-%d', '%m/%d/%Y %H:%M:%S', '%m/%d/%Y %H:%M:%S.%f', '%m/%d/%Y %H:%M', '%m/%d/%Y', '%m/%d/%y %H:%M:%S', '%m/%d/%y %H:%M:%S.%f', '%m/%d/%y %H:%M', '%m/%d/%y']\nDATE_FORMAT = 'N j, Y'\nDATE_INPUT_FORMATS = ['%d/%m/%Y', '%d/%m/%y', '%Y-%m-%d', '%m/%d/%Y', '%m/%d/%y', '%b %d %Y', '%b %d, %Y', '%d %b %Y', '%d %b, %Y', '%B %d %Y', '%B %d, %Y', '%d %B %Y', '%d %B, %Y']\nDEBUG = 'True'\nDEBUG_PROPAGATE_EXCEPTIONS = False\nDECIMAL_SEPARATOR = '.'\nDEFAULT_CHARSET = 'utf-8'\nDEFAULT_CONTENT_TYPE = 'text/html'\nDEFAULT_EXCEPTION_REPORTER_FILTER = 'django.views.debug.SafeExceptionReporterFilter'\nDEFAULT_EXTENSIONS = ['jinja2.ext.do', 'jinja2.ext.loopcontrols', 'jinja2.ext.with_', 'jinja2.ext.i18n', 'jinja2.ext.autoescape', 'django_jinja.builtins.extensions.DebugExtension', 'django_jinja.builtins.extensions.CsrfExtension', 'django_jinja.builtins.extensions.CacheExtension', 'django_jinja.builtins.extensions.TimezoneExtension', 'django_jinja.builtins.extensions.UrlsExtension', 'django_jinja.builtins.extensions.StaticFilesExtension', 'django_jinja.builtins.extensions.DjangoFiltersExtension']\nDEFAULT_FILE_STORAGE = 'django.core.files.storage.FileSystemStorage'\nDEFAULT_FROM_EMAIL = 'support@caterway.nz'\nDEFAULT_INDEX_TABLESPACE = ''\nDEFAULT_TABLESPACE = ''\nDISALLOWED_USER_AGENTS = []\nDRF_RECAPTCHA_PUBLIC_KEY = '********************'\nDRF_RECAPTCHA_SECRET_KEY = '********************'\nDRF_RECAPTCHA_VERIFY_ENDPOINT = 'https://www.google.com/recaptcha/api/siteverify'\nEMAIL_BACKEND = 'des.backends.ConfiguredEmailBackend'\nEMAIL_CONFIG = {'EMAIL_FILE_PATH': '', 'EMAIL_HOST_USER': None, 'EMAIL_HOST_PASSWORD': '********************', 'EMAIL_HOST': '127.0.0.1', 'EMAIL_PORT': None, 'EMAIL_BACKEND': 'django.core.mail.backends.console.EmailBackend'}\nEMAIL_FILE_PATH = ''\nEMAIL_HOST = '127.0.0.1'\nEMAIL_HOST_PASSWORD = '********************'\nEMAIL_HOST_USER = None\nEMAIL_PORT = None\nEMAIL_SSL_CERTFILE = None\nEMAIL_SSL_KEYFILE = '********************'\nEMAIL_SUBJECT_PREFIX = '[Django] '\nEMAIL_TIMEOUT = None\nEMAIL_USE_LOCALTIME = False\nEMAIL_USE_SSL = False\nEMAIL_USE_TLS = False\nFILE_CHARSET = 'utf-8'\nFILE_UPLOAD_DIRECTORY_PERMISSIONS = 509\nFILE_UPLOAD_HANDLERS = ['django.core.files.uploadhandler.MemoryFileUploadHandler', 'django.core.files.uploadhandler.TemporaryFileUploadHandler']\nFILE_UPLOAD_MAX_MEMORY_SIZE = 2621440\nFILE_UPLOAD_PERMISSIONS = 509\nFILE_UPLOAD_TEMP_DIR = None\nFIRST_DAY_OF_WEEK = 0\nFIXTURE_DIRS = []\nFORCE_SCRIPT_NAME = None\nFORMAT_MODULE_PATH = None\nFORM_RENDERER = 'django.forms.renderers.DjangoTemplates'\nHIJACK_ALLOW_GET_REQUESTS = True\nHIJACK_AUTHORIZE_STAFF = True\nHIJACK_AUTHORIZE_STAFF_TO_HIJACK_STAFF = True\nHIJACK_LOGIN_REDIRECT_URL = '/profile/'\nHIJACK_LOGOUT_REDIRECT_URL = '/admin/staff/profile/'\nIGNORABLE_404_URLS = []\nINSTALLED_APPS = ['markup', 'shared', 'apps.cart', 'apps.checkout', 'apps.goods', 'apps.handling', 'apps.organization', 'apps.pages', 'apps.staff', 'adminsortable2', 'ckeditor', 'ckeditor_uploader', 'des', 'django_filters', 'django_jinja', 'hijack', 'compat', 'parler', 'postie', 'seo', 'rest_framework', 'rest_framework.authtoken', 'rest_framework_recaptcha', 'import_export', 'robots', 'rosetta', 'script_pattern', 'solo', 'wkhtmltopdf', 'vuejs_translate', 'jet', 'rangefilter', 'django.contrib.admin', 'django.contrib.auth', 'django.contrib.contenttypes', 'django.contrib.sessions', 'django.contrib.messages', 'django.contrib.staticfiles', 'django.contrib.sites', 'django.contrib.redirects']\nINTERNAL_IPS = []\nJET_SIDE_MENU_COMPACT = True\nLANGUAGES = \"(('en', 'English'),)\"\nLANGUAGES_BIDI = ['he', 'ar', 'fa', 'ur']\nLANGUAGE_CODE = 'en'\nLANGUAGE_COOKIE_AGE = None\nLANGUAGE_COOKIE_DOMAIN = None\nLANGUAGE_COOKIE_NAME = 'django_language'\nLANGUAGE_COOKIE_PATH = '/'\nLOCALE_PATHS = \"(PosixPath('/home/caitering/caitering/caitering/server/app/locale'),)\"\nLOGGING = {'version': 1, 'disable_existing_loggers': False, 'handlers': {'console': {'level': 'DEBUG', 'class': 'logging.StreamHandler'}, 'logfile': {'level': 'DEBUG', 'class': 'logging.FileHandler', 'filename': PosixPath('/home/caitering/caitering/caitering/server/app/settings/default.py/../logfile.log')}}, 'root': {'level': 'INFO', 'handlers': ['console', 'logfile']}}\nLOGGING_CONFIG = 'logging.config.dictConfig'\nLOGIN_REDIRECT_URL = '/accounts/profile/'\nLOGIN_URL = '/'\nLOGOUT_REDIRECT_URL = '/'\nMANAGERS = []\nMEDIA_ROOT = '/home/caitering/caitering/caitering/server/app/uploads'\nMEDIA_URL = '/uploads/'\nMESSAGE_STORAGE = 'django.contrib.messages.storage.fallback.FallbackStorage'\nMIDDLEWARE = ['django.middleware.security.SecurityMiddleware', 'django.contrib.sessions.middleware.SessionMiddleware', 'django.middleware.common.CommonMiddleware', 'django.middleware.csrf.CsrfViewMiddleware', 'django.contrib.auth.middleware.AuthenticationMiddleware', 'django.contrib.messages.middleware.MessageMiddleware', 'django.middleware.clickjacking.XFrameOptionsMiddleware', 'shared.middleware.redirect.RedirectFallbackMiddleware', 'shared.middleware.url_seo.url_seo_middleware']\nMIGRATION_MODULES = {}\nMONTH_DAY_FORMAT = 'F j'\nNUMBER_GROUPING = 0\nPARLER_ENABLE_CACHING = False\nPARLER_LANGUAGES = {None: ({'code': 'en', 'hide_untranslated': False, 'fallbacks': ['en']},), 'default': {'hide_untranslated': False, 'code': 'en', 'fallbacks': ['en']}}\nPASSWORD_HASHERS = '********************'\nPASSWORD_RESET_TIMEOUT_DAYS = '********************'\nPOSTIE_HTML_ADMIN_WIDGET = {'widget': 'CKEditorUploadingWidget', 'widget_module': 'ckeditor_uploader.widgets', 'attrs': {}}\nPOSTIE_INSTANT_SEND = False\nPOSTIE_TEMPLATE_CHOICES = Choices(('new_restaurant__admin', 'new_restaurant__admin', 'New restaurant (admin)'), ('new_rest_manager__admin', 'new_rest_manager__admin', 'New restaurant manager (admin)'), ('new_rest_manager__rest', 'new_rest_manager__rest', 'New restaurant manager (restaurant)'), ('new_company__admin', 'new_company__admin', 'New company (admin)'), ('new_company_manager__admin', 'new_company_manager__admin', 'New company manager (admin)'), ('new_company_manager__company', 'new_company_manager__company', 'New company manager (company)'), ('new_company_user__admin', 'new_company_user__admin', 'New company user (admin)'), ('new_company_user__company', 'new_company_user__company', 'New company user (company)'), ('new_user__admin', 'new_user__admin', 'New user (admin)'), ('thank_register__user', 'thank_register__user', 'Thanks register (user)'), ('confirm_email', 'confirm_email', 'Confirm email (user)'), ('confirm_email__company_user', 'confirm_email__company_user', 'Confirm email (company user)'), ('company_activated', 'company_activated', 'Company activated (company)'), ('restaurant_activated', 'restaurant_activated', 'Restaurant activated (restaurant)'), ('password_reset_confirm', 'password_reset_confirm', 'Confirm password reset'), ('change_email', 'change_email', 'Confirm change email'), ('new_order__rest', 'new_order__rest', 'New order (restaurant/managers)'), ('new_order__user', 'new_order__user', 'New order (user)'), ('order_accepted', 'order_accepted', 'Order accepted (user)'), ('order_changed__rest', 'order_changed__rest', 'Order changed (restaurant/managers)'), ('order_changed__user', 'order_changed__user', 'Order changed (user)'), ('order_changes_accepted', 'order_changes_accepted', 'Order changes accepted (user)'), ('order_canceled__rest', 'order_canceled__rest', 'Order canceled (restaurant/managers)'), ('order_canceled__user', 'order_canceled__user', 'Order canceled (user)'), ('order_changes_canceled__rest', 'order_changes_canceled__rest', 'Order changes canceled (restaurant/managers)'), ('order_changes_canceled__user', 'order_changes_canceled__user', 'Order changes canceled (user)'), ('order_denied', 'order_denied', 'Order denied (user)'), ('order_changes_denied', 'order_changes_denied', 'Order changes denied (user)'), ('order_done', 'order_done', 'Order done (user)'), ('order_delivered', 'order_delivered', 'Order delivered (company managers)'), ('order_reviewed__admin', 'order_reviewed__admin', 'Order reviewed (admin)'), ('order_reported__admin', 'order_reported__admin', 'Order report (admin)'), ('write_us__admin', 'write_us__admin', 'Write us (admin)'), ('contact_us__admin', 'contact_us__admin', 'Contact us (admin)'))\nPOSTIE_TEMPLATE_CONTEXTS = {'new_restaurant__admin': {'first_name': 'First name', 'last_name': 'Last name', 'email': 'Email', 'physical_name': 'Physical name'}, 'new_rest_manager__admin': {'first_name': 'First name', 'last_name': 'Last name', 'email': 'Email', 'physical_name': 'Physical name'}, 'new_rest_manager__rest': {'first_name': 'First name', 'last_name': 'Last name', 'email': 'Email'}, 'new_company__admin': {'first_name': 'First name', 'last_name': 'Last name', 'email': 'Email', 'legal_name': 'Legal name', 'link': 'Admin link'}, 'new_company_manager__admin': {'first_name': 'First name', 'last_name': 'Last name', 'email': 'Email', 'legal_name': 'Legal name', 'physical_name': 'Physical name'}, 'new_company_manager__company': {'first_name': 'First name', 'last_name': 'Last name', 'email': 'Email'}, 'new_company_user__admin': {'first_name': 'First name', 'last_name': 'Last name', 'email': 'Email', 'legal_name': 'Legal name', 'physical_name': 'Physical name'}, 'new_company_user__company': {'first_name': 'First name', 'last_name': 'Last name', 'email': 'Email'}, 'new_user__admin': {'first_name': 'First name', 'last_name': 'Last name', 'email': 'Email', 'link': 'Admin link'}, 'thank_register__user': {'name': 'First name', 'email': 'Email'}, 'confirm_email__company_user': {'name': 'First name', 'link': 'Link'}, 'company_activated': {'name': 'First name', 'email': 'Email', 'legal_name': 'Legal name', 'physical_name': 'Physical name', 'link': 'Link'}, 'restaurant_activated': {'name': 'First name', 'email': 'Email', 'legal_name': 'Legal name', 'physical_name': 'Physical name', 'link': 'Link'}, 'password_reset_confirm': '********************', 'change_email': {'name': 'First name', 'link': 'Confirmation link'}, 'new_order__rest': {'first_name': 'First name', 'last_name': 'Last name', 'email': 'Email', 'order_id': 'Order', 'group_id': 'Group', 'link': 'Order link'}, 'new_order__user': {'first_name': 'First name', 'last_name': 'Last name', 'email': 'Email', 'order_id': 'Order', 'group_id': 'Group', 'legal_name': 'Legal name', 'physical_name': 'Physical name', 'link': 'Order link'}, 'order_accepted': {'name': 'First name', 'legal_name': 'Legal name', 'physical_name': 'Physical name', 'order_id': 'Order'}, 'order_changed__rest': {'first_name': 'First name', 'last_name': 'Last name', 'email': 'Email', 'order_id': 'Order', 'group_id': 'Group', 'legal_name': 'Legal name', 'physical_name': 'Physical name', 'link': 'Order link'}, 'order_changed__user': {'first_name': 'First name', 'last_name': 'Last name', 'email': 'Email', 'order_id': 'Order', 'group_id': 'Group', 'legal_name': 'Legal name', 'physical_name': 'Physical name', 'link': 'Order link'}, 'order_changes_accepted': {'name': 'First name', 'order_id': 'Order', 'group_id': 'Group', 'legal_name': 'Legal name', 'physical_name': 'Physical name'}, 'order_canceled__rest': {'first_name': 'First name', 'last_name': 'Last name', 'email': 'Email', 'order_id': 'Order', 'legal_name': 'Legal name', 'physical_name': 'Physical name', 'link': 'Order link'}, 'order_changes_canceled__rest': {'first_name': 'First name', 'last_name': 'Last name', 'email': 'Email', 'order_id': 'Order', 'group_id': 'Group', 'accepted_order_id': 'Accepted order', 'legal_name': 'Last name', 'physical_name': 'Physical name', 'link': 'Order link'}, 'order_canceled__user': {'first_name': 'First name', 'last_name': 'Last name', 'email': 'Email', 'order_id': 'Order', 'group_id': 'Group', 'legal_name': 'Legal name', 'physical_name': 'Physical name', 'link': 'Order link'}, 'order_changes_canceled__user': {'first_name': 'First name', 'last_name': 'Last name', 'email': 'Email', 'order_id': 'Order', 'group_id': 'Group', 'accepted_order_id': 'Accepted order', 'legal_name': 'Legal name', 'physical_name': 'Physical name', 'link': 'Order link'}, 'order_denied': {'name': 'First name', 'comment': 'Caterer notes', 'legal_name': 'Legal name', 'physical_name': 'Physical name', 'order_id': 'Order'}, 'order_changes_denied': {'name': 'First name', 'comment': 'Caterer notes', 'order_id': 'Order', 'group_id': 'Group', 'legal_name': 'Legal name', 'physical_name': 'Physical name'}, 'order_done': {'order_id': 'Order', 'group_id': 'Group', 'legal_name': 'Legal name', 'physical_name': 'Physical name', 'name': 'Name of restaurant', 'confirm_link': 'Confirm link', 'deny_link': 'Deny link'}, 'order_delivered': {'order_id': 'Order', 'name': 'Name of restaurant', 'legal_name': 'Legal name', 'physical_name': 'Physical name'}, 'order_reviewed__admin': {'comment': 'e.g. Contactless delivery. Text on arrival. Leave on doorstep.', 'legal_name': 'Legal name', 'physical_name': 'Physical name', 'link': 'Link'}, 'order_reported__admin': {'comment': 'e.g. Contactless delivery. Text on arrival. Leave on doorstep.', 'legal_name': 'Legal name', 'physical_name': 'Physical name', 'link': 'Link'}, 'write_us__admin': {'name': 'First name', 'email': 'Email', 'message': 'Message', 'link': 'Admin link'}, 'contact_us__admin': {'first_name': 'First name', 'last_name': 'Last name', 'email': 'Email', 'phone': 'Phone', 'subject': 'Subject', 'message': 'Message', 'link': 'Admin link'}}\nPREPEND_WWW = False\nPROJECT_APPS = ['markup', 'shared', 'apps.cart', 'apps.checkout', 'apps.goods', 'apps.handling', 'apps.organization', 'apps.pages', 'apps.staff']\nREST_FRAMEWORK = {'SEARCH_PARAM': 's', 'DATE_FORMAT': '%d/%m/%Y', 'TIME_FORMAT': '%I:%M %p', 'DATETIME_FORMAT': '%d/%m/%Y %I:%M %p', 'DEFAULT_AUTHENTICATION_CLASSES': ('rest_framework.authentication.SessionAuthentication', 'rest_framework.authentication.TokenAuthentication'), 'DEFAULT_METADATA_CLASS': 'shared.models.metadata.FieldsetMetadata'}\nROOT_URLCONF = 'app.urls'\nROSETTA_SHOW_AT_ADMIN_PANEL = True\nSECRET_KEY = '********************'\nSECURE_BROWSER_XSS_FILTER = False\nSECURE_CONTENT_TYPE_NOSNIFF = False\nSECURE_HSTS_INCLUDE_SUBDOMAINS = False\nSECURE_HSTS_PRELOAD = False\nSECURE_HSTS_SECONDS = 0\nSECURE_PROXY_SSL_HEADER = None\nSECURE_REDIRECT_EXEMPT = []\nSECURE_SSL_HOST = None\nSECURE_SSL_REDIRECT = False\nSEO_DEBUG_MODE = False\nSEO_HTML_ADMIN_WIDGET = {'widget': 'CKEditorUploadingWidget', 'widget_path': 'ckeditor_uploader.widgets'}\nSEO_MODELS = ['pages.templatepage', 'goods.restaurant']\nSEO_USE_URL_FULL_PATH = True\nSEO_USE_URL_SEO = True\nSERVER_EMAIL = 'root@localhost'\nSESSION_CACHE_ALIAS = 'default'\nSESSION_COOKIE_AGE = 1209600\nSESSION_COOKIE_DOMAIN = None\nSESSION_COOKIE_HTTPONLY = True\nSESSION_COOKIE_NAME = 'sessionid'\nSESSION_COOKIE_PATH = '/'\nSESSION_COOKIE_SAMESITE = 'Lax'\nSESSION_COOKIE_SECURE = False\nSESSION_ENGINE = 'apps.cart.session_engine'\nSESSION_EXPIRE_AT_BROWSER_CLOSE = False\nSESSION_FILE_PATH = None\nSESSION_SAVE_EVERY_REQUEST = False\nSESSION_SERIALIZER = 'django.contrib.sessions.serializers.JSONSerializer'\nSETTINGS_MODULE = 'app.settings'\nSHORT_DATETIME_FORMAT = 'm/d/Y P'\nSHORT_DATE_FORMAT = 'm/d/Y'\nSIGNING_BACKEND = 'django.core.signing.TimestampSigner'\nSILENCED_SYSTEM_CHECKS = []\nSITE_ID = 1\nSTATICFILES_DIRS = []\nSTATICFILES_FINDERS = ['django.contrib.staticfiles.finders.FileSystemFinder', 'django.contrib.staticfiles.finders.AppDirectoriesFinder']\nSTATICFILES_STORAGE = 'django.contrib.staticfiles.storage.StaticFilesStorage'\nSTATIC_ROOT = '/home/caitering/caitering/caitering/server/app/static'\nSTATIC_URL = '/static/'\nTEMPLATES = [{'BACKEND': 'django_jinja.backend.Jinja2', 'NAME': 'jinja2', 'APP_DIRS': True, 'DIRS': [], 'OPTIONS': {'environment': 'shared.env.jinja2.environment', 'match_extension': '.jinja', 'newstyle_gettext': True, 'auto_reload': True, 'undefined': <class 'jinja2.runtime.Undefined'>, 'debug': True, 'filters': {}, 'globals': {}, 'context_processors': ['django.contrib.auth.context_processors.auth', 'django.template.context_processors.debug', 'django.template.context_processors.i18n', 'django.template.context_processors.media', 'django.template.context_processors.static', 'django.template.context_processors.tz', 'django.contrib.messages.context_processors.messages'], 'extensions': ['jinja2.ext.do', 'jinja2.ext.loopcontrols', 'jinja2.ext.with_', 'jinja2.ext.i18n', 'jinja2.ext.autoescape', 'django_jinja.builtins.extensions.DebugExtension', 'django_jinja.builtins.extensions.CsrfExtension', 'django_jinja.builtins.extensions.CacheExtension', 'django_jinja.builtins.extensions.TimezoneExtension', 'django_jinja.builtins.extensions.UrlsExtension', 'django_jinja.builtins.extensions.StaticFilesExtension', 'django_jinja.builtins.extensions.DjangoFiltersExtension'], 'bytecode_cache': {'name': 'default', 'backend': 'django_jinja.cache.BytecodeCache', 'enabled': True}}}, {'DIRS': [], 'APP_DIRS': True, 'BACKEND': 'django.template.backends.django.DjangoTemplates', 'OPTIONS': {'context_processors': ['django.template.context_processors.media', 'django.template.context_processors.static', 'django.template.context_processors.debug', 'django.template.context_processors.request', 'django.contrib.messages.context_processors.messages', 'django.contrib.auth.context_processors.auth']}}]\nTEST_NON_SERIALIZED_APPS = []\nTEST_RUNNER = 'django.test.runner.DiscoverRunner'\nTHOUSAND_SEPARATOR = ','\nTIME_FORMAT = 'P'\nTIME_INPUT_FORMATS = ['%I:%M %p', '%H:%M:%S', '%H:%M:%S.%f', '%H:%M']\nTIME_ZONE = 'Antarctica/McMurdo'\nUSE_I18N = True\nUSE_L10N = False\nUSE_THOUSAND_SEPARATOR = False\nUSE_TZ = False\nUSE_X_FORWARDED_HOST = False\nUSE_X_FORWARDED_PORT = False\nWKHTMLTOPDF_CMD = '/usr/bin/wkhtmltopdf'\nWSGI_APPLICATION = 'app.wsgi.application'\nX_FRAME_OPTIONS = 'SAMEORIGIN'\nYEAR_MONTH_FORMAT = 'F Y'\n\n\nYou're seeing this error because you have DEBUG = True in your\nDjango settings file. Change that to False, and Django will\ndisplay a standard page generated by the handler for this status code.",
    "YaraRule": [
        "enable_org32",
        "core_keywords"
    ]
}