{
    "scrape_url": "https://scrape.pastebin.com/api_scrape_item.php?i=RnvP373E",
    "full_url": "https://pastebin.com/RnvP373E",
    "date": "1594229628",
    "key": "RnvP373E",
    "size": 8068,
    "expire": "0",
    "title": "",
    "syntax": "powershell",
    "user": "",
    "filename": "RnvP373E",
    "pasteid": "RnvP373E",
    "pastesite": "pastebin.com",
    "@timestamp": "2020-07-08T17:33:48",
    "MD5": "3cf42cf725ab8e8bddb526203c9bc910",
    "SHA256": "00432320a647c4f7173619126f6a2ed7d26c826b00786353afdd95bc6ee6e4a8",
    "raw_paste": "<# This script is NSFW!!! \r\n##Is pulls the M3U8 link from a certain adult site and then\r\n## opens that in the x64 version of Videolan's VLC Player. Feel\r\n## free to tweak it if you want. It was a stupid project thats \r\n## purpose was to explore scripting.\r\n##\r\n## If you are under 18, do not run this script! You've been warned!\r\n..\r\n..\r\n..\r\n## PRE-REQUISITES -\r\n##   Powershell v5 or higher\r\n##   VideoLAN VLC Player x64 version\r\n##   Tested only on a Windows 10 OS\r\n##   \r\n#>\r\n\r\n#Check if VLC Media Player is installed\r\n#If not, install the software\r\n$software = \"VLC media player\";\r\n$installed = (Get-ItemProperty HKLM:\\Software\\Microsoft\\Windows\\CurrentVersion\\Uninstall\\* | Where { $_.DisplayName -eq $software }) -ne $null\r\n\r\nfunction OpenStream\r\n{\r\nparam(\r\n[string]$1,\r\n[string]$EachChoise\r\n)\r\n$global:model = New-Object -TypeName psobject   \r\n$model | Add-Member -MemberType NoteProperty -Name Name -Value $eachchoise\r\n$model | Add-Member -MemberType NoteProperty -Name List -Value $list       \r\n\r\n        #Pull streaming link\r\n        $URL = \"https://chaturbate.com/$eachchoise/\"\r\n        $WebResponse = Invoke-WebRequest -Uri $URL -Headers @{\"accept\"=\"application/json\"}        \r\n        $WebResponse = $WebResponse.ToString()\r\n        $pos1 = $WebResponse.IndexOf(\"m3u8\") + 4\r\n        $pos2 = $WebResponse.IndexOf(\"m3u8\") - 300\r\n        $link = ($WebResponse.Substring($pos2,304))\r\n        $pos3 = ($link.IndexOf(\"https://\"))\r\n        $pos1 = $link.IndexOf(\"m3u8\") + 4\r\n        $linklength = $pos1 - $pos3\r\n        $link = $link.Substring($pos3,$linklength)\r\n        $link = $link.Replace(\"\\u002D\",\"-\")\r\n        $model | Add-Member -MemberType NoteProperty -Name Link -Value \"$link\"\r\n        \r\n        #clear\r\n\r\n        #Uncomment the next line if you want the below popup prompt\r\n        #$OpenVLC = $wshell.Popup(\"Do you want to continue?\",0,\"Alert\",64+4)\r\n        $OpenVLC = 6    \r\n\r\n        #Open stream in VLC media player\r\n        if ($OpenVLC -eq 6){\r\n            cd ${Env:ProgramFiles}\r\n            $program = \"VideoLAN\\VLC\\vlc.exe\"\r\n            $programArgs = \"--zoom=0.25 --mmdevice-volume=0\"\r\n            Invoke-Command -ScriptBlock { & $program $link $programArgs}\r\n            \r\n            }\r\n        #Uncomment the next line if you want the below popup prompt\r\n        #$Loop = $wshell.Popup(\"Refresh the list?\",0,\"Alert\",64+4)\r\n\r\n        #creating array for historical output (option 6 in the menu)\r\n        $global:history += $model\r\n        \r\n        ##clear\r\n        #Remove-Variable model\r\n}\r\n\r\nIf(-Not $installed) {\r\n    Write-Host \"'$software' is not installed. Proceeding to install\" -ForegroundColor Red\r\n    $vlcURL = \"https://download.videolan.org/vlc/3.0.8/win64/\"\r\n    $getHTML = Invoke-Webrequest -Uri $vlcURL\r\n    $name = ($getHTML.ParsedHtml.getElementsByTagName(\"a\")| Where {$_.innerhtml -like 'vlc-*.exe'}).innertext\r\n    $vlcURL = \"https://download.videolan.org/vlc/last/win64/$name\"\r\n\r\n    $outPath = \"$env:HOMEDRIVE\\$env:HOMEPATH\\temp\"\r\n    $outFile = \"$env:HOMEDRIVE\\$env:HOMEPATH\\temp\\installer.exe\"\r\n\r\n    mkdir $outPath -Force\r\n\r\n    (New-Object System.Net.WebClient).DownloadFile($vlcURL, $outFile)\r\n\r\n    Start-Sleep -Seconds 20\r\n\r\n    & $outFile /L=1033 /S\r\n    } else {\r\n    Write-Host \"'$software' is installed.\" -ForegroundColor Green\r\n    }\r\n\r\n#Prompt for choosing pages to load\r\n#clear\r\nWrite-Host \"Do you want to select pages?\" \r\nWrite-Host \"NOTE: Invalid entries register as a 'No'\"\r\nWrite-Host \"(1)Yes`n(2)No\" \r\n#$ChoosePage = Read-Host\r\n\r\n#Variable set (originally pop-up prompts were used but it was annoying so they are gone now. \r\n#Values were left the same since everything works as is\r\n$Loop = 6\r\n$global:history = @()\r\nWhile ($Loop -eq 6) {\r\n    #Choose stream \r\n    \r\n    ##clear\r\n\r\n    #Menu Output\r\n    $Choice= Read-Host \"Select a number:`n=-=-=-=-=-=-=-=-`n(1)Featured`n(2)Female`n(3)Male`n(4)Couple`n(5)Trans`n(6)Open previous stream`n(7)Close All VLC`n(8)Show History`n(9)Quit`nSelection\"\r\n\r\n    #Set link for \r\n    switch ($Choice){\r\n        \"1\" {\r\n            write-host \"You chose Featured!\"\r\n            $pageURL = \"https://chaturbate.com/\"            \r\n            #$model | Add-Member -MemberType NoteProperty -Name List -Value \"Featured\"     \r\n            $list = \"Featured\"       \r\n        } \r\n        \"2\" {\r\n            write-host \"You chose Female\"\r\n            $pageURL = \"https://chaturbate.com/female-cams/\"\r\n            #$model | Add-Member -MemberType NoteProperty -Name List -Value \"Female\"\r\n            $list = \"Female\"\r\n        } \r\n        \"3\" {\r\n            write-host \"You chose Male\"\r\n            $pageURL = \"https://chaturbate.com/male-cams/\"\r\n            #$model | Add-Member -MemberType NoteProperty -Name List -Value \"Male\"\r\n            $list = \"Male\"\r\n        } \r\n        \"4\" {\r\n            write-host \"You chose Couple\"\r\n            $pageURL = \"https://chaturbate.com/couple-cams/\"\r\n            #$model | Add-Member -MemberType NoteProperty -Name List -Value \"Couple\"\r\n            $list = \"Couple\"\r\n        } \r\n        \"5\" {\r\n            write-host \"You chose Trans\"\r\n            $pageURL = \"https://chaturbate.com/trans-cams/\"\r\n            #$model | Add-Member -MemberType NoteProperty -Name List -Value \"Trans\"\r\n            $list = \"Trans\"\r\n        }\r\n        \"6\" {\r\n            write-host \"Reopen previously opened stream\"            \r\n        }\r\n\r\n        \"7\" {\r\n            #Check if VLC is running and kill the process\r\n            $VLC= Get-Process vlc -ErrorAction SilentlyContinue\r\n            if ($VLC) {\r\n              # try gracefully first\r\n              $VLC.CloseMainWindow()\r\n              # kill after five seconds\r\n              #clear\r\n              Sleep 2\r\n              if (!$VLC.HasExited) {\r\n                $VLC | Stop-Process -Force\r\n              }\r\n            }\r\n            Remove-Variable VLC \r\n        }\r\n        \"8\" {\r\n                if ($history -ne \"\"){ \r\n                    #clear\r\n                    $history |FT\r\n                    pause\r\n                    }\r\n                else {                    \r\n                    #clear\r\n                    write-host \"No history\"\r\n                    pause\r\n                    }\r\n        }\r\n        \"9\" {\r\n            write-host \"Quitting\"\r\n            $Loop++\r\n        }\r\n    }\r\n\r\n    If($Choice -lt 6){\r\n\r\n        If($ChoosePage -eq 1){\r\n        #Grab the total number of pages\r\n        $scrape= Invoke-WebRequest $pageURL -UseBasicParsing\r\n        $PageCount = $PageCount = ($scrape.Links | Where-Object {$_.href -like \"*?page=*\"}).href\r\n        $PageCount = $PageCount[3].split(\"=\")\r\n        $PageCount = $PageCount[1]\r\n\r\n        #Ask User which page to select\r\n        Write-Host \"Which page of models do you want to view? Pages 1 through $PageCount are available.\"\r\n        $i = Read-Host\r\n        if($i -le $PageCount) {\r\n            Write-Host \"Loading page $i...\" -ForegroundColor Green\r\n            } else { \r\n            Write-Host \"Invalid entry: Loading page 1\" -ForegroundColor Red\r\n            $i = 1\r\n            }\r\n        } else { $i = 1}\r\n        $m3u8= Invoke-WebRequest \"$pageURL`?page=$i\" -UseBasicParsing\r\n        $m3u8 = ($m3u8.Links | Where-Object {$_.href -notlike \u201c/tag*\u201d} | Where data-room).'data-room'\r\n        $m3u8 = $m3u8 | ForEach-Object {$_.tostring()}\r\n        $m3u8= $m3u8 | ForEach-Object {$_.tostring()} | Select-Object -Unique\r\n\r\n        $Choice = $m3u8 | Out-GridView -PassThru\r\n\r\n        #OpenStream $list $Choice\r\n        $Choice | % {OpenStream $list $_}\r\n\r\n        \r\n    } elseif($choice -eq 6){\r\n        #Reopen a previously opened stream\r\n         $Choice = $history | Out-GridView -PassThru\r\n         $link = $Choice.Link\r\n         $OpenVLC = 6    \r\n         #Open stream in VLC media player\r\n         if ($OpenVLC -eq 6){\r\n            cd ${Env:ProgramFiles}\r\n            $program = \"VideoLAN\\VLC\\vlc.exe\"\r\n            $programArgs = \"--zoom=0.25 --mmdevice-volume=0\"\r\n            Invoke-Command -ScriptBlock { & $program $link $programArgs}\r\n            pause\r\n            }\r\n        }                \r\n        \r\n    }\r\n#clear",
    "YaraRule": [
        "powershell"
    ]
}