{
    "scrape_url": "https://scrape.pastebin.com/api_scrape_item.php?i=Rspq7rse",
    "full_url": "https://pastebin.com/Rspq7rse",
    "date": "1594320821",
    "key": "Rspq7rse",
    "size": 36835,
    "expire": "0",
    "title": "",
    "syntax": "json",
    "user": "",
    "filename": "Rspq7rse",
    "pasteid": "Rspq7rse",
    "pastesite": "pastebin.com",
    "@timestamp": "2020-07-09T18:53:41",
    "MD5": "c7a3e7386a989457e514e9d5f48f5c6c",
    "SHA256": "01e6965127a2832872b03771bdb3ac6238ec829cc2f1440dca6721de7643a91a",
    "raw_paste": "{\"_id\":\"5efe331e547a2e0017999068\",\"cdhash\":\"deb58162bc9811ea834d02420a000104\",\"data\":{\"chamado\":\"Instabilidade apresentada no Tribunal de justi\u00e7a.\"},\"date\":\"2020-07-02T16:18:54.570Z\",\"response\":[{\"CHAMADO\":{\"COD_PROJETO\":3,\"ITEM\":209,\"NUM_ATENDIMENTO\":272581,\"SOLUCAO\":\"De: Carla Silva Santos <carla.s@softplan.com.br>\\r\\nEnviado: quarta-feira, 11 de mar\u00e7o de 2020 15:54\\r\\nPara: Cibele Alves Rezende <cibele.rezende@softplan.com.br>; juridico1@itupeva.sp.gov.br <juridico1@itupeva.sp.gov.br>; g_sajprocuradorias@softplan.com.br <g_sajprocuradorias@softplan.com.br>\\r\\nAssunto: RE: Exclus\u00e3o de documentos - SAJ PRRIBEIRO56\\r\\n \\r\\nPrezada Mariana, boa tarde.\\r\\n\\r\\nConforme solicitado, os processos mencionados abaixo foram retirados da fila: Documento Ag. protocolo.\\r\\n\\r\\n\\r\\n\\r\\nCaso exista alguma d\u00favida, por gentileza, entre em contato atrav\u00e9s de nossos canais para atendimento: Telefone: (11) 3614-7930,  Whatsapp: +55 11 99752-2703 das 09:00 \u00e0s 18:00 horas ou e-mail: suportepgm@softplan.com.br\\r\\nchamado: 272581/209.\\r\\n\\r\\nDesde j\u00e1 agradecemos aten\u00e7\u00e3o.\\r\\n\\r\\nPermane\u00e7o \u00e0 disposi\u00e7\u00e3o.\\r\\n\\r\\nAtenciosamente,\\r\\n\\r\\n\\r\\nCarla Silva Santos\\r\\nAnalista de Suporte a Sistemas\\r\\nUnidade de Justi\u00e7a\\r\\nSoftplan/Poligraph\\r\\nTelefone: +55 (11) 3614-7930 Ramal:4081\\r\\nWhatsapp: +55 11 99752-270\\r\\nwww.softplan.com.br\\r\\nwww.softplan.com.br\\r\\ntwitter.com/softplanonline\\r\\n\",\"ORIGEM_ATENDIMENTO\":\"SAC\",\"COD_CLIENTE\":3969,\"SISTEMA\":\"HOM_Sistema de Procuradoria Jur\u00eddica\",\"CLIENTE\":\"PGMBOX - Suporte N1\",\"ATENDIMENTO\":\"PRODU\u00c7\u00c3O\\r\\nCLIENTE: ITUPEVA\\r\\n************************************\\r\\nBase: PGM0056\\r\\nIP: 172.50.5,222 \\r\\nServidor de Aplica\u00e7\u00e3o: pgmitupeva-APP1\\r\\nVers\u00e3o da aplica\u00e7\u00e3o: :5.2.6-0\\r\\n\\r\\nOrigem do Chamado: e-mail\\r\\nSolicitante:MARINA\\r\\nContato:11-4591-8157\\r\\nUsu\u00e1rio no sistema: \\r\\n***************************************\\r\\nBom dia,\\r\\n\\r\\nEm virtude da instabilidade apresentada no SAJ por esses dias, precisei realizar o protocolo de algumas peti\u00e7\u00f5es pelo site do TJ. \\r\\n\\r\\nOcorre que duas peti\u00e7\u00f5es, j\u00e1 protocoladas no Tribunal, est\u00e3o na fila \\\"documentos ag. protocoliza\u00e7\u00e3o\\\" e n\u00e3o estou conseguindo exclu\u00ed-las.\\r\\n\\r\\nAmbos os arquivos est\u00e3o no perfil da procuradora PRRIBEIRO56.\\r\\n\\r\\nPodem verificar, por gentileza? \\r\\n\\r\\nDesde j\u00e1 agrade\u00e7o.\\r\\n\\r\\nAtenciosamente,\\r\\n\\r\\n\\n\\n ************************ \\n\\n\\n \\nLocal informado pelo cliente: Geral\\n \\n Anexo ap\u00f3s o envio do Portal: \\nITUPEVA ERRO.pdf\\n \",\"FEEDBACK\":true},\"HIGHLIGHT\":{\"SOLUCAO\":[\"<em>De</em>: Carla Silva Santos <carla.s@softplan.com.br>\\r\\nEnviado: quarta-feira, 11 <em>de</em> mar\u00e7o <em>de</em> 2020 15:54\\r\\nPara\",\"itupeva.sp.gov.br>; g_sajprocuradorias@softplan.com.br <g_sajprocuradorias@softplan.com.br>\\r\\nAssunto: RE: Exclus\u00e3o <em>de</em>\",\"Caso exista alguma d\u00favida, por gentileza, entre em contato atrav\u00e9s <em>de</em> nossos canais para atendimento:\",\"Atenciosamente,\\r\\n\\r\\n\\r\\nCarla Silva Santos\\r\\nAnalista <em>de</em> Suporte a Sistemas\\r\\nUnidade <em>de</em> Justi\u00e7a\\r\\nSoftplan\"],\"ATENDIMENTO\":[\"CLIENTE: ITUPEVA\\r\\n************************************\\r\\nBase: PGM0056\\r\\nIP: 172.50.5,222 \\r\\nServidor <em>de</em>\",\"sistema: \\r\\n***************************************\\r\\nBom dia,\\r\\n\\r\\nEm virtude da <em>instabilidade</em> <em>apresentada</em>\",\"<em>no</em> SAJ por esses dias, precisei realizar o protocolo <em>de</em> algumas peti\u00e7\u00f5es pelo site do TJ.\",\"Ocorre que duas peti\u00e7\u00f5es, j\u00e1 protocoladas <em>no</em> <em>Tribunal</em>, est\u00e3o na fila \\\"documentos ag. protocoliza\u00e7\u00e3o\\\"\",\"Ambos os arquivos est\u00e3o <em>no</em> perfil da procuradora PRRIBEIRO56.\"]}},{\"CHAMADO\":{\"COD_PROJETO\":3,\"ITEM\":41,\"NUM_ATENDIMENTO\":269056,\"SOLUCAO\":\"Conforme relatado para o analista Daniel, foi realizado o cadastro da categoria.\",\"ORIGEM_ATENDIMENTO\":\"SAC\",\"COD_CLIENTE\":3969,\"SISTEMA\":\"HOM_Sistema de Procuradoria Jur\u00eddica\",\"CLIENTE\":\"PGMBOX - Suporte N1\",\"ATENDIMENTO\":\"Cliente: Santo Andr\u00e9\\r\\nBase: 0050\\r\\nServidor de Aplica\u00e7\u00e3o: FLNSRVUNJ4184\\r\\nVers\u00e3o: 4.23.0-23\\r\\nData e Hora da Ocorr\u00eancia:18/04/2017 16:00\\r\\nChefia: Contencioso \\r\\n\\r\\nPrezados boa tarde, \\r\\n\\r\\nPor gentileza vincular a Classe de (RPV - requisi\u00e7\u00e3o de pequeno valor) ao Tribunal de justi\u00e7a primeira inst\u00e2ncia, no sistema somente esta vinculado ao Superior Tribunal de Justi\u00e7a\\n\\n ************************ \\n\\n\\n \\nLocal informado pelo cliente: Geral\",\"FEEDBACK\":null},\"HIGHLIGHT\":{\"ATENDIMENTO\":[\"Cliente: Santo Andr\u00e9\\r\\nBase: 0050\\r\\nServidor <em>de</em> Aplica\u00e7\u00e3o: FLNSRVUNJ4184\\r\\nVers\u00e3o: 4.23.0-23\\r\\nData e Hora\",\"Ocorr\u00eancia:18/04/2017 16:00\\r\\nChefia: Contencioso \\r\\n\\r\\nPrezados boa tarde, \\r\\n\\r\\nPor gentileza vincular a Classe <em>de</em>\",\"(RPV - requisi\u00e7\u00e3o <em>de</em> pequeno valor) ao <em>Tribunal</em> <em>de</em> justi\u00e7a primeira inst\u00e2ncia, <em>no</em> sistema somente esta\",\"vinculado ao Superior <em>Tribunal</em> <em>de</em> Justi\u00e7a\\n\\n ************************ \\n\\n\\n \\nLocal informado pelo cliente\"]}},{\"CHAMADO\":{\"COD_PROJETO\":3,\"ITEM\":1,\"NUM_ATENDIMENTO\":296014,\"SOLUCAO\":\"Demanda:\\r\\n Ana Paula (AFILOMENO) solicita que seja removido do seu fluxo os processos em anexo que n\u00e3o fazem parte de sua chefia.\\r\\n\\r\\nProcessos:\\r\\n\\r\\nEntrada\\tNosso n\u00famero\\tProcesso\\t\u00d3rg\u00e3o\\tChefia\\tProcurador\\tParte contr\u00e1ria/interessado\\r\\n06/11/2018 16:43:53\\t2014.01.036533\\t2191963-39.2018.8.26.0000\\tTribunal de Justi\u00e7a de S\u00e3o Paulo\\tPF61 - 1\u00ba Seccional da 6\u00ba Sub.Fiscal\\tCassiano Luiz Souza Moreira\\tFazenda P\u00fablica do Estado de S\u00e3o Paulo\\r\\n06/11/2018 13:26:04\\t2014.01.036534\\t2191953-92.2018.8.26.0000\\tTribunal de Justi\u00e7a de S\u00e3o Paulo\\tPF61 - 1\u00ba Seccional da 6\u00ba Sub.Fiscal\\tCassiano Luiz Souza Moreira\\tLONDON COMERCIO e ARTIGOS para VESTUARIO LTDA ME\\r\\n06/11/2018 16:51:22\\t2014.01.036535\\t2191945-18.2018.8.26.0000\\tTribunal de Justi\u00e7a de S\u00e3o Paulo\\tPF61 - 1\u00ba Seccional da 6\u00ba Sub.Fiscal\\tCassiano Luiz Souza Moreira\\tFazenda P\u00fablica do Estado de S\u00e3o Paulo\\r\\n06/11/2018 16:10:46\\t2014.01.036536\\t2191967-76.2018.8.26.0000\\tTribunal de Justi\u00e7a de S\u00e3o Paulo\\tPF61 - 1\u00ba Seccional da 6\u00ba Sub.Fiscal\\tCassiano Luiz Souza Moreira\\tFazenda P\u00fablica do Estado de S\u00e3o Paulo\\r\\n05/11/2018 20:36:08\\t2014.01.036537\\t2191841-26.2018.8.26.0000\\tTribunal de Justi\u00e7a de S\u00e3o Paulo\\tPF61 - 1\u00ba Seccional da 6\u00ba Sub.Fiscal\\tCassiano Luiz Souza Moreira\\tFazenda P\u00fablica do Estado de S\u00e3o Paulo\\r\\n06/11/2018 16:17:33\\t2015.01.075425\\t2185260-92.2018.8.26.0000\\tTribunal de Justi\u00e7a de S\u00e3o Paulo\\tPF61 - 1\u00ba Seccional da 6\u00ba Sub.Fiscal\\tCassiano Luiz Souza Moreira\\tFazenda P\u00fablica do Estado de S\u00e3o Paulo\\r\\n06/11/2018 15:45:24\\t2015.01.161409\\t2186817-17.2018.8.26.0000\\tTribunal de Justi\u00e7a de S\u00e3o Paulo\\tPF61 - 1\u00ba Seccional da 6\u00ba Sub.Fiscal\\tCassiano Luiz Souza Moreira\\tFazenda P\u00fablica do Estado de S\u00e3o Paulo\\r\\n06/11/2018 16:27:15\\t2015.01.379860\\t2186770-43.2018.8.26.0000\\tTribunal de Justi\u00e7a de S\u00e3o Paulo\\tPF61 - 1\u00ba Seccional da 6\u00ba Sub.Fiscal\\tCassiano Luiz Souza Moreira\\tFazenda P\u00fablica do Estado de S\u00e3o Paulo\\r\\n06/11/2018 17:00:29\\t2015.01.379861\\t2186791-19.2018.8.26.0000\\tTribunal de Justi\u00e7a de S\u00e3o Paulo\\tPF61 - 1\u00ba Seccional da 6\u00ba Sub.Fiscal\\tCassiano Luiz Souza Moreira\\tFazenda P\u00fablica do Estado de S\u00e3o Paulo\\r\\n06/11/2018 16:02:25\\t2017.01.255234\\t2186781-72.2018.8.26.0000\\tTribunal de Justi\u00e7a de S\u00e3o Paulo\\tPF61 - 1\u00ba Seccional da 6\u00ba Sub.Fiscal\\tCassiano Luiz Souza Moreira\\tFazenda P\u00fablica do Estado de S\u00e3o Paulo\\r\\n\\r\\nCAusa /Solucao\\r\\n\\r\\nEm an\u00e1lise a situa\u00e7\u00e3o mencionada na salt, verificamos que os objetos mencionados, j\u00e1 foram movimentados da respectiva fila \\\"Ag. Redistribui\u00e7\u00e3o\\\", a\u00e7\u00e3o esta realizada pela pr\u00f3pria usu\u00e1ria Ana Paula De Sousa Lima Filomeno     (AFILOMENO),conforme  evid\u00eancias abaixo:\\r\\n\\r\\n\\r\\nDesta forma, disponibilizamos o atendimento para aceite via portal.\\r\\n\",\"ORIGEM_ATENDIMENTO\":\"SAC\",\"COD_CLIENTE\":1015,\"SISTEMA\":\"HOM_Sistema de Procuradoria Jur\u00eddica\",\"CLIENTE\":\"PGESP - Procuradoria Geral do Estado de S\u00e3o Paulo\",\"ATENDIMENTO\":\"S\u00edntese: Processos que n\u00e3o fazem parte da banca est\u00e1 no fluxo\\r\\n\\r\\n Ana Paula (AFILOMENO) solicita que seja removido do seu fluxo os processos em anexo que n\u00e3o fazem parte de sua chefia.\\r\\n\\r\\nProcessos:\\r\\n\\r\\nEntrada\\tNosso n\u00famero\\tProcesso\\t\u00d3rg\u00e3o\\tChefia\\tProcurador\\tParte contr\u00e1ria/interessado\\r\\n06/11/2018 16:43:53\\t2014.01.036533\\t2191963-39.2018.8.26.0000\\tTribunal de Justi\u00e7a de S\u00e3o Paulo\\tPF61 - 1\u00ba Seccional da 6\u00ba Sub.Fiscal\\tCassiano Luiz Souza Moreira\\tFazenda P\u00fablica do Estado de S\u00e3o Paulo\\r\\n06/11/2018 13:26:04\\t2014.01.036534\\t2191953-92.2018.8.26.0000\\tTribunal de Justi\u00e7a de S\u00e3o Paulo\\tPF61 - 1\u00ba Seccional da 6\u00ba Sub.Fiscal\\tCassiano Luiz Souza Moreira\\tLONDON COMERCIO e ARTIGOS para VESTUARIO LTDA ME\\r\\n06/11/2018 16:51:22\\t2014.01.036535\\t2191945-18.2018.8.26.0000\\tTribunal de Justi\u00e7a de S\u00e3o Paulo\\tPF61 - 1\u00ba Seccional da 6\u00ba Sub.Fiscal\\tCassiano Luiz Souza Moreira\\tFazenda P\u00fablica do Estado de S\u00e3o Paulo\\r\\n06/11/2018 16:10:46\\t2014.01.036536\\t2191967-76.2018.8.26.0000\\tTribunal de Justi\u00e7a de S\u00e3o Paulo\\tPF61 - 1\u00ba Seccional da 6\u00ba Sub.Fiscal\\tCassiano Luiz Souza Moreira\\tFazenda P\u00fablica do Estado de S\u00e3o Paulo\\r\\n05/11/2018 20:36:08\\t2014.01.036537\\t2191841-26.2018.8.26.0000\\tTribunal de Justi\u00e7a de S\u00e3o Paulo\\tPF61 - 1\u00ba Seccional da 6\u00ba Sub.Fiscal\\tCassiano Luiz Souza Moreira\\tFazenda P\u00fablica do Estado de S\u00e3o Paulo\\r\\n06/11/2018 16:17:33\\t2015.01.075425\\t2185260-92.2018.8.26.0000\\tTribunal de Justi\u00e7a de S\u00e3o Paulo\\tPF61 - 1\u00ba Seccional da 6\u00ba Sub.Fiscal\\tCassiano Luiz Souza Moreira\\tFazenda P\u00fablica do Estado de S\u00e3o Paulo\\r\\n06/11/2018 15:45:24\\t2015.01.161409\\t2186817-17.2018.8.26.0000\\tTribunal de Justi\u00e7a de S\u00e3o Paulo\\tPF61 - 1\u00ba Seccional da 6\u00ba Sub.Fiscal\\tCassiano Luiz Souza Moreira\\tFazenda P\u00fablica do Estado de S\u00e3o Paulo\\r\\n06/11/2018 16:27:15\\t2015.01.379860\\t2186770-43.2018.8.26.0000\\tTribunal de Justi\u00e7a de S\u00e3o Paulo\\tPF61 - 1\u00ba Seccional da 6\u00ba Sub.Fiscal\\tCassiano Luiz Souza Moreira\\tFazenda P\u00fablica do Estado de S\u00e3o Paulo\\r\\n06/11/2018 17:00:29\\t2015.01.379861\\t2186791-19.2018.8.26.0000\\tTribunal de Justi\u00e7a de S\u00e3o Paulo\\tPF61 - 1\u00ba Seccional da 6\u00ba Sub.Fiscal\\tCassiano Luiz Souza Moreira\\tFazenda P\u00fablica do Estado de S\u00e3o Paulo\\r\\n06/11/2018 16:02:25\\t2017.01.255234\\t2186781-72.2018.8.26.0000\\tTribunal de Justi\u00e7a de S\u00e3o Paulo\\tPF61 - 1\u00ba Seccional da 6\u00ba Sub.Fiscal\\tCassiano Luiz Souza Moreira\\tFazenda P\u00fablica do Estado de S\u00e3o Paulo\\r\\n\\r\\n\\r\\nLogin: SPPF61\\r\\nVers\u00e3o: 5.1.0-58\\r\\nServidor: APP04.1 \\r\\nWindows Vista 10\\r\\nChefia : c\u00f3digo 155 - PF61 \\r\\nData e hora da ocorr\u00eancia : 13/11/2018 - 10:44 \\r\\nCaminho : Processos / Fluxos\\r\\nMenu/Tela : Processos / Fluxos / Ag.Redistribui\u00e7\u00e3o\\r\\nPrioridade: 2 \\r\\nImpacto na opera\u00e7\u00e3o: M\u00e9dio \\n\\n ************************ \\n\\n\\n \\nLocal informado pelo cliente: WorkFlow\\n \\n Anexo ap\u00f3s o envio do Portal: \\nProcesssos.xlsx\\n \\n \\n Anexo ap\u00f3s o envio do Portal: \\npendencia enc ao procurador.PNG\\n \",\"FEEDBACK\":null},\"HIGHLIGHT\":{\"SOLUCAO\":[\"do Estado <em>de</em> S\u00e3o Paulo\\r\\n06/11/2018 13:26:04\\t2014.01.036534\\t2191953-92.2018.8.26.0000\\t<em>Tribunal</em> <em>de</em> Justi\u00e7a\",\"<em>de</em> S\u00e3o Paulo\\r\\n06/11/2018 16:10:46\\t2014.01.036536\\t2191967-76.2018.8.26.0000\\t<em>Tribunal</em> <em>de</em> Justi\u00e7a <em>de</em> S\u00e3o\",\"06/11/2018 16:17:33\\t2015.01.075425\\t2185260-92.2018.8.26.0000\\t<em>Tribunal</em> <em>de</em> Justi\u00e7a <em>de</em> S\u00e3o Paulo\\tPF61\",\"/11/2018 15:45:24\\t2015.01.161409\\t2186817-17.2018.8.26.0000\\t<em>Tribunal</em> <em>de</em> Justi\u00e7a <em>de</em> S\u00e3o Paulo\\tPF61 - 1\u00ba\",\":29\\t2015.01.379861\\t2186791-19.2018.8.26.0000\\t<em>Tribunal</em> <em>de</em> Justi\u00e7a <em>de</em> S\u00e3o Paulo\\tPF61 - 1\u00ba Seccional da\"],\"ATENDIMENTO\":[\"S\u00edntese: Processos que n\u00e3o fazem parte da banca est\u00e1 <em>no</em> fluxo\\r\\n\\r\\n Ana Paula (AFILOMENO) solicita que\",\"do Estado <em>de</em> S\u00e3o Paulo\\r\\n06/11/2018 13:26:04\\t2014.01.036534\\t2191953-92.2018.8.26.0000\\t<em>Tribunal</em> <em>de</em> Justi\u00e7a\",\"<em>de</em> S\u00e3o Paulo\\r\\n06/11/2018 16:10:46\\t2014.01.036536\\t2191967-76.2018.8.26.0000\\t<em>Tribunal</em> <em>de</em> Justi\u00e7a <em>de</em> S\u00e3o\",\"06/11/2018 16:17:33\\t2015.01.075425\\t2185260-92.2018.8.26.0000\\t<em>Tribunal</em> <em>de</em> Justi\u00e7a <em>de</em> S\u00e3o Paulo\\tPF61\",\"/11/2018 15:45:24\\t2015.01.161409\\t2186817-17.2018.8.26.0000\\t<em>Tribunal</em> <em>de</em> Justi\u00e7a <em>de</em> S\u00e3o Paulo\\tPF61 - 1\u00ba\"]}},{\"CHAMADO\":{\"COD_PROJETO\":3,\"ITEM\":1,\"NUM_ATENDIMENTO\":202129,\"SOLUCAO\":\"Descri\u00e7\u00e3o da SALT: \\r\\n    Por se tratar de processo do Tribunal de Justi\u00e7a de MT estando com campo Tribunal (inst\u00e2ncias): 175 - Justi\u00e7a Estadual - 2\u00ba Grau - MT, este automaticamente deveria estar na chefia 43 - Tribunal de Justi\u00e7a de MT, por algum motivo isto n\u00e3o ocorreu, por\u00e9m ao utilizar a atividade \\\"Encaminhar a outra chefia\\\" para que este processo seja redistribu\u00eddo de forma correta, a op\u00e7\u00e3o de Consulta de Chefias n\u00e3o apresenta a chefia 43 - Tribunal de Justi\u00e7a de MT.\\r\\n\\r\\n\\r\\nSolu\u00e7\u00e3o:\\r\\n     Conforme acordado, realizamos a altera\u00e7\u00e3o de chefias para os processos 2015.01.027374 e 2015.01.029202 assim como a procuradoria de atua\u00e7\u00e3o das mesmas.\\r\\n---------------------------------------------------------------------------------------------------------------------------------------\\r\\n    Conforme hav\u00edamos conversado no dia 22/01/2016, os processos foram corrigidos e disponibilizados para redistribui\u00e7\u00e3o conforme consta nas imagens do e-mail abaixo.\\r\\n    Como j\u00e1 foi dado continuidade nos processo e atendido a solicita\u00e7\u00e3o da SALT, estamos disponibilizando o atendimento para aceite final via portal do cliente.\\r\\n\\r\\n\\r\\n\\r\\n\\r\\n\\r\\n\\r\\n\\r\\n\",\"ORIGEM_ATENDIMENTO\":\"SAC\",\"COD_CLIENTE\":1010,\"SISTEMA\":\"HOM_Sistema de Procuradoria Jur\u00eddica\",\"CLIENTE\":\"PGEMT - Procuradoria Geral do Estado do Mato Grosso\",\"ATENDIMENTO\":\"Ambiente: Produ\u00e7\u00e3o\\r\\nServidor APP: Qualquer servidor \\r\\n\\r\\nVers\u00e3o da aplica\u00e7\u00e3o: 4.0.12-73\\r\\nNome do usu\u00e1rio: Regis Rodrigues Coutinho   \\r\\nLogin do usu\u00e1rio: RCOUTINHO\\r\\nLota\u00e7\u00e3o: 1 - Proc. Geral do Estado de MT- Sede\\r\\n51540 - Gabinete do Procurador Dr. Lucas Schwinden Dallamico\\r\\nData e hora da ocorr\u00eancia:--------------- \\r\\n\\r\\nErro: Chefia 43 - Tribunal de Justi\u00e7a MT n\u00e3o aparece na tela Consulta de Chefias dentro da atividade \\\"Encaminhar a outra chefia\\\".\\r\\n\\r\\n\\r\\n\\r\\nMenu\\\\Tela: Fluxo de Trabalho > Processos Judiciais > Processos > Redistribuir Processos\\r\\n\\r\\nObjetos: 2015.01.027374\\r\\n\\r\\nDescri\u00e7\u00e3o da SALT: por se tratar de processo do Tribunal de Justi\u00e7a de MT estando com campo Tribunal (inst\u00e2ncias): 175 - Justi\u00e7a Estadual - 2\u00ba Grau \u0096 MT,  este automaticamente deveria estar na chefia 43 - Tribunal de Justi\u00e7a de MT, por algum motivo isto n\u00e3o ocorreu, por\u00e9m ao utilizar a atividade \\\"Encaminhar a outra chefia\\\" para que este processo seja redistribu\u00eddo de forma correta, a op\u00e7\u00e3o de Consulta de Chefias n\u00e3o apresenta a chefia 43 - Tribunal de Justi\u00e7a de MT.\\r\\n\\r\\nObs.: A pend\u00eancia deste processo tamb\u00e9m se encontra no fluxo deste usu\u00e1rio, \\r\\nMenu\\\\Tela: Fluxo de Trabalho > Processos Judiciais > Intima\u00e7\u00f5es / Pend\u00eancias >  Redistribuir Pend\u00eancias \\r\\n\\r\\nANEXOS: \\\"2015.01.027374.mp4\\\"\\r\\n\\r\\n\\r\\nJuber Marraf\u00e3o / +55 65 3613-5967  +55 48 9173-2596\\r\\n\\r\\n\\r\\n ************************ \\r\\n\\r\\n\\r\\n \\r\\nLocal informado pelo cliente: WorkFlow\\r\\n \\r\\n Anexo ap\u00f3s o envio do Portal: \\r\\n2015.01.027374.mp4\\r\\n \\r\\n \\r\\n Anexo ap\u00f3s o envio do Portal: \\r\\n2015.01.029202.JPG\\r\\n \\n \\n Anexo ap\u00f3s o envio do Portal: \\n202129.jpg\\n \\n \\n Anexo ap\u00f3s o envio do Portal: \\nSalt_202129_20-01-2016 10-01-59.rar\\n \",\"FEEDBACK\":null},\"HIGHLIGHT\":{\"SOLUCAO\":[\"Descri\u00e7\u00e3o da SALT: \\r\\n    Por se tratar <em>de</em> processo do <em>Tribunal</em> <em>de</em> Justi\u00e7a <em>de</em> MT estando com campo <em>Tribunal</em>\",\"inst\u00e2ncias): 175 - Justi\u00e7a Estadual - 2\u00ba Grau - MT, este automaticamente deveria estar na chefia 43 - <em>Tribunal</em>\",\"chefia\\\" para que este processo seja redistribu\u00eddo <em>de</em> forma correta, a op\u00e7\u00e3o <em>de</em> Consulta <em>de</em> Chefias n\u00e3o\",\"apresenta a chefia 43 - <em>Tribunal</em> <em>de</em> Justi\u00e7a <em>de</em> MT.\",\"-----------------------------------------------------------------\\r\\n    Conforme hav\u00edamos conversado <em>no</em>\"],\"ATENDIMENTO\":[\"Lucas Schwinden Dallamico\\r\\nData e hora da ocorr\u00eancia:--------------- \\r\\n\\r\\nErro: Chefia 43 - <em>Tribunal</em> <em>de</em>\",\"Descri\u00e7\u00e3o da SALT: por se tratar <em>de</em> processo do <em>Tribunal</em> <em>de</em> Justi\u00e7a <em>de</em> MT estando com campo <em>Tribunal</em>\",\"inst\u00e2ncias): 175 - Justi\u00e7a Estadual - 2\u00ba Grau \u0096 MT,  este automaticamente deveria estar na chefia 43 - <em>Tribunal</em>\",\"apresenta a chefia 43 - <em>Tribunal</em> <em>de</em> Justi\u00e7a <em>de</em> MT.\",\"Obs.: A pend\u00eancia deste processo tamb\u00e9m se encontra <em>no</em> fluxo deste usu\u00e1rio, \\r\\nMenu\\\\Tela: Fluxo <em>de</em> Trabalho\"]}},{\"CHAMADO\":{\"COD_PROJETO\":3,\"ITEM\":1,\"NUM_ATENDIMENTO\":279434,\"SOLUCAO\":\"Descri\u00e7\u00e3o:\\r\\nO cliente solicita o cadastro do per\u00edodo de 02 a 10 de julho de 2018 para efeito de suspens\u00e3o da contagem dos prazos processuais, para os processos cadastrados com Tribunal 1 (Justi\u00e7a Estadual - 1\u00ba Grau) e Tribunal 2 (Justi\u00e7a Estadual - 2 Grau). Al\u00e9m dos recessos/feriados j\u00e1 cadastrados no sistema.\\r\\nAto normativo n\u00ba 19 de 18 de junho de 2018.\\r\\n\\r\\nCausa:\\r\\nA inclus\u00e3o s\u00f3 pode ser realizada pela base de dados.\\r\\n\\r\\nSolu\u00e7\u00e3o:\\r\\nRealizamos a inclus\u00e3o das Suspens\u00f5es.\\r\\n\\r\\n\",\"ORIGEM_ATENDIMENTO\":\"SAC\",\"COD_CLIENTE\":1008,\"SISTEMA\":\"HOM_Sistema de Procuradoria Jur\u00eddica\",\"CLIENTE\":\"PGEAL - Procuradoria Geral do Estado de Alagoas\",\"ATENDIMENTO\":\" Ambiente: Produ\u00e7\u00e3o \\r\\nServidor APP: SPJ.PGE-PROD-04 \\r\\nData e hora da ocorr\u00eancia: 21/06/2018\\r\\nVers\u00e3o da aplica\u00e7\u00e3o: 04.00.15-85 \\r\\nNome do usu\u00e1rio: Luis Vale\\r\\nLogin do usu\u00e1rio: LVALE\\r\\n\\r\\n\\r\\nDescri\u00e7\u00e3o da SALT: \\r\\n\\r\\nO cliente solicita o cadastro do per\u00edodo de 02 a 10 de julho de 2018 para efeito de suspens\u00e3o da contagem dos prazos processuais, para os processos cadastrados com Tribunal 1 (Justi\u00e7a Estadual - 1\u00ba Grau) e Tribunal 2 (Justi\u00e7a Estadual - 2 Grau). Al\u00e9m dos recessos/feriados j\u00e1 cadastrados no sistema.\\r\\n\\r\\nAto normativo n\u00ba 19 de 18 de junho de 2018.\\r\\n\\n\\n ************************ \\n\\n\\n \\nLocal informado pelo cliente: Geral\\n \\n Anexo ap\u00f3s o envio do Portal: \\ndje_20180620_c1.indd.pdf\\n \",\"FEEDBACK\":null},\"HIGHLIGHT\":{\"SOLUCAO\":[\"Descri\u00e7\u00e3o:\\r\\nO cliente solicita o cadastro do per\u00edodo <em>de</em> 02 a 10 <em>de</em> julho <em>de</em> 2018 para efeito <em>de</em> suspens\u00e3o\",\"da contagem dos prazos processuais, para os processos cadastrados com <em>Tribunal</em> 1 (Justi\u00e7a Estadual -\",\"1\u00ba Grau) e <em>Tribunal</em> 2 (Justi\u00e7a Estadual - 2 Grau).\",\"Al\u00e9m dos recessos/feriados j\u00e1 cadastrados <em>no</em> sistema.\",\"Ato normativo n\u00ba 19 <em>de</em> 18 <em>de</em> junho <em>de</em> 2018.\"],\"ATENDIMENTO\":[\"Vale\\r\\nLogin do usu\u00e1rio: LVALE\\r\\n\\r\\n\\r\\nDescri\u00e7\u00e3o da SALT: \\r\\n\\r\\nO cliente solicita o cadastro do per\u00edodo <em>de</em>\",\"02 a 10 <em>de</em> julho <em>de</em> 2018 para efeito <em>de</em> suspens\u00e3o da contagem dos prazos processuais, para os processos\",\"cadastrados com <em>Tribunal</em> 1 (Justi\u00e7a Estadual - 1\u00ba Grau) e <em>Tribunal</em> 2 (Justi\u00e7a Estadual - 2 Grau).\",\"Al\u00e9m dos recessos/feriados j\u00e1 cadastrados <em>no</em> sistema.\",\"Ato normativo n\u00ba 19 <em>de</em> 18 <em>de</em> junho <em>de</em> 2018.\\r\\n\\n\\n ************************ \\n\\n\\n \\nLocal informado pelo cliente\"]}},{\"CHAMADO\":{\"COD_PROJETO\":3,\"ITEM\":1,\"NUM_ATENDIMENTO\":287161,\"SOLUCAO\":\"\\r\\n\\r\\n\\r\\n-------- Mensagem encaminhada --------\\r\\nAssunto: \\t[PGM-RB] [SAJ/PJ] [287161/1 ] - WorkFlow\\r\\nData: \\tTue, 28 Aug 2018 18:37:22 -0300\\r\\nDe: \\tRafael Schlemper Martins <rafael.martins@softplan.com.br>\\r\\nPara: \\tkenneth.costa@softplan.com.br\\r\\n\\r\\n\\r\\nPrezado(a) Kenneth Anderson Cavalcante da Costa,\\r\\n\\r\\nEm aten\u00e7\u00e3o \u00e0 salt 287161/1 com a seguinte descri\u00e7\u00e3o:\\r\\n\\r\\n\\t\\r\\n\\r\\n\\r\\nAmbiente: Produ\u00e7\u00e3o\\r\\n\\r\\nServidor APP: SPJ.SRVPMRB0440.0\\r\\n\\r\\nALIAS: SPJARB.\\r\\n\\r\\nVers\u00e3o Atual da aplica\u00e7\u00e3o: 4.20.1-90.\\r\\n\\r\\nNome do usu\u00e1rio: Jefferson Marinho;\\r\\n\\r\\nLogin do usu\u00e1rio: JMARINHO;\\r\\n\\r\\nData e hora da ocorr\u00eancia: 27 de agosto de 2018.\\r\\n\\r\\nPrezados,\\r\\n\\r\\nForam ajuizados os processos 2018.01.004222, 2018.01.004150, 2018.01.004137, 2018.01.004246, 2018.01.004138, 2018.01.004220, 2018.01.004234, 2018.01.004244, 2018.01.004233 e 2018.01.004221 no dia 24/08/2018 e ainda n\u00e3o foram protocolados no Tribunal de Justi\u00e7a do Estado do Acre.\\r\\n\\r\\nSolicito an\u00e1lise para identificar se os processos foram encaminhados via integra\u00e7\u00e3o para o Tribunal de Justi\u00e7a.\\r\\n\\r\\n\\r\\nSubs\u00eddios:\\r\\n\\r\\nPrints anexos.\\r\\n\\r\\nCONTATO:\\r\\n\\r\\nKenneth Anderson C. da Costa\\r\\n\\r\\n068 32227343\\r\\n\\r\\n068 999787845\\r\\n\\r\\n************************\\r\\n\\r\\n\\r\\n\\r\\nLocal informado pelo cliente: WorkFlow\\r\\n\\r\\nAnexo ap\u00f3s o envio do Portal:\\r\\nProcessos aguardando ajuizamento.png\\r\\n\\r\\n\\r\\nAnalisamos os mencionados processos e realizamos algumas verifica\u00e7\u00f5es na base de dados.\\r\\nConstatamos que, no per\u00edodo informado s\u00f3 tivemos 3 peticionamentos.\\r\\n\\r\\nOs 3 peticionamentos apresenta a seguinte mensagem de retorno:\\r\\n\\r\\n<Descricao>MENSAGEM NAO ENVIADA ANTERIORMENTE</Descricao>\\r\\n\\r\\n\\r\\n\\r\\nDesse modo, n\u00e3o identificamos nenhuma mensagem de ajuizamento.\\r\\n\\r\\nDesse modo, ap\u00f3s esclarecimentos acima prestados, encaminhamos este atendimento para aceite via portal.\\r\\n\\r\\n-- \\r\\nAtenciosamente,\\r\\n \\r\\n\\r\\nRafael Schlemper Martins\\r\\n\\r\\nAnalista de Testes \u0096 Procuradorias\\r\\nUnidade Justi\u00e7a\\r\\nSoftplan\\r\\n+55 48 3027-8000 Ramal:3148\\r\\nwww.softplan.com.br\\r\\n\\r\\n\",\"ORIGEM_ATENDIMENTO\":\"SAC\",\"COD_CLIENTE\":2264,\"SISTEMA\":\"HOM_Sistema de Procuradoria Jur\u00eddica\",\"CLIENTE\":\"PGMRB - Procuradoria Geral do Munic\u00edpio de Rio Branco\",\"ATENDIMENTO\":\"Ambiente: Produ\u00e7\u00e3o  \\r\\n\\r\\nServidor APP: SPJ.SRVPMRB0440.0 \\r\\n\\r\\nALIAS: SPJARB. \\r\\n\\r\\nVers\u00e3o Atual da aplica\u00e7\u00e3o: 4.20.1-90. \\r\\n\\r\\nNome do usu\u00e1rio: Jefferson Marinho; \\r\\n\\r\\nLogin do usu\u00e1rio: JMARINHO; \\r\\n\\r\\nData e hora da ocorr\u00eancia: 27 de agosto de 2018. \\r\\n\\r\\nPrezados, \\r\\n\\r\\nForam ajuizados os processos 2018.01.004222, 2018.01.004150, 2018.01.004137, 2018.01.004246, 2018.01.004138, 2018.01.004220, 2018.01.004234, 2018.01.004244, 2018.01.004233 e 2018.01.004221 no dia 24/08/2018 e ainda n\u00e3o foram protocolados no Tribunal de Justi\u00e7a do Estado do Acre.  \\r\\n\\r\\nSolicito an\u00e1lise para identificar se os processos foram encaminhados via integra\u00e7\u00e3o para o Tribunal de Justi\u00e7a. \\r\\n\\r\\n\\r\\nSubs\u00eddios: \\r\\n\\r\\nPrints anexos. \\r\\n\\r\\nCONTATO:  \\r\\n\\r\\nKenneth Anderson C. da Costa  \\r\\n\\r\\n068 32227343 \\r\\n\\r\\n068 999787845 \\n\\n ************************ \\n\\n\\n \\nLocal informado pelo cliente: WorkFlow\\n \\n Anexo ap\u00f3s o envio do Portal: \\nProcessos aguardando ajuizamento.png\\n \",\"FEEDBACK\":null},\"HIGHLIGHT\":{\"SOLUCAO\":[\"agosto <em>de</em> 2018.\",\"2018.01.004246, 2018.01.004138, 2018.01.004220, 2018.01.004234, 2018.01.004244, 2018.01.004233 e 2018.01.004221 <em>no</em>\",\"dia 24/08/2018 e ainda n\u00e3o foram protocolados <em>no</em> <em>Tribunal</em> <em>de</em> Justi\u00e7a do Estado do Acre.\",\"Solicito an\u00e1lise para identificar se os processos foram encaminhados via integra\u00e7\u00e3o para o <em>Tribunal</em> <em>de</em>\",\"Constatamos que, <em>no</em> per\u00edodo informado s\u00f3 tivemos 3 peticionamentos.\"],\"ATENDIMENTO\":[\"Nome do usu\u00e1rio: Jefferson Marinho; \\r\\n\\r\\nLogin do usu\u00e1rio: JMARINHO; \\r\\n\\r\\nData e hora da ocorr\u00eancia: 27 <em>de</em>\",\"agosto <em>de</em> 2018.\",\"2018.01.004246, 2018.01.004138, 2018.01.004220, 2018.01.004234, 2018.01.004244, 2018.01.004233 e 2018.01.004221 <em>no</em>\",\"dia 24/08/2018 e ainda n\u00e3o foram protocolados <em>no</em> <em>Tribunal</em> <em>de</em> Justi\u00e7a do Estado do Acre.\",\"Solicito an\u00e1lise para identificar se os processos foram encaminhados via integra\u00e7\u00e3o para o <em>Tribunal</em> <em>de</em>\"]}},{\"CHAMADO\":{\"COD_PROJETO\":3,\"ITEM\":1,\"NUM_ATENDIMENTO\":204308,\"SOLUCAO\":\"Situa\u00e7\u00e3o sendo averiguada pela Equipe de Monitoramento, atrav\u00e9s da salt 204294/1 vinculada a esta.\",\"ORIGEM_ATENDIMENTO\":\"SAC\",\"COD_CLIENTE\":1021,\"SISTEMA\":\"HOM_Sistema de Procuradoria Jur\u00eddica\",\"CLIENTE\":\"Procuradoria Geral do Munic\u00edpio de Manaus - PGM\",\"ATENDIMENTO\":\"Boa tarde,\\r\\n\\r\\nSolicitamos com urg\u00eancia que a SOFTPLAN possa responder de forma t\u00e9cnica como funciona a protocoliza\u00e7\u00e3o eletr\u00f4nica no Tribunal.\\r\\n\\r\\nDepois da recupera\u00e7\u00e3o do link com o TJAM, acessar a protolocadora do Tribunal de Justi\u00e7a por meio da Aplica\u00e7\u00e3o PGM.Net \u00e9 o \u00fanico servi\u00e7o que est\u00e1 faltando.\\r\\n\\r\\nAguardamos resposta com urg\u00eancia.\\r\\n\\r\\nAtenciosamente,\\r\\n\\r\\nOdil\u00e9a Monteiro de Carvalho.\\r\\n\\n\\n ************************ \\n\\n\\n \\nLocal informado pelo cliente: Geral\",\"FEEDBACK\":null},\"HIGHLIGHT\":{\"SOLUCAO\":[\"Situa\u00e7\u00e3o sendo averiguada pela Equipe <em>de</em> Monitoramento, atrav\u00e9s da salt 204294/1 vinculada a esta.\"],\"ATENDIMENTO\":[\"Boa tarde,\\r\\n\\r\\nSolicitamos com urg\u00eancia que a SOFTPLAN possa responder <em>de</em> forma t\u00e9cnica como funciona\",\"a protocoliza\u00e7\u00e3o eletr\u00f4nica <em>no</em> <em>Tribunal</em>.\",\"Depois da recupera\u00e7\u00e3o do link com o TJAM, acessar a protolocadora do <em>Tribunal</em> <em>de</em> Justi\u00e7a por meio da\",\"Atenciosamente,\\r\\n\\r\\nOdil\u00e9a Monteiro <em>de</em> Carvalho.\\r\\n\\n\\n ************************ \\n\\n\\n \\nLocal informado pelo\"]}},{\"CHAMADO\":{\"COD_PROJETO\":3,\"ITEM\":1,\"NUM_ATENDIMENTO\":297721,\"SOLUCAO\":\"\\r\\nDe: Kelly Katherine Alvares Sander\\r\\nEnviado: ter\u00e7a-feira, 4 de dezembro de 2018 14:33\\r\\nPara: Fillipi Gondim Feitosa\\r\\nCc: g_sajcapj@softplan.com.br\\r\\nAssunto: [PGM-Recife] [SAJ/PJ] [297721/1 ] - Sobre\\r\\n \\r\\nPrezado(a) Fillipi Gondim Feitosa, \\r\\n\\r\\nEm aten\u00e7\u00e3o \u00e0 salt 297721/1 com a seguinte descri\u00e7\u00e3o: \\r\\n\\r\\n\\r\\nEm concord\u00e2ncia com os artigos do C\u00f3digo de Processo Civil e da Consolida\u00e7\u00e3o das Leis do Trabalho: \\r\\nC\u00f3digo de Processo Civil (Lei 13105/2015): \\r\\nArt. 220. Suspende-se o curso do prazo processual nos dias compreendidos entre 20 de dezembro e 20 de janeiro, inclusive. \\r\\n\\r\\nConsolida\u00e7\u00e3o das Leis do Trabalho (decreto-Lei 5452/1943): \\r\\nArt. 775-A. Suspende-se o curso do prazo processual nos dias compreendidos entre 20 de dezembro e 20 de janeiro, inclusive. (Inclu\u00eddo dada pela Lei n\u00ba 13.545, de 2017) \\r\\n\\r\\nSolicito que seja configurado o recesso de fim de ano, para que o sistema suspenda a contagem de prazos nas datas dos \u00d3rg\u00e3os Judiciais especificados a seguir: \\r\\n\\r\\n\u00d3g\u00e3os Judiciais: \\r\\n8171 - Justi\u00e7a Estadual - 1\u00ba Grau \u0096 PE - Todas as Comarcas \u0096 20/12/2018 \u00e0 20/01/2019 \\r\\n8172 \u0096 Justi\u00e7a Estadual - 2\u00ba Grau \u0096 PE - Todos os \u00d3rg\u00e3os \u0096 20/12/2018 \u00e0 20/01/2019 \\r\\n9264 \u0096 Justi\u00e7a Federal - 1\u00ba Grau - 5\u00aa Regi\u00e3o - Todos os \u00d3rg\u00e3os \u0096 20/12/2018 \u00e0 20/01/2019 \\r\\n145 \u0096 Justi\u00e7a Federal - 2\u00ba Grau - 5\u00ba Regi\u00e3o - Todos os \u00d3rg\u00e3os \u0096 20/12/2018 \u00e0 20/01/2019 \\r\\n5061 \u0096 Justi\u00e7a do Trabalho - 1\u00ba Grau \u0096 PE - Todos os \u00d3rg\u00e3os \u0096 20/12/2018 \u00e0 20/01/2019 \\r\\n5062 \u0096 Justi\u00e7a do Trabalho 2\u00ba Grau - 6\u00ba Regi\u00e3o - Todos os \u00d3rg\u00e3os \u0096 20/12/2018 \u00e0 20/01/2019 \\r\\n1001 - Supremo Tribunal Federal \u0096 STF - Todos os \u00d3rg\u00e3os \u0096 20/12/2018 \u00e0 31/01/2019 \\r\\n3001 - Superior Tribunal de Justi\u00e7a \u0096 STJ - Todos os \u00d3rg\u00e3os \u0096 20/12/2018 \u00e0 31/01/2019 \\r\\n5001 - Tribunal Superior do Trabalho \u0096 TST - Todos os \u00d3rg\u00e3os \u0096 20/12/2018 \u00e0 31/01/2019 \\r\\n\\r\\n************************  \\r\\n\\r\\n\\r\\n\\r\\n     Conforme solicitado, os feriados foram configurados de acordo com os artigos do C\u00f3digo de Processo Civil e da Consolida\u00e7\u00e3o das Leis de Trabalho. \\r\\n\\r\\nSendo assim, encaminho este atendimento para 'Aceite Final' via portal do cliente.\\r\\n\\r\\n\\r\\nEstou \u00e0 disposi\u00e7\u00e3o para quaisquer d\u00favidas e/ou esclarecimentos. \\r\\n\\r\\n\\r\\nAtenciosamente,\\r\\n\\r\\nKelly Katherine Alvares Sander\\r\\n\\r\\nAnalista de Suporte ao Cliente\\r\\n\\r\\nUnidade de Justi\u00e7a\\r\\n\\r\\nSoftplan\\r\\n\\r\\n+55 48 3027-8000 Ramal: 3318\\r\\n\\r\\nwww.softplan.com.br\\r\\n \\r\\nSoftplan: Solu\u00e7\u00f5es que fazem a diferen\u00e7a na vida das pessoas\\r\\nwww.softplan.com.br\\r\\nA Softplan \u00e9 uma das maiores empresas do Brasil no desenvolvimento de softwares de gest\u00e3o. Atualmente suas solu\u00e7\u00f5es est\u00e3o presentes em todos os estados brasileiros, em pa\u00edses da Am\u00e9rica Latina e nos Estados Unidos, fazendo a diferen\u00e7a na vida das pessoas.\\r\\n\\r\\n \\t \\t \\t \",\"ORIGEM_ATENDIMENTO\":\"SAC\",\"COD_CLIENTE\":4012,\"SISTEMA\":\"HOM_Sistema de Procuradoria Jur\u00eddica\",\"CLIENTE\":\"Procuradoria Geral do Munic\u00edpio de Recife - PGMRecife\",\"ATENDIMENTO\":\"Em concord\u00e2ncia com os artigos do C\u00f3digo de Processo Civil e da Consolida\u00e7\u00e3o das Leis do Trabalho:\\r\\nC\u00f3digo de Processo Civil (Lei 13105/2015):\\r\\nArt. 220.  Suspende-se o curso do prazo processual nos dias compreendidos entre 20 de dezembro e 20 de janeiro, inclusive.\\r\\n\\r\\nConsolida\u00e7\u00e3o das Leis do Trabalho (decreto-Lei 5452/1943):\\r\\nArt. 775-A. Suspende-se o curso do prazo processual nos dias compreendidos entre 20 de dezembro e 20 de janeiro, inclusive.    (Inclu\u00eddo dada pela Lei n\u00ba 13.545, de 2017)\\r\\n\\r\\nSolicito que seja configurado o recesso de fim de ano, para que o sistema suspenda a contagem de prazos nas datas dos \u00d3rg\u00e3os Judiciais especificados a seguir:\\r\\n\\r\\n\u00d3g\u00e3os Judiciais:\\r\\n8171 - Justi\u00e7a Estadual - 1\u00ba Grau \u0096 PE - Todas as Comarcas \u0096 20/12/2018 \u00e0 20/01/2019\\r\\n8172 \u0096 Justi\u00e7a Estadual - 2\u00ba Grau \u0096 PE -  Todos os \u00d3rg\u00e3os \u0096 20/12/2018 \u00e0 20/01/2019\\r\\n9264 \u0096 Justi\u00e7a Federal - 1\u00ba Grau - 5\u00aa Regi\u00e3o - Todos os \u00d3rg\u00e3os \u0096 20/12/2018 \u00e0 20/01/2019\\r\\n145 \u0096 Justi\u00e7a Federal - 2\u00ba Grau - 5\u00ba Regi\u00e3o - Todos os \u00d3rg\u00e3os \u0096 20/12/2018 \u00e0 20/01/2019\\r\\n5061 \u0096 Justi\u00e7a do Trabalho - 1\u00ba Grau \u0096 PE - Todos os \u00d3rg\u00e3os \u0096 20/12/2018 \u00e0 20/01/2019\\r\\n5062 \u0096 Justi\u00e7a do Trabalho 2\u00ba Grau - 6\u00ba Regi\u00e3o - Todos os \u00d3rg\u00e3os \u0096 20/12/2018 \u00e0 20/01/2019\\r\\n1001 - Supremo Tribunal Federal \u0096 STF - Todos os \u00d3rg\u00e3os \u0096 20/12/2018 \u00e0 31/01/2019\\r\\n3001 - Superior Tribunal de Justi\u00e7a \u0096 STJ - Todos os \u00d3rg\u00e3os \u0096 20/12/2018 \u00e0 31/01/2019\\r\\n5001 - Tribunal Superior do Trabalho \u0096 TST - Todos os \u00d3rg\u00e3os \u0096 20/12/2018 \u00e0 31/01/2019\\n\\n ************************ \\n\\n\\n \\nLocal informado pelo cliente: Sobre\",\"FEEDBACK\":null},\"HIGHLIGHT\":{\"SOLUCAO\":[\"<em>De</em>: Kelly Katherine Alvares Sander\\r\\nEnviado: ter\u00e7a-feira, 4 <em>de</em> dezembro <em>de</em> 2018 14:33\\r\\nPara: Fillipi\",\"Justi\u00e7a do Trabalho 2\u00ba Grau - 6\u00ba Regi\u00e3o - Todos os \u00d3rg\u00e3os \u0096 20/12/2018 \u00e0 20/01/2019 \\r\\n1001 - Supremo <em>Tribunal</em>\",\"Federal \u0096 STF - Todos os \u00d3rg\u00e3os \u0096 20/12/2018 \u00e0 31/01/2019 \\r\\n3001 - Superior <em>Tribunal</em> <em>de</em> Justi\u00e7a \u0096 STJ\",\"- Todos os \u00d3rg\u00e3os \u0096 20/12/2018 \u00e0 31/01/2019 \\r\\n5001 - <em>Tribunal</em> Superior do Trabalho \u0096 TST - Todos os\",\"diferen\u00e7a na vida das pessoas\\r\\nwww.softplan.com.br\\r\\nA Softplan \u00e9 uma das maiores empresas do Brasil <em>no</em>\"],\"ATENDIMENTO\":[\"Suspende-se o curso do prazo processual nos dias compreendidos entre 20 <em>de</em> dezembro e 20 <em>de</em> janeiro,\",\"(Inclu\u00eddo dada pela Lei n\u00ba 13.545, <em>de</em> 2017)\\r\\n\\r\\nSolicito que seja configurado o recesso <em>de</em> fim <em>de</em> ano,\",\"Justi\u00e7a do Trabalho 2\u00ba Grau - 6\u00ba Regi\u00e3o - Todos os \u00d3rg\u00e3os \u0096 20/12/2018 \u00e0 20/01/2019\\r\\n1001 - Supremo <em>Tribunal</em>\",\"Federal \u0096 STF - Todos os \u00d3rg\u00e3os \u0096 20/12/2018 \u00e0 31/01/2019\\r\\n3001 - Superior <em>Tribunal</em> <em>de</em> Justi\u00e7a \u0096 STJ\",\"- Todos os \u00d3rg\u00e3os \u0096 20/12/2018 \u00e0 31/01/2019\\r\\n5001 - <em>Tribunal</em> Superior do Trabalho \u0096 TST - Todos os \u00d3rg\u00e3os\"]}},{\"CHAMADO\":{\"COD_PROJETO\":3,\"ITEM\":2,\"NUM_ATENDIMENTO\":202120,\"SOLUCAO\":\"Processo cadastrado com sucesso.\",\"ORIGEM_ATENDIMENTO\":\"SAC\",\"COD_CLIENTE\":207,\"SISTEMA\":\"HOM_Sistema de Procuradoria Jur\u00eddica\",\"CLIENTE\":\"Equipe SAJ\",\"ATENDIMENTO\":\"Servi\u00e7o: ConsultarProcesso TRF4\\r\\nProcesso: 50249646320144047200\\r\\nUsu\u00e1rio: BAINHA\\r\\nBase: SPJXFSC\\r\\nTribunal: 83 - Justi\u00e7a Federal - 2\u00ba Grau\\r\\n\u00d3rg\u00e3o Judicial: 4 -Tribunal Regional Federal - 4\u00ba Regi\u00e3o - Porto Alegre\\r\\n\\r\\nA\u00e7\u00e3o: \\r\\nNa tela de cadastro do processo judicial, informar tribunal, \u00f3rg\u00e3o judicial e n\u00famero do processo judicial que ser\u00e1 consultado.\\r\\n\\r\\nResultado esperado: \\r\\nO sistema deve consultar o processo informado no TJ de acordo com os dados informados (tribunal e \u00f3rg\u00e3o judicial), armazenar os dados do processo na tabela espjprocessoimp, das partes do processo na tabela espjprocpessoaimp. Ao informar a \u00e1rea do processo, estes dados devem ser carregados para a tela de cadastro do processo judicial.\\r\\n\\r\\nResultado do teste: \\r\\nProcesso cadastrado com sucesso.\\r\\n\\r\\nEvid\u00eancia: ConsultaProcessual_TRF4.rar\\r\\n\",\"FEEDBACK\":null},\"HIGHLIGHT\":{\"ATENDIMENTO\":[\"Servi\u00e7o: ConsultarProcesso TRF4\\r\\nProcesso: 50249646320144047200\\r\\nUsu\u00e1rio: BAINHA\\r\\nBase: SPJXFSC\\r\\n<em>Tribunal</em>\",\": 83 - Justi\u00e7a Federal - 2\u00ba Grau\\r\\n\u00d3rg\u00e3o Judicial: 4 -<em>Tribunal</em> Regional Federal - 4\u00ba Regi\u00e3o - Porto Alegre\",\"A\u00e7\u00e3o: \\r\\nNa tela <em>de</em> cadastro do processo judicial, informar <em>tribunal</em>, \u00f3rg\u00e3o judicial e n\u00famero do processo\",\"Resultado esperado: \\r\\nO sistema deve consultar o processo informado <em>no</em> TJ <em>de</em> acordo com os dados informados\",\"Ao informar a \u00e1rea do processo, estes dados devem ser carregados para a tela <em>de</em> cadastro do processo\"]}},{\"CHAMADO\":{\"COD_PROJETO\":3,\"ITEM\":1,\"NUM_ATENDIMENTO\":322063,\"SOLUCAO\":\"Causa: Erro na visualiza\u00e7\u00e3o da pasta digital integrada para o processo descrito no atendimento. \\r\\n\\r\\nDemanda: Verificar o motivo pelo qual a pasta do processo descrito n\u00e3o esta sendo exibida.\\r\\n\\r\\nSolu\u00e7\u00e3o: Em an\u00e1lise ao caso, constatamos que devido a indisponibilidade do PJe o processo n\u00e3o era retornando.\\r\\n\\r\\nAp\u00f3s nova valida\u00e7\u00e3o realizada pela Equipe Residente, processo sendo exibido normalmente.\",\"ORIGEM_ATENDIMENTO\":\"SAC\",\"COD_CLIENTE\":6034,\"SISTEMA\":\"HOM_Sistema de Procuradoria Jur\u00eddica\",\"CLIENTE\":\"Procuradoria Geral do Munic\u00edpio de Contagem\",\"ATENDIMENTO\":\"=======================================================================================\\r\\n\\r\\n[DADOS B\u00c1SICOS]\\r\\n\\r\\nAMBIENTE: Produ\u00e7\u00e3o\\r\\n\\r\\nSERVIDOR: nomeServidor=spjServidor.spjServidorDM\\r\\nNomeComputador=flnsrvpgmb0033\\r\\nEnderecoIP=contagem.websaj.sajcloud.com.br:3600\\r\\n\\r\\nVERS\u00c3O DA APLICA\u00c7\u00c3O: 5.2.1-7\\r\\nUSU\u00c1RIO: \u00c9rika Nonato Gomes Braga  \\r\\nLOGIN: ENGBRAGA64\\r\\nFUN\u00c7\u00c3O EXERCIDA PELO SOLICITANTE: Assessor\\r\\nCHEFIA: Contencioso e Execu\u00e7\u00e3o Fiscal\\r\\nLOTA\u00c7\u00c3O: Gabinete do Procurador Dr. Luciana Policarpo de Abreu\\r\\nDATA E HORA DA OCORR\u00caNCIA:...................................................................................(CAMPO OBRIGAT\u00d3RIO)\\r\\nCAMINHO:.....................................................................................................................(CAMPO OBRIGAT\u00d3RIO)\\r\\nN\u00b0 PROCESSO/N\u00b0 PEND\u00caNCIA: (SE POSSUIR):.......................................................(CAMPO N\u00c3O OBRIGAT\u00d3RIO)\\r\\nSALT'S SEMELHANTES:\\r\\nREPRODU\u00c7\u00c3O DO ERRO: (SIM OU N\u00c3O) ......................................................................(CAMPO OBRIGAT\u00d3RIO) \\r\\nNOME ANALISTA: Isaque Comam Dias\\r\\nCONTATO: (31) 9 8570-5441\\r\\nRAMAL: N\u00e3o tem.\\r\\n\\r\\n=======================================================================================\\r\\n\\r\\n=======================================================================================\\r\\n\\r\\n[ANEXOS]\\r\\n\\r\\nPasta digital integrada ................. Pasta digital integrada.mp4\\r\\n\\r\\nPasta digital integrada ................. Pasta digital integrada.jpg\\r\\n\\r\\nN\u00e3o foi poss\u00edvel obter os dados do processo 5010635-70.2019.8.13.0027. A consulta do Tribunal de justi\u00e7a n\u00e3o esta respondendo....................................N\u00e3o foi poss\u00edvel obter os dados do processo 5010635-70.2019.8.13.0027. A consulta do Tribunal de justi\u00e7a n\u00e3o esta respondendo.mp4\\r\\n\\r\\n=======================================================================================\\r\\n\\r\\n=======================================================================================\\r\\n\\r\\n[DESCRITIVOS]\\r\\n\\r\\nMENSAGEM DE ERRO: N\u00e3o foi poss\u00edvel obter os dados do processo 5010635-70.2019.8.13.0027. A consulta do Tribunal de justi\u00e7a n\u00e3o esta respondendo.\\r\\n\\r\\nS\u00cdNTESE DO PROBLEMA: Pasta digital integrada apresentando lentid\u00e3o, intermit\u00eancia e as vezes indisponibilidade. Alguns processos carregam e ou outros n\u00e3o.\\r\\n\\r\\n=======================================================================================\\n\\n ************************ \\n\\n\\n \\nLocal informado pelo cliente: Sobre\\nNome: Isaque\\nCelular: 31985705441\\n \\n Anexo ap\u00f3s o envio do Portal: \\nBuscando arvore.JPG\\n \\n \\n Anexo ap\u00f3s o envio do Portal: \\nN\u00e3o foi poss\u00edvel obter os dados do processo 5010635-70.2019.8.13.0027. A consulta do Tribunal de justi\u00e7a n\u00e3o esta respondendo.rar\\n \\n \\n Anexo ap\u00f3s o envio do Portal: \\nPasta digital integrada.rar\\n \",\"FEEDBACK\":null},\"HIGHLIGHT\":{\"SOLUCAO\":[\"Causa: Erro na visualiza\u00e7\u00e3o da pasta digital integrada para o processo descrito <em>no</em> atendimento.\"],\"ATENDIMENTO\":[\"Luciana Policarpo <em>de</em> Abreu\\r\\nDATA E HORA DA OCORR\u00caNCIA:...............................................\",\"A consulta do <em>Tribunal</em> <em>de</em> justi\u00e7a n\u00e3o esta respondendo....................................N\u00e3o foi poss\u00edvel\",\"A consulta do <em>Tribunal</em> <em>de</em> justi\u00e7a n\u00e3o esta respondendo.mp4\\r\\n\\r\\n=======================================\",\"A consulta do <em>Tribunal</em> <em>de</em> justi\u00e7a n\u00e3o esta respondendo.\",\"A consulta do <em>Tribunal</em> <em>de</em> justi\u00e7a n\u00e3o esta respondendo.rar\\n \\n \\n Anexo ap\u00f3s o envio do Portal: \\nPasta\"]}}]}",
    "YaraRule": [
        "email_list"
    ],
    "results": [],
    "total_emails": 13,
    "unique_emails": 8,
    "unique_domains": 2
}