{
    "scrape_url": "https://scrape.pastebin.com/api_scrape_item.php?i=rtRQ3hQ8",
    "full_url": "https://pastebin.com/rtRQ3hQ8",
    "date": "1594368049",
    "key": "rtRQ3hQ8",
    "size": 4448,
    "expire": "0",
    "title": "SPL Vk.com Acc",
    "syntax": "bash",
    "user": "TheSploit",
    "filename": "rtRQ3hQ8",
    "pasteid": "rtRQ3hQ8",
    "pastesite": "pastebin.com",
    "@timestamp": "2020-07-10T08:00:49",
    "MD5": "7ca77c72e8d962ab834fd9e29ed18822",
    "SHA256": "3a7d49be018da10802d0bbbe43afaf072fc395dcdd37428fdd45980c9f8ec265",
    "raw_paste": "==========================================================\r\nVk.com got uwu\r\nBy TheSploit :\")\r\n__________________________________________________________\r\nFindme on email indonesianweb1109@gmail.com\r\nhttps://www.youtube.com/channel/UCyNZMCmIT1lVxC0d1QUwqyA?view_as=subscriber\r\n==========================================================\r\n156103538@qq.com:135728 | 742\r\nkmccarty@netins.net:Captain1 | 1\r\nethan@intelliwave.com:Cross123 | 1\r\ndacoach@hawaiiantel.net:kolomona5 | 1\r\nsuper-laje@uol.com.br:giovi10 | 1\r\nmontagnon.isabelle@laposte.net:Houlala07 | 1\r\neushio@hawaiiantel.net:sumiye6 | 1\r\nkiss6022@nate.com:qkqh12 | 1\r\ntrevor.mack@ukgateway.net:oolibeja | 39\r\nthemouth1@hawaiiantel.net:Yarddog1 | 1\r\ncrs1943@bex.net:ruthless1 | 1\r\notoole@bex.net:ryan4897 | 1\r\ncalves.s@uol.com.br:calves0011 | 2\r\nleribaultau@west-telecom.com:17092010 | 1\r\ncgray@netins.net:hsny2545 | 1\r\nisa07@laposte.net:Houlala07 | 1\r\nkhabidi@laposte.net:Qrqaeb5z | 1\r\n277724365@qq.com:miuraharuma2009 | 44\r\npcmead@bex.net:bobcat42 | 1\r\n396094743@qq.com:raymondangel100200! | 943\r\nbig_island@hawaiiantel.net:beauknows | 3\r\nstephen.p@virgin.net:dagenham3 | 1\r\npapabear22@hawaiiantel.net:abbyisdog1 | 1\r\n461886781@qq.com:779109xiao | 40\r\npb1369@bex.net:kelcie16 | 2\r\npastorbessie@bex.net:snyder9232000 | 1\r\nslimkim34@hawaiiantel.net:fashion7 | 1\r\nb.skelton2@ntlworld.com:Landrover1 | 1\r\neiichi-e@random-e.com:re102500 | 1\r\naulani@hawaiiantel.net:aulani3 | 1\r\nluv2dance@mi-connection.com:piano4me | 1\r\nmaryk4u@buckeyeexpress.com:Stoney12 | 1\r\nthengoc@hawaiiantel.net:a96793 | 1\r\nandrew1969@hawaiiantel.net:X1y2Z4w01 | 2\r\ngurlsoccer@hawaiiantel.net:tianna26 | 3\r\ncbbautista@hawaiiantel.net:drew9617 | 1\r\n370723235@qq.com:6699_moon | 296\r\nlovepno9@nate.com:a0327a | 1\r\nrichardarbs@hawaiiantel.net:ra688484 | 1\r\nallthingsnew@windstream.net:K12l5k6j10d9 | 1\r\nmagscott2@buckeye-express.com:cronos1313 | 1\r\ncmocek010@buckeye-express.com:knights110 | 1\r\nfatima.bouylaghman@laposte.net:Famille1 | 1\r\nwalker31@foxmail.com:S83p282a | 17\r\nalan.french@dsl.pipex.com:blackbird05 | 1\r\nandrewcarpenter@hawaiiantel.net:1asshole | 2\r\nhyjwsw@hawaiiantel.net:jenwong607 | 1\r\ntaharmsen001@bex.net:tah2366 | 1\r\nwutodi@21cn.net:50n9zhan | 42\r\ntruelibra924@buckeye-express.com:robbie29 | 2\r\nfwells@bex.net:dillon1 | 1\r\nrfmaile@hawaiiantel.net:hawaii54 | 4\r\ngordonrmclaughlin@buckeyeexpress.com:mary1960 | 1\r\npsj1204@accesstoledo.com:baliecat | 3\r\nfjrosebud@accesstoledo.com:fjr123 | 2\r\nshardin1@buckeye-express.com:7348colonial | 1\r\nj.kayluna@valliant.net:cookie | 4\r\nicbutch@bex.net:af1568 | 1\r\nmalcomelectric@accesstoledo.com:deb7580 | 2\r\nturnersigns@buckeye-access.com:2356Jimmy | 3\r\nalibartley@mi-connection.com:alison123 | 2\r\nwichsi@hawaiiantel.net:usilias1 | 1\r\n316861986@qq.com:zyf951753 | 378\r\ndale.cordeiro@hawaiiantel.net:password | 1\r\nspoiledbrat01@buckeye-express.com:kendall12 | 1\r\nv.azerty50@idyle-telecom.com:1966ve | 1\r\ncschwarck1@bex.net:mikocat1 | 1\r\nmikeriordan@bex.net:5152Mike! | 2\r\nmeanjean@buckeyeexpress.com:goblue77 | 1\r\nmariolehrer@fibertel.com.ar:5555ml | 1\r\ncarole.john.lebrun@west-telecom.com:xantia | 1\r\ntheenanorias@hawaiiantel.net:agape1 | 2\r\nalmcgreevy@buckeye-express.com:sparky11 | 1\r\npxiang@fsyyy.com:px116116 | 77\r\nalainbuffalo@west-telecom.com:terredeloup | 1\r\npjc3@bex.net:Prov356 | 2\r\nlokeshca@bol.net.in:webmail2980 | 1\r\ncschwarck1@buckeye-express.com:mikocat1 | 1\r\npamags@uol.com.br:ps161064 | 1\r\njimhamel@bex.net:sundance | 2\r\ndcoop@accesstoledo.com:festus | 1\r\nevwilt@bex.net:goalie2 | 1\r\nmissout@buckeye-express.com:travis101 | 1\r\n381505937@qq.com:tompson1991 | 984\r\n157647716@qq.com:apollo789 | 16\r\ngsmith3@buckeye-express.com:carolyn5 | 1\r\nboynsue@buckeye-express.com:dragon4587 | 1\r\nwhighamkalli@windstream.net:Mikep123 | 2\r\ntitan157@hawaiiantel.net:shnugee157 | 1\r\ncyrielle66@laposte.net:Telephone1 | 1\r\ntoshimi1@hawaiiantel.net:kazu1994 | 3\r\nsatoshi@td-coa.com:03104sss | 91\r\naugustocesar@uol.com.br:A10C08M52 | 1\r\nttoppah@carnegienet.net:tt23car | 1\r\nemelyne.merisier@laposte.net:Emelyne5 | 1\r\nguminghu2179@vip.qq.com:19920805Gmh | 93\r\nchristianmartin@west-telecom.com:cheval | 1\r\njf.gigliotti@uol.com.br:jfg1446 | 1\r\neockdquf@nate.com:dae001 | 2\r\nghislain.baudel@laposte.net:Gunlock69 | 1\r\nsylvain.labat@west-telecom.com:dauphine | 1\r\ninfo@nakamurabsc.com:Since2012 | 177\r\nwitwitwitwit@qq.com:xilu1986 | 37\r\nul9926@nate.com:dlwlgus1627 | 1\r\njuliano-basso@uol.com.br:gdxj66 | 1\r\njestto@hawaiiantel.net:jestto49! | 1\r\njason.teague@bex.net:jat122471 | 1",
    "YaraRule": [
        "email_list",
        "enable_org32",
        "core_keywords",
        "email_filter"
    ],
    "total_emails": 108,
    "unique_emails": 108,
    "unique_domains": 32
}