{
    "scrape_url": "https://scrape.pastebin.com/api_scrape_item.php?i=ta45ev6c",
    "full_url": "https://pastebin.com/ta45ev6c",
    "date": "1594313766",
    "key": "ta45ev6c",
    "size": 4358,
    "expire": "0",
    "title": "tunnel",
    "syntax": "lua",
    "user": "",
    "filename": "ta45ev6c",
    "pasteid": "ta45ev6c",
    "pastesite": "pastebin.com",
    "@timestamp": "2020-07-09T16:56:06",
    "MD5": "7b1ad3d4988309c78101f353661015b3",
    "SHA256": "94d77d32a8ad6bc84b4e2d866979189b1988863b7356132e46be2e60213abc5a",
    "raw_paste": "-- todo section\r\n-- enter to terminate/pause\r\n\r\nlocal tArgs={...}\r\nif tArgs[1] == nil then\r\n  term.clear()\r\n  term.setCursorPos(1, 1)\r\n  print(\"How far do you want to go?\")\r\n  tArgs[1] = read()\r\nend\r\n\r\nlocal function clear()\r\n    term.clear()\r\n    term.setCursorPos(1, 1)\r\nend\r\n\r\nlocal function timesfuelcheck()\r\n  term.clear()\r\n  term.setCursorPos(1, 1)\r\n  print(\"turtle will stop when this number reaches zero: \"..m)\r\n  print(\"fuel remaining: \"..turtle.getFuelLevel())\r\n  print(\"blocks dug: \"..dignumb)\r\n  if extrainfonumb ~= 0 then\r\n    print(extrainfo)\r\n  elseif extrainfonumb == 0 then\r\n  end  \r\n  term.setCursorPos(1, 12)\r\n  print(\"Bottom right slot needs to have torches\")\r\nend\r\n\r\nlocal function checkdig()\r\n  while turtle.detect() do\r\n    turtle.dig()\r\n    dignumb=dignumb+1\r\n    timesfuelcheck()\r\n    sleep(.5)\r\n  end\r\n  while turtle.suck() do\r\n  end\r\nend\r\n\r\nlocal function checkdigUp()\r\n  while turtle.suckUp() do\r\n  end\r\n  while turtle.detectUp() do\r\n    turtle.digUp()\r\n    dignumb=dignumb+1\r\n    timesfuelcheck()\r\n    sleep(.5)\r\n  end\r\nend\r\n\r\nlocal function checkdigDown()\r\n  while turtle.suckDown() do\r\n  end\r\n  while turtle.detectDown() do\r\n    turtle.digDown()\r\n    dignumb=dignumb+1\r\n    timesfuelcheck()\r\n    sleep(.5)\r\n  end\r\nend\r\n\r\nlocal function checkdigLeft()\r\n  turtle.turnLeft()\r\n  checkdig()\r\n  turtle.turnRight()\r\nend\r\n\r\nlocal function checkdigRight()\r\n  turtle.turnRight()\r\n  checkdig()\r\n  turtle.turnLeft()\r\nend\r\n\r\nlocal function checkplaceDown()\r\nturtle.select(1)\r\n  while not turtle.detectDown() do\r\n    if turtle.placeDown() == true then\r\n      turtle.placeDown()\r\n    elseif turtle.placeDown() == false then\r\n      x = 1\r\n      repeat\r\n        print(\"Something failed. Attempting to fix it.\")\r\n        x=x+1\r\n        turtle.select(x)\r\n        sleep(.3)\r\n      until \r\n        x==15 or turtle.placeDown() == true\r\n          if x==15 then\r\n            term.clear()\r\n            term.setCursorPos(1, 1)\r\n            print(\"no placeable items in any of the slots\")\r\n            print(\"rechecking in four seconds.\")\r\n            print(\"4\")\r\n            sleep(1)\r\n            print(\"3\")\r\n            sleep(1)\r\n            print(\"2\")\r\n            sleep(1)\r\n            print(\"1\")\r\n            sleep(1)\r\n            print(\"rechecking\")\r\n            sleep(.5)\r\n            checkplaceDown()\r\n          elseif turtle.placeDown() == true then\r\n            sleep(.3)\r\n            print(\"continuing\")\r\n          end\r\n    end\r\n  end\r\nend\r\n\r\n\r\nBlocksNeeded = 10\r\nTorchesNeeded = tArgs[1] / 5\r\n\r\nlocal i = 0\r\nlocal timer = os.startTimer(1)\r\nclear()\r\nwhile math.ceil(TorchesNeeded - turtle.getItemCount(16)-1) >= 0 do\r\n\tclear()\r\n\tif BlocksNeeded-turtle.getItemCount(1)-1 >= 0 then\r\n      print(\"I recommend \"..BlocksNeeded-turtle.getItemCount(1)..\" more blocks.\")\r\n\tend\r\n    if math.ceil(TorchesNeeded - turtle.getItemCount(16)) >= 0 then\r\n      print(\"Need \"..math.ceil(TorchesNeeded-turtle.getItemCount(16))..\" more torches in the bottom right slot.\")\r\n    else\r\n      print(\"Enough torches\")\r\n    end\r\n\tprint()\r\n    print(\"       Press any letter to skip\")\r\n\r\n    local evt, arg = os.pullEvent()\r\n    if evt == \"timer\" then\r\n        if arg == timer then\r\n            i = i + 1\r\n            print(i)\r\n            timer = os.startTimer(1)\r\n        end\r\n    elseif evt == \"char\" then\r\n            break\r\n    end\r\nend\r\n\r\nclear()\r\nturtle.select(1)\r\ndignumb = 0\r\nextrainfonumb = 0\r\nm = tArgs[1]\r\ntorch = 5\r\nfor i = 1, tArgs[1] do\r\n    timesfuelcheck()\r\n    checkdig()\r\n    turtle.forward()\r\n    checkdigLeft()\r\n    checkdigRight()\r\n    checkdigUp()\r\n    turtle.up()\r\n    checkdigLeft()\r\n    if torch == 5 then\r\n\t\tturtle.turnRight()\r\n\t\tcheckdig()\r\n\t\tturtle.select(16)\r\n        if turtle.place() == true then\r\n\t\t\textrainfonumb = 3\r\n\t\t\textrainfo = \"placing torch\"\r\n\t\t\ttimesfuelcheck()\r\n\t\t\tturtle.place()\r\n\t\t\ttorch = 0\r\n        else\r\n          extrainfonumb = 3\r\n          extrainfo = \"unable to place\"\r\n          timesfuelcheck()\r\n          torch = 0\r\n        end\r\n        turtle.turnLeft()\r\n\t\tturtle.select(1)\r\n\telse\r\n\t\tcheckdigRight()\r\n    end\r\n    checkdigDown()\r\n    turtle.down()\r\n    checkdigDown()\r\n    turtle.down()\r\n    checkplaceDown()\r\n    checkdigLeft()\r\n    checkdigRight()\r\n    turtle.up()\r\n    torch = torch+1\r\n      if extrainfonumb ~= 0 then\r\n        extrainfonumb = extrainfonumb-1\r\n      end\r\n    m = m-1\r\n    timesfuelcheck()\r\nend",
    "YaraRule": [
        "enable_org32",
        "core_keywords"
    ]
}