{
    "scrape_url": "https://scrape.pastebin.com/api_scrape_item.php?i=tfMPzHYb",
    "full_url": "https://pastebin.com/tfMPzHYb",
    "date": "1594366896",
    "key": "tfMPzHYb",
    "size": 3828,
    "expire": "0",
    "title": "server.js",
    "syntax": "javascript",
    "user": "3USA",
    "filename": "tfMPzHYb",
    "pasteid": "tfMPzHYb",
    "pastesite": "pastebin.com",
    "@timestamp": "2020-07-10T07:41:36",
    "MD5": "c989ec5ede71d5d7032202c787a8c18e",
    "SHA256": "772077715d440fad1af52080d497af80e575f9fc09024d2fa2247e7620adc694",
    "raw_paste": "const http = require(\"http\");\r\nconst express = require(\"express\");\r\nconst app = express();\r\napp.get(\"/\", (request, response) => {\r\n  response.sendStatus(200);\r\n});\r\napp.listen(process.env.PORT);\r\nsetInterval(() => {\r\n  http.get(`http://nawe.project.glitch.me/`);   //// la nawande nawe project bnusa\r\n}, 280000);\r\n\r\n//   aw shtanay ka pewestmana \r\n///// BY : Kss.coder(\"3USA\");\r\n\r\nconst { Client, RichEmbed } = require(\"discord.js\");\r\nvar { Util } = require(\"discord.js\");\r\nconst { TOKEN, YT_API_KEY, prefix, devs } = require(\"./config\");\r\nconst client = new Client({ disableEveryone: true });\r\nconst ytdl = require(\"ytdl-core\");\r\nconst canvas = require(\"canvas\");\r\nconst Canvas = require(\"canvas\");\r\nconst convert = require(\"hh-mm-ss\");\r\nconst fetchVideoInfo = require(\"youtube-info\");\r\nconst botversion = require(\"./package.json\").version;\r\nconst simpleytapi = require(\"simple-youtube-api\");\r\nconst moment = require(\"moment\");\r\nconst fs = require(\"fs\");\r\nconst util = require(\"util\");\r\nconst gif = require(\"gif-search\");\r\nconst opus = require(\"node-opus\");\r\nconst ms = require(\"ms\");\r\nconst jimp = require(\"jimp\");\r\nconst { get } = require(\"snekfetch\");\r\nconst guild = require(\"guild\");\r\nconst dateFormat = require(\"dateformat\"); //npm i dateformat\r\nconst YouTube = require(\"simple-youtube-api\");\r\nconst youtube = new YouTube(\"AIzaSyAdORXg7UZUo7sePv97JyoDqtQVi3Ll0b8\");\r\nconst hastebins = require(\"hastebin-gen\");\r\nconst getYoutubeID = require(\"get-youtube-id\");\r\nconst yt_api_key = \"AIzaSyDeoIH0u1e72AtfpwSKKOSy3IPp2UHzqi4\";\r\nconst pretty = require(\"pretty-ms\");\r\nclient.login(TOKEN);\r\nconst queue = new Map();\r\nvar table = require(\"table\").table;\r\nconst Discord = require(\"discord.js\");\r\nclient.on(\"ready\", () => {\r\n  console.log(`Logged in as ${client.user.tag}!`);\r\n});\r\n\r\nclient.on(\"ready\", () => {\r\n  console.log(\r\n    `Online In Servers : ${client.guilds.size} | Users : ${client.users.size}`\r\n  );\r\n  let statuses = [\r\n    `Servers: ${client.guilds.size} | Users: ${client.users.size}`,\r\n    `Kurd(\"Brightness\") UP`,\r\n    `3USA UP`\r\n  ];\r\n  setInterval(function() {\r\n    let STREAMING = statuses[Math.floor(Math.random() * statuses.length)];\r\n    client.user.setActivity(STREAMING, {\r\n      type: \"STREAMING\",\r\n      url: \"https://www.twitch.tv/faith\"\r\n    });\r\n  }, 3000);\r\n});\r\n\r\nclient.on(\"ready\", async ready => {\r\n  var i = 0;\r\n  var list = [\r\n    \"3\",\r\n    \"3US\",\r\n    \"3USA\",\r\n    \"3USA K\",\r\n    \"3USA KA\",\r\n    \"3USA KAT\",\r\n    \"3USA KATA\",\r\n    \"3USA KATAR\",\r\n\r\n  ];\r\n  setInterval(() => {\r\n    client.guilds.forEach(m => {\r\n      m.setName(list[i]);\r\n\r\n      if (i + 1 === 12) {\r\n        i = 0;\r\n      } else {\r\n        i++;\r\n      }\r\n    });\r\n  }, 1000);\r\n});\r\n\r\nclient.on(\"ready\", () => {});\r\nconsole.log(\"loaded\");\r\n\r\nclient.on(\"message\", message => {\r\n  if (!message.guild) return;\r\n  if (message.content === \"timer join\") {\r\n    if (message.author.id === \"673407393303887873\") {\r\n      if (message.member.voiceChannel) {\r\n        message.member.voiceChannel\r\n          .join()\r\n          .then(connection => {\r\n            console.log(\"connected\");\r\n          })\r\n          .catch(console.log);\r\n      } else {\r\n        console.log(\"can't connect\");\r\n      }\r\n    }\r\n  }\r\n});\r\n\r\nclient.on(\"message\", message => {\r\n  if (!message.guild) return;\r\n\r\n  const args = message.content.slice(1).split(\" \");\r\n  const command = args.shift().toLowerCase();\r\n  if (command === \">play\") {\r\n    if (message.member.voiceChannel) {\r\n      message.member.voiceChannel\r\n        .join()\r\n        .then(connection => {\r\n          console.log(\"connected\");\r\n          connection.playStream(\r\n            ytdl(\"https://youtu.be/kXYiU_JCYtU\", { filter: \"audioonly\" })\r\n          );\r\n        })\r\n        .catch(console.log);\r\n    } else {\r\n      console.log(\"can't connect\");\r\n    }\r\n  }\r\n});\r\n0;\r\n///// BY : Kss.coder(\"3USA\");",
    "YaraRule": [
        "google_api"
    ]
}