{
    "scrape_url": "https://scrape.pastebin.com/api_scrape_item.php?i=tM82Npvc",
    "full_url": "https://pastebin.com/tM82Npvc",
    "date": "1594391314",
    "key": "tM82Npvc",
    "size": 15361,
    "expire": "0",
    "title": "",
    "syntax": "cpp",
    "user": "",
    "filename": "tM82Npvc",
    "pasteid": "tM82Npvc",
    "pastesite": "pastebin.com",
    "@timestamp": "2020-07-10T14:28:34",
    "MD5": "246d9a8328cd8979e6f34cd5274ebff4",
    "SHA256": "b8a4ac47bd7797a539e9ac3be42319282eca5d469686ec1944807d2bca39fca3",
    "raw_paste": "#include <iostream>\r\n#include <vector>\r\n#include <regex>\r\n#include <sstream>\r\n#include <thread>\r\n#include <mutex>\r\nusing namespace std;\r\n\r\n#pragma warning(disable:4996)\r\nconst char* crt = \"\\n-------------------------------------------\\n\";\r\nenum eRazred { PRVI = 1, DRUGI, TRECI, CETVRTI };\r\nconst float minimalan_prosjek = 4.5;\r\n\r\nmutex m;\r\n\r\nchar* AlocirajNizKaraktera(const char* sadrzaj) {\r\n    if (sadrzaj == nullptr)\r\n        return nullptr;\r\n    int vel = strlen(sadrzaj) + 1;\r\n    char* temp = new char[vel];\r\n    strcpy_s(temp, vel, sadrzaj);\r\n    return temp;\r\n}\r\n\r\ntemplate<class T1, class T2>\r\nclass Kolekcija {\r\n    T1* _elementi1;\r\n    T2* _elementi2;\r\n    int* _trenutno;\r\npublic:\r\n    Kolekcija() {\r\n        _elementi1 = nullptr;\r\n        _elementi2 = nullptr;\r\n        _trenutno = new int(0);\r\n    }\r\n    Kolekcija(const Kolekcija& k) {\r\n        _trenutno = new int(*k._trenutno);\r\n\r\n        _elementi1 = new T1[(*_trenutno)];\r\n        _elementi2 = new T2[(*_trenutno)];\r\n\r\n        for (size_t i = 0; i < (*_trenutno); i++)\r\n        {\r\n            _elementi1[i] = k._elementi1[i];\r\n            _elementi2[i] = k._elementi2[i];\r\n        }\r\n    }\r\n    ~Kolekcija() {\r\n        delete[] _elementi1; _elementi1 = nullptr;\r\n        delete[] _elementi2; _elementi2 = nullptr;\r\n        delete _trenutno; _trenutno = nullptr;\r\n    }\r\n    T1& getElement1(int lokacija) { return _elementi1[lokacija]; }\r\n    T2& getElement2(int lokacija) { return _elementi2[lokacija]; }\r\n    int getTrenutno() { return *_trenutno; }\r\n\r\n    void AddElement(T1 el1, T2 el2) {\r\n        T1* temp1 = new T1[*_trenutno + 1];\r\n        T2* temp2 = new T2[*_trenutno + 1];\r\n        for (size_t i = 0; i < *_trenutno; i++)\r\n        {\r\n            temp1[i] = _elementi1[i];\r\n            temp2[i] = _elementi2[i];\r\n        }\r\n        delete[] _elementi1; delete[] _elementi2;\r\n        temp1[*_trenutno] = el1;\r\n        temp2[*_trenutno] = el2;\r\n        _elementi1 = temp1; _elementi2 = temp2;\r\n        temp1 = nullptr; temp2 = nullptr;\r\n        (*_trenutno)++;\r\n    }\r\n\r\n    void SortOpadajuciByT2() {\r\n        bool flag = true;\r\n        while (flag)\r\n        {\r\n            flag = false;\r\n            for (size_t i = 0; i < (*_trenutno)-1; i++)\r\n            {\r\n                if (_elementi2[i]<_elementi2[i+1])\r\n                {\r\n                    T1 temp1 = _elementi1[i];\r\n                    _elementi1[i] = _elementi1[i + 1];\r\n                    _elementi1[i + 1] = temp1;\r\n                    \r\n\r\n                    T2 temp2 = _elementi2[i];\r\n                    _elementi2[i] = _elementi2[i + 1];\r\n                    _elementi2[i + 1] = temp2;\r\n\r\n                    flag = true;\r\n                }\r\n            }\r\n        }\r\n    }\r\n\r\n    Kolekcija &operator =(const Kolekcija &k) {\r\n\t\tif (this != &k) {\r\n\t\t\tdelete[] _elementi1;\r\n\t\t\tdelete[] _elementi2;\r\n\t\t\t*_trenutno = *k._trenutno;\r\n\t\t\t_elementi1 = new T1[*k._trenutno];\r\n\t\t\t_elementi2 = new T2[*k._trenutno];\r\n\t\t\tfor (size_t i = 0; i < *k._trenutno; i++)\r\n\t\t\t{\r\n\t\t\t\t_elementi1[i] = k._elementi1[i];\r\n\t\t\t\t_elementi2[i] = k._elementi2[i];\r\n\t\t\t}\r\n\t\t}\r\n\t\treturn *this;\r\n\t}\r\n\r\n    friend ostream& operator<< (ostream& COUT, Kolekcija& obj) {\r\n        for (size_t i = 0; i < *obj._trenutno; i++)\r\n            COUT << obj.getElement1(i) << \" \" << obj.getElement2(i) << endl;\r\n        return COUT;\r\n    }\r\n};\r\n\r\nclass DatumVrijeme {\r\n    int* _dan, * _mjesec, * _godina, * _sati, * _minuti;\r\npublic:\r\n    DatumVrijeme(int dan = 1, int mjesec = 1, int godina = 2000, int sati = 0, int minuti = 0) {\r\n        _dan = new int(dan);\r\n        _mjesec = new int(mjesec);\r\n        _godina = new int(godina);\r\n        _sati = new int(sati);\r\n        _minuti = new int(minuti);\r\n    }\r\n    DatumVrijeme(const DatumVrijeme& d) :DatumVrijeme(*d._dan, *d._mjesec, *d._godina, *d._sati, *d._minuti) {}\r\n\r\n    ~DatumVrijeme() {\r\n        delete _dan; _dan = nullptr;\r\n        delete _mjesec; _mjesec = nullptr;\r\n        delete _godina; _godina = nullptr;\r\n        delete _sati; _sati = nullptr;\r\n        delete _minuti; _minuti = nullptr;\r\n    }\r\n    friend ostream& operator<< (ostream& COUT, DatumVrijeme& obj) {\r\n        COUT << *obj._dan << \".\" << *obj._mjesec << \".\" << *obj._godina << \" \" << *obj._sati << \":\" << *obj._minuti << endl;\r\n        return COUT;\r\n    }\r\n    char* ToCharArray() const {\r\n        stringstream ss;\r\n        ss << *_dan << \".\" << *_mjesec << \".\" << *_godina << \" \" << *_sati << \":\" << *_minuti;\r\n        return AlocirajNizKaraktera(ss.str().c_str());\r\n    }\r\n    DatumVrijeme& operator = (const DatumVrijeme& d) {\r\n        *_dan = *d._dan;\r\n        *_mjesec = *d._mjesec;\r\n        *_godina = *d._godina;\r\n        *_sati = *d._sati;\r\n        *_minuti = *d._minuti;\r\n        return *this;\r\n    }\r\n    bool operator == (const DatumVrijeme& d) {\r\n        return\r\n            *_dan == *d._dan &&\r\n            *_mjesec == *d._mjesec &&\r\n            *_godina == *d._godina &&\r\n            *_sati == *d._sati &&\r\n            *_minuti == *d._minuti;\r\n    }\r\n};\r\n\r\nclass Predmet {\r\n    char* _naziv;\r\n    int _ocjena;\r\n    string _napomena;\r\npublic:\r\n    Predmet(const char* naziv, int ocjena, string napomena = \"\") :_ocjena(ocjena), _napomena(napomena) {\r\n        _naziv = AlocirajNizKaraktera(naziv);\r\n    }\r\n    Predmet(const Predmet& p) :Predmet(p._naziv, p._ocjena, p._napomena) {}\r\n    ~Predmet() {\r\n        delete[] _naziv; _naziv = nullptr;\r\n    }\r\n    friend ostream& operator<< (ostream& COUT, Predmet& obj) {\r\n        COUT << obj._naziv << \" (\" << obj._ocjena << \") \" << obj._napomena;\r\n        return COUT;\r\n    }\r\n    char* GetNaziv() { return _naziv; }\r\n    string GetNapomena() { return _napomena; }\r\n    int GetOcjena() { return _ocjena; }\r\n    void DodajNapomenu(string napomena) {\r\n        _napomena += \" \" + napomena;\r\n    }\r\n    bool operator == (const Predmet& p) { return strcmp(_naziv, p._naziv) == 0; }\r\n};\r\nstruct Uspjeh {\r\n    eRazred _razred;\r\n    //datumvrijeme se odnosi na vrijeme evidentiranja polozenog predmeta\r\n    Kolekcija<Predmet*, DatumVrijeme>* _predmeti;\r\npublic:\r\n    Uspjeh(eRazred razred) :_razred(razred), _predmeti(nullptr) {\r\n    }\r\n    ~Uspjeh() {\r\n        for (size_t i = 0; i < _predmeti->getTrenutno(); i++)\r\n            delete _predmeti->getElement1(i);\r\n        delete[] _predmeti; _predmeti = nullptr;\r\n    }\r\n    Uspjeh(Uspjeh& u) :Uspjeh(u._razred) {\r\n        _predmeti = new Kolekcija<Predmet*, DatumVrijeme>;\r\n        if (u.GetPredmeti() != nullptr) {\r\n            for (size_t i = 0; i < u.GetPredmeti()->getTrenutno(); i++)\r\n            {\r\n                _predmeti->AddElement(new Predmet(*u.GetPredmeti()->getElement1(i)), u.GetPredmeti()->getElement2(i));\r\n            }\r\n        }\r\n    }\r\n\r\n    Kolekcija<Predmet*, DatumVrijeme>* GetPredmeti() { return _predmeti; }\r\n    eRazred GetRazred() { return _razred; }\r\n\r\n    friend ostream& operator<< (ostream& COUT, Uspjeh& obj) {\r\n        COUT << obj._razred << \" RAZRED: \" << crt;\r\n        if (obj._predmeti != nullptr) {\r\n            for (size_t i = 0; i < obj._predmeti->getTrenutno(); i++)\r\n                cout << *obj._predmeti->getElement1(i) << \" \" << obj.GetPredmeti()->getElement2(i) << endl;\r\n        }\r\n        return COUT;\r\n    }\r\n    void DodajPredmet(Predmet p, DatumVrijeme d) {\r\n        if (_predmeti == nullptr) _predmeti = new Kolekcija<Predmet*, DatumVrijeme>;\r\n        _predmeti->AddElement(new Predmet(p), d);\r\n    }\r\n};\r\n\r\nclass Kandidat {\r\n    char* _imePrezime;\r\n    string _emailAdresa;\r\n    string _brojTelefona;\r\n    vector<Uspjeh*> _uspjeh;\r\npublic:\r\n    Kandidat(const char* imePrezime, string emailAdresa, string brojTelefona) :_emailAdresa(emailAdresa), _brojTelefona(brojTelefona) {\r\n        _imePrezime = AlocirajNizKaraktera(imePrezime);\r\n    }\r\n    ~Kandidat() {\r\n        delete[] _imePrezime; _imePrezime = nullptr;\r\n        for (size_t i = 0; i < _uspjeh.size(); i++) {\r\n            delete _uspjeh[i];\r\n            _uspjeh[i] = nullptr;\r\n        }\r\n    }\r\n    //////////////////////////////////////////////////////////////////////////////////////////\r\n    bool AddPredmet(eRazred r, Predmet p, DatumVrijeme d) {\r\n        for (vector<Uspjeh*>::iterator i = _uspjeh.begin(); i != _uspjeh.end(); i++)\r\n        {\r\n            Uspjeh* u = *i;\r\n            if (u->GetRazred() == r) {\r\n                if (u->GetPredmeti() == nullptr) return false;\r\n                if (u->GetPredmeti()->getTrenutno() >= 6) return false;\r\n                for (size_t j = 0; j < u->GetPredmeti()->getTrenutno(); j++)\r\n                {\r\n                    if (*u->GetPredmeti()->getElement1(j) == p || u->GetPredmeti()->getElement2(j) == d) return false;\r\n                }\r\n                u->GetPredmeti()->AddElement(new Predmet(p), d);\r\n                if (u->GetPredmeti()->getTrenutno() == 6) {\r\n                    thread t([u]() {\r\n                        m.lock();\r\n                        float suma = 0;\r\n                        for (size_t i = 0; i < u->GetPredmeti()->getTrenutno(); i++)\r\n                            suma += u->GetPredmeti()->getElement1(i)->GetOcjena();\r\n                        suma /= u->GetPredmeti()->getTrenutno();\r\n                        m.unlock();\r\n                        thread email([](eRazred r) {\r\n                            m.lock();\r\n                            cout << \"Evidentirali ste uspjeh za \" << r << \" razred\" << endl;\r\n                            m.unlock();\r\n                            }, u->GetRazred());\r\n                        if (suma >= minimalan_prosjek) {\r\n                            thread sms([suma]() {\r\n                                m.lock();\r\n                                cout << \"Svaka cast za uspjeh \" << suma << endl;\r\n                                m.unlock();\r\n                                });\r\n                            sms.join();\r\n                        }\r\n                        email.join();\r\n                        });\r\n                    t.join();\r\n                }\r\n                return true;\r\n            }\r\n        }\r\n        Uspjeh* u = new Uspjeh(r);\r\n        u->DodajPredmet(p, d);\r\n        _uspjeh.push_back(u);\r\n        return true;\r\n    }\r\n    //////////////////////////////////////////////////////////////////////////////////////////\r\n    friend ostream& operator<< (ostream& COUT, Kandidat& obj) {\r\n        COUT << obj._imePrezime << \" \" << obj._emailAdresa << \" \" << obj._brojTelefona << endl;\r\n        for (size_t i = 0; i < obj._uspjeh.size(); i++)\r\n            COUT << *obj._uspjeh[i] << endl;\r\n        return COUT;\r\n    }\r\n    Uspjeh* operator()(eRazred r) {\r\n        for (size_t i = 0; i < _uspjeh.size(); i++)\r\n        {\r\n            if (_uspjeh[i]->GetRazred() == r) {\r\n                return _uspjeh[i];\r\n            }\r\n        }\r\n        return nullptr;\r\n    }\r\n\r\n    vector<Uspjeh*> GetUspjeh() { return _uspjeh; }\r\n\r\n\r\n};\r\n\r\nvoid main() {\r\n    /****************************************************************************\r\n    1. SVE KLASE TREBAJU POSJEDOVATI ADEKVATAN DESTRUKTOR\r\n    2. NAMJERNO IZOSTAVLJANJE KOMPLETNIH I/ILI POJEDINIH DIJELOVA DESTRUKTORA KOJI UZROKUJU RUNTIME ERROR \ufffdE BITI OZNACENO KAO \"RE\"\r\n    3. SPA\ufffdAVAJTE PROJEKAT KAKO BI SE SPRIJE\ufffdILO GUBLJENJE URA\ufffdENOG ZADATKA\r\n    4. PROGRAMSKI CODE SE TAKO\ufffdER NALAZI U FAJLU CODE.TXT\r\n    5. NAZIVI FUNKCIJA, TE BROJ I TIP PARAMETARA MORAJU BITI IDENTI\ufffdNI ONIMA KOJI SU KORI\ufffdTENI U TESTNOM CODE-U, OSIM U SLU\ufffdAJU DA POSTOJI ADEKVATAN RAZLOG ZA NJIHOVU MODIFIKACIJU. OSTALE, POMO\ufffdNE FUNKCIJE MO\ufffdETE IMENOVATI I DODAVATI PO \ufffdELJI.\r\n    6. IZUZETAK BACITE U FUNKCIJAMA U KOJIMA JE TO NAZNA\ufffdENO.\r\n    ****************************************************************************/\r\n\r\n    DatumVrijeme temp,\r\n        datum19062018_1015(19, 6, 2018, 10, 15),\r\n        datum20062018_1115(20, 6, 2018, 11, 15),\r\n        datum30062018_1215(30, 6, 2018, 12, 15),\r\n        datum05072018_1231(5, 7, 2018, 12, 31),\r\n        datum20062018_1115_Copy(datum20062018_1115);\r\n    //funkcija ToCharArray vraca datum i vrijeme kao char *\r\n    cout << datum19062018_1015.ToCharArray() << endl;//treba ispisati: 19.6.2018 10:15\r\n    temp = datum05072018_1231;\r\n    cout << temp.ToCharArray() << endl;//treba ispisati: 5.7.2018 12:31\r\n    cout << datum20062018_1115_Copy.ToCharArray() << endl;//treba ispisati: 20.6.2018 11:15\r\n\r\n    const int kolekcijaTestSize = 10;\r\n    Kolekcija<int, int> kolekcija1;\r\n    for (size_t i = 0; i < kolekcijaTestSize; i++)\r\n        kolekcija1.AddElement(i + 1, i * i);\r\n    cout << kolekcija1 << endl;\r\n\r\n    Kolekcija<int, int> kolekcija2 = kolekcija1;\r\n    cout << kolekcija2 << crt;\r\n    Kolekcija<int, int> kolekcija3;\r\n    kolekcija3 = kolekcija1;\r\n    kolekcija3.SortOpadajuciByT2(); //od najvece prema najmanjoj vrijednosti\r\n    cout << kolekcija3 << crt;\r\n\r\n    //napomena se moze dodati i prilikom kreiranja objekta\r\n    Predmet Matematika(\"Matematika\", 5, \"Ucesce na takmicenju\"),\r\n        Fizika(\"Fizika\", 5),\r\n        Hemija(\"Hemija\", 2),\r\n        Engleski(\"Engleski\", 5);\r\n    Fizika.DodajNapomenu(\"Pohvala za ostvareni uspjeh\"); // dodaje novu napomenu zadrzavajuci ranije dodane\r\n    cout << Matematika << endl;\r\n\r\n    Kandidat jasmin(\"Jasmin Azemovic\", \"jasmin@gmail.com\", \"033 281 172\");\r\n    Kandidat adel(\"Adel Handzic\", \"adel@edu.fit.ba\", \"033 281 170\");\r\n\r\n    /*\r\n    uspjeh (tokom srednjoskolskog obrazovanja) se dodaje za svaki predmet na nivou razreda.\r\n    tom prilikom onemoguciti:\r\n    - dodavanje vise od 6 predmeta za jedan razred\r\n    - dodavanje istoimenih predmeta na nivou jednog razreda,\r\n    - dodavanje vise predmeta u kratkom vremenskom periodu (na nivou jednog razreda, razmak izmedju dodavanja pojedinih predmeta mora biti najmanje minut).\r\n    razredi (predmeti ili uspjeh) ne moraju biti dodavani sortiranim redoslijedom (npr. prvo se moze dodati uspjeh za II\r\n    razred, pa onda za I razred i sl.). Funkcija vraca true ili false u zavisnosti od (ne)uspjesnost izvrsenja\r\n    */\r\n    if (jasmin.AddPredmet(DRUGI, Fizika, datum20062018_1115))\r\n        cout << \"Predmet uspjesno dodan!\" << crt<<jasmin;\r\n    if (jasmin.AddPredmet(DRUGI, Hemija, datum30062018_1215))\r\n        cout << \"Predmet uspjesno dodan!\" << crt;\r\n    if (jasmin.AddPredmet(PRVI, Engleski, datum19062018_1015))\r\n        cout << \"Predmet uspjesno dodan!\" << crt;\r\n    if (jasmin.AddPredmet(PRVI, Matematika, datum20062018_1115))\r\n        cout << \"Predmet uspjesno dodan!\" << crt;\r\n    //ne treba dodati Matematiku jer je vec dodana u prvom razredu\r\n    if (jasmin.AddPredmet(PRVI, Matematika, datum05072018_1231))\r\n        cout << \"Predmet uspjesno dodan!\" << crt;\r\n    //ne treba dodati Fiziku jer nije prosao minut od dodavanja posljednjeg predmeta\r\n    if (jasmin.AddPredmet(PRVI, Fizika, datum05072018_1231))\r\n        cout << \"Predmet uspjesno dodan!\" << crt;\r\n    /*pretpostavka je da na nivou jednog razreda kandidati imaju 6 predmeta.\r\n    upravo zbog toga, nakon evidentiranja 6 predmeta na nivou jednog razreda kandidatu se salje mail\r\n    sa porukom: \"evidentirali ste uspjeh za X razred\". ukoliko je prosjek na nivou tog razreda veci od minimalan_prosjek\r\n    kandidatu se salje SMS sa porukom: \"svaka cast za uspjeh 4.X\". slanje poruka i emailova implemenitrati koristeci\r\n    zasebne thread-ove.\r\n    */\r\n\r\n    //Uspjeh* u = jasmin(PRVI);//vraca uspjeh kandidata ostvaren u prvom razredu\r\n    //if (u != nullptr)\r\n    //    cout << *u << endl;\r\n\r\n\r\n    system(\"pause>0\");\r\n}",
    "YaraRule": [
        "enable_org23",
        "core_keywords"
    ]
}