{
    "scrape_url": "https://scrape.pastebin.com/api_scrape_item.php?i=Typ7gfE0",
    "full_url": "https://pastebin.com/Typ7gfE0",
    "date": "1594298664",
    "key": "Typ7gfE0",
    "size": 896,
    "expire": "0",
    "title": "",
    "syntax": "python",
    "user": "",
    "filename": "Typ7gfE0",
    "pasteid": "Typ7gfE0",
    "pastesite": "pastebin.com",
    "@timestamp": "2020-07-09T12:44:24",
    "MD5": "ca2bd877df6b23594701a58ed372e394",
    "SHA256": "5f82f405e874335036151d0e0d9583737ca3a6b19c17d4187cdd15f301af7489",
    "raw_paste": "counter = 0\r\n\r\ndef callback(ch, method, properties, body):\r\n    \r\n    global counter\r\n    global start\r\n\r\n    if counter == 0:\r\n        start = time.time()\r\n    if counter == 100:\r\n        end = time.time()\r\n        total_time = end-start\r\n        print(\"-------------------------\")\r\n        print( \"total time: \", total_time )\r\n        print( \"total msgs: \", counter)\r\n        print( \"msgs / sec: \", int(counter / total_time))\r\n\r\n        with open('rabbitmq_read.txt', 'a') as the_file:\r\n            the_file.write(str(int(counter / total_time)) + ', ')\r\n        counter = 0\r\n        start = time.time()\r\n\r\n    # For msgPack/BSON unpacking\r\n    #msg = msgpack.unpackb(body)\r\n    msg = bson.loads(body)\r\n\r\n    im_shape = msg[\"im_shape\"]\r\n    im = np.frombuffer(msg[\"im_bytes\"], dtype=np.uint8)\r\n    im = im.reshape(im_shape)\r\n    mutex.acquire()\r\n\r\n    counter += 1\r\n    mutex.release()\r\n    pass",
    "YaraRule": [
        "enable_org23",
        "core_keywords"
    ]
}