{
    "scrape_url": "https://scrape.pastebin.com/api_scrape_item.php?i=uf4PNFuS",
    "full_url": "https://pastebin.com/uf4PNFuS",
    "date": "1594372264",
    "key": "uf4PNFuS",
    "size": 4227,
    "expire": "0",
    "title": "",
    "syntax": "python",
    "user": "",
    "filename": "uf4PNFuS",
    "pasteid": "uf4PNFuS",
    "pastesite": "pastebin.com",
    "@timestamp": "2020-07-10T09:11:04",
    "MD5": "9ad08ca8cdf32922a3c4536e9b7f6413",
    "SHA256": "1452d5f23f2273e5decb1f441343d7e4797e58154eb728d1301f6dc7ffb44471",
    "raw_paste": "from turtle import *\r\nimport random\r\ndef one(col):\r\n    t.pen(pencolor=col)\r\n    t.pendown()\r\n    t.left(90)\r\n    t.forward(30)\r\n    t.left(135)\r\n    t.forward(15)\r\n    t.right(180)\r\n    t.forward(15)\r\n    t.right(135)\r\n    t.forward(30)\r\n    t.penup()\r\n    t.left(90)\r\n    t.forward(15)\r\ndef two(col):\r\n    t.pen(pencolor=col)\r\n    t.pendown()\r\n    t.left(90)\r\n    t.forward(15)\r\n    t.right(90)\r\n    t.forward(15)\r\n    t.left(90)\r\n    t.forward(15)\r\n    t.left(90)\r\n    t.forward(15)\r\n    t.left(180)\r\n    t.forward(15)\r\n    t.right(90)\r\n    t.forward(15)\r\n    t.right(90)\r\n    t.forward(15)\r\n    t.left(90)\r\n    t.forward(15)\r\n    t.left(90)\r\n    t.forward(15)\r\n    t.penup()\r\n    t.forward(15)\r\ndef three(col):\r\n    t.pen(pencolor=col)\r\n    t.pendown()\r\n    t.forward(15)\r\n    t.left(90)\r\n    t.forward(15)\r\n    t.left(90)\r\n    t.forward(15)\r\n    t.right(180)\r\n    t.forward(15)\r\n    t.left(90)\r\n    t.forward(15)\r\n    t.left(90)\r\n    t.forward(15)\r\n    t.right(180)\r\n    t.forward(15)\r\n    t.right(90)\r\n    t.forward(30)\r\n    t.penup()\r\n    t.left(90)\r\n    t.forward(15)\r\ndef four(col):\r\n    t.pen(pencolor=col)\r\n    t.penup()\r\n    t.forward(15)\r\n    t.pendown()\r\n    t.left(90)\r\n    t.forward(15)\r\n    t.left(90)\r\n    t.forward(15)\r\n    t.right(90)\r\n    t.forward(15)\r\n    t.left(180)\r\n    t.forward(15)\r\n    t.left(90)\r\n    t.forward(15)\r\n    t.left(90)\r\n    t.forward(15)\r\n    t.right(180)\r\n    t.forward(30)\r\n    t.penup()\r\n    t.left(90)\r\n    t.forward(15)\r\ndef five(col):\r\n    t.pen(pencolor=col)\r\n    t.pendown()\r\n    t.forward(15)\r\n    t.left(90)\r\n    t.forward(15)\r\n    t.left(90)\r\n    t.forward(15)\r\n    t.right(90)\r\n    t.forward(15)\r\n    t.right(90)\r\n    t.forward(15)\r\n    t.penup()\r\n    t.right(90)\r\n    t.forward(30)\r\n    t.left(90)\r\n    t.forward(15)\r\ndef six(col):\r\n    t.pen(pencolor=col)\r\n    t.pendown()\r\n    t.forward(15)\r\n    t.left(90)\r\n    t.forward(15)\r\n    t.left(90)\r\n    t.forward(15)\r\n    t.right(90)\r\n    t.forward(15)\r\n    t.right(90)\r\n    t.forward(15)\r\n    t.left(180)\r\n    t.forward(15)\r\n    t.left(90)\r\n    t.forward(30)\r\n    t.penup()\r\n    t.left(90)\r\n    t.forward(30)\r\ndef seven(col):\r\n    t.pen(pencolor=col)\r\n    t.penup()\r\n    t.forward(7.5)\r\n    t.pendown()\r\n    t.left(90)\r\n    t.forward(15)\r\n    t.left(90)\r\n    t.forward(7.5)\r\n    t.left(180)\r\n    t.forward(10.5)\r\n    t.left(180)\r\n    t.forward(3)\r\n    t.right(90)\r\n    t.forward(15)\r\n    t.left(90)\r\n    t.forward(7.5)\r\n    t.right(180)\r\n    t.penup()\r\n    t.forward(30)\r\n    t.right(90)\r\n    t.forward(30)\r\n    t.left(90)\r\ndef eight(col):\r\n    t.pen(pencolor=col)\r\n    t.pendown()\r\n    t.forward(15)\r\n    t.left(90)\r\n    t.forward(15)\r\n    t.left(90)\r\n    t.forward(15)\r\n    t.left(90)\r\n    t.forward(15)\r\n    t.right(180)\r\n    t.forward(30)\r\n    t.right(90)\r\n    t.forward(15)\r\n    t.right(90)\r\n    t.forward(30)\r\n    t.penup()\r\n    t.left(90)\r\n    t.forward(15)\r\ndef nine(col):\r\n    t.pen(pencolor=col)\r\n    t.pendown()\r\n    t.forward(15)\r\n    t.left(90)\r\n    t.forward(30)\r\n    t.left(90)\r\n    t.forward(15)\r\n    t.left(90)\r\n    t.forward(15)\r\n    t.left(90)\r\n    t.forward(15)\r\n    t.right(90)\r\n    t.forward(15)\r\n    t.penup()\r\n    t.left(90)\r\n    t.forward(15)\r\ndef zero(col):\r\n    t.pen(pencolor=col)\r\n    t.pendown()\r\n    t.left(90)\r\n    t.forward(30)\r\n    t.right(90)\r\n    t.forward(15)\r\n    t.right(90)\r\n    t.forward(30)\r\n    t.right(90)\r\n    t.forward(15)\r\n    t.left(180)\r\n    t.penup()\r\n    t.forward(30)\r\nx = input(\"\u0412\u0432\u0435\u0434\u0438\u0442\u0435 \u0447\u0438\u0441\u043b\u043e: \")\r\nt = Turtle()\r\ncolor_list=['red','blue','green', 'yellow', 'pink', 'black', 'brown', 'purple', 'grey', 'indigo', 'lime', 'aquamarine', 'teal', 'azure']\r\nfor i in x:\r\n    if i == \"1\":\r\n        one(random.choice(color_list))\r\n    if i == \"2\":\r\n        two(random.choice(color_list))\r\n    if i == \"3\":\r\n        three(random.choice(color_list))\r\n    if i == \"4\":\r\n        four(random.choice(color_list))\r\n    if i == \"5\":\r\n        five(random.choice(color_list))\r\n    if i == \"6\":\r\n        six(random.choice(color_list))\r\n    if i == \"7\":\r\n        seven(random.choice(color_list))\r\n    if i == \"8\":\r\n        eight(random.choice(color_list))\r\n    if i == \"9\":\r\n        nine(random.choice(color_list))\r\n    if i == \"0\":\r\n        zero(random.choice(color_list))\r\nt.screen.mainloop()",
    "YaraRule": [
        "enable_org32",
        "core_keywords"
    ]
}