{
    "scrape_url": "https://scrape.pastebin.com/api_scrape_item.php?i=uG2c9gMP",
    "full_url": "https://pastebin.com/uG2c9gMP",
    "date": "1594411905",
    "key": "uG2c9gMP",
    "size": 7923,
    "expire": "1594498305",
    "title": "",
    "syntax": "c",
    "user": "",
    "filename": "uG2c9gMP",
    "pasteid": "uG2c9gMP",
    "pastesite": "pastebin.com",
    "@timestamp": "2020-07-10T20:11:45",
    "MD5": "086ff9b21a140e3e98aa250f99dd2f6b",
    "SHA256": "37f97a229bf43f7203fc6e034f51a79754892ae8b3ad171a5f3eccf57a63737f",
    "raw_paste": "******************************************************************************\r\n*\r\n* Copyright (C) 2009 - 2014 Xilinx, Inc.  All rights reserved.\r\n*\r\n* Permission is hereby granted, free of charge, to any person obtaining a copy\r\n* of this software and associated documentation files (the \"Software\"), to deal\r\n* in the Software without restriction, including without limitation the rights\r\n* to use, copy, modify, merge, publish, distribute, sublicense, and/or sell\r\n* copies of the Software, and to permit persons to whom the Software is\r\n* furnished to do so, subject to the following conditions:\r\n*\r\n* The above copyright notice and this permission notice shall be included in\r\n* all copies or substantial portions of the Software.\r\n*\r\n* Use of the Software is limited solely to applications:\r\n* (a) running on a Xilinx device, or\r\n* (b) that interact with a Xilinx device through a bus or interconnect.\r\n*\r\n* THE SOFTWARE IS PROVIDED \"AS IS\", WITHOUT WARRANTY OF ANY KIND, EXPRESS OR\r\n* IMPLIED, INCLUDING BUT NOT LIMITED TO THE WARRANTIES OF MERCHANTABILITY,\r\n* FITNESS FOR A PARTICULAR PURPOSE AND NONINFRINGEMENT. IN NO EVENT SHALL\r\n* XILINX  BE LIABLE FOR ANY CLAIM, DAMAGES OR OTHER LIABILITY,\r\n* WHETHER IN AN ACTION OF CONTRACT, TORT OR OTHERWISE, ARISING FROM, OUT OF\r\n* OR IN CONNECTION WITH THE SOFTWARE OR THE USE OR OTHER DEALINGS IN THE\r\n* SOFTWARE.\r\n*\r\n* Except as contained in this notice, the name of the Xilinx shall not be used\r\n* in advertising or otherwise to promote the sale, use or other dealings in\r\n* this Software without prior written authorization from Xilinx.\r\n*\r\n******************************************************************************/\r\n\r\n/*\r\n * helloworld.c: simple test application\r\n *\r\n * This application configures UART 16550 to baud rate 9600.\r\n * PS7 UART (Zynq) is not initialized by this application, since\r\n * bootrom/bsp configures it to baud rate 115200\r\n *\r\n * ------------------------------------------------\r\n * | UART TYPE   BAUD RATE                        |\r\n * ------------------------------------------------\r\n *   uartns550   9600\r\n *   uartlite    Configurable only in HW design\r\n *   ps7_uart    115200 (configured by bootrom/bsp)\r\n */\r\n/*\r\n#include <stdio.h>\r\n#include \"platform.h\"\r\n//#include \"xil_printf.h\"\r\n#include \"ps7_init.h\"\r\n#include <xil_io.h> \t\t//print and IO\r\n#include \"xscugic.h\" \t\t//Interrupt controller\r\n#include \"xparameters.h\"\r\n*/\r\n//--------------copy\r\n#include <stdio.h>\r\n#include \"platform.h\"\r\n#include \"xil_printf.h\"\r\n#include \"ps7_init.h\"\r\n#include \"stdlib.h\"\r\n#include \"xgpio.h\"\r\n#include \"xsysmon.h\"\r\n#include \"xaxidma.h\"\r\n#include \"xscugic.h\"\r\n//-----end\r\n\r\n#define GPIO_EXAMPLE_DEVICE_ID  XPAR_GPIO_0_DEVICE_ID\r\n#define SYSMON_DEVICE_ID\tXPAR_SYSMON_0_DEVICE_ID\r\n#define DMA_DEV_ID\t\t\tXPAR_AXIDMA_0_DEVICE_ID\r\n#define DDR_BASE_ADDR\t\tXPAR_AXIDMA_0_BASEADDR\r\n\r\n#define RX_BUFFER_BASE\t\t(0x00100000)\r\n#define MAX_PKT_LEN\t\t\t256 //bytes\r\n#define GPIO_CHANNEL 1\r\n\r\nXGpio Gpio;\r\nXSysMon SysMonInst;\r\n\r\nint main()\r\n{\r\n\tint Status;\r\n\r\n\tu8 xfer_size;\r\n\tu16 TempData;\r\n\tint Temp;\r\n\tint reset_done;\r\n\tu8 *RxBufferPtr;\r\n\tu32 value;\r\n\tu32 addr;\r\n\r\n\tXSysMon_Config *SYSConfigPtr ;\r\n\tXSysMon* SysMonInstPtr = &SysMonInst;\r\n\tXAxiDma_Config *CfgPtr;\r\n\tXAxiDma AxiDma;\r\n\r\n\r\n    init_platform();\r\n    // Enable PL\r\n    ps7_post_config();\r\n\r\n    xil_printf(\"Hello World\\n\\r\");\r\n\r\n\r\n\r\n    Status = XGpio_Initialize(&Gpio, GPIO_EXAMPLE_DEVICE_ID); \t\t//init gpio\r\n    if (Status != XST_SUCCESS) {\t\t\t\t\t\t\t\t\t//check for init success\r\n    \t\txil_printf(\"Gpio Initialization Failed\\r\\n\");\r\n    \t\treturn XST_FAILURE;\r\n    }\r\n\r\n    XGpio_DiscreteWrite(&Gpio, GPIO_CHANNEL, (MAX_PKT_LEN/2));\t\t//writes pkt length for tlast to gpio, half of DMA transfer size because tlast counts samples (16bit=2byte) and DMA counts bytes\r\n\r\n\r\n    SYSConfigPtr = XSysMon_LookupConfig(SYSMON_DEVICE_ID); \t\t\t//Looks up ADC config and stores in PTR\r\n    if (SYSConfigPtr == NULL) {\t\t\t\t\t\t\t\t\t\t//check for ADC config there?\r\n        return XST_FAILURE;\r\n    }\r\n\r\n\r\n    CfgPtr = XAxiDma_LookupConfig(DMA_DEV_ID);\t\t\t\t\t\t//Looks up DMA config and stores in PTR\r\n    if (!CfgPtr) {\t\t\t\t\t\t\t\t\t\t\t\t\t//check for DMA config there?\r\n    \tprintf(\"No config found for %d\\r\\n\", DMA_DEV_ID);\r\n        return XST_FAILURE;\r\n    }\r\n\r\n    Status = XAxiDma_CfgInitialize(&AxiDma, CfgPtr);\t\t\t\t//init DMA with config\r\n    if (Status != XST_SUCCESS) {\r\n    \tprintf(\"Initialization DMA failed %d\\r\\n\", Status);\r\n    \treturn XST_FAILURE;\r\n    }\r\n\r\n\r\n    XSysMon_CfgInitialize(SysMonInstPtr, SYSConfigPtr, SYSConfigPtr->BaseAddress);\t\t//init ADC with p to inst, p to config, and base address gotten from configptr\r\n\r\n\r\n//----------------------ADC config begin\r\n\r\n    XSysMon_SetSequencerMode(SysMonInstPtr, XSM_SEQ_MODE_SAFE);\t\t\t\t\t\t\t//Disable the Channel Sequencer before configuring the Sequence registers/changing sequence\r\n    XSysMon_SetAlarmEnables(SysMonInstPtr, 0x0);\t\t\t\t\t\t\t\t\t\t//Disable all alarms in Config Reg 1\r\n//    XSysMon_SetAvg(&xsmon, XSM_AVG_16_SAMPLES);\t\t\t\t\t\t\t\t\t\t//set num of samples when storing avg conversion result\r\n\r\n\tStatus = XSysMon_SetSeqInputMode(SysMonInstPtr, 0);\t\t\t\t\t\t\t\t\t//Configure all channels as unipolar (0 to 1V), bipolar (-0.5 to 0.5V)\r\n\tif ( XST_SUCCESS != Status ) {\r\n\t\txil_printf(\"Failed to configure all XADC channels as unipolar\\n\\r\");\r\n\t\treturn XST_FAILURE;\r\n\t}\r\n/*\r\n\tStatus = XSysMon_SetSeqAcqTime((SysMonInstPtr, XSM_SEQ_CH_AUX14); \t\t\t\t\t// JA1-Set acquisition time for selected channels\r\n\tif ( XST_SUCCESS != Status ) {\r\n\t\txil_printf(\"XSysMon_SetSeqAcqTime failed\\n\\r\");\r\n\t\treturn XST_FAILURE;\r\n\t}\r\n*/\r\n/*\r\n\tStatus = XSysMon_SetSeqAvgEnables(&xsmon, XSM_SEQ_CH_AUX14); \t\t\t\t\t\t// JA1-Enable Averaging on selected channels\r\n\tif ( XST_SUCCESS != Status ) {\r\n\t\txil_printf(\"XSysMon_SetSeqAvgEnables failed\\n\\r\");\r\n\t\treturn XST_FAILURE;\r\n\t}\r\n*/\r\n\r\n    XSysMon_SetSeqChEnables(SysMonInstPtr, XSM_SEQ_CH_AUX14);\t\t\t\t\t\t\t// Enable Channel in sequence registers\r\n    XSysMon_SetAdcClkDivisor(SysMonInstPtr, 32);\t\t\t\t\t\t\t\t\t\t// Set ADCCLK freq to 1/32 of system clock in the config reg 2\r\n//\tXSysMon_SetCalibEnables(SysMonInstPtr, XSM_CFR1_CAL_PS_GAIN_OFFSET_MASK | XSM_CFR1_CAL_ADC_GAIN_OFFSET_MASK);\t//Set Calibration enables\r\n\r\n    XSysMon_SetSequencerMode(SysMonInstPtr, XSM_SEQ_MODE_CONTINPASS);\t\t\t\t\t// Enable Channel sequencer in continuous mode instead of event driven\r\n    //TempData = XSysMon_GetAdcData(SysMonInstPtr, XSM_CH_TEMP);\r\n    //Temp = XSysMon_RawToTemperature(TempData);\r\n\r\n//----------------------ADC config done\r\n\r\n//----------------------DMA config begin\r\n\r\n    RxBufferPtr = (u8 *)RX_BUFFER_BASE;\t\t\t\t\t\t\t\t\t\t\t\t\t// Pointer to specified Read-Transaction base address\r\n\r\n    addr = (u32)RX_BUFFER_BASE;\t\t\t\t\t\t\t\t\t\t\t\t\t\t\t// Base address int\r\n\r\n\tXAxiDma_Reset(&AxiDma);\t\t\t\t\t\t\t\t\t\t\t\t\t\t\t\t// Reset DMA\r\n\treset_done = XAxiDma_ResetIsDone(&AxiDma);\t\t\t\t\t\t\t\t\t\t\t// Reset done value\r\n\r\n\twhile(reset_done != 1){\t\t\t\t\t\t\t\t\t\t\t\t\t\t\t\t// Check and wait for reset to be done\r\n\r\n\t}\r\n\r\n\tXAxiDma_IntrDisable(&AxiDma, XAXIDMA_IRQ_ALL_MASK,XAXIDMA_DEVICE_TO_DMA);\t\t\t// Disable read and write interrupts because usage is in polling mode\r\n\tXAxiDma_IntrDisable(&AxiDma, XAXIDMA_IRQ_ALL_MASK,XAXIDMA_DMA_TO_DEVICE);\r\n\r\n//----------------------DMA config done\r\n\r\n//----------------------Infinite Loop\r\n    while(1){\r\n\r\n    \tStatus = XAxiDma_SimpleTransfer(&AxiDma,(u32) RX_BUFFER_BASE,MAX_PKT_LEN, XAXIDMA_DEVICE_TO_DMA);\t\t// perform DMA-read transaction\r\n    \tif (Status != XST_SUCCESS) {\r\n    \t\tprintf(\"XFER failed %d\\r\\n\", Status);\r\n    \t\treturn XST_FAILURE;\r\n    \t}\r\n\r\n    \twhile ((XAxiDma_Busy(&AxiDma,XAXIDMA_DEVICE_TO_DMA))){\t\t\t\t\t\t\t\t\t\t\t\t\t// wait for end of transaction\r\n\t\t\t/* Wait */\r\n    \t}\r\n    \tXil_DCacheFlushRange((UINTPTR)RxBufferPtr, MAX_PKT_LEN);\t\t\t\t\t\t\t\t\t\t\t\t// cache flush because only then values appear in DDR memory\r\n\r\n    \t//usleep(1000000);\r\n    }\r\n\r\n\r\n\r\n    cleanup_platform();\r\n    return 0;\r\n}\r\n\r\n/*\r\n#define RawToVoltage1(AdcData) \t\t\t\t\t\\\r\n\t((((float)(AdcData))* (1.0f))/65536.0f)\r\n*/",
    "YaraRule": [
        "enable_org32",
        "core_keywords"
    ]
}