{
    "scrape_url": "https://scrape.pastebin.com/api_scrape_item.php?i=upXiRbNP",
    "full_url": "https://pastebin.com/upXiRbNP",
    "date": "1594315705",
    "key": "upXiRbNP",
    "size": 427,
    "expire": "0",
    "title": "main.lua",
    "syntax": "lua",
    "user": "",
    "filename": "upXiRbNP",
    "pasteid": "upXiRbNP",
    "pastesite": "pastebin.com",
    "@timestamp": "2020-07-09T17:28:25",
    "MD5": "65426eb3711aeede4509f9ac23ccdcfb",
    "SHA256": "273d8a8c56881b1ea70307ca718308330a4ca50ecdaa7e30e08d647cbbabe6e9",
    "raw_paste": "while true do\r\n  for i = 0, 64, 1 do\r\n    turtle.select(16)\r\n    if turtle.compare() then\r\n      turtle.select(14)\r\n      while not turtle.place() do\r\n      end\r\n      turtle.place()\r\n      turtle.select(15)\r\n      turtle.placeUp()\r\n      while not turtle.detect() do\r\n      end\r\n      turtle.placeUp()\r\n      turtle.select(1)\r\n      turtle.dig()\r\n    end\r\n  end\r\n  turtle.turnLeft()\r\n  turtle.drop()\r\n  turtle.turnRight()\r\nend",
    "YaraRule": [
        "enable_org32",
        "core_keywords"
    ]
}