{
    "scrape_url": "https://scrape.pastebin.com/api_scrape_item.php?i=Uxd6cfe2",
    "full_url": "https://pastebin.com/Uxd6cfe2",
    "date": "1594407784",
    "key": "Uxd6cfe2",
    "size": 2123,
    "expire": "1596999784",
    "title": "AndroidManifest",
    "syntax": "xml",
    "user": "",
    "filename": "Uxd6cfe2",
    "pasteid": "Uxd6cfe2",
    "pastesite": "pastebin.com",
    "@timestamp": "2020-07-10T19:03:04",
    "MD5": "84da8df1d81df07a2eceb9af54a27c94",
    "SHA256": "6bcf7bb7ea46631ce2121e47473f658f16d5034aaa05621b49327cb80173e5d3",
    "raw_paste": "<?xml version=\"1.0\" encoding=\"utf-8\"?>\r\n<manifest xmlns:android=\"http://schemas.android.com/apk/res/android\"\r\n    package=\"com.example.medical\">\r\n\r\n    <application\r\n        android:allowBackup=\"true\"\r\n        android:icon=\"@mipmap/ic_launcher\"\r\n        android:label=\"@string/app_name\"\r\n        android:roundIcon=\"@mipmap/ic_launcher_round\"\r\n        android:supportsRtl=\"true\"\r\n        android:theme=\"@style/AppTheme\">\r\n        <activity android:name=\".medionly\">\r\n            <intent-filter>\r\n                <action android:name=\"com.example.medical.medionly\" />\r\n\r\n                <category android:name=\"android.intent.category.DEFAULT\" />\r\n            </intent-filter>\r\n        </activity>\r\n        <activity android:name=\".emerimage\">\r\n            <intent-filter>\r\n                <action android:name=\"com.example.medical.emerimage\" />\r\n\r\n                <category android:name=\"android.intent.category.DEFAULT\" />\r\n            </intent-filter>\r\n        </activity>\r\n        <activity android:name=\".HomePage\">\r\n            <intent-filter>\r\n                <action android:name=\"com.example.medical.HomePage\" />\r\n\r\n                <category android:name=\"android.intent.category.DEFAULT\" />\r\n            </intent-filter>\r\n        </activity>\r\n        <activity android:name=\".Security\">\r\n            <intent-filter>\r\n                <action android:name=\"com.example.medical.Security\" />\r\n\r\n                <category android:name=\"android.intent.category.DEFAULT\" />\r\n            </intent-filter>\r\n        </activity>\r\n        <activity android:name=\".Registration\">\r\n            <intent-filter>\r\n                <action android:name=\"com.example.medical.Registration\" />\r\n\r\n                <category android:name=\"android.intent.category.DEFAULT\" />\r\n            </intent-filter>\r\n        </activity>\r\n        <activity android:name=\".MainActivity\">\r\n            <intent-filter>\r\n                <action android:name=\"android.intent.action.MAIN\" />\r\n\r\n                <category android:name=\"android.intent.category.LAUNCHER\" />\r\n            </intent-filter>\r\n        </activity>\r\n    </application>\r\n\r\n</manifest>",
    "YaraRule": [
        "enable_org32",
        "core_keywords"
    ]
}