{
    "scrape_url": "https://scrape.pastebin.com/api_scrape_item.php?i=vbcVa3RF",
    "full_url": "https://pastebin.com/vbcVa3RF",
    "date": "1594221950",
    "key": "vbcVa3RF",
    "size": 43001,
    "expire": "0",
    "title": "iwlwifi",
    "syntax": "bash",
    "user": "",
    "filename": "vbcVa3RF",
    "pasteid": "vbcVa3RF",
    "pastesite": "pastebin.com",
    "@timestamp": "2020-07-08T15:25:50",
    "MD5": "6c255c5d9362c9923cb1237fbe9e2c2c",
    "SHA256": "d3ab5f7a026fcbcc89bd849b49a328e1df48e6a727590b4402c1a3ef601427c2",
    "raw_paste": "\r\n########## wireless info START ##########\r\n\r\nReport from: 08 Jul 2020 14:25 BST +0100\r\n\r\nBooted last: 08 Jul 2020 00:00 BST +0100\r\n\r\nScript from: 22 Oct 2018 03:34 UTC +0000\r\n\r\n##### release ###########################\r\n\r\nDistributor ID:\tUbuntu\r\nDescription:\tUbuntu 20.04 LTS\r\nRelease:\t20.04\r\nCodename:\tfocal\r\n\r\n##### kernel ############################\r\n\r\nLinux 5.4.0-40-generic #44-Ubuntu SMP Tue Jun 23 00:01:04 UTC 2020 x86_64 x86_64 x86_64 GNU/Linux\r\n\r\nParameters: ro, quiet, splash, vt.handoff=7\r\n\r\n##### desktop ###########################\r\n\r\nRegolith\r\n\r\n##### lspci #############################\r\n\r\n00:19.0 Ethernet controller [0200]: Intel Corporation 82579LM Gigabit Network Connection (Lewisville) [8086:1502] (rev 04)\r\n\tDeviceName:  Onboard LAN\r\n\tSubsystem: Dell 82579LM Gigabit Network Connection (Lewisville) [1028:0532]\r\n\r\n02:00.0 Network controller [0280]: Intel Corporation Centrino Advanced-N 6205 [Taylor Peak] [8086:0082] (rev 34)\r\n\tSubsystem: Intel Corporation Centrino Advanced-N 6205 AGN [8086:1321]\r\n\tKernel driver in use: iwlwifi\r\n\r\n##### lsusb #############################\r\n\r\nBus 002 Device 003: ID 0a5c:5801 Broadcom Corp. BCM5880 Secure Applications Processor with fingerprint swipe sensor\r\nBus 002 Device 002: ID 8087:0024 Intel Corp. Integrated Rate Matching Hub\r\nBus 002 Device 001: ID 1d6b:0002 Linux Foundation 2.0 root hub\r\nBus 001 Device 003: ID 0c45:648b Microdia Integrated Webcam\r\nBus 001 Device 002: ID 8087:0024 Intel Corp. Integrated Rate Matching Hub\r\nBus 001 Device 001: ID 1d6b:0002 Linux Foundation 2.0 root hub\r\nBus 004 Device 001: ID 1d6b:0003 Linux Foundation 3.0 root hub\r\nBus 003 Device 001: ID 1d6b:0002 Linux Foundation 2.0 root hub\r\n\r\n##### PCMCIA card info ##################\r\n\r\n'pccardctl' is not installed (package \"pcmciautils\").\r\n\r\n##### rfkill ############################\r\n\r\n1: dell-wifi: Wireless LAN\r\n\tSoft blocked: no\r\n\tHard blocked: no\r\n2: phy0: Wireless LAN\r\n\tSoft blocked: no\r\n\tHard blocked: no\r\n\r\n##### secure boot #######################\r\n\r\nSecureBoot enabled\r\n\r\n##### lsmod #############################\r\n\r\niwldvm                237568  0\r\nmac80211              843776  1 iwldvm\r\nlibarc4                16384  1 mac80211\r\niwlwifi               331776  1 iwldvm\r\ndell_laptop            24576  0\r\nledtrig_audio          16384  2 snd_hda_codec_generic,dell_laptop\r\ndell_wmi               20480  0\r\ndell_smbios            28672  2 dell_wmi,dell_laptop\r\nsparse_keymap          16384  1 dell_wmi\r\nwmi_bmof               16384  0\r\ndell_wmi_descriptor    20480  2 dell_wmi,dell_smbios\r\ncfg80211              704512  3 iwldvm,iwlwifi,mac80211\r\nwmi                    32768  4 dell_wmi,wmi_bmof,dell_smbios,dell_wmi_descriptor\r\nvideo                  49152  3 dell_wmi,dell_laptop,i915\r\n\r\n##### interfaces ########################\r\n\r\n##### ifconfig ##########################\r\n\r\n1: lo: <LOOPBACK,UP,LOWER_UP> mtu 65536 qdisc noqueue state UNKNOWN group default qlen 1000\r\n    link/loopback <MAC address> brd <MAC address>\r\n    inet 127.0.0.1/8 scope host lo\r\n       valid_lft forever preferred_lft forever\r\n    inet6 ::1/128 scope host \r\n       valid_lft forever preferred_lft forever\r\n2: eno1: <BROADCAST,MULTICAST,UP,LOWER_UP> mtu 1500 qdisc fq_codel state UP group default qlen 1000\r\n    link/ether <MAC 'eno1' [IF1]> brd <MAC address>\r\n    inet 192.168.0.35/24 brd 192.168.0.255 scope global dynamic noprefixroute eno1\r\n       valid_lft 863990sec preferred_lft 863990sec\r\n    inet6 fe80::7178:cf76:e5d7:4908/64 scope link noprefixroute \r\n       valid_lft forever preferred_lft forever\r\n3: wlp2s0: <NO-CARRIER,BROADCAST,MULTICAST,UP> mtu 1500 qdisc mq state DOWN group default qlen 1000\r\n    link/ether <MAC 'wlp2s0' [IF2]> brd <MAC address>\r\n\r\n##### iwconfig ##########################\r\n\r\neno1      no wireless extensions.\r\n\r\nlo        no wireless extensions.\r\n\r\nwlp2s0    IEEE 802.11  ESSID:off/any  \r\n          Mode:Managed  Access Point: Not-Associated   Tx-Power=15 dBm   \r\n          Retry short limit:7   RTS thr:off   Fragment thr:off\r\n          Power Management:on\r\n          \r\n\r\n##### route #############################\r\n\r\ndefault via 192.168.0.1 dev eno1 proto dhcp metric 100 \r\n169.254.0.0/16 dev eno1 scope link metric 1000 \r\n192.168.0.0/24 dev eno1 proto kernel scope link src 192.168.0.35 metric 100 \r\n\r\n##### resolv.conf #######################\r\n\r\n[777 root '/etc/resolv.conf' -> '../run/systemd/resolve/stub-resolv.conf']\r\n\r\nnameserver 127.0.0.53\r\noptions edns0\r\n\r\n##### network managers ##################\r\n\r\nInstalled:\r\n\r\n\tNetworkManager\r\n\r\nRunning:\r\n\r\nroot         905       1  0 14:13 ?        00:00:01 /usr/sbin/NetworkManager --no-daemon\r\n\r\n##### NetworkManager info ###############\r\n\r\nGENERAL.DEVICE:                         eno1\r\nGENERAL.TYPE:                           ethernet\r\nGENERAL.NM-TYPE:                        NMDeviceEthernet\r\nGENERAL.DBUS-PATH:                      /org/freedesktop/NetworkManager/Devices/2\r\nGENERAL.VENDOR:                         Intel Corporation\r\nGENERAL.PRODUCT:                        82579LM Gigabit Network Connection (Lewisville)\r\nGENERAL.DRIVER:                         e1000e\r\nGENERAL.DRIVER-VERSION:                 3.2.6-k\r\nGENERAL.FIRMWARE-VERSION:               0.13-3\r\nGENERAL.HWADDR:                         <MAC 'eno1' [IF1]>\r\nGENERAL.MTU:                            1500\r\nGENERAL.STATE:                          100 (connected)\r\nGENERAL.REASON:                         0 (No reason given)\r\nGENERAL.IP4-CONNECTIVITY:               4 (full)\r\nGENERAL.IP6-CONNECTIVITY:               3 (limited)\r\nGENERAL.UDI:                            /sys/devices/pci0000:00/0000:00:19.0/net/eno1\r\nGENERAL.IP-IFACE:                       eno1\r\nGENERAL.IS-SOFTWARE:                    no\r\nGENERAL.NM-MANAGED:                     yes\r\nGENERAL.AUTOCONNECT:                    yes\r\nGENERAL.FIRMWARE-MISSING:               no\r\nGENERAL.NM-PLUGIN-MISSING:              no\r\nGENERAL.PHYS-PORT-ID:                   --\r\nGENERAL.CONNECTION:                     Wired connection 1\r\nGENERAL.CON-UUID:                       cdb78c25-5bd0-3cb9-a574-96dbea658411\r\nGENERAL.CON-PATH:                       /org/freedesktop/NetworkManager/ActiveConnection/6\r\nGENERAL.METERED:                        no (guessed)\r\nCAPABILITIES.CARRIER-DETECT:            yes\r\nCAPABILITIES.SPEED:                     100 Mb/s\r\nCAPABILITIES.IS-SOFTWARE:               no\r\nCAPABILITIES.SRIOV:                     no\r\nINTERFACE-FLAGS.UP:                     yes\r\nINTERFACE-FLAGS.LOWER-UP:               yes\r\nINTERFACE-FLAGS.CARRIER:                yes\r\nWIRED-PROPERTIES.CARRIER:               on\r\nIP4.ADDRESS[1]:                         192.168.0.35/24\r\nIP4.GATEWAY:                            192.168.0.1\r\nIP4.ROUTE[1]:                           dst = 0.0.0.0/0, nh = 192.168.0.1, mt = 100\r\nIP4.ROUTE[2]:                           dst = 192.168.0.0/24, nh = 0.0.0.0, mt = 100\r\nIP4.ROUTE[3]:                           dst = 169.254.0.0/16, nh = 0.0.0.0, mt = 1000\r\nIP4.DNS[1]:                             194.168.4.100\r\nIP4.DNS[2]:                             194.168.8.100\r\nDHCP4.OPTION[1]:                        dhcp_lease_time = 864000\r\nDHCP4.OPTION[2]:                        domain_name_servers = 194.168.4.100 194.168.8.100\r\nDHCP4.OPTION[3]:                        expiry = 1595078694\r\nDHCP4.OPTION[4]:                        host_name = MyPC \r\nDHCP4.OPTION[5]:                        ip_address = 192.168.0.35\r\nDHCP4.OPTION[6]:                        next_server = 192.168.0.1\r\nDHCP4.OPTION[7]:                        requested_broadcast_address = 1\r\nDHCP4.OPTION[8]:                        requested_domain_name = 1\r\nDHCP4.OPTION[9]:                        requested_domain_name_servers = 1\r\nDHCP4.OPTION[10]:                       requested_domain_search = 1\r\nDHCP4.OPTION[11]:                       requested_host_name = 1\r\nDHCP4.OPTION[12]:                       requested_interface_mtu = 1\r\nDHCP4.OPTION[13]:                       requested_ms_classless_static_routes = 1\r\nDHCP4.OPTION[14]:                       requested_nis_domain = 1\r\nDHCP4.OPTION[15]:                       requested_nis_servers = 1\r\nDHCP4.OPTION[16]:                       requested_ntp_servers = 1\r\nDHCP4.OPTION[17]:                       requested_rfc3442_classless_static_routes = 1\r\nDHCP4.OPTION[18]:                       requested_root_path = 1\r\nDHCP4.OPTION[19]:                       requested_routers = 1\r\nDHCP4.OPTION[20]:                       requested_static_routes = 1\r\nDHCP4.OPTION[21]:                       requested_subnet_mask = 1\r\nDHCP4.OPTION[22]:                       requested_time_offset = 1\r\nDHCP4.OPTION[23]:                       requested_wpad = 1\r\nDHCP4.OPTION[24]:                       routers = 192.168.0.1\r\nDHCP4.OPTION[25]:                       subnet_mask = 255.255.255.0\r\nIP6.ADDRESS[1]:                         fe80::7178:cf76:e5d7:4908/64\r\nIP6.GATEWAY:                            --\r\nIP6.ROUTE[1]:                           dst = fe80::/64, nh = ::, mt = 100\r\nIP6.ROUTE[2]:                           dst = ff00::/8, nh = ::, mt = 256, table=255\r\nCONNECTIONS.AVAILABLE-CONNECTION-PATHS: /org/freedesktop/NetworkManager/Settings/2\r\nCONNECTIONS.AVAILABLE-CONNECTIONS[1]:   cdb78c25-5bd0-3cb9-a574-96dbea658411 | Wired connection 1\r\n\r\nGENERAL.DEVICE:                         wlp2s0\r\nGENERAL.TYPE:                           wifi\r\nGENERAL.NM-TYPE:                        NMDeviceWifi\r\nGENERAL.DBUS-PATH:                      /org/freedesktop/NetworkManager/Devices/3\r\nGENERAL.VENDOR:                         Intel Corporation\r\nGENERAL.PRODUCT:                        Centrino Advanced-N 6205 [Taylor Peak] (Centrino Advanced-N 6205 AGN)\r\nGENERAL.DRIVER:                         iwlwifi\r\nGENERAL.DRIVER-VERSION:                 5.4.0-40-generic\r\nGENERAL.FIRMWARE-VERSION:               18.168.6.1\r\nGENERAL.HWADDR:                         <MAC 'wlp2s0' [IF2]>\r\nGENERAL.MTU:                            1500\r\nGENERAL.STATE:                          30 (disconnected)\r\nGENERAL.REASON:                         0 (No reason given)\r\nGENERAL.IP4-CONNECTIVITY:               1 (none)\r\nGENERAL.IP6-CONNECTIVITY:               1 (none)\r\nGENERAL.UDI:                            /sys/devices/pci0000:00/0000:00:1c.1/0000:02:00.0/net/wlp2s0\r\nGENERAL.IP-IFACE:                       --\r\nGENERAL.IS-SOFTWARE:                    no\r\nGENERAL.NM-MANAGED:                     yes\r\nGENERAL.AUTOCONNECT:                    yes\r\nGENERAL.FIRMWARE-MISSING:               no\r\nGENERAL.NM-PLUGIN-MISSING:              no\r\nGENERAL.PHYS-PORT-ID:                   --\r\nGENERAL.CONNECTION:                     --\r\nGENERAL.CON-UUID:                       --\r\nGENERAL.CON-PATH:                       --\r\nGENERAL.METERED:                        unknown\r\nCAPABILITIES.CARRIER-DETECT:            no\r\nCAPABILITIES.SPEED:                     unknown\r\nCAPABILITIES.IS-SOFTWARE:               no\r\nCAPABILITIES.SRIOV:                     no\r\nINTERFACE-FLAGS.UP:                     yes\r\nINTERFACE-FLAGS.LOWER-UP:               no\r\nINTERFACE-FLAGS.CARRIER:                no\r\nWIFI-PROPERTIES.WEP:                    yes\r\nWIFI-PROPERTIES.WPA:                    yes\r\nWIFI-PROPERTIES.WPA2:                   yes\r\nWIFI-PROPERTIES.TKIP:                   yes\r\nWIFI-PROPERTIES.CCMP:                   yes\r\nWIFI-PROPERTIES.AP:                     yes\r\nWIFI-PROPERTIES.ADHOC:                  yes\r\nWIFI-PROPERTIES.2GHZ:                   yes\r\nWIFI-PROPERTIES.5GHZ:                   yes\r\nWIFI-PROPERTIES.MESH:                   no\r\nWIFI-PROPERTIES.IBSS-RSN:               yes\r\nCONNECTIONS.AVAILABLE-CONNECTION-PATHS: /org/freedesktop/NetworkManager/Settings/1\r\nCONNECTIONS.AVAILABLE-CONNECTIONS[1]:   89e1862d-a414-4df9-917b-93b37045c6bd | MyWifi\r\n\r\nSSID          BSSID              MODE   CHAN  FREQ      RATE        SIGNAL  BARS  SECURITY     ACTIVE  IN-USE \r\nVirgin Media  <MAC 'Virgin Media' [AC1]>  Infra  11    2462 MHz  130 Mbit/s  64      \u2582\u2584\u2586_  WPA2 802.1X  no             \r\nMyWifi         <MAC 'MyWifi' [AC3]>  Infra  11    2462 MHz  130 Mbit/s  64      \u2582\u2584\u2586_  WPA2         no             \r\nMyWifi         <MAC 'MyWifi' [AC2]>  Infra  44    5220 MHz  405 Mbit/s  45      \u2582\u2584__  WPA2         no             \r\nVM8583400     <MAC 'VM8583400' [AC5]>  Infra  1     2412 MHz  130 Mbit/s  37      \u2582\u2584__  WPA1 WPA2    no             \r\nVirgin Media  <MAC 'Virgin Media' [AC6]>  Infra  1     2412 MHz  130 Mbit/s  35      \u2582\u2584__  WPA2 802.1X  no             \r\n--            <MAC '' [AC4]>  Infra  13    2472 MHz  270 Mbit/s  29      \u2582___  WPA2         no             \r\nSKY74164      <MAC 'SKY74164' [AC7]>  Infra  1     2412 MHz  130 Mbit/s  25      \u2582___  WPA2         no             \r\n\r\n##### NetworkManager.state ##############\r\n\r\ncat: /var/lib/NetworkManager/NetworkManager.state: Permission denied\r\n\r\n##### NetworkManager config #############\r\n\r\n[[/etc/NetworkManager/conf.d/default-wifi-powersave-on.conf]]\r\n[connection]\r\nwifi.powersave = 3\r\n\r\n[[/etc/NetworkManager/NetworkManager.conf]]\r\n[main]\r\nplugins=ifupdown,keyfile\r\n[ifupdown]\r\nmanaged=false\r\n[device]\r\nwifi.scan-rand-mac-address=no\r\n\r\n[[/usr/lib/NetworkManager/conf.d/10-dns-resolved.conf]]\r\n[main]\r\ndns=systemd-resolved\r\n\r\n[[/usr/lib/NetworkManager/conf.d/10-globally-managed-devices.conf]]\r\n[keyfile]\r\nunmanaged-devices=*,except:type:wifi,except:type:gsm,except:type:cdma\r\n\r\n[[/usr/lib/NetworkManager/conf.d/20-connectivity-ubuntu.conf]]\r\n[connectivity]\r\nuri=http://connectivity-check.ubuntu.com/\r\n\r\n[[/usr/lib/NetworkManager/conf.d/no-mac-addr-change.conf]]\r\n[device-mac-addr-change-wifi]\r\nmatch-device=driver:rtl8723bs,driver:rtl8189es,driver:r8188eu,driver:8188eu,driver:eagle_sdio,driver:wl\r\nwifi.scan-rand-mac-address=no\r\n\r\n##### NetworkManager profiles ###########\r\n\r\n[[/etc/NetworkManager/system-connections/MyWifi.nmconnection]] (600 root)\r\n[connection] id=MyWifi | type=wifi | permissions=\r\n[wifi] mac-address-blacklist= | ssid=MyWifi\r\n[ipv4] method=auto\r\n[ipv6] method=ignore\r\n\r\n##### Netplan config ####################\r\n\r\n[/etc/netplan/01-network-manager-all.yaml]\r\nnetwork:\r\n  version: 2\r\n  renderer: NetworkManager\r\n\r\n##### iw reg get ########################\r\n\r\nRegion: Europe/London (based on set time zone)\r\n\r\nglobal\r\ncountry GB: DFS-ETSI\r\n\t(2402 - 2482 @ 40), (N/A, 20), (N/A)\r\n\t(5170 - 5250 @ 80), (N/A, 20), (N/A), AUTO-BW\r\n\t(5250 - 5330 @ 80), (N/A, 20), (0 ms), DFS, AUTO-BW\r\n\t(5490 - 5710 @ 160), (N/A, 27), (0 ms), DFS\r\n\t(57000 - 66000 @ 2160), (N/A, 40), (N/A)\r\n\r\n##### iwlist channels ###################\r\n\r\neno1      no frequency information.\r\n\r\nlo        no frequency information.\r\n\r\nwlp2s0    32 channels in total; available frequencies :\r\n          Channel 01 : 2.412 GHz\r\n          Channel 02 : 2.417 GHz\r\n          Channel 03 : 2.422 GHz\r\n          Channel 04 : 2.427 GHz\r\n          Channel 05 : 2.432 GHz\r\n          Channel 06 : 2.437 GHz\r\n          Channel 07 : 2.442 GHz\r\n          Channel 08 : 2.447 GHz\r\n          Channel 09 : 2.452 GHz\r\n          Channel 10 : 2.457 GHz\r\n          Channel 11 : 2.462 GHz\r\n          Channel 12 : 2.467 GHz\r\n          Channel 13 : 2.472 GHz\r\n          Channel 36 : 5.18 GHz\r\n          Channel 40 : 5.2 GHz\r\n          Channel 44 : 5.22 GHz\r\n          Channel 48 : 5.24 GHz\r\n          Channel 52 : 5.26 GHz\r\n          Channel 56 : 5.28 GHz\r\n          Channel 60 : 5.3 GHz\r\n          Channel 64 : 5.32 GHz\r\n          Channel 100 : 5.5 GHz\r\n          Channel 104 : 5.52 GHz\r\n          Channel 108 : 5.54 GHz\r\n          Channel 112 : 5.56 GHz\r\n          Channel 116 : 5.58 GHz\r\n          Channel 120 : 5.6 GHz\r\n          Channel 124 : 5.62 GHz\r\n          Channel 128 : 5.64 GHz\r\n          Channel 132 : 5.66 GHz\r\n          Channel 136 : 5.68 GHz\r\n          Channel 140 : 5.7 GHz\r\n\r\n##### iwlist scan #######################\r\n\r\neno1      Interface doesn't support scanning.\r\n\r\nlo        Interface doesn't support scanning.\r\n\r\nChannel occupancy:\r\n\r\n      3   APs on   Frequency:2.412 GHz (Channel 1)\r\n      2   APs on   Frequency:2.462 GHz (Channel 11)\r\n      1   APs on   Frequency:2.472 GHz (Channel 13)\r\n      1   APs on   Frequency:5.22 GHz (Channel 44)\r\n\r\nwlp2s0    Scan completed :\r\n          Cell 01 - Address: <MAC 'Virgin Media' [AC1]>\r\n                    Channel:11\r\n                    Frequency:2.462 GHz (Channel 11)\r\n                    Quality=48/70  Signal level=-62 dBm  \r\n                    Encryption key:on\r\n                    ESSID:\"Virgin Media\"\r\n                    Bit Rates:1 Mb/s; 2 Mb/s; 5.5 Mb/s; 11 Mb/s; 6 Mb/s\r\n                              9 Mb/s; 12 Mb/s; 18 Mb/s\r\n                    Bit Rates:24 Mb/s; 36 Mb/s; 48 Mb/s; 54 Mb/s\r\n                    Mode:Master\r\n                    Extra:tsf=000002dfbe20d180\r\n                    Extra: Last beacon: 2224ms ago\r\n                    IE: IEEE 802.11i/WPA2 Version 1\r\n                        Group Cipher : CCMP\r\n                        Pairwise Ciphers (1) : CCMP\r\n                        Authentication Suites (1) : 802.1x\r\n          Cell 02 - Address: <MAC 'MyWifi' [AC2]>\r\n                    Channel:44\r\n                    Frequency:5.22 GHz (Channel 44)\r\n                    Quality=36/70  Signal level=-74 dBm  \r\n                    Encryption key:on\r\n                    ESSID:\"MyWifi\"\r\n                    Bit Rates:6 Mb/s; 9 Mb/s; 12 Mb/s; 18 Mb/s; 24 Mb/s\r\n                              36 Mb/s; 48 Mb/s; 54 Mb/s\r\n                    Mode:Master\r\n                    Extra:tsf=000002f9a67a13af\r\n                    Extra: Last beacon: 1856ms ago\r\n                    IE: IEEE 802.11i/WPA2 Version 1\r\n                        Group Cipher : CCMP\r\n                        Pairwise Ciphers (1) : CCMP\r\n                        Authentication Suites (1) : PSK\r\n          Cell 03 - Address: <MAC 'MyWifi' [AC3]>\r\n                    Channel:11\r\n                    Frequency:2.462 GHz (Channel 11)\r\n                    Quality=47/70  Signal level=-63 dBm  \r\n                    Encryption key:on\r\n                    ESSID:\"MyWifi\"\r\n                    Bit Rates:1 Mb/s; 2 Mb/s; 5.5 Mb/s; 11 Mb/s; 6 Mb/s\r\n                              9 Mb/s; 12 Mb/s; 18 Mb/s\r\n                    Bit Rates:24 Mb/s; 36 Mb/s; 48 Mb/s; 54 Mb/s\r\n                    Mode:Master\r\n                    Extra:tsf=000002dfbe20b364\r\n                    Extra: Last beacon: 2172ms ago\r\n                    IE: IEEE 802.11i/WPA2 Version 1\r\n                        Group Cipher : CCMP\r\n                        Pairwise Ciphers (1) : CCMP\r\n                        Authentication Suites (1) : PSK\r\n          Cell 04 - Address: <MAC '' [AC4]>\r\n                    Channel:13\r\n                    Frequency:2.472 GHz (Channel 13)\r\n                    Quality=25/70  Signal level=-85 dBm  \r\n                    Encryption key:on\r\n                    ESSID:\"\"\r\n                    Bit Rates:1 Mb/s; 2 Mb/s; 5.5 Mb/s; 11 Mb/s; 6 Mb/s\r\n                              9 Mb/s; 12 Mb/s; 18 Mb/s\r\n                    Bit Rates:24 Mb/s; 36 Mb/s; 48 Mb/s; 54 Mb/s\r\n                    Mode:Master\r\n                    Extra:tsf=00000014a4db02b2\r\n                    Extra: Last beacon: 2184ms ago\r\n                    IE: IEEE 802.11i/WPA2 Version 1\r\n                        Group Cipher : CCMP\r\n                        Pairwise Ciphers (1) : CCMP\r\n                        Authentication Suites (1) : PSK\r\n          Cell 05 - Address: <MAC 'VM8583400' [AC5]>\r\n                    Channel:1\r\n                    Frequency:2.412 GHz (Channel 1)\r\n                    Quality=29/70  Signal level=-81 dBm  \r\n                    Encryption key:on\r\n                    ESSID:\"VM8583400\"\r\n                    Bit Rates:1 Mb/s; 2 Mb/s; 5.5 Mb/s; 11 Mb/s; 6 Mb/s\r\n                              9 Mb/s; 12 Mb/s; 18 Mb/s\r\n                    Bit Rates:24 Mb/s; 36 Mb/s; 48 Mb/s; 54 Mb/s\r\n                    Mode:Master\r\n                    Extra:tsf=000002dfc06129e3\r\n                    Extra: Last beacon: 2496ms ago\r\n                    IE: WPA Version 1\r\n                        Group Cipher : TKIP\r\n                        Pairwise Ciphers (2) : CCMP TKIP\r\n                        Authentication Suites (1) : PSK\r\n                    IE: IEEE 802.11i/WPA2 Version 1\r\n                        Group Cipher : TKIP\r\n                        Pairwise Ciphers (2) : CCMP TKIP\r\n                        Authentication Suites (1) : PSK\r\n          Cell 06 - Address: <MAC 'Virgin Media' [AC6]>\r\n                    Channel:1\r\n                    Frequency:2.412 GHz (Channel 1)\r\n                    Quality=30/70  Signal level=-80 dBm  \r\n                    Encryption key:on\r\n                    ESSID:\"Virgin Media\"\r\n                    Bit Rates:1 Mb/s; 2 Mb/s; 5.5 Mb/s; 11 Mb/s; 6 Mb/s\r\n                              9 Mb/s; 12 Mb/s; 18 Mb/s\r\n                    Bit Rates:24 Mb/s; 36 Mb/s; 48 Mb/s; 54 Mb/s\r\n                    Mode:Master\r\n                    Extra:tsf=000002dfc0620106\r\n                    Extra: Last beacon: 2508ms ago\r\n                    IE: IEEE 802.11i/WPA2 Version 1\r\n                        Group Cipher : CCMP\r\n                        Pairwise Ciphers (1) : CCMP\r\n                        Authentication Suites (1) : 802.1x\r\n          Cell 07 - Address: <MAC 'SKY74164' [AC7]>\r\n                    Channel:1\r\n                    Frequency:2.412 GHz (Channel 1)\r\n                    Quality=25/70  Signal level=-85 dBm  \r\n                    Encryption key:on\r\n                    ESSID:\"SKY74164\"\r\n                    Bit Rates:1 Mb/s; 2 Mb/s; 5.5 Mb/s; 11 Mb/s; 18 Mb/s\r\n                              24 Mb/s; 36 Mb/s; 54 Mb/s\r\n                    Bit Rates:6 Mb/s; 9 Mb/s; 12 Mb/s; 48 Mb/s\r\n                    Mode:Master\r\n                    Extra:tsf=000000070815e183\r\n                    Extra: Last beacon: 2532ms ago\r\n                    IE: IEEE 802.11i/WPA2 Version 1\r\n                        Group Cipher : CCMP\r\n                        Pairwise Ciphers (1) : CCMP\r\n                        Authentication Suites (1) : PSK\r\n\r\n##### module infos ######################\r\n\r\n[iwldvm]\r\nfilename:       /lib/modules/5.4.0-40-generic/kernel/drivers/net/wireless/intel/iwlwifi/dvm/iwldvm.ko\r\nlicense:        GPL\r\nauthor:         Copyright(c) 2003- 2015 Intel Corporation <linuxwifi@intel.com>\r\ndescription:    Intel(R) Wireless WiFi Link AGN driver for Linux\r\nsrcversion:     2354ADB20A5F95FA23CDFFF\r\ndepends:        mac80211,iwlwifi,cfg80211\r\nretpoline:      Y\r\nintree:         Y\r\nname:           iwldvm\r\nvermagic:       5.4.0-40-generic SMP mod_unload \r\nsig_id:         PKCS#7\r\nsigner:         Build time autogenerated kernel key\r\nsig_key:        4B:23:A5:59:0D:2F:CD:21:25:92:F9:B4:83:84:A3:01:81:3E:5C:19\r\nsig_hashalgo:   sha512\r\nsignature:      39:C5:08:56:FD:9B:3F:84:8E:87:57:A1:7D:3E:3F:7B:C1:0F:B3:1F:\r\n\t\t3C:D9:AB:64:8C:71:94:B0:51:64:18:87:92:48:25:32:14:64:87:03:\r\n\t\t4A:D6:2C:D5:EE:5F:ED:88:9C:5C:2E:DA:73:7C:D8:62:4F:C2:13:5E:\r\n\t\t5F:85:9A:E2:C0:9A:B9:CA:1A:C1:EB:E4:11:DC:C1:B7:EA:E0:6D:46:\r\n\t\tCC:0F:CB:56:42:25:9E:A4:00:A1:F1:50:9E:75:EA:22:D6:B4:A6:4E:\r\n\t\tDD:28:78:F2:A9:D1:8D:2A:8E:41:70:35:FD:38:85:26:0C:66:66:D2:\r\n\t\tA6:EB:63:9F:7F:04:B8:96:50:AC:E6:D8:97:49:0F:AB:98:EB:09:6F:\r\n\t\t68:1D:03:A3:79:CF:D3:41:39:23:F0:F6:C9:EB:38:05:FA:BA:AF:F5:\r\n\t\t75:E8:14:74:83:77:EB:49:48:F5:4B:CD:23:22:9F:67:88:54:4F:73:\r\n\t\t65:58:C6:DC:C0:C9:8C:B1:82:9E:B0:CA:5C:4C:C7:AA:95:4D:C6:60:\r\n\t\t69:B7:28:1A:B0:77:FE:7A:9C:78:E9:D8:DB:6E:06:A0:59:9A:6B:49:\r\n\t\t0A:51:D4:10:52:53:2C:4C:FA:78:0D:18:A2:83:7A:9A:AD:BE:B9:36:\r\n\t\tDE:2B:CF:F5:50:0F:50:E4:6E:23:CA:AB:47:2B:27:18:1E:5F:69:C4:\r\n\t\tEC:72:49:93:93:09:DA:51:19:13:E2:8C:97:C1:85:07:EB:67:13:09:\r\n\t\t70:2A:90:17:D8:36:3E:91:47:B5:5C:10:DB:83:E6:B3:78:6D:B1:2B:\r\n\t\tA1:C5:63:12:5D:CF:D7:7D:12:4B:EA:6E:F3:63:10:FE:86:BF:6B:DE:\r\n\t\tA5:40:A9:8B:40:2E:2D:1D:91:DF:08:A7:F9:B7:B3:EC:C8:0D:39:C3:\r\n\t\t99:78:10:86:BD:5E:AA:39:63:48:D4:6D:41:D7:1E:D1:6F:81:C0:D4:\r\n\t\t1C:38:94:70:F1:68:9B:25:1C:2D:90:C1:91:E5:17:46:A7:D8:07:52:\r\n\t\t48:BD:C6:48:AB:FF:08:61:65:E9:20:6A:5A:73:A1:40:81:D3:AC:C4:\r\n\t\t95:AA:BD:24:DB:13:75:75:E9:81:6E:D6:60:F0:71:F2:D4:A5:E6:5F:\r\n\t\t08:D0:49:82:CB:76:BB:19:00:67:57:08:06:7F:F3:F2:CB:81:91:AC:\r\n\t\tA0:CD:9C:8F:C1:4B:91:6D:E0:93:9C:5A:CE:8D:9F:AC:4D:78:F6:15:\r\n\t\t2C:CA:77:8F:A4:D0:1D:0E:FA:11:56:3B:B7:77:D0:E7:CD:5F:81:63:\r\n\t\t49:46:42:D2:33:8D:82:BC:C7:51:5C:41:B5:1A:F7:C9:6A:5E:41:E4:\r\n\t\tBD:EF:87:A4:34:BB:22:83:FF:13:5D:5C\r\nparm:           force_cam:force continuously aware mode (no power saving at all) (bool)\r\n\r\n[mac80211]\r\nfilename:       /lib/modules/5.4.0-40-generic/kernel/net/mac80211/mac80211.ko\r\nlicense:        GPL\r\ndescription:    IEEE 802.11 subsystem\r\nsrcversion:     085335B68C989451CD4CC8A\r\ndepends:        cfg80211,libarc4\r\nretpoline:      Y\r\nintree:         Y\r\nname:           mac80211\r\nvermagic:       5.4.0-40-generic SMP mod_unload \r\nsig_id:         PKCS#7\r\nsigner:         Build time autogenerated kernel key\r\nsig_key:        4B:23:A5:59:0D:2F:CD:21:25:92:F9:B4:83:84:A3:01:81:3E:5C:19\r\nsig_hashalgo:   sha512\r\nsignature:      5D:44:B3:E3:A9:C2:59:58:C9:21:C8:63:CA:23:83:54:26:41:81:31:\r\n\t\tC8:B1:06:BE:02:2E:6F:A1:FF:D9:18:53:9F:1F:12:63:2A:CF:4D:93:\r\n\t\tD5:49:19:C8:72:C5:2F:18:5E:78:77:04:9D:42:BC:65:D9:F3:68:64:\r\n\t\t58:58:E0:6D:CF:7F:58:11:32:4D:3A:CE:6B:F4:4E:D7:A2:82:A6:FF:\r\n\t\tC2:99:63:E2:D2:53:72:5A:1F:BD:D4:D3:E3:48:09:71:B1:DF:BE:3A:\r\n\t\tF4:D6:13:0F:43:E1:46:C7:DD:2F:CC:75:E6:9F:5A:A2:C5:1B:0C:DE:\r\n\t\t03:03:D6:7D:21:96:7B:72:4F:C4:E6:D0:21:FB:94:B1:98:D1:37:09:\r\n\t\t41:2C:6D:90:43:27:0D:06:7D:4D:97:6B:E0:9B:09:3A:FF:7A:50:6F:\r\n\t\t6C:3E:82:19:0D:78:57:05:6C:82:E2:24:FD:A6:57:D3:B3:5B:C6:C7:\r\n\t\t5A:00:94:E4:13:E4:0B:FA:67:42:CD:AF:12:EF:B1:28:36:CC:A3:86:\r\n\t\t7D:D5:AA:EE:A3:64:99:3C:1F:A1:D1:46:E0:BC:DC:95:6D:66:50:0E:\r\n\t\t35:86:3D:1A:B2:A6:24:CD:C1:32:0F:45:34:CB:A0:81:EC:C5:53:45:\r\n\t\t29:FB:55:07:47:EF:80:E9:13:FD:F5:7D:A9:E4:C5:C8:D1:74:72:86:\r\n\t\t74:67:40:7E:CF:E2:6F:61:61:AE:AB:00:B3:D4:1D:A9:D0:7D:4A:34:\r\n\t\tD8:8B:93:44:0A:87:89:16:C6:D6:52:37:5B:EC:9C:D6:06:04:D0:D7:\r\n\t\t12:80:F4:DD:C4:B6:51:53:61:A4:0A:6F:82:64:D8:08:4C:52:3B:22:\r\n\t\tCA:AC:3F:BE:A4:A8:92:B1:FA:2B:0B:DA:6D:EA:C5:0E:4C:19:32:E5:\r\n\t\t2B:26:0E:76:B5:17:78:4F:0D:34:C0:49:8D:AB:62:1B:4A:E0:4F:3D:\r\n\t\tD9:A4:1E:18:03:C3:34:E6:9D:8A:6C:8C:C0:10:87:08:14:D9:E6:A2:\r\n\t\t41:46:58:ED:E7:BC:23:11:17:E7:1A:FC:0C:D9:EE:70:08:37:29:6C:\r\n\t\tAB:71:BA:AE:4C:9A:32:10:71:12:88:8B:8F:F5:24:29:07:FD:20:9E:\r\n\t\t8B:82:50:AF:20:98:99:DE:FE:80:4C:90:E8:80:9C:D1:19:0E:E5:4E:\r\n\t\t0C:51:B6:7F:11:96:68:6C:B3:31:70:FC:49:63:44:63:3D:E5:2A:F6:\r\n\t\t2D:C1:23:C9:3C:EE:EE:CE:35:26:D9:69:3A:5C:79:E0:21:DB:A0:71:\r\n\t\tCA:9D:EF:B6:19:6F:64:93:52:B6:7F:67:7B:C2:FF:08:BB:34:7E:58:\r\n\t\t39:26:D2:EF:E2:BB:46:A8:CE:90:5D:B6\r\nparm:           minstrel_vht_only:Use only VHT rates when VHT is supported by sta. (bool)\r\nparm:           max_nullfunc_tries:Maximum nullfunc tx tries before disconnecting (reason 4). (int)\r\nparm:           max_probe_tries:Maximum probe tries before disconnecting (reason 4). (int)\r\nparm:           beacon_loss_count:Number of beacon intervals before we decide beacon was lost. (int)\r\nparm:           probe_wait_ms:Maximum time(ms) to wait for probe response before disconnecting (reason 4). (int)\r\nparm:           ieee80211_default_rc_algo:Default rate control algorithm for mac80211 to use (charp)\r\n\r\n[iwlwifi]\r\nfilename:       /lib/modules/5.4.0-40-generic/kernel/drivers/net/wireless/intel/iwlwifi/iwlwifi.ko\r\nlicense:        GPL\r\nauthor:         Copyright(c) 2003- 2015 Intel Corporation <linuxwifi@intel.com>\r\ndescription:    Intel(R) Wireless WiFi driver for Linux\r\nfirmware:       iwlwifi-100-5.ucode\r\nfirmware:       iwlwifi-1000-5.ucode\r\nfirmware:       iwlwifi-135-6.ucode\r\nfirmware:       iwlwifi-105-6.ucode\r\nfirmware:       iwlwifi-2030-6.ucode\r\nfirmware:       iwlwifi-2000-6.ucode\r\nfirmware:       iwlwifi-5150-2.ucode\r\nfirmware:       iwlwifi-5000-5.ucode\r\nfirmware:       iwlwifi-6000g2b-6.ucode\r\nfirmware:       iwlwifi-6000g2a-6.ucode\r\nfirmware:       iwlwifi-6050-5.ucode\r\nfirmware:       iwlwifi-6000-6.ucode\r\nfirmware:       iwlwifi-7265D-29.ucode\r\nfirmware:       iwlwifi-7265-17.ucode\r\nfirmware:       iwlwifi-3168-29.ucode\r\nfirmware:       iwlwifi-3160-17.ucode\r\nfirmware:       iwlwifi-7260-17.ucode\r\nfirmware:       iwlwifi-8265-36.ucode\r\nfirmware:       iwlwifi-8000C-36.ucode\r\nfirmware:       iwlwifi-9260-th-b0-jf-b0-46.ucode\r\nfirmware:       iwlwifi-9000-pu-b0-jf-b0-46.ucode\r\nfirmware:       iwlwifi-ty-a0-gf-a0-50.ucode\r\nfirmware:       iwlwifi-so-a0-gf-a0-50.ucode\r\nfirmware:       iwlwifi-so-a0-hr-b0-50.ucode\r\nfirmware:       iwlwifi-so-a0-jf-b0-50.ucode\r\nfirmware:       iwlwifi-cc-a0-50.ucode\r\nfirmware:       iwlwifi-QuQnj-b0-jf-b0-50.ucode\r\nfirmware:       iwlwifi-QuZ-a0-jf-b0-50.ucode\r\nfirmware:       iwlwifi-QuZ-a0-hr-b0-50.ucode\r\nfirmware:       iwlwifi-Qu-b0-jf-b0-50.ucode\r\nfirmware:       iwlwifi-Qu-c0-hr-b0-50.ucode\r\nfirmware:       iwlwifi-QuQnj-a0-hr-a0-50.ucode\r\nfirmware:       iwlwifi-QuQnj-b0-hr-b0-50.ucode\r\nfirmware:       iwlwifi-QuQnj-f0-hr-a0-50.ucode\r\nfirmware:       iwlwifi-Qu-a0-jf-b0-50.ucode\r\nfirmware:       iwlwifi-Qu-a0-hr-a0-50.ucode\r\nsrcversion:     B6DF401BA0F55B3F4BFBFC5\r\ndepends:        cfg80211\r\nretpoline:      Y\r\nintree:         Y\r\nname:           iwlwifi\r\nvermagic:       5.4.0-40-generic SMP mod_unload \r\nsig_id:         PKCS#7\r\nsigner:         Build time autogenerated kernel key\r\nsig_key:        4B:23:A5:59:0D:2F:CD:21:25:92:F9:B4:83:84:A3:01:81:3E:5C:19\r\nsig_hashalgo:   sha512\r\nsignature:      16:AD:24:28:F1:60:74:83:FF:FD:36:A1:ED:99:28:F6:D3:26:BE:C0:\r\n\t\tC7:86:38:58:9E:7E:CD:0F:9C:4C:6E:EF:B6:86:B3:B3:3D:93:61:36:\r\n\t\t8A:9F:BA:54:D3:CE:55:31:FD:4B:C6:0A:E4:67:DE:28:31:06:89:2D:\r\n\t\t73:7D:CE:8A:AF:AE:6E:BC:A0:7A:07:DF:DB:95:CA:0E:7F:36:A1:C7:\r\n\t\tF9:03:5E:F9:1A:D6:B4:4A:C1:67:9F:A7:2D:53:A9:4F:AD:80:4F:DE:\r\n\t\tC9:AC:E5:0C:96:24:F2:A1:DA:7C:03:E5:E4:23:0A:51:70:16:BC:B3:\r\n\t\tC8:9C:98:2E:6F:EB:38:A1:17:6A:3E:F0:01:06:EB:F8:81:D9:CC:97:\r\n\t\tB2:D8:DC:F7:4F:B4:F3:56:44:03:AC:9E:63:63:1A:E0:E6:1E:56:7D:\r\n\t\t49:D8:1A:BC:BD:4F:1D:EF:19:FC:0D:55:B0:84:B9:1F:4F:D3:7A:D0:\r\n\t\tA6:20:C4:39:C9:62:CD:85:94:A7:82:05:7E:31:81:3D:C5:D9:09:29:\r\n\t\t04:E0:D7:CE:7A:EF:F0:FF:61:12:56:7B:61:E9:38:8C:08:59:76:C6:\r\n\t\t88:00:A8:08:99:5F:47:B5:14:43:FC:6E:33:A2:C0:FA:B3:94:CE:0E:\r\n\t\t90:CD:67:08:E1:36:82:9F:C7:48:DD:3A:80:B6:0D:9C:4C:5A:59:0C:\r\n\t\tF6:B8:4A:B0:24:93:EC:37:CE:88:D4:6A:CB:31:FE:3E:9E:88:9F:0B:\r\n\t\tF7:9B:F3:3F:AA:D4:C7:AB:40:7A:26:6B:70:7C:E7:CD:7E:B9:AD:23:\r\n\t\t42:0E:23:15:89:1A:B1:B7:0D:19:4A:87:BF:CD:35:66:55:19:E2:59:\r\n\t\t9D:18:E3:B9:96:F8:7A:1E:70:87:E7:DF:0A:38:79:FB:92:26:D2:73:\r\n\t\tB6:F7:1E:07:4B:DF:43:40:EF:CA:2D:FB:2D:FC:25:5B:D6:85:6F:19:\r\n\t\t14:0B:3E:EF:2A:43:2A:C5:BC:A7:DA:81:64:E6:BC:06:57:80:DE:52:\r\n\t\tF1:72:93:E7:6A:8D:92:69:93:77:0D:0B:2D:17:A8:C9:A2:BA:21:47:\r\n\t\tE8:B5:3E:33:7B:5F:B8:FA:AB:73:D8:AB:F4:0F:07:B6:E5:56:BE:B2:\r\n\t\tD6:0F:68:B9:A8:6B:43:FC:4D:AE:44:DF:28:91:AE:6B:B1:FF:DE:FF:\r\n\t\tC3:62:B5:3A:C2:02:A7:47:F6:31:9B:FF:31:FB:76:5C:C5:5D:11:1B:\r\n\t\tCF:98:FA:3B:6E:E1:32:50:E1:FC:DF:B1:97:94:E8:59:78:79:E6:93:\r\n\t\tDD:62:24:F8:0A:6D:0E:8C:71:AB:E8:A0:6A:7A:0A:B5:99:6C:AF:2A:\r\n\t\t0B:20:87:03:FA:BC:DA:18:2D:4A:B9:BD\r\nparm:           swcrypto:using crypto in software (default 0 [hardware]) (int)\r\nparm:           11n_disable:disable 11n functionality, bitmap: 1: full, 2: disable agg TX, 4: disable agg RX, 8 enable agg TX (uint)\r\nparm:           amsdu_size:amsdu size 0: 12K for multi Rx queue devices, 2K for AX210 devices, 4K for other devices 1:4K 2:8K 3:12K 4: 2K (default 0) (int)\r\nparm:           fw_restart:restart firmware in case of error (default true) (bool)\r\nparm:           antenna_coupling:specify antenna coupling in dB (default: 0 dB) (int)\r\nparm:           nvm_file:NVM file name (charp)\r\nparm:           lar_disable:disable LAR functionality (default: N) (bool)\r\nparm:           uapsd_disable:disable U-APSD functionality bitmap 1: BSS 2: P2P Client (default: 3) (uint)\r\nparm:           enable_ini:Enable debug INI TLV FW debug infrastructure (default: 0 (bool)\r\nparm:           bt_coex_active:enable wifi/bt co-exist (default: enable) (bool)\r\nparm:           led_mode:0=system default, 1=On(RF On)/Off(RF Off), 2=blinking, 3=Off (default: 0) (int)\r\nparm:           power_save:enable WiFi power management (default: disable) (bool)\r\nparm:           power_level:default power save level (range from 1 - 5, default: 1) (int)\r\nparm:           fw_monitor:firmware monitor - to debug FW (default: false - needs lots of memory) (bool)\r\nparm:           disable_11ac:Disable VHT capabilities (default: false) (bool)\r\nparm:           remove_when_gone:Remove dev from PCIe bus if it is deemed inaccessible (default: false) (bool)\r\nparm:           disable_11ax:Disable HE capabilities (default: false) (bool)\r\n\r\n[cfg80211]\r\nfilename:       /lib/modules/5.4.0-40-generic/kernel/net/wireless/cfg80211.ko\r\ndescription:    wireless configuration support\r\nlicense:        GPL\r\nauthor:         Johannes Berg\r\nsrcversion:     2369BA84B34843FE73A01F4\r\ndepends:        \r\nretpoline:      Y\r\nintree:         Y\r\nname:           cfg80211\r\nvermagic:       5.4.0-40-generic SMP mod_unload \r\nsig_id:         PKCS#7\r\nsigner:         Build time autogenerated kernel key\r\nsig_key:        4B:23:A5:59:0D:2F:CD:21:25:92:F9:B4:83:84:A3:01:81:3E:5C:19\r\nsig_hashalgo:   sha512\r\nsignature:      2A:8D:4A:AD:DB:25:CF:97:6B:7E:3C:71:C9:F5:27:F9:DF:E4:3A:A8:\r\n\t\t72:60:E5:15:24:11:46:92:D5:83:07:14:AC:0B:10:02:D8:E3:21:7E:\r\n\t\tB3:86:A7:00:88:1C:08:B4:AA:68:A3:88:3A:EF:5D:22:32:1C:2C:39:\r\n\t\tE4:32:37:33:C6:E6:92:73:E1:F1:CE:42:95:35:92:17:2A:63:0D:C1:\r\n\t\t2B:D2:3D:15:2C:79:2D:39:BE:72:94:60:EC:5C:CB:99:0C:D2:80:0E:\r\n\t\t5A:AA:14:F8:C2:11:17:9C:5E:0E:99:6B:BC:7C:79:8D:45:07:B0:DD:\r\n\t\t0C:1E:F5:B7:D1:E4:3F:12:13:0C:44:80:55:97:BC:05:AB:2E:5A:DF:\r\n\t\t58:29:57:44:7C:E7:8E:C2:A1:DE:77:03:0B:D8:0C:74:7B:B9:80:DE:\r\n\t\t66:92:91:1A:76:44:9B:B9:65:02:40:87:0A:C8:F8:09:AF:C5:60:6B:\r\n\t\t34:2B:59:3F:5B:1D:70:65:03:C8:9D:A5:45:48:4B:4E:A3:AE:7E:38:\r\n\t\t6A:35:2A:CD:17:21:7A:53:8B:A5:92:D5:E0:90:C2:3E:07:51:3B:A7:\r\n\t\t7B:9B:49:B3:25:63:30:6A:2A:54:6E:C9:C9:A2:27:64:EB:84:D5:97:\r\n\t\tAF:26:49:29:70:5E:B0:FC:5E:B7:F5:13:98:5B:C2:D7:58:28:5F:E9:\r\n\t\t57:B7:A2:2D:F1:0A:15:D5:DE:48:6B:FF:F2:4B:5E:EA:C5:D9:73:B7:\r\n\t\tA2:48:F9:EB:A4:F8:0C:E1:19:8D:D4:D4:CE:7C:E1:A7:6E:D6:D8:3B:\r\n\t\tF7:03:27:7F:F8:A8:38:2C:16:B2:F7:19:86:F5:C3:65:8B:23:8F:B2:\r\n\t\t52:4F:C1:A5:CE:54:58:96:B4:9B:F4:BC:0E:2B:56:FC:BD:06:40:7F:\r\n\t\tBD:C0:43:FB:B7:12:C0:DE:9F:F6:A1:75:DF:D6:47:72:59:B6:5F:B2:\r\n\t\t98:AA:CB:0D:68:3A:F9:78:43:6C:80:AD:F0:6A:CB:E6:69:7C:38:E2:\r\n\t\t33:53:54:86:9B:93:20:21:66:C8:8F:2F:05:10:E1:CC:4C:40:77:0A:\r\n\t\t83:A3:3F:B6:E9:3E:21:BF:3F:CD:56:28:65:C9:5E:BE:F8:C4:E9:80:\r\n\t\t85:B3:34:4B:93:C7:50:48:01:49:C5:A6:D4:5B:F9:0E:76:E7:1D:BA:\r\n\t\t39:E4:BA:B2:97:4D:BA:73:24:9D:76:18:EF:7A:F2:89:DF:B2:E9:8D:\r\n\t\t5A:33:7B:76:F3:CC:05:87:FE:D3:EF:5C:56:02:99:AC:6B:D4:45:E4:\r\n\t\t72:C2:29:90:DD:2F:03:41:45:34:9E:58:14:2A:F7:50:52:9D:01:67:\r\n\t\tC2:B7:5B:AA:67:CB:CE:34:8D:2F:58:01\r\nparm:           bss_entries_limit:limit to number of scan BSS entries (per wiphy, default 1000) (int)\r\nparm:           ieee80211_regdom:IEEE 802.11 regulatory domain code (charp)\r\nparm:           cfg80211_disable_40mhz_24ghz:Disable 40MHz support in the 2.4GHz band (bool)\r\n\r\n##### module parameters #################\r\n\r\n[iwldvm]\r\nforce_cam: Y\r\n\r\n[mac80211]\r\nbeacon_loss_count: 7\r\nieee80211_default_rc_algo: minstrel_ht\r\nmax_nullfunc_tries: 2\r\nmax_probe_tries: 5\r\nminstrel_vht_only: Y\r\nprobe_wait_ms: 500\r\n\r\n[iwlwifi]\r\n11n_disable: 0\r\namsdu_size: 0\r\nantenna_coupling: 0\r\nbt_coex_active: Y\r\ndisable_11ac: N\r\ndisable_11ax: N\r\nenable_ini: N\r\nfw_monitor: N\r\nfw_restart: Y\r\nlar_disable: N\r\nled_mode: 0\r\nnvm_file: (null)\r\npower_level: 0\r\npower_save: N\r\nremove_when_gone: N\r\nswcrypto: 0\r\nuapsd_disable: 3\r\n\r\n[cfg80211]\r\nbss_entries_limit: 1000\r\ncfg80211_disable_40mhz_24ghz: N\r\nieee80211_regdom: 00\r\n\r\n##### /etc/modules ######################\r\n\r\n##### modprobe options ##################\r\n\r\n[/etc/modprobe.d/amd64-microcode-blacklist.conf]\r\nblacklist microcode\r\n\r\n[/etc/modprobe.d/blacklist-ath_pci.conf]\r\nblacklist ath_pci\r\n\r\n[/etc/modprobe.d/blacklist.conf]\r\nblacklist evbug\r\nblacklist usbmouse\r\nblacklist usbkbd\r\nblacklist eepro100\r\nblacklist de4x5\r\nblacklist eth1394\r\nblacklist snd_intel8x0m\r\nblacklist snd_aw2\r\nblacklist prism54\r\nblacklist bcm43xx\r\nblacklist garmin_gps\r\nblacklist asus_acpi\r\nblacklist snd_pcsp\r\nblacklist pcspkr\r\nblacklist amd76x_edac\r\n\r\n[/etc/modprobe.d/blacklist-rare-network.conf]\r\nalias net-pf-3 off\r\nalias net-pf-6 off\r\nalias net-pf-9 off\r\nalias net-pf-11 off\r\nalias net-pf-12 off\r\nalias net-pf-19 off\r\nalias net-pf-21 off\r\nalias net-pf-36 off\r\n\r\n[/etc/modprobe.d/intel-microcode-blacklist.conf]\r\nblacklist microcode\r\n\r\n[/etc/modprobe.d/iwlwifi.conf]\r\nremove iwlwifi \\\r\n(/sbin/lsmod | grep -o -e ^iwlmvm -e ^iwldvm -e ^iwlwifi | xargs /sbin/rmmod) \\\r\n&& /sbin/modprobe -r mac80211\r\n\r\n##### rc.local ##########################\r\n\r\ngrep: /etc/rc.local: No such file or directory\r\n\r\n##### pm-utils ##########################\r\n\r\n##### udev rules ########################\r\n\r\n##### dmesg #############################\r\n\r\n[  562.923000] iwlwifi 0000:02:00.0: 0x0000E774 | wait_event\r\n[  562.923003] iwlwifi 0000:02:00.0: 0x000000B4 | l2p_control\r\n[  562.923006] iwlwifi 0000:02:00.0: 0x000000C4 | l2p_duration\r\n[  562.923008] iwlwifi 0000:02:00.0: 0x0000000F | l2p_mhvalid\r\n[  562.923011] iwlwifi 0000:02:00.0: 0x001050C0 | l2p_addr_match\r\n[  562.923014] iwlwifi 0000:02:00.0: 0x00000005 | lmpm_pmg_sel\r\n[  562.923016] iwlwifi 0000:02:00.0: 0x06061222 | timestamp\r\n[  562.923019] iwlwifi 0000:02:00.0: 0x0000B0C8 | flow_handler\r\n[  562.923194] iwlwifi 0000:02:00.0: Start IWL Event Log Dump: display last 1 entries\r\n[  562.923261] iwlwifi 0000:02:00.0: EVT_LOGT:0005487465:0x0000010c:0123\r\n[  562.948994] iwlwifi 0000:02:00.0: Radio type=0x1-0x2-0x0 (repeated 2 times)\r\n[  569.476967] iwlwifi 0000:02:00.0: Microcode SW error detected.  Restarting 0x2000000.\r\n[  569.476978] iwlwifi 0000:02:00.0: Loaded firmware version: 18.168.6.1\r\n[  569.477343] iwlwifi 0000:02:00.0: Start IWL Error Log Dump:\r\n[  569.477347] iwlwifi 0000:02:00.0: Status: 0x0000004C, count: 6\r\n[  569.477350] iwlwifi 0000:02:00.0: 0x00000034 | NMI_INTERRUPT_WDG           \r\n[  569.477353] iwlwifi 0000:02:00.0: 0x00010050 | uPc\r\n[  569.477356] iwlwifi 0000:02:00.0: 0x0001001E | branchlink1\r\n[  569.477358] iwlwifi 0000:02:00.0: 0x00010126 | branchlink2\r\n[  569.477361] iwlwifi 0000:02:00.0: 0x0000D6BE | interruptlink1\r\n[  569.477364] iwlwifi 0000:02:00.0: 0x0001A6F8 | interruptlink2\r\n[  569.477366] iwlwifi 0000:02:00.0: 0x00000002 | data1\r\n[  569.477369] iwlwifi 0000:02:00.0: 0x07030000 | data2\r\n[  569.477372] iwlwifi 0000:02:00.0: 0x0000E79A | line\r\n[  569.477374] iwlwifi 0000:02:00.0: 0x0EC00FC0 | beacon time\r\n[  569.477377] iwlwifi 0000:02:00.0: 0x9CDEA03F | tsf low\r\n[  569.477380] iwlwifi 0000:02:00.0: 0x000002F9 | tsf hi\r\n[  569.477383] iwlwifi 0000:02:00.0: 0x00000000 | time gp1\r\n[  569.477385] iwlwifi 0000:02:00.0: 0x005ED2F8 | time gp2\r\n[  569.477388] iwlwifi 0000:02:00.0: 0x00000000 | time gp3\r\n[  569.477390] iwlwifi 0000:02:00.0: 0x754312A8 | uCode version\r\n[  569.477393] iwlwifi 0000:02:00.0: 0x000000B0 | hw version\r\n[  569.477396] iwlwifi 0000:02:00.0: 0x00488700 | board version\r\n[  569.477398] iwlwifi 0000:02:00.0: 0x0003001C | hcmd\r\n[  569.477401] iwlwifi 0000:02:00.0: 0xA6E63000 | isr0\r\n[  569.477403] iwlwifi 0000:02:00.0: 0x01018000 | isr1\r\n[  569.477406] iwlwifi 0000:02:00.0: 0x00000E1A | isr2\r\n[  569.477409] iwlwifi 0000:02:00.0: 0x8547FCC0 | isr3\r\n[  569.477411] iwlwifi 0000:02:00.0: 0x00000000 | isr4\r\n[  569.477414] iwlwifi 0000:02:00.0: 0x10800112 | isr_pref\r\n[  569.477416] iwlwifi 0000:02:00.0: 0x0000E79A | wait_event\r\n[  569.477419] iwlwifi 0000:02:00.0: 0x000000B4 | l2p_control\r\n[  569.477421] iwlwifi 0000:02:00.0: 0x000000C4 | l2p_duration\r\n[  569.477424] iwlwifi 0000:02:00.0: 0x0000000F | l2p_mhvalid\r\n[  569.477427] iwlwifi 0000:02:00.0: 0x001050C0 | l2p_addr_match\r\n[  569.477429] iwlwifi 0000:02:00.0: 0x00000005 | lmpm_pmg_sel\r\n[  569.477432] iwlwifi 0000:02:00.0: 0x06061222 | timestamp\r\n[  569.477435] iwlwifi 0000:02:00.0: 0x0000B8C8 | flow_handler\r\n[  569.477603] iwlwifi 0000:02:00.0: Start IWL Event Log Dump: display last 1 entries\r\n[  569.477669] iwlwifi 0000:02:00.0: EVT_LOGT:0006214384:0x0000010c:0123\r\n[  569.503120] iwlwifi 0000:02:00.0: Radio type=0x1-0x2-0x0 (repeated 2 times)\r\n[  585.566540] iwlwifi 0000:02:00.0: Microcode SW error detected.  Restarting 0x2000000.\r\n[  585.566552] iwlwifi 0000:02:00.0: Loaded firmware version: 18.168.6.1\r\n[  585.566944] iwlwifi 0000:02:00.0: Start IWL Error Log Dump:\r\n[  585.566948] iwlwifi 0000:02:00.0: Status: 0x000002CC, count: 6\r\n[  585.566951] iwlwifi 0000:02:00.0: 0x00000034 | NMI_INTERRUPT_WDG           \r\n[  585.566954] iwlwifi 0000:02:00.0: 0x00010050 | uPc\r\n[  585.566957] iwlwifi 0000:02:00.0: 0x0001001E | branchlink1\r\n[  585.566959] iwlwifi 0000:02:00.0: 0x00010126 | branchlink2\r\n[  585.566962] iwlwifi 0000:02:00.0: 0x0000D6BE | interruptlink1\r\n[  585.566965] iwlwifi 0000:02:00.0: 0x0001BD38 | interruptlink2\r\n[  585.566967] iwlwifi 0000:02:00.0: 0x00000002 | data1\r\n[  585.566970] iwlwifi 0000:02:00.0: 0x07030000 | data2\r\n[  585.566973] iwlwifi 0000:02:00.0: 0x00024C98 | line\r\n[  585.566976] iwlwifi 0000:02:00.0: 0x26416E76 | beacon time\r\n[  585.566978] iwlwifi 0000:02:00.0: 0x9DD42189 | tsf low\r\n[  585.566981] iwlwifi 0000:02:00.0: 0x000002F9 | tsf hi\r\n[  585.566984] iwlwifi 0000:02:00.0: 0x00000000 | time gp1\r\n[  585.566986] iwlwifi 0000:02:00.0: 0x00F05A9B | time gp2\r\n[  585.566989] iwlwifi 0000:02:00.0: 0x00000000 | time gp3\r\n[  585.566992] iwlwifi 0000:02:00.0: 0x754312A8 | uCode version\r\n[  585.566994] iwlwifi 0000:02:00.0: 0x000000B0 | hw version\r\n[  585.566997] iwlwifi 0000:02:00.0: 0x00488700 | board version\r\n[  585.567000] iwlwifi 0000:02:00.0: 0x0000001C | hcmd\r\n[  585.567002] iwlwifi 0000:02:00.0: 0xA7E63040 | isr0\r\n[  585.567005] iwlwifi 0000:02:00.0: 0x1101E000 | isr1\r\n[  585.567007] iwlwifi 0000:02:00.0: 0x00000E1A | isr2\r\n[  585.567010] iwlwifi 0000:02:00.0: 0x8543FCC0 | isr3\r\n[  585.567013] iwlwifi 0000:02:00.0: 0x00000000 | isr4\r\n[  585.567015] iwlwifi 0000:02:00.0: 0x10800112 | isr_pref\r\n[  585.567018] iwlwifi 0000:02:00.0: 0x00024C98 | wait_event\r\n[  585.567020] iwlwifi 0000:02:00.0: 0x000000B4 | l2p_control\r\n[  585.567023] iwlwifi 0000:02:00.0: 0x000000C4 | l2p_duration\r\n[  585.567026] iwlwifi 0000:02:00.0: 0x0000000F | l2p_mhvalid\r\n[  585.567028] iwlwifi 0000:02:00.0: 0x001050C0 | l2p_addr_match\r\n[  585.567031] iwlwifi 0000:02:00.0: 0x00000005 | lmpm_pmg_sel\r\n[  585.567035] iwlwifi 0000:02:00.0: 0x06061222 | timestamp\r\n[  585.567037] iwlwifi 0000:02:00.0: 0x0000E8F0 | flow_handler\r\n[  585.567211] iwlwifi 0000:02:00.0: Start IWL Event Log Dump: display last 1 entries\r\n[  585.567277] iwlwifi 0000:02:00.0: EVT_LOGT:0015751827:0x0000010c:0123\r\n[  585.593243] iwlwifi 0000:02:00.0: Radio type=0x1-0x2-0x0 (repeated 2 times)\r\n[  597.017259] wlp2s0: deauthenticating from <MAC 'MyWifi' [AC2]> by local choice (Reason: 3=DEAUTH_LEAVING)\r\n[  713.169503] e1000e: eno1 NIC Link is Up 100 Mbps Full Duplex, Flow Control: Rx/Tx\r\n[  713.169512] e1000e 0000:00:19.0 eno1: 10/100 speed: disabling TSO\r\n\r\n########## wireless info END ############",
    "YaraRule": [
        "enable_org32",
        "core_keywords"
    ]
}