{
    "scrape_url": "https://scrape.pastebin.com/api_scrape_item.php?i=vLmUTR3b",
    "full_url": "https://pastebin.com/vLmUTR3b",
    "date": "1594398564",
    "key": "vLmUTR3b",
    "size": 1677,
    "expire": "1594484964",
    "title": "",
    "syntax": "c",
    "user": "",
    "filename": "vLmUTR3b",
    "pasteid": "vLmUTR3b",
    "pastesite": "pastebin.com",
    "@timestamp": "2020-07-10T16:29:24",
    "MD5": "a15f7a599d8c8d491a356f3b221ec5a2",
    "SHA256": "ad18fb2dfeebd6f2e1ba8b75d1a91d679738bd079363f2d18fa9d22e3a33792e",
    "raw_paste": "#include<stdio.h>\r\n#include<pthread.h>\r\n#include<stdlib.h>\r\n#include <time.h>\r\n\r\n#define MAX_RESOURCES 5\r\nint available_resources = MAX_RESOURCES;\r\n\r\npthread_mutex_t lock;\r\n\r\n/* decrease available resources by count resources */\r\n/* return 0 if sufficient resources available, */\r\n/* otherwise return -1 */\r\nint decrease_count(int count)\r\n{\r\n  printf(\"No. of resources requested: %d \\n\", count);\r\n  if (available_resources < count)\r\n  {\r\n    printf(\"Not available \");\r\n    return -1;\r\n  }\r\n  else\r\n    {\r\n      printf(\"Available\");\r\n      pthread_mutex_lock(&lock);\r\n\r\n      available_resources -= count;\r\n      printf(\"Number of available resources is: %d \\n\", available_resources);\r\n\r\n      pthread_mutex_unlock(&lock);\r\n      pthread_exit(NULL);\r\n\r\n      return 0;\r\n    }\r\n}\r\n\r\n/* increase available resources by count */\r\nint increase_count(int count)\r\n{\r\n\r\n  printf(\"Returning number of resources: %d \\n\", count);\r\n  pthread_mutex_lock(&lock);\r\n\r\n  available_resources += count;\r\n  printf(\"Number of available resources is: %d \\n\", available_resources);\r\n\r\n  pthread_mutex_unlock(&lock);\r\n  pthread_exit(NULL);\r\n  return 0;\r\n}\r\n\r\nvoid randomnum()\r\n{\r\n  int i;\r\n\tfor (i = 0; i < 1; i++)\r\n  {\r\n\t\tint num = (rand() % (6));\r\n\t\tprintf(\"%d \", num);\r\n\t}\r\n}\r\n\r\n\r\nvoid *runner_fuction(void *request)\r\n{\r\n  int ret;\r\n  ret = decrease_count(no_res_req);\r\n  if(ret==-1)\r\n  {\r\n    return\r\n  }\r\n  else\r\n  {\r\n    ret = increase_count(no_of_req);\r\n  }\r\n}\r\n\r\n\r\nint main()\r\n{\r\n  int n;\r\n  int* numarr[5];\r\n  pthread_t* tid;\r\n  int* thrd;\r\n  for(int i=0; i < 5; i++)\r\n  {\r\n    thrd[i] = i;\r\n    numarr[i] = 5 - i;\r\n    pthread_create(&tid[i],NULL,&runner_fuction, (void*)&numarr[i]);\r\n  }\r\n}",
    "YaraRule": [
        "enable_org23",
        "core_keywords"
    ]
}