{
    "scrape_url": "https://scrape.pastebin.com/api_scrape_item.php?i=vPpPYT2G",
    "full_url": "https://pastebin.com/vPpPYT2G",
    "date": "1594298210",
    "key": "vPpPYT2G",
    "size": 12514,
    "expire": "0",
    "title": "",
    "syntax": "javascript",
    "user": "",
    "filename": "vPpPYT2G",
    "pasteid": "vPpPYT2G",
    "pastesite": "pastebin.com",
    "@timestamp": "2020-07-09T12:36:50",
    "MD5": "b6f3d1036875f77e3f90e9934a21a896",
    "SHA256": "fa3c482dffabd1072e29ccbad67f15b096e099cdd8f4d39fadace51d2f68a976",
    "raw_paste": "const pessoas = [\r\n  {\r\n    \"_id\": \"5f066297a3141bf82a303355\",\r\n    \"index\": 0,\r\n    \"guid\": \"5894636a-df8d-4f17-8709-d2d6794cb4e0\",\r\n    \"isActive\": true,\r\n    \"foto\": \"http://placehold.it/32x32\",\r\n    \"idade\": 29,\r\n    \"nome\": {\r\n      \"primeiro\": \"Silva\",\r\n      \"ultimo\": \"Benton\"\r\n    },\r\n    \"endereco\": {\r\n      \"tipoResidencia\": \"casa\",\r\n      \"tipo\": \"rua\",\r\n      \"val\": \"Doscher Street\"\r\n    }\r\n  },\r\n  {\r\n    \"_id\": \"5f066297653e7d23f457f1b7\",\r\n    \"index\": 1,\r\n    \"guid\": \"a78e28c5-c4e4-435b-996d-bff4275a279e\",\r\n    \"isActive\": false,\r\n    \"foto\": \"http://placehold.it/32x32\",\r\n    \"idade\": 47,\r\n    \"nome\": {\r\n      \"primeiro\": \"Gilliam\",\r\n      \"ultimo\": \"Tucker\"\r\n    },\r\n    \"endereco\": {\r\n      \"tipoResidencia\": \"casa\",\r\n      \"tipo\": \"avenida\",\r\n      \"val\": \"Fleet Street\"\r\n    }\r\n  },\r\n  {\r\n    \"_id\": \"5f0662976686f5d50c9f20f6\",\r\n    \"index\": 2,\r\n    \"guid\": \"849b0fe9-945e-4773-a6f9-3388ae706a88\",\r\n    \"isActive\": false,\r\n    \"foto\": \"http://placehold.it/32x32\",\r\n    \"idade\": 47,\r\n    \"nome\": {\r\n      \"primeiro\": \"Perez\",\r\n      \"ultimo\": \"Wise\"\r\n    },\r\n    \"endereco\": {\r\n      \"tipoResidencia\": \"apartamento\",\r\n      \"tipo\": \"rua\",\r\n      \"val\": \"Willmohr Street\"\r\n    }\r\n  },\r\n  {\r\n    \"_id\": \"5f0662975d2ad2ec481f0c4b\",\r\n    \"index\": 3,\r\n    \"guid\": \"ad51121b-b97a-4a3b-9513-959bc581a4f1\",\r\n    \"isActive\": false,\r\n    \"foto\": \"http://placehold.it/32x32\",\r\n    \"idade\": 41,\r\n    \"nome\": {\r\n      \"primeiro\": \"Faye\",\r\n      \"ultimo\": \"Sanchez\"\r\n    },\r\n    \"endereco\": {\r\n      \"tipoResidencia\": \"casa\",\r\n      \"tipo\": \"rua\",\r\n      \"val\": \"Hampton Avenue\"\r\n    }\r\n  },\r\n  {\r\n    \"_id\": \"5f066297f172a32d5d8c2fa7\",\r\n    \"index\": 4,\r\n    \"guid\": \"d7a1e717-a643-4ad4-934c-9a5b3edd9f84\",\r\n    \"isActive\": true,\r\n    \"foto\": \"http://placehold.it/32x32\",\r\n    \"idade\": 34,\r\n    \"nome\": {\r\n      \"primeiro\": \"Cheryl\",\r\n      \"ultimo\": \"Oneil\"\r\n    },\r\n    \"endereco\": {\r\n      \"tipoResidencia\": \"casa\",\r\n      \"tipo\": \"avenida\",\r\n      \"val\": \"Ridge Boulevard\"\r\n    }\r\n  },\r\n  {\r\n    \"_id\": \"5f066297a57e44bed9dc986e\",\r\n    \"index\": 5,\r\n    \"guid\": \"be75ce6f-250d-45ea-bcc8-d6740e8f1f59\",\r\n    \"isActive\": true,\r\n    \"foto\": \"http://placehold.it/32x32\",\r\n    \"idade\": 32,\r\n    \"nome\": {\r\n      \"primeiro\": \"Cathy\",\r\n      \"ultimo\": \"Armstrong\"\r\n    },\r\n    \"endereco\": {\r\n      \"tipoResidencia\": \"casa\",\r\n      \"tipo\": \"rua\",\r\n      \"val\": \"Boerum Street\"\r\n    }\r\n  },\r\n  {\r\n    \"_id\": \"5f0662973a56378d57a84543\",\r\n    \"index\": 6,\r\n    \"guid\": \"867f62d6-c4e1-4b55-984b-295b1b108d82\",\r\n    \"isActive\": false,\r\n    \"foto\": \"http://placehold.it/32x32\",\r\n    \"idade\": 20,\r\n    \"nome\": {\r\n      \"primeiro\": \"Paula\",\r\n      \"ultimo\": \"Harris\"\r\n    },\r\n    \"endereco\": {\r\n      \"tipoResidencia\": \"casa\",\r\n      \"tipo\": \"travessa\",\r\n      \"val\": \"Seton Place\"\r\n    }\r\n  },\r\n  {\r\n    \"_id\": \"5f0662973fe373ec9b1fab73\",\r\n    \"index\": 7,\r\n    \"guid\": \"dc4cf3ce-59a4-49b8-ad3c-5253de0838c6\",\r\n    \"isActive\": true,\r\n    \"foto\": \"http://placehold.it/32x32\",\r\n    \"idade\": 34,\r\n    \"nome\": {\r\n      \"primeiro\": \"Rebecca\",\r\n      \"ultimo\": \"Castaneda\"\r\n    },\r\n    \"endereco\": {\r\n      \"tipoResidencia\": \"casa\",\r\n      \"tipo\": \"rua\",\r\n      \"val\": \"Pine Street\"\r\n    }\r\n  },\r\n  {\r\n    \"_id\": \"5f0662973e4bf91f41060288\",\r\n    \"index\": 8,\r\n    \"guid\": \"2c6dfded-0529-40d9-9c89-4b76943c62f0\",\r\n    \"isActive\": false,\r\n    \"foto\": \"http://placehold.it/32x32\",\r\n    \"idade\": 29,\r\n    \"nome\": {\r\n      \"primeiro\": \"Tillman\",\r\n      \"ultimo\": \"Murphy\"\r\n    },\r\n    \"endereco\": {\r\n      \"tipoResidencia\": \"apartamento\",\r\n      \"tipo\": \"avenida\",\r\n      \"val\": \"Bevy Court\"\r\n    }\r\n  },\r\n  {\r\n    \"_id\": \"5f066297b7ce0ab0ac6b21d7\",\r\n    \"index\": 9,\r\n    \"guid\": \"eb19b6a2-d5a3-484b-96db-cfe28ba76d8e\",\r\n    \"isActive\": false,\r\n    \"foto\": \"http://placehold.it/32x32\",\r\n    \"idade\": 28,\r\n    \"nome\": {\r\n      \"primeiro\": \"June\",\r\n      \"ultimo\": \"Stuart\"\r\n    },\r\n    \"endereco\": {\r\n      \"tipoResidencia\": \"apartamento\",\r\n      \"tipo\": \"rua\",\r\n      \"val\": \"Pioneer Street\"\r\n    }\r\n  },\r\n  {\r\n    \"_id\": \"5f06629705bf41314101e3b8\",\r\n    \"index\": 10,\r\n    \"guid\": \"1a19d968-81a9-404a-bbcb-a0fff67c650a\",\r\n    \"isActive\": false,\r\n    \"foto\": \"http://placehold.it/32x32\",\r\n    \"idade\": 38,\r\n    \"nome\": {\r\n      \"primeiro\": \"Teresa\",\r\n      \"ultimo\": \"Gutierrez\"\r\n    },\r\n    \"endereco\": {\r\n      \"tipoResidencia\": \"apartamento\",\r\n      \"tipo\": \"rua\",\r\n      \"val\": \"Preston Court\"\r\n    }\r\n  },\r\n  {\r\n    \"_id\": \"5f066297c1d7495ab9b6f910\",\r\n    \"index\": 11,\r\n    \"guid\": \"ac865365-6a53-4f19-b053-f12b5d4d5e7a\",\r\n    \"isActive\": false,\r\n    \"foto\": \"http://placehold.it/32x32\",\r\n    \"idade\": 22,\r\n    \"nome\": {\r\n      \"primeiro\": \"Chelsea\",\r\n      \"ultimo\": \"Aguirre\"\r\n    },\r\n    \"endereco\": {\r\n      \"tipoResidencia\": \"apartamento\",\r\n      \"tipo\": \"avenida\",\r\n      \"val\": \"Bradford Street\"\r\n    }\r\n  },\r\n  {\r\n    \"_id\": \"5f0662973bdfc52c4204dc49\",\r\n    \"index\": 12,\r\n    \"guid\": \"54f6b4f9-83e8-4bed-845b-d7df5046ef38\",\r\n    \"isActive\": true,\r\n    \"foto\": \"http://placehold.it/32x32\",\r\n    \"idade\": 41,\r\n    \"nome\": {\r\n      \"primeiro\": \"Celina\",\r\n      \"ultimo\": \"Cooke\"\r\n    },\r\n    \"endereco\": {\r\n      \"tipoResidencia\": \"apartamento\",\r\n      \"tipo\": \"rua\",\r\n      \"val\": \"Surf Avenue\"\r\n    }\r\n  },\r\n  {\r\n    \"_id\": \"5f0662972edc6c6704b218a3\",\r\n    \"index\": 13,\r\n    \"guid\": \"65be396e-4977-44b4-aa59-f37739064082\",\r\n    \"isActive\": true,\r\n    \"foto\": \"http://placehold.it/32x32\",\r\n    \"idade\": 35,\r\n    \"nome\": {\r\n      \"primeiro\": \"Cassandra\",\r\n      \"ultimo\": \"Estes\"\r\n    },\r\n    \"endereco\": {\r\n      \"tipoResidencia\": \"apartamento\",\r\n      \"tipo\": \"avenida\",\r\n      \"val\": \"Division Place\"\r\n    }\r\n  },\r\n  {\r\n    \"_id\": \"5f066297fcde79da3f8f946c\",\r\n    \"index\": 14,\r\n    \"guid\": \"821b445b-6b34-4955-b644-04982cec9652\",\r\n    \"isActive\": true,\r\n    \"foto\": \"http://placehold.it/32x32\",\r\n    \"idade\": 28,\r\n    \"nome\": {\r\n      \"primeiro\": \"Adela\",\r\n      \"ultimo\": \"Hancock\"\r\n    },\r\n    \"endereco\": {\r\n      \"tipoResidencia\": \"apartamento\",\r\n      \"tipo\": \"travessa\",\r\n      \"val\": \"Belmont Avenue\"\r\n    }\r\n  },\r\n  {\r\n    \"_id\": \"5f0662975c1db556b45c1b4b\",\r\n    \"index\": 15,\r\n    \"guid\": \"3949835e-955b-4fcc-a74d-e63880cccc4c\",\r\n    \"isActive\": true,\r\n    \"foto\": \"http://placehold.it/32x32\",\r\n    \"idade\": 36,\r\n    \"nome\": {\r\n      \"primeiro\": \"Conley\",\r\n      \"ultimo\": \"Drake\"\r\n    },\r\n    \"endereco\": {\r\n      \"tipoResidencia\": \"apartamento\",\r\n      \"tipo\": \"travessa\",\r\n      \"val\": \"Herkimer Street\"\r\n    }\r\n  },\r\n  {\r\n    \"_id\": \"5f0662977f82592a85930f1b\",\r\n    \"index\": 16,\r\n    \"guid\": \"a863596f-7579-436b-8edc-82a268f5e3b9\",\r\n    \"isActive\": true,\r\n    \"foto\": \"http://placehold.it/32x32\",\r\n    \"idade\": 19,\r\n    \"nome\": {\r\n      \"primeiro\": \"Hester\",\r\n      \"ultimo\": \"Faulkner\"\r\n    },\r\n    \"endereco\": {\r\n      \"tipoResidencia\": \"casa\",\r\n      \"tipo\": \"travessa\",\r\n      \"val\": \"Durland Place\"\r\n    }\r\n  },\r\n  {\r\n    \"_id\": \"5f066297b2b44428790af086\",\r\n    \"index\": 17,\r\n    \"guid\": \"03a250d8-a4d1-4b8d-9d5d-561924c31f63\",\r\n    \"isActive\": false,\r\n    \"foto\": \"http://placehold.it/32x32\",\r\n    \"idade\": 27,\r\n    \"nome\": {\r\n      \"primeiro\": \"Olsen\",\r\n      \"ultimo\": \"Casey\"\r\n    },\r\n    \"endereco\": {\r\n      \"tipoResidencia\": \"apartamento\",\r\n      \"tipo\": \"travessa\",\r\n      \"val\": \"Juliana Place\"\r\n    }\r\n  },\r\n  {\r\n    \"_id\": \"5f066297bc39b0715b8a3e6b\",\r\n    \"index\": 18,\r\n    \"guid\": \"12621299-60d2-4019-a29f-cfbe9d374ead\",\r\n    \"isActive\": false,\r\n    \"foto\": \"http://placehold.it/32x32\",\r\n    \"idade\": 35,\r\n    \"nome\": {\r\n      \"primeiro\": \"Holly\",\r\n      \"ultimo\": \"Jensen\"\r\n    },\r\n    \"endereco\": {\r\n      \"tipoResidencia\": \"apartamento\",\r\n      \"tipo\": \"avenida\",\r\n      \"val\": \"Dennett Place\"\r\n    }\r\n  },\r\n  {\r\n    \"_id\": \"5f066297ffccf224db050308\",\r\n    \"index\": 19,\r\n    \"guid\": \"19c7efce-6b2a-44cd-b6fc-c034b69dc57c\",\r\n    \"isActive\": false,\r\n    \"foto\": \"http://placehold.it/32x32\",\r\n    \"idade\": 33,\r\n    \"nome\": {\r\n      \"primeiro\": \"Margery\",\r\n      \"ultimo\": \"Alvarez\"\r\n    },\r\n    \"endereco\": {\r\n      \"tipoResidencia\": \"apartamento\",\r\n      \"tipo\": \"avenida\",\r\n      \"val\": \"Varick Avenue\"\r\n    }\r\n  },\r\n  {\r\n    \"_id\": \"5f066297c2ca05f02db090b7\",\r\n    \"index\": 20,\r\n    \"guid\": \"23515db9-390e-4477-93d8-31544791ed29\",\r\n    \"isActive\": true,\r\n    \"foto\": \"http://placehold.it/32x32\",\r\n    \"idade\": 38,\r\n    \"nome\": {\r\n      \"primeiro\": \"Justice\",\r\n      \"ultimo\": \"Marshall\"\r\n    },\r\n    \"endereco\": {\r\n      \"tipoResidencia\": \"casa\",\r\n      \"tipo\": \"travessa\",\r\n      \"val\": \"Portland Avenue\"\r\n    }\r\n  },\r\n  {\r\n    \"_id\": \"5f06629701d69aa9f78a4f32\",\r\n    \"index\": 21,\r\n    \"guid\": \"a7d04802-0ec8-4f00-9ff6-dbc7ab1455f2\",\r\n    \"isActive\": true,\r\n    \"foto\": \"http://placehold.it/32x32\",\r\n    \"idade\": 35,\r\n    \"nome\": {\r\n      \"primeiro\": \"Sharon\",\r\n      \"ultimo\": \"Sweeney\"\r\n    },\r\n    \"endereco\": {\r\n      \"tipoResidencia\": \"casa\",\r\n      \"tipo\": \"avenida\",\r\n      \"val\": \"Barbey Street\"\r\n    }\r\n  },\r\n  {\r\n    \"_id\": \"5f066297bf15324ef479925f\",\r\n    \"index\": 22,\r\n    \"guid\": \"3ac0b967-c319-4d18-90e3-23c16da63aac\",\r\n    \"isActive\": false,\r\n    \"foto\": \"http://placehold.it/32x32\",\r\n    \"idade\": 36,\r\n    \"nome\": {\r\n      \"primeiro\": \"Baker\",\r\n      \"ultimo\": \"Vasquez\"\r\n    },\r\n    \"endereco\": {\r\n      \"tipoResidencia\": \"apartamento\",\r\n      \"tipo\": \"rua\",\r\n      \"val\": \"Ira Court\"\r\n    }\r\n  },\r\n  {\r\n    \"_id\": \"5f066297fba14d54fe44a34c\",\r\n    \"index\": 23,\r\n    \"guid\": \"38c10012-c3d9-466d-9870-0dfc9bfe33bf\",\r\n    \"isActive\": false,\r\n    \"foto\": \"http://placehold.it/32x32\",\r\n    \"idade\": 25,\r\n    \"nome\": {\r\n      \"primeiro\": \"Rhonda\",\r\n      \"ultimo\": \"Solomon\"\r\n    },\r\n    \"endereco\": {\r\n      \"tipoResidencia\": \"casa\",\r\n      \"tipo\": \"travessa\",\r\n      \"val\": \"Colby Court\"\r\n    }\r\n  },\r\n  {\r\n    \"_id\": \"5f066297e21315b5838f380c\",\r\n    \"index\": 24,\r\n    \"guid\": \"218a1075-b986-4df6-b5e1-7fb057df962a\",\r\n    \"isActive\": false,\r\n    \"foto\": \"http://placehold.it/32x32\",\r\n    \"idade\": 43,\r\n    \"nome\": {\r\n      \"primeiro\": \"Judy\",\r\n      \"ultimo\": \"Molina\"\r\n    },\r\n    \"endereco\": {\r\n      \"tipoResidencia\": \"casa\",\r\n      \"tipo\": \"travessa\",\r\n      \"val\": \"Pierrepont Street\"\r\n    }\r\n  },\r\n  {\r\n    \"_id\": \"5f066297b515fea4a4e102ef\",\r\n    \"index\": 25,\r\n    \"guid\": \"01471ba8-9e20-499d-adf0-aaebbc168325\",\r\n    \"isActive\": true,\r\n    \"foto\": \"http://placehold.it/32x32\",\r\n    \"idade\": 20,\r\n    \"nome\": {\r\n      \"primeiro\": \"Felecia\",\r\n      \"ultimo\": \"Carlson\"\r\n    },\r\n    \"endereco\": {\r\n      \"tipoResidencia\": \"casa\",\r\n      \"tipo\": \"travessa\",\r\n      \"val\": \"Willow Street\"\r\n    }\r\n  },\r\n  {\r\n    \"_id\": \"5f066297c042d8685b683b2a\",\r\n    \"index\": 26,\r\n    \"guid\": \"b9e0314a-d5b5-4141-8324-01c9403334ba\",\r\n    \"isActive\": true,\r\n    \"foto\": \"http://placehold.it/32x32\",\r\n    \"idade\": 18,\r\n    \"nome\": {\r\n      \"primeiro\": \"Roberta\",\r\n      \"ultimo\": \"Emerson\"\r\n    },\r\n    \"endereco\": {\r\n      \"tipoResidencia\": \"casa\",\r\n      \"tipo\": \"travessa\",\r\n      \"val\": \"Homecrest Court\"\r\n    }\r\n  },\r\n  {\r\n    \"_id\": \"5f0662979fae5199af1bbd12\",\r\n    \"index\": 27,\r\n    \"guid\": \"56560258-ce28-4323-92cd-35712c245cac\",\r\n    \"isActive\": false,\r\n    \"foto\": \"http://placehold.it/32x32\",\r\n    \"idade\": 30,\r\n    \"nome\": {\r\n      \"primeiro\": \"Faulkner\",\r\n      \"ultimo\": \"Huff\"\r\n    },\r\n    \"endereco\": {\r\n      \"tipoResidencia\": \"casa\",\r\n      \"tipo\": \"avenida\",\r\n      \"val\": \"Hyman Court\"\r\n    }\r\n  },\r\n  {\r\n    \"_id\": \"5f06629791d25b84069ece6c\",\r\n    \"index\": 28,\r\n    \"guid\": \"cb701f12-3bdd-4f80-81e2-1707f5f37a19\",\r\n    \"isActive\": true,\r\n    \"foto\": \"http://placehold.it/32x32\",\r\n    \"idade\": 26,\r\n    \"nome\": {\r\n      \"primeiro\": \"Dee\",\r\n      \"ultimo\": \"Velasquez\"\r\n    },\r\n    \"endereco\": {\r\n      \"tipoResidencia\": \"casa\",\r\n      \"tipo\": \"travessa\",\r\n      \"val\": \"Beaumont Street\"\r\n    }\r\n  },\r\n  {\r\n    \"_id\": \"5f066297edb4e9ac01699f9e\",\r\n    \"index\": 29,\r\n    \"guid\": \"304c0e15-ee87-477f-91de-64c1b72ded56\",\r\n    \"isActive\": true,\r\n    \"foto\": \"http://placehold.it/32x32\",\r\n    \"idade\": 30,\r\n    \"nome\": {\r\n      \"primeiro\": \"Burns\",\r\n      \"ultimo\": \"Ashley\"\r\n    },\r\n    \"endereco\": {\r\n      \"tipoResidencia\": \"apartamento\",\r\n      \"tipo\": \"rua\",\r\n      \"val\": \"Cass Place\"\r\n    }\r\n  }\r\n];\r\n\r\n// Foca no caminho endereco.tipoResidencia e traz a vis\u00e3o dos dados\r\n// R.view(R.lensPath(['endereco', 'tipoResidencia']))\r\n\r\n// Mapeia a vis\u00e3o para o meu array\r\n//R.map(R.view(R.lensPath(['endereco', 'tipoResidencia'])), pessoas)\r\n\r\n// Conta cada ocorr\u00eancia pela identidade\r\n// R.countBy(R.identity)(R.map(R.view(R.lensPath(['endereco', 'tipoResidencia'])), pessoas));\r\n\r\nR.countBy(R.identity)(R.map(R.view(R.lensPath(['endereco', 'tipoResidencia'])), pessoas));",
    "YaraRule": [
        "enable_org32",
        "core_keywords"
    ]
}