{
    "scrape_url": "https://scrape.pastebin.com/api_scrape_item.php?i=wddLxR62",
    "full_url": "https://pastebin.com/wddLxR62",
    "date": "1594315735",
    "key": "wddLxR62",
    "size": 765,
    "expire": "0",
    "title": "miningTunnel.lua",
    "syntax": "lua",
    "user": "",
    "filename": "wddLxR62",
    "pasteid": "wddLxR62",
    "pastesite": "pastebin.com",
    "@timestamp": "2020-07-09T17:28:55",
    "MD5": "a9f9e2c2416f9dc7f1ca8016aff05607",
    "SHA256": "7e644895c1fce3769bfd7ef5e1e1f2e5752a2373abe4193c859e31c291beb71a",
    "raw_paste": "function mA()\r\n    turtle.dig()\r\n    turtle.forward()\r\n    turtle.digUp()\r\nend\r\n\r\nfunction placeTorch()\r\n    turtle.up()\r\n    turtle.turnRight()\r\n    turtle.dig()\r\n    turtle.select(16)\r\n    turtle.place()\r\n    turtle.turnLeft()\r\n    turtle.down()\r\nend\r\nfunction mining()\r\n    for kratka=1,50 do\r\n        if kratka % 8 == 0 then\r\n            placeTorch()\r\n        end\r\n        mA()\r\n    end    \r\nend\r\n\r\nfunction turning()\r\n    turtle.turnRight()\r\n    mA()\r\n    mA()\r\n    mA()\r\n    mA()\r\n    turtle.turnRight()\r\nend\r\n\r\nfunction dropItemsInChest()\r\n    turtle.select(15)\r\n    turtle.dig()\r\n    turtle.place()\r\n    \r\n    for miejsce=1,14 do\r\n        turtle.select(miejsce)\r\n        turtle.drop()\r\n    end\r\n    \r\nend\r\n\r\nmining()\r\nturning()\r\nmining()\r\ndropItemsInChest()",
    "YaraRule": [
        "enable_org32",
        "core_keywords"
    ]
}