{
    "scrape_url": "https://scrape.pastebin.com/api_scrape_item.php?i=wzgbWBHz",
    "full_url": "https://pastebin.com/wzgbWBHz",
    "date": "1594370433",
    "key": "wzgbWBHz",
    "size": 542,
    "expire": "0",
    "title": "",
    "syntax": "python",
    "user": "",
    "filename": "wzgbWBHz",
    "pasteid": "wzgbWBHz",
    "pastesite": "pastebin.com",
    "@timestamp": "2020-07-10T08:40:33",
    "MD5": "76f23628be829e9815739f60c59b7585",
    "SHA256": "89012615ee0cf2288c9e25e77a2aec3f47e111c02fb594b28ec6973bb485f8c2",
    "raw_paste": "from reportlab.pdfgen import canvas\r\n\r\ndataSiswa = {\r\n\t\"nama\" : \"Decade\",\r\n\t\"kelas\" : \"-\",\r\n\t\"laporan\" : \"Rapot\"\r\n}\r\n\r\nclass Data:\r\n\r\n\tdef __init__(self, filename, documentTitle, heading):\r\n\t\tself.filename = filename\r\n\t\tself.documentTitle = documentTitle\r\n\t\tself.heading = heading\r\n\r\n\r\n\r\nmyData = Data(str(dataSiswa['nama']+dataSiswa['kelas']+\".pdf\"), \"Hasil Ujian\", dataSiswa['laporan'])\r\nmyPdf = canvas.Canvas(myData.filename)\r\nmyPdf.setTitle(myData.documentTitle)\r\n\r\nmyPdf.drawString(285,800,myData.heading)#x,y\r\nmyPdf.save()\r\n#print(\"OK\")",
    "YaraRule": [
        "enable_org32",
        "core_keywords"
    ]
}