{
    "scrape_url": "https://scrape.pastebin.com/api_scrape_item.php?i=XDMmsLjK",
    "full_url": "https://pastebin.com/XDMmsLjK",
    "date": "1594390363",
    "key": "XDMmsLjK",
    "size": 1291,
    "expire": "1594476763",
    "title": "",
    "syntax": "c",
    "user": "",
    "filename": "XDMmsLjK",
    "pasteid": "XDMmsLjK",
    "pastesite": "pastebin.com",
    "@timestamp": "2020-07-10T14:12:43",
    "MD5": "da00921b9c31e795f0ceeedb8266e3ca",
    "SHA256": "42cacef8999b481042b718316fca080c6c3c6919ec78898f9681ea3eb2212b42",
    "raw_paste": "#include<stdio.h>\r\n#include<pthread.h>\r\n#include<stdlib.h>\r\n\r\n#define MAX_RESOURCES 5\r\nint available_resources = MAX_RESOURCES;\r\nint count_dec = 3;\r\nint count_inc = 2;\r\n\r\npthread_mutex_t lock;\r\n\r\n/* decrease available resources by count resources */\r\n/* return 0 if sufficient resources available, */\r\n/* otherwise return -1 */\r\nint decrease_count(int count)\r\n{\r\n  if (available_resources < count)\r\n    return -1;\r\n  else\r\n    {\r\n      pthread_mutex_lock(&lock);\r\n\r\n      available_resources -= count;\r\n      printf(\"Number of available resources is: %d \\n\", available_resources);\r\n\r\n      pthread_mutex_unlock(&lock);\r\n      pthread_exit(NULL);\r\n\r\n      return 0;\r\n    }\r\n}\r\n\r\n/* increase available resources by count */\r\nint increase_count(int count)\r\n{\r\n  pthread_mutex_lock(&lock);\r\n\r\n  available_resources += count;\r\n  printf(\"Number of available resources is: %d \\n\", available_resources);\r\n\r\n  pthread_mutex_unlock(&lock);\r\n  pthread_exit(NULL);\r\n  return 0;\r\n}\r\n\r\nvoid *inc()\r\n{\r\n  increase_count(count_inc);\r\n}\r\n\r\nvoid *dec()\r\n{\r\n  decrease_count(count_dec);\r\n}\r\n\r\n\r\nint main()\r\n{\r\n  int n,i;\r\n  pthread_t thrd1;\r\n  pthread_t thrd2;\r\n  n=pthread_create(&thrd1,NULL,&dec,NULL);\r\n\tpthread_join(thrd1,NULL);\r\n  n=pthread_create(&thrd2,NULL,&inc,NULL);\r\n  pthread_join(thrd2,NULL);\r\n\r\n}",
    "YaraRule": [
        "enable_org23",
        "core_keywords"
    ]
}