{
    "scrape_url": "https://scrape.pastebin.com/api_scrape_item.php?i=XNbkS9xb",
    "full_url": "https://pastebin.com/XNbkS9xb",
    "date": "1594301685",
    "key": "XNbkS9xb",
    "size": 63998,
    "expire": "1594388085",
    "title": "",
    "syntax": "json",
    "user": "",
    "filename": "XNbkS9xb",
    "pasteid": "XNbkS9xb",
    "pastesite": "pastebin.com",
    "@timestamp": "2020-07-09T13:34:45",
    "MD5": "e1e22a87155677ae46f06a1d432c6029",
    "SHA256": "1e98dc88ffdc7d8859faf60af26e3e552059d162f8467dbde036ad1d77e149d7",
    "raw_paste": "{\r\n    \"errorReference\": null,\r\n    \"data\": {\r\n        \"supplierName\": \"5 Star Grand Canyon Helicopter Tours\",\r\n        \"currencyCode\": \"USD\",\r\n        \"catIds\": [\r\n            1,\r\n            25,\r\n            12\r\n        ],\r\n        \"subCatIds\": [\r\n            96,\r\n            113,\r\n            2,\r\n            99\r\n        ],\r\n        \"webURL\": null,\r\n        \"specialReservationDetails\": null,\r\n        \"sslSupported\": false,\r\n        \"rating\": 4.4442677,\r\n        \"panoramaCount\": 0,\r\n        \"merchantCancellable\": true,\r\n        \"bookingEngineId\": \"FreesaleBE\",\r\n        \"onRequestPeriod\": null,\r\n        \"primaryGroupId\": null,\r\n        \"pas\": null,\r\n        \"available\": true,\r\n        \"productUrlName\": \"Deluxe-Las-Vegas-Helicopter-Night-Flight-with-VIP-Transportation\",\r\n        \"primaryDestinationUrlName\": \"Las-Vegas\",\r\n        \"voucherRequirements\": \"You can present either a paper or an electronic voucher for this activity.\",\r\n        \"tourGradesAvailable\": true,\r\n        \"hotelPickup\": true,\r\n        \"userPhotos\": null,\r\n        \"reviews\": [\r\n            {\r\n                \"sortOrder\": 1,\r\n                \"ownerName\": \"Carlos G\",\r\n                \"ownerCountry\": null,\r\n                \"productTitle\": \"Las Vegas Helicopter Night Flight with Optional VIP Transportation\",\r\n                \"productUrlName\": \"Deluxe-Las-Vegas-Helicopter-Night-Flight-with-VIP-Transportation\",\r\n                \"ownerAvatarURL\": null,\r\n                \"sslSupported\": false,\r\n                \"viatorNotes\": \"\",\r\n                \"viatorFeedback\": \"\",\r\n                \"productCode\": \"5516ST5\",\r\n                \"submissionDate\": \"2020-07-01\",\r\n                \"review\": \"<p>Amazing service and great staff. Really recommend this experience.  It was a memorable moment in our lives.</p>\",\r\n                \"rating\": 5,\r\n                \"publishedDate\": \"\",\r\n                \"ownerId\": 72210695,\r\n                \"reviewId\": 72412069\r\n            },\r\n            {\r\n                \"sortOrder\": 2,\r\n                \"ownerName\": \"Christine\",\r\n                \"ownerCountry\": null,\r\n                \"productTitle\": \"Las Vegas Helicopter Night Flight with Optional VIP Transportation\",\r\n                \"productUrlName\": \"Deluxe-Las-Vegas-Helicopter-Night-Flight-with-VIP-Transportation\",\r\n                \"ownerAvatarURL\": null,\r\n                \"sslSupported\": false,\r\n                \"viatorNotes\": \"\",\r\n                \"viatorFeedback\": \"\",\r\n                \"productCode\": \"5516ST5\",\r\n                \"submissionDate\": \"2020-06-29\",\r\n                \"review\": \"<p>I had an amazing time! The staff was so friendly and explained everything. Our pilot Jerry was great! Beautiful views of Las Vegas at night, overall it was a blast!</p>\",\r\n                \"rating\": 5,\r\n                \"publishedDate\": \"\",\r\n                \"ownerId\": 72328829,\r\n                \"reviewId\": 72388537\r\n            },\r\n            {\r\n                \"sortOrder\": 3,\r\n                \"ownerName\": \"Micah\",\r\n                \"ownerCountry\": null,\r\n                \"productTitle\": \"Las Vegas Helicopter Night Flight with Optional VIP Transportation\",\r\n                \"productUrlName\": \"Deluxe-Las-Vegas-Helicopter-Night-Flight-with-VIP-Transportation\",\r\n                \"ownerAvatarURL\": null,\r\n                \"sslSupported\": false,\r\n                \"viatorNotes\": \"\",\r\n                \"viatorFeedback\": \"\",\r\n                \"productCode\": \"5516ST5\",\r\n                \"submissionDate\": \"2020-06-29\",\r\n                \"review\": \"<p>Best time ever had. Never flew in a helicopter before. Now I can officially cross it off my bucketlist. I would definitely go again. If you get to do it do it at night. The best part.</p>\",\r\n                \"rating\": 5,\r\n                \"publishedDate\": \"\",\r\n                \"ownerId\": 72354505,\r\n                \"reviewId\": 72388779\r\n            },\r\n            {\r\n                \"sortOrder\": 4,\r\n                \"ownerName\": \"Alejandro\",\r\n                \"ownerCountry\": null,\r\n                \"productTitle\": \"Las Vegas Helicopter Night Flight with Optional VIP Transportation\",\r\n                \"productUrlName\": \"Deluxe-Las-Vegas-Helicopter-Night-Flight-with-VIP-Transportation\",\r\n                \"ownerAvatarURL\": null,\r\n                \"sslSupported\": false,\r\n                \"viatorNotes\": \"\",\r\n                \"viatorFeedback\": \"\",\r\n                \"productCode\": \"5516ST5\",\r\n                \"submissionDate\": \"2020-06-29\",\r\n                \"review\": \"<p>Really good super recomend it to any one in the area<br/>\\nMoney welll spent i will do this in a heart beat</p>\",\r\n                \"rating\": 5,\r\n                \"publishedDate\": \"\",\r\n                \"ownerId\": 72268979,\r\n                \"reviewId\": 72389103\r\n            },\r\n            {\r\n                \"sortOrder\": 5,\r\n                \"ownerName\": \"MissyAnn\",\r\n                \"ownerCountry\": null,\r\n                \"productTitle\": \"Las Vegas Helicopter Night Flight with Optional VIP Transportation\",\r\n                \"productUrlName\": \"Deluxe-Las-Vegas-Helicopter-Night-Flight-with-VIP-Transportation\",\r\n                \"ownerAvatarURL\": null,\r\n                \"sslSupported\": false,\r\n                \"viatorNotes\": \"\",\r\n                \"viatorFeedback\": \"\",\r\n                \"productCode\": \"5516ST5\",\r\n                \"submissionDate\": \"2020-06-29\",\r\n                \"review\": \"<p>Our pilot was amazing! He was easy going,  very informative and funny.  It was both mine and my boyfriend's first time and he absolutely made it memorable. We were able to capture some amazing photos with his help. Thank you so much!</p>\",\r\n                \"rating\": 5,\r\n                \"publishedDate\": \"\",\r\n                \"ownerId\": 72324727,\r\n                \"reviewId\": 72389257\r\n            },\r\n            {\r\n                \"sortOrder\": 6,\r\n                \"ownerName\": \"David\",\r\n                \"ownerCountry\": null,\r\n                \"productTitle\": \"Las Vegas Helicopter Night Flight with Optional VIP Transportation\",\r\n                \"productUrlName\": \"Deluxe-Las-Vegas-Helicopter-Night-Flight-with-VIP-Transportation\",\r\n                \"ownerAvatarURL\": null,\r\n                \"sslSupported\": false,\r\n                \"viatorNotes\": \"\",\r\n                \"viatorFeedback\": \"\",\r\n                \"productCode\": \"5516ST5\",\r\n                \"submissionDate\": \"2020-06-26\",\r\n                \"review\": \"<p>Everyone was really nice and everything went very smooth. Recommend this to anyone. Will be coming back here.</p>\",\r\n                \"rating\": 5,\r\n                \"publishedDate\": \"\",\r\n                \"ownerId\": 72331247,\r\n                \"reviewId\": 72349389\r\n            },\r\n            {\r\n                \"sortOrder\": 7,\r\n                \"ownerName\": \"Gina\",\r\n                \"ownerCountry\": null,\r\n                \"productTitle\": \"Las Vegas Helicopter Night Flight with Optional VIP Transportation\",\r\n                \"productUrlName\": \"Deluxe-Las-Vegas-Helicopter-Night-Flight-with-VIP-Transportation\",\r\n                \"ownerAvatarURL\": null,\r\n                \"sslSupported\": false,\r\n                \"viatorNotes\": \"\",\r\n                \"viatorFeedback\": \"\",\r\n                \"productCode\": \"5516ST5\",\r\n                \"submissionDate\": \"2020-06-26\",\r\n                \"review\": \"<p>A blast - great personable pilot  and  crew! Champagne toast and pick up / drop off was perfect - outstanding views!!!</p>\",\r\n                \"rating\": 5,\r\n                \"publishedDate\": \"\",\r\n                \"ownerId\": 72320101,\r\n                \"reviewId\": 72349461\r\n            },\r\n            {\r\n                \"sortOrder\": 8,\r\n                \"ownerName\": \"\",\r\n                \"ownerCountry\": null,\r\n                \"productTitle\": \"Las Vegas Helicopter Night Flight with Optional VIP Transportation\",\r\n                \"productUrlName\": \"Deluxe-Las-Vegas-Helicopter-Night-Flight-with-VIP-Transportation\",\r\n                \"ownerAvatarURL\": null,\r\n                \"sslSupported\": false,\r\n                \"viatorNotes\": \"\",\r\n                \"viatorFeedback\": \"\",\r\n                \"productCode\": \"5516ST5\",\r\n                \"submissionDate\": \"2020-06-23\",\r\n                \"review\": \"<p>Really enjoyed this flight! Our pilot had a great personality and my wife was pleasantly surprised for her birthday. Just wish it was a longer tour...</p>\",\r\n                \"rating\": 5,\r\n                \"publishedDate\": \"\",\r\n                \"ownerId\": 67328083,\r\n                \"reviewId\": 72315279\r\n            },\r\n            {\r\n                \"sortOrder\": 9,\r\n                \"ownerName\": \"ANGELA T\",\r\n                \"ownerCountry\": null,\r\n                \"productTitle\": \"Las Vegas Helicopter Night Flight with Optional VIP Transportation\",\r\n                \"productUrlName\": \"Deluxe-Las-Vegas-Helicopter-Night-Flight-with-VIP-Transportation\",\r\n                \"ownerAvatarURL\": null,\r\n                \"sslSupported\": false,\r\n                \"viatorNotes\": \"\",\r\n                \"viatorFeedback\": \"\",\r\n                \"productCode\": \"5516ST5\",\r\n                \"submissionDate\": \"2020-06-22\",\r\n                \"review\": \"<p>Everything about this experience was great. It was a fathers day gift to my fiance and he enjoyed every minute of it.  I love the champagne toast, the luxury vehicle pickup, the photos they took of us and most of all seeing Vegas at night.</p>\",\r\n                \"rating\": 5,\r\n                \"publishedDate\": \"\",\r\n                \"ownerId\": 72137283,\r\n                \"reviewId\": 72301485\r\n            },\r\n            {\r\n                \"sortOrder\": 10,\r\n                \"ownerName\": \"yolanda m\",\r\n                \"ownerCountry\": null,\r\n                \"productTitle\": \"Las Vegas Helicopter Night Flight with Optional VIP Transportation\",\r\n                \"productUrlName\": \"Deluxe-Las-Vegas-Helicopter-Night-Flight-with-VIP-Transportation\",\r\n                \"ownerAvatarURL\": null,\r\n                \"sslSupported\": false,\r\n                \"viatorNotes\": \"\",\r\n                \"viatorFeedback\": \"\",\r\n                \"productCode\": \"5516ST5\",\r\n                \"submissionDate\": \"2020-06-22\",\r\n                \"review\": \"<p>Amazing customer service... all staff members very attentive and caring .. I definitely recommend this experience!</p>\",\r\n                \"rating\": 5,\r\n                \"publishedDate\": \"\",\r\n                \"ownerId\": 72229067,\r\n                \"reviewId\": 72301523\r\n            },\r\n            {\r\n                \"sortOrder\": 11,\r\n                \"ownerName\": \"TRAVIS S\",\r\n                \"ownerCountry\": null,\r\n                \"productTitle\": \"Las Vegas Helicopter Night Flight with Optional VIP Transportation\",\r\n                \"productUrlName\": \"Deluxe-Las-Vegas-Helicopter-Night-Flight-with-VIP-Transportation\",\r\n                \"ownerAvatarURL\": null,\r\n                \"sslSupported\": false,\r\n                \"viatorNotes\": \"\",\r\n                \"viatorFeedback\": \"\",\r\n                \"productCode\": \"5516ST5\",\r\n                \"submissionDate\": \"2020-06-22\",\r\n                \"review\": \"<p>This place is a total jewel from start to finish! Lila is the ultimate part of this experience. The pilots are professional, safe and kind, they are super quick with getting you up in the air and offer free champagne and water. Lila made so many efforts to make our experience a grand one and I couldn't be more happy! I will be back again and again . No one in town can beat their price either!!! I will be uploading this review on Google as well for the 5 star service my party received all the way. This was such an awesome reward and great way  to spend the evening. Thank you all  at 5 star helicopter tours!! Thank you lila!!</p>\",\r\n                \"rating\": 5,\r\n                \"publishedDate\": \"2020-06-22\",\r\n                \"ownerId\": 72174275,\r\n                \"reviewId\": 72301769\r\n            },\r\n            {\r\n                \"sortOrder\": 12,\r\n                \"ownerName\": \"Reiss H\",\r\n                \"ownerCountry\": null,\r\n                \"productTitle\": \"Las Vegas Helicopter Night Flight with Optional VIP Transportation\",\r\n                \"productUrlName\": \"Deluxe-Las-Vegas-Helicopter-Night-Flight-with-VIP-Transportation\",\r\n                \"ownerAvatarURL\": null,\r\n                \"sslSupported\": false,\r\n                \"viatorNotes\": \"\",\r\n                \"viatorFeedback\": \"\",\r\n                \"productCode\": \"5516ST5\",\r\n                \"submissionDate\": \"2020-06-15\",\r\n                \"review\": \"<p>So let me start by stating that it was my birthday and we were super late to pick up because we got held up at dinner...so of course like any other excursion they had to leave me behind because they had other people waiting (they waited 15 minutes for me, so 100% my fault lol). So unfortunately I missed out on the really nice bus to the airport and instead had to pay $50 to take a cab to get there, but once we got their Laila was very apologetic and stated that I should have let her know where I was eating since where I was at was on the way; and they could have just picked us up. NOW THIS IS WHAT IS VERY IMPORTANT TO READ! I paid around $200 for my girlfriend and I and I would have paid around $500 for the experience!! Absolutely amazing! We got greeted with champagne amount arrival and had an amazing time. Jimmy is not short of spectacular and funny and absolutely made the experience worth every bit of stress getting their and worth every penny. I can\u2019t recommend this place enough and when I come back to Las Vegas I will be definitely coming back to here!!</p>\",\r\n                \"rating\": 5,\r\n                \"publishedDate\": \"\",\r\n                \"ownerId\": 72162003,\r\n                \"reviewId\": 72227141\r\n            },\r\n            {\r\n                \"sortOrder\": 13,\r\n                \"ownerName\": \"Waheed S\",\r\n                \"ownerCountry\": null,\r\n                \"productTitle\": \"Las Vegas Helicopter Night Flight with Optional VIP Transportation\",\r\n                \"productUrlName\": \"Deluxe-Las-Vegas-Helicopter-Night-Flight-with-VIP-Transportation\",\r\n                \"ownerAvatarURL\": null,\r\n                \"sslSupported\": false,\r\n                \"viatorNotes\": \"\",\r\n                \"viatorFeedback\": \"\",\r\n                \"productCode\": \"5516ST5\",\r\n                \"submissionDate\": \"2020-06-15\",\r\n                \"review\": \"<p>I believe the pilots name was Jimmy, he made the whole experience amazing. Well worth it. I was nervous a little before the whole thing but from the moment I stepped foot in the door they make you feel relaxed and enjoy every moment.</p>\",\r\n                \"rating\": 5,\r\n                \"publishedDate\": \"\",\r\n                \"ownerId\": 72208787,\r\n                \"reviewId\": 72227399\r\n            },\r\n            {\r\n                \"sortOrder\": 14,\r\n                \"ownerName\": \"Jacqueline Y\",\r\n                \"ownerCountry\": null,\r\n                \"productTitle\": \"Las Vegas Helicopter Night Flight with Optional VIP Transportation\",\r\n                \"productUrlName\": \"Deluxe-Las-Vegas-Helicopter-Night-Flight-with-VIP-Transportation\",\r\n                \"ownerAvatarURL\": null,\r\n                \"sslSupported\": false,\r\n                \"viatorNotes\": \"\",\r\n                \"viatorFeedback\": \"\",\r\n                \"productCode\": \"5516ST5\",\r\n                \"submissionDate\": \"2020-06-15\",\r\n                \"review\": \"<p>Staff was very friendly and professional. The 5 star experience was truly displayed. Thanks for that. You haven\u2019t seen the last of us yet.</p>\",\r\n                \"rating\": 5,\r\n                \"publishedDate\": \"\",\r\n                \"ownerId\": 72176355,\r\n                \"reviewId\": 72227501\r\n            },\r\n            {\r\n                \"sortOrder\": 15,\r\n                \"ownerName\": \"Carlos V\",\r\n                \"ownerCountry\": null,\r\n                \"productTitle\": \"Las Vegas Helicopter Night Flight with Optional VIP Transportation\",\r\n                \"productUrlName\": \"Deluxe-Las-Vegas-Helicopter-Night-Flight-with-VIP-Transportation\",\r\n                \"ownerAvatarURL\": null,\r\n                \"sslSupported\": false,\r\n                \"viatorNotes\": \"\",\r\n                \"viatorFeedback\": \"\",\r\n                \"productCode\": \"5516ST5\",\r\n                \"submissionDate\": \"2020-06-11\",\r\n                \"review\": \"<p>With all of the shows closed we were left with little options for what to do while visiting Vegas. This was the perfect thing do with the kids. It is not a long flight but we created a memory for the rest of our lives. It will be one of the highlights of our entire vacation. Pilot and driver were very engaging and were great hosts.</p>\",\r\n                \"rating\": 5,\r\n                \"publishedDate\": \"\",\r\n                \"ownerId\": 68751379,\r\n                \"reviewId\": 72187673\r\n            },\r\n            {\r\n                \"sortOrder\": 16,\r\n                \"ownerName\": \"Drey C\",\r\n                \"ownerCountry\": null,\r\n                \"productTitle\": \"Las Vegas Helicopter Night Flight with Optional VIP Transportation\",\r\n                \"productUrlName\": \"Deluxe-Las-Vegas-Helicopter-Night-Flight-with-VIP-Transportation\",\r\n                \"ownerAvatarURL\": null,\r\n                \"sslSupported\": false,\r\n                \"viatorNotes\": \"\",\r\n                \"viatorFeedback\": \"\",\r\n                \"productCode\": \"5516ST5\",\r\n                \"submissionDate\": \"2020-06-10\",\r\n                \"review\": \"<p>Very cool! Professional and courteous. Pilot Jimmy was hilarious. Nice picture available as well. Overall a good experience</p>\",\r\n                \"rating\": 5,\r\n                \"publishedDate\": \"\",\r\n                \"ownerId\": 72158139,\r\n                \"reviewId\": 72179455\r\n            },\r\n            {\r\n                \"sortOrder\": 17,\r\n                \"ownerName\": \"Paul Richard\",\r\n                \"ownerCountry\": null,\r\n                \"productTitle\": \"Las Vegas Helicopter Night Flight with Optional VIP Transportation\",\r\n                \"productUrlName\": \"Deluxe-Las-Vegas-Helicopter-Night-Flight-with-VIP-Transportation\",\r\n                \"ownerAvatarURL\": null,\r\n                \"sslSupported\": false,\r\n                \"viatorNotes\": \"\",\r\n                \"viatorFeedback\": \"\",\r\n                \"productCode\": \"5516ST5\",\r\n                \"submissionDate\": \"2020-03-11\",\r\n                \"review\": \"<p>Trip was amazing, such an awesome sight ova vegas.<br/>\\nPicked up in a stunning car with a lovely driver too.<br/>\\nHighly recommended indeed.</p>\",\r\n                \"rating\": 5,\r\n                \"publishedDate\": \"2020-03-11\",\r\n                \"ownerId\": 67231831,\r\n                \"reviewId\": 71608675\r\n            },\r\n            {\r\n                \"sortOrder\": 18,\r\n                \"ownerName\": \"Ivana F\",\r\n                \"ownerCountry\": null,\r\n                \"productTitle\": \"Las Vegas Helicopter Night Flight with Optional VIP Transportation\",\r\n                \"productUrlName\": \"Deluxe-Las-Vegas-Helicopter-Night-Flight-with-VIP-Transportation\",\r\n                \"ownerAvatarURL\": null,\r\n                \"sslSupported\": false,\r\n                \"viatorNotes\": \"\",\r\n                \"viatorFeedback\": \"\",\r\n                \"productCode\": \"5516ST5\",\r\n                \"submissionDate\": \"2020-03-11\",\r\n                \"review\": \"<p>Absolutly Amazing. Very nice Pilot and very good Service on the ground. Everything very professionell</p>\",\r\n                \"rating\": 5,\r\n                \"publishedDate\": \"2020-03-11\",\r\n                \"ownerId\": 16124803,\r\n                \"reviewId\": 71608959\r\n            },\r\n            {\r\n                \"sortOrder\": 19,\r\n                \"ownerName\": \"Mark W\",\r\n                \"ownerCountry\": null,\r\n                \"productTitle\": \"Las Vegas Helicopter Night Flight with Optional VIP Transportation\",\r\n                \"productUrlName\": \"Deluxe-Las-Vegas-Helicopter-Night-Flight-with-VIP-Transportation\",\r\n                \"ownerAvatarURL\": null,\r\n                \"sslSupported\": false,\r\n                \"viatorNotes\": \"\",\r\n                \"viatorFeedback\": \"\",\r\n                \"productCode\": \"5516ST5\",\r\n                \"submissionDate\": \"2020-03-10\",\r\n                \"review\": \"<p>This was a great experience for sure! The whole deal was very exciting and the views were spectacular! Very safe and professional! A closer pickup from the hotel I was in would have made this experience 100% I give them 4.95 of of 5 stars.</p>\",\r\n                \"rating\": 5,\r\n                \"publishedDate\": \"\",\r\n                \"ownerId\": 70624389,\r\n                \"reviewId\": 71558541\r\n            },\r\n            {\r\n                \"sortOrder\": 20,\r\n                \"ownerName\": \"Melissa D\",\r\n                \"ownerCountry\": null,\r\n                \"productTitle\": \"Las Vegas Helicopter Night Flight with Optional VIP Transportation\",\r\n                \"productUrlName\": \"Deluxe-Las-Vegas-Helicopter-Night-Flight-with-VIP-Transportation\",\r\n                \"ownerAvatarURL\": null,\r\n                \"sslSupported\": false,\r\n                \"viatorNotes\": \"\",\r\n                \"viatorFeedback\": \"\",\r\n                \"productCode\": \"5516ST5\",\r\n                \"submissionDate\": \"2020-03-04\",\r\n                \"review\": \"<p>This tour was amazing! We were so worried about the helicopter ride in general and everyone made it enjoyable. This was a gift to my mom and everyone made her feel special. No matter what seat your in you will see everything! Loved every minute of it</p>\",\r\n                \"rating\": 5,\r\n                \"publishedDate\": \"\",\r\n                \"ownerId\": 67604247,\r\n                \"reviewId\": 71233355\r\n            },\r\n            {\r\n                \"sortOrder\": 21,\r\n                \"ownerName\": \"Laura Flemmings\",\r\n                \"ownerCountry\": null,\r\n                \"productTitle\": \"Las Vegas Helicopter Night Flight with Optional VIP Transportation\",\r\n                \"productUrlName\": \"Deluxe-Las-Vegas-Helicopter-Night-Flight-with-VIP-Transportation\",\r\n                \"ownerAvatarURL\": null,\r\n                \"sslSupported\": false,\r\n                \"viatorNotes\": \"\",\r\n                \"viatorFeedback\": \"\",\r\n                \"productCode\": \"5516ST5\",\r\n                \"submissionDate\": \"2020-03-04\",\r\n                \"review\": \"<p>Took my husband for his birthday for a surprised ride and we had an amazing time. Definitely would recommend.</p>\",\r\n                \"rating\": 5,\r\n                \"publishedDate\": \"2020-03-04\",\r\n                \"ownerId\": 44726955,\r\n                \"reviewId\": 71237137\r\n            },\r\n            {\r\n                \"sortOrder\": 22,\r\n                \"ownerName\": \"Steve C\",\r\n                \"ownerCountry\": null,\r\n                \"productTitle\": \"Las Vegas Helicopter Night Flight with Optional VIP Transportation\",\r\n                \"productUrlName\": \"Deluxe-Las-Vegas-Helicopter-Night-Flight-with-VIP-Transportation\",\r\n                \"ownerAvatarURL\": null,\r\n                \"sslSupported\": false,\r\n                \"viatorNotes\": \"\",\r\n                \"viatorFeedback\": \"\",\r\n                \"productCode\": \"5516ST5\",\r\n                \"submissionDate\": \"2020-02-26\",\r\n                \"review\": \"<p>Cannot fault this service, from email contact before arrival to the flight itself. The staff were very friendly especially the lady behind the counter on 21/02/2020 for our 6pm flight. (Sorry I cannot remember your name) The views are fantastic and would suggest anyone visiting Vegas books a trip over the strip.</p>\",\r\n                \"rating\": 5,\r\n                \"publishedDate\": \"2020-02-26\",\r\n                \"ownerId\": 68444539,\r\n                \"reviewId\": 70801581\r\n            },\r\n            {\r\n                \"sortOrder\": 23,\r\n                \"ownerName\": \"Cameron B\",\r\n                \"ownerCountry\": null,\r\n                \"productTitle\": \"Las Vegas Helicopter Night Flight with Optional VIP Transportation\",\r\n                \"productUrlName\": \"Deluxe-Las-Vegas-Helicopter-Night-Flight-with-VIP-Transportation\",\r\n                \"ownerAvatarURL\": null,\r\n                \"sslSupported\": false,\r\n                \"viatorNotes\": \"\",\r\n                \"viatorFeedback\": \"\",\r\n                \"productCode\": \"5516ST5\",\r\n                \"submissionDate\": \"2020-02-19\",\r\n                \"review\": \"<p>very professional crew. very safety oriented. friendly and helpful with any questions. the flight itself was very cool</p>\",\r\n                \"rating\": 5,\r\n                \"publishedDate\": \"2020-02-19\",\r\n                \"ownerId\": 68018625,\r\n                \"reviewId\": 70275299\r\n            },\r\n            {\r\n                \"sortOrder\": 24,\r\n                \"ownerName\": \"Scott O\",\r\n                \"ownerCountry\": null,\r\n                \"productTitle\": \"Las Vegas Helicopter Night Flight with Optional VIP Transportation\",\r\n                \"productUrlName\": \"Deluxe-Las-Vegas-Helicopter-Night-Flight-with-VIP-Transportation\",\r\n                \"ownerAvatarURL\": null,\r\n                \"sslSupported\": false,\r\n                \"viatorNotes\": \"\",\r\n                \"viatorFeedback\": \"\",\r\n                \"productCode\": \"5516ST5\",\r\n                \"submissionDate\": \"2020-02-17\",\r\n                \"review\": \"<p>Amazing experience. A must when visiting Las Vegas. We did the night flight over the strip. I would recommend it to anyone.</p>\",\r\n                \"rating\": 5,\r\n                \"publishedDate\": \"\",\r\n                \"ownerId\": 69755867,\r\n                \"reviewId\": 70113647\r\n            }\r\n        ],\r\n        \"videos\": null,\r\n        \"tourGrades\": [\r\n            {\r\n                \"sortOrder\": 1,\r\n                \"currencyCode\": \"USD\",\r\n                \"langServices\": null,\r\n                \"gradeCode\": \"TO~18:00\",\r\n                \"merchantNetPriceFrom\": 69.23,\r\n                \"priceFrom\": 84.49,\r\n                \"priceFromFormatted\": \"$84.49\",\r\n                \"merchantNetPriceFromFormatted\": \"$69.23\",\r\n                \"gradeTitle\": \"Self-Drive Option 18:00\",\r\n                \"gradeDepartureTime\": \"6:00 PM\",\r\n                \"gradeDescription\": \"Self-Drive Option : VIP Night flight of the Las Vegas strip - Self Drive option\",\r\n                \"defaultLanguageCode\": \"en\"\r\n            },\r\n            {\r\n                \"sortOrder\": 2,\r\n                \"currencyCode\": \"USD\",\r\n                \"langServices\": null,\r\n                \"gradeCode\": \"TO~18:30\",\r\n                \"merchantNetPriceFrom\": 69.23,\r\n                \"priceFrom\": 84.49,\r\n                \"priceFromFormatted\": \"$84.49\",\r\n                \"merchantNetPriceFromFormatted\": \"$69.23\",\r\n                \"gradeTitle\": \"Self-Drive Option 18:30\",\r\n                \"gradeDepartureTime\": \"6:30 PM\",\r\n                \"gradeDescription\": \"Self-Drive Option : VIP Night flight of the Las Vegas strip - Self Drive option\",\r\n                \"defaultLanguageCode\": \"en\"\r\n            },\r\n            {\r\n                \"sortOrder\": 3,\r\n                \"currencyCode\": \"USD\",\r\n                \"langServices\": null,\r\n                \"gradeCode\": \"TO~19:00\",\r\n                \"merchantNetPriceFrom\": 69.23,\r\n                \"priceFrom\": 84.49,\r\n                \"priceFromFormatted\": \"$84.49\",\r\n                \"merchantNetPriceFromFormatted\": \"$69.23\",\r\n                \"gradeTitle\": \"Self-Drive Option 19:00\",\r\n                \"gradeDepartureTime\": \"7:00 PM\",\r\n                \"gradeDescription\": \"Self-Drive Option : VIP Night flight of the Las Vegas strip - Self Drive option\",\r\n                \"defaultLanguageCode\": \"en\"\r\n            },\r\n            {\r\n                \"sortOrder\": 4,\r\n                \"currencyCode\": \"USD\",\r\n                \"langServices\": null,\r\n                \"gradeCode\": \"TO~19:15\",\r\n                \"merchantNetPriceFrom\": 69.23,\r\n                \"priceFrom\": 84.49,\r\n                \"priceFromFormatted\": \"$84.49\",\r\n                \"merchantNetPriceFromFormatted\": \"$69.23\",\r\n                \"gradeTitle\": \"Self-Drive Option 19:15\",\r\n                \"gradeDepartureTime\": \"7:15 PM\",\r\n                \"gradeDescription\": \"Self-Drive Option : VIP Night flight of the Las Vegas strip - Self Drive option\",\r\n                \"defaultLanguageCode\": \"en\"\r\n            },\r\n            {\r\n                \"sortOrder\": 5,\r\n                \"currencyCode\": \"USD\",\r\n                \"langServices\": null,\r\n                \"gradeCode\": \"TO~19:30\",\r\n                \"merchantNetPriceFrom\": 69.23,\r\n                \"priceFrom\": 84.49,\r\n                \"priceFromFormatted\": \"$84.49\",\r\n                \"merchantNetPriceFromFormatted\": \"$69.23\",\r\n                \"gradeTitle\": \"Self-Drive Option 19:30\",\r\n                \"gradeDepartureTime\": \"7:30 PM\",\r\n                \"gradeDescription\": \"Self-Drive Option : VIP Night flight of the Las Vegas strip - Self Drive option\",\r\n                \"defaultLanguageCode\": \"en\"\r\n            },\r\n            {\r\n                \"sortOrder\": 6,\r\n                \"currencyCode\": \"USD\",\r\n                \"langServices\": null,\r\n                \"gradeCode\": \"TO~19:45\",\r\n                \"merchantNetPriceFrom\": 69.23,\r\n                \"priceFrom\": 84.49,\r\n                \"priceFromFormatted\": \"$84.49\",\r\n                \"merchantNetPriceFromFormatted\": \"$69.23\",\r\n                \"gradeTitle\": \"Self-Drive Option 19:45\",\r\n                \"gradeDepartureTime\": \"7:45 PM\",\r\n                \"gradeDescription\": \"Self-Drive Option : VIP Night flight of the Las Vegas strip - Self Drive option\",\r\n                \"defaultLanguageCode\": \"en\"\r\n            },\r\n            {\r\n                \"sortOrder\": 7,\r\n                \"currencyCode\": \"USD\",\r\n                \"langServices\": null,\r\n                \"gradeCode\": \"TO~20:00\",\r\n                \"merchantNetPriceFrom\": 69.23,\r\n                \"priceFrom\": 84.49,\r\n                \"priceFromFormatted\": \"$84.49\",\r\n                \"merchantNetPriceFromFormatted\": \"$69.23\",\r\n                \"gradeTitle\": \"Self-Drive Option 20:00\",\r\n                \"gradeDepartureTime\": \"8:00 PM\",\r\n                \"gradeDescription\": \"Self-Drive Option : VIP Night flight of the Las Vegas strip - Self Drive option\",\r\n                \"defaultLanguageCode\": \"en\"\r\n            },\r\n            {\r\n                \"sortOrder\": 8,\r\n                \"currencyCode\": \"USD\",\r\n                \"langServices\": null,\r\n                \"gradeCode\": \"TO~20:15\",\r\n                \"merchantNetPriceFrom\": 69.23,\r\n                \"priceFrom\": 84.49,\r\n                \"priceFromFormatted\": \"$84.49\",\r\n                \"merchantNetPriceFromFormatted\": \"$69.23\",\r\n                \"gradeTitle\": \"Self-Drive Option 20:15\",\r\n                \"gradeDepartureTime\": \"8:15 PM\",\r\n                \"gradeDescription\": \"Self-Drive Option : VIP Night flight of the Las Vegas strip - Self Drive option\",\r\n                \"defaultLanguageCode\": \"en\"\r\n            },\r\n            {\r\n                \"sortOrder\": 9,\r\n                \"currencyCode\": \"USD\",\r\n                \"langServices\": null,\r\n                \"gradeCode\": \"TO~20:30\",\r\n                \"merchantNetPriceFrom\": 69.23,\r\n                \"priceFrom\": 84.49,\r\n                \"priceFromFormatted\": \"$84.49\",\r\n                \"merchantNetPriceFromFormatted\": \"$69.23\",\r\n                \"gradeTitle\": \"Self-Drive Option 20:30\",\r\n                \"gradeDepartureTime\": \"8:30 PM\",\r\n                \"gradeDescription\": \"Self-Drive Option : VIP Night flight of the Las Vegas strip - Self Drive option\",\r\n                \"defaultLanguageCode\": \"en\"\r\n            },\r\n            {\r\n                \"sortOrder\": 10,\r\n                \"currencyCode\": \"USD\",\r\n                \"langServices\": null,\r\n                \"gradeCode\": \"TO~20:45\",\r\n                \"merchantNetPriceFrom\": 69.23,\r\n                \"priceFrom\": 84.49,\r\n                \"priceFromFormatted\": \"$84.49\",\r\n                \"merchantNetPriceFromFormatted\": \"$69.23\",\r\n                \"gradeTitle\": \"Self-Drive Option 20:45\",\r\n                \"gradeDepartureTime\": \"8:45 PM\",\r\n                \"gradeDescription\": \"Self-Drive Option : VIP Night flight of the Las Vegas strip - Self Drive option\",\r\n                \"defaultLanguageCode\": \"en\"\r\n            },\r\n            {\r\n                \"sortOrder\": 11,\r\n                \"currencyCode\": \"USD\",\r\n                \"langServices\": null,\r\n                \"gradeCode\": \"TO~21:00\",\r\n                \"merchantNetPriceFrom\": 69.23,\r\n                \"priceFrom\": 84.49,\r\n                \"priceFromFormatted\": \"$84.49\",\r\n                \"merchantNetPriceFromFormatted\": \"$69.23\",\r\n                \"gradeTitle\": \"Self-Drive Option 21:00\",\r\n                \"gradeDepartureTime\": \"9:00 PM\",\r\n                \"gradeDescription\": \"Self-Drive Option : VIP Night flight of the Las Vegas strip - Self Drive option\",\r\n                \"defaultLanguageCode\": \"en\"\r\n            },\r\n            {\r\n                \"sortOrder\": 12,\r\n                \"currencyCode\": \"USD\",\r\n                \"langServices\": null,\r\n                \"gradeCode\": \"TO~21:15\",\r\n                \"merchantNetPriceFrom\": 69.23,\r\n                \"priceFrom\": 84.49,\r\n                \"priceFromFormatted\": \"$84.49\",\r\n                \"merchantNetPriceFromFormatted\": \"$69.23\",\r\n                \"gradeTitle\": \"Self-Drive Option 21:15\",\r\n                \"gradeDepartureTime\": \"9:15 PM\",\r\n                \"gradeDescription\": \"Self-Drive Option : VIP Night flight of the Las Vegas strip - Self Drive option\",\r\n                \"defaultLanguageCode\": \"en\"\r\n            },\r\n            {\r\n                \"sortOrder\": 13,\r\n                \"currencyCode\": \"USD\",\r\n                \"langServices\": null,\r\n                \"gradeCode\": \"TO~21:30\",\r\n                \"merchantNetPriceFrom\": 69.23,\r\n                \"priceFrom\": 84.49,\r\n                \"priceFromFormatted\": \"$84.49\",\r\n                \"merchantNetPriceFromFormatted\": \"$69.23\",\r\n                \"gradeTitle\": \"Self-Drive Option 21:30\",\r\n                \"gradeDepartureTime\": \"9:30 PM\",\r\n                \"gradeDescription\": \"Self-Drive Option : VIP Night flight of the Las Vegas strip - Self Drive option\",\r\n                \"defaultLanguageCode\": \"en\"\r\n            },\r\n            {\r\n                \"sortOrder\": 14,\r\n                \"currencyCode\": \"USD\",\r\n                \"langServices\": null,\r\n                \"gradeCode\": \"TO~21:45\",\r\n                \"merchantNetPriceFrom\": 69.23,\r\n                \"priceFrom\": 84.49,\r\n                \"priceFromFormatted\": \"$84.49\",\r\n                \"merchantNetPriceFromFormatted\": \"$69.23\",\r\n                \"gradeTitle\": \"Self-Drive Option 21:45\",\r\n                \"gradeDepartureTime\": \"9:45 PM\",\r\n                \"gradeDescription\": \"Self-Drive Option : VIP Night flight of the Las Vegas strip - Self Drive option\",\r\n                \"defaultLanguageCode\": \"en\"\r\n            },\r\n            {\r\n                \"sortOrder\": 15,\r\n                \"currencyCode\": \"USD\",\r\n                \"langServices\": null,\r\n                \"gradeCode\": \"TO~22:00\",\r\n                \"merchantNetPriceFrom\": 69.23,\r\n                \"priceFrom\": 84.49,\r\n                \"priceFromFormatted\": \"$84.49\",\r\n                \"merchantNetPriceFromFormatted\": \"$69.23\",\r\n                \"gradeTitle\": \"Self-Drive Option 22:00\",\r\n                \"gradeDepartureTime\": \"10:00 PM\",\r\n                \"gradeDescription\": \"Self-Drive Option : VIP Night flight of the Las Vegas strip - Self Drive option\",\r\n                \"defaultLanguageCode\": \"en\"\r\n            },\r\n            {\r\n                \"sortOrder\": 16,\r\n                \"currencyCode\": \"USD\",\r\n                \"langServices\": null,\r\n                \"gradeCode\": \"TO~22:15\",\r\n                \"merchantNetPriceFrom\": 69.23,\r\n                \"priceFrom\": 84.49,\r\n                \"priceFromFormatted\": \"$84.49\",\r\n                \"merchantNetPriceFromFormatted\": \"$69.23\",\r\n                \"gradeTitle\": \"Self-Drive Option 22:15\",\r\n                \"gradeDepartureTime\": \"10:15 PM\",\r\n                \"gradeDescription\": \"Self-Drive Option : VIP Night flight of the Las Vegas strip - Self Drive option\",\r\n                \"defaultLanguageCode\": \"en\"\r\n            },\r\n            {\r\n                \"sortOrder\": 17,\r\n                \"currencyCode\": \"USD\",\r\n                \"langServices\": null,\r\n                \"gradeCode\": \"TO~22:30\",\r\n                \"merchantNetPriceFrom\": 69.23,\r\n                \"priceFrom\": 84.49,\r\n                \"priceFromFormatted\": \"$84.49\",\r\n                \"merchantNetPriceFromFormatted\": \"$69.23\",\r\n                \"gradeTitle\": \"Self-Drive Option 22:30\",\r\n                \"gradeDepartureTime\": \"10:30 PM\",\r\n                \"gradeDescription\": \"Self-Drive Option : VIP Night flight of the Las Vegas strip - Self Drive option\",\r\n                \"defaultLanguageCode\": \"en\"\r\n            },\r\n            {\r\n                \"sortOrder\": 18,\r\n                \"currencyCode\": \"USD\",\r\n                \"langServices\": null,\r\n                \"gradeCode\": \"TO~22:45\",\r\n                \"merchantNetPriceFrom\": 69.23,\r\n                \"priceFrom\": 84.49,\r\n                \"priceFromFormatted\": \"$84.49\",\r\n                \"merchantNetPriceFromFormatted\": \"$69.23\",\r\n                \"gradeTitle\": \"Self-Drive Option 22:45\",\r\n                \"gradeDepartureTime\": \"10:45 PM\",\r\n                \"gradeDescription\": \"Self-Drive Option : VIP Night flight of the Las Vegas strip - Self Drive option\",\r\n                \"defaultLanguageCode\": \"en\"\r\n            },\r\n            {\r\n                \"sortOrder\": 19,\r\n                \"currencyCode\": \"USD\",\r\n                \"langServices\": null,\r\n                \"gradeCode\": \"TO~23:00\",\r\n                \"merchantNetPriceFrom\": 69.23,\r\n                \"priceFrom\": 84.49,\r\n                \"priceFromFormatted\": \"$84.49\",\r\n                \"merchantNetPriceFromFormatted\": \"$69.23\",\r\n                \"gradeTitle\": \"Self-Drive Option 23:00\",\r\n                \"gradeDepartureTime\": \"11:00 PM\",\r\n                \"gradeDescription\": \"Self-Drive Option : VIP Night flight of the Las Vegas strip - Self Drive option\",\r\n                \"defaultLanguageCode\": \"en\"\r\n            },\r\n            {\r\n                \"sortOrder\": 20,\r\n                \"currencyCode\": \"USD\",\r\n                \"langServices\": null,\r\n                \"gradeCode\": \"TO~23:15\",\r\n                \"merchantNetPriceFrom\": 69.23,\r\n                \"priceFrom\": 84.49,\r\n                \"priceFromFormatted\": \"$84.49\",\r\n                \"merchantNetPriceFromFormatted\": \"$69.23\",\r\n                \"gradeTitle\": \"Self-Drive Option 23:15\",\r\n                \"gradeDepartureTime\": \"11:15 PM\",\r\n                \"gradeDescription\": \"Self-Drive Option : VIP Night flight of the Las Vegas strip - Self Drive option\",\r\n                \"defaultLanguageCode\": \"en\"\r\n            },\r\n            {\r\n                \"sortOrder\": 21,\r\n                \"currencyCode\": \"USD\",\r\n                \"langServices\": null,\r\n                \"gradeCode\": \"TO~23:30\",\r\n                \"merchantNetPriceFrom\": 69.23,\r\n                \"priceFrom\": 84.49,\r\n                \"priceFromFormatted\": \"$84.49\",\r\n                \"merchantNetPriceFromFormatted\": \"$69.23\",\r\n                \"gradeTitle\": \"Self-Drive Option 23:30\",\r\n                \"gradeDepartureTime\": \"11:30 PM\",\r\n                \"gradeDescription\": \"Self-Drive Option : VIP Night flight of the Las Vegas strip - Self Drive option\",\r\n                \"defaultLanguageCode\": \"en\"\r\n            },\r\n            {\r\n                \"sortOrder\": 22,\r\n                \"currencyCode\": \"USD\",\r\n                \"langServices\": null,\r\n                \"gradeCode\": \"TWT~18:00\",\r\n                \"merchantNetPriceFrom\": 81.74,\r\n                \"priceFrom\": 99.99,\r\n                \"priceFromFormatted\": \"$99.99\",\r\n                \"merchantNetPriceFromFormatted\": \"$81.74\",\r\n                \"gradeTitle\": \"Flight with Transport 18:00\",\r\n                \"gradeDepartureTime\": \"6:00 PM\",\r\n                \"gradeDescription\": \"VIP Night flight of the Las Vegas strip - Includes Transportation<br/>Pickup included\",\r\n                \"defaultLanguageCode\": \"en\"\r\n            },\r\n            {\r\n                \"sortOrder\": 23,\r\n                \"currencyCode\": \"USD\",\r\n                \"langServices\": null,\r\n                \"gradeCode\": \"TWT~18:30\",\r\n                \"merchantNetPriceFrom\": 81.74,\r\n                \"priceFrom\": 99.99,\r\n                \"priceFromFormatted\": \"$99.99\",\r\n                \"merchantNetPriceFromFormatted\": \"$81.74\",\r\n                \"gradeTitle\": \"Flight with Transport 18:30\",\r\n                \"gradeDepartureTime\": \"6:30 PM\",\r\n                \"gradeDescription\": \"VIP Night flight of the Las Vegas strip - Includes Transportation<br/>Pickup included\",\r\n                \"defaultLanguageCode\": \"en\"\r\n            },\r\n            {\r\n                \"sortOrder\": 24,\r\n                \"currencyCode\": \"USD\",\r\n                \"langServices\": null,\r\n                \"gradeCode\": \"TWT~19:00\",\r\n                \"merchantNetPriceFrom\": 81.74,\r\n                \"priceFrom\": 99.99,\r\n                \"priceFromFormatted\": \"$99.99\",\r\n                \"merchantNetPriceFromFormatted\": \"$81.74\",\r\n                \"gradeTitle\": \"Flight with Transport 19:00\",\r\n                \"gradeDepartureTime\": \"7:00 PM\",\r\n                \"gradeDescription\": \"VIP Night flight of the Las Vegas strip - Includes Transportation<br/>Pickup included\",\r\n                \"defaultLanguageCode\": \"en\"\r\n            },\r\n            {\r\n                \"sortOrder\": 25,\r\n                \"currencyCode\": \"USD\",\r\n                \"langServices\": null,\r\n                \"gradeCode\": \"TWT~19:15\",\r\n                \"merchantNetPriceFrom\": 81.74,\r\n                \"priceFrom\": 99.99,\r\n                \"priceFromFormatted\": \"$99.99\",\r\n                \"merchantNetPriceFromFormatted\": \"$81.74\",\r\n                \"gradeTitle\": \"Flight with Transport 19:15\",\r\n                \"gradeDepartureTime\": \"7:15 PM\",\r\n                \"gradeDescription\": \"VIP Night flight of the Las Vegas strip - Includes Transportation<br/>Pickup included\",\r\n                \"defaultLanguageCode\": \"en\"\r\n            },\r\n            {\r\n                \"sortOrder\": 26,\r\n                \"currencyCode\": \"USD\",\r\n                \"langServices\": null,\r\n                \"gradeCode\": \"TWT~19:30\",\r\n                \"merchantNetPriceFrom\": 81.74,\r\n                \"priceFrom\": 99.99,\r\n                \"priceFromFormatted\": \"$99.99\",\r\n                \"merchantNetPriceFromFormatted\": \"$81.74\",\r\n                \"gradeTitle\": \"Flight with Transport 19:30\",\r\n                \"gradeDepartureTime\": \"7:30 PM\",\r\n                \"gradeDescription\": \"VIP Night flight of the Las Vegas strip - Includes Transportation<br/>Pickup included\",\r\n                \"defaultLanguageCode\": \"en\"\r\n            },\r\n            {\r\n                \"sortOrder\": 27,\r\n                \"currencyCode\": \"USD\",\r\n                \"langServices\": null,\r\n                \"gradeCode\": \"TWT~19:45\",\r\n                \"merchantNetPriceFrom\": 81.74,\r\n                \"priceFrom\": 99.99,\r\n                \"priceFromFormatted\": \"$99.99\",\r\n                \"merchantNetPriceFromFormatted\": \"$81.74\",\r\n                \"gradeTitle\": \"Flight with Transport 19:45\",\r\n                \"gradeDepartureTime\": \"7:45 PM\",\r\n                \"gradeDescription\": \"VIP Night flight of the Las Vegas strip - Includes Transportation<br/>Pickup included\",\r\n                \"defaultLanguageCode\": \"en\"\r\n            },\r\n            {\r\n                \"sortOrder\": 28,\r\n                \"currencyCode\": \"USD\",\r\n                \"langServices\": null,\r\n                \"gradeCode\": \"TWT~20:00\",\r\n                \"merchantNetPriceFrom\": 81.74,\r\n                \"priceFrom\": 99.99,\r\n                \"priceFromFormatted\": \"$99.99\",\r\n                \"merchantNetPriceFromFormatted\": \"$81.74\",\r\n                \"gradeTitle\": \"Flight with Transport 20:00\",\r\n                \"gradeDepartureTime\": \"8:00 PM\",\r\n                \"gradeDescription\": \"VIP Night flight of the Las Vegas strip - Includes Transportation<br/>Pickup included\",\r\n                \"defaultLanguageCode\": \"en\"\r\n            },\r\n            {\r\n                \"sortOrder\": 29,\r\n                \"currencyCode\": \"USD\",\r\n                \"langServices\": null,\r\n                \"gradeCode\": \"TWT~20:15\",\r\n                \"merchantNetPriceFrom\": 81.74,\r\n                \"priceFrom\": 99.99,\r\n                \"priceFromFormatted\": \"$99.99\",\r\n                \"merchantNetPriceFromFormatted\": \"$81.74\",\r\n                \"gradeTitle\": \"Flight with Transport 20:15\",\r\n                \"gradeDepartureTime\": \"8:15 PM\",\r\n                \"gradeDescription\": \"VIP Night flight of the Las Vegas strip - Includes Transportation<br/>Pickup included\",\r\n                \"defaultLanguageCode\": \"en\"\r\n            },\r\n            {\r\n                \"sortOrder\": 30,\r\n                \"currencyCode\": \"USD\",\r\n                \"langServices\": null,\r\n                \"gradeCode\": \"TWT~20:30\",\r\n                \"merchantNetPriceFrom\": 81.74,\r\n                \"priceFrom\": 99.99,\r\n                \"priceFromFormatted\": \"$99.99\",\r\n                \"merchantNetPriceFromFormatted\": \"$81.74\",\r\n                \"gradeTitle\": \"Flight with Transport 20:30\",\r\n                \"gradeDepartureTime\": \"8:30 PM\",\r\n                \"gradeDescription\": \"VIP Night flight of the Las Vegas strip - Includes Transportation<br/>Pickup included\",\r\n                \"defaultLanguageCode\": \"en\"\r\n            },\r\n            {\r\n                \"sortOrder\": 31,\r\n                \"currencyCode\": \"USD\",\r\n                \"langServices\": null,\r\n                \"gradeCode\": \"TWT~20:45\",\r\n                \"merchantNetPriceFrom\": 81.74,\r\n                \"priceFrom\": 99.99,\r\n                \"priceFromFormatted\": \"$99.99\",\r\n                \"merchantNetPriceFromFormatted\": \"$81.74\",\r\n                \"gradeTitle\": \"Flight with Transport 20:45\",\r\n                \"gradeDepartureTime\": \"8:45 PM\",\r\n                \"gradeDescription\": \"VIP Night flight of the Las Vegas strip - Includes Transportation<br/>Pickup included\",\r\n                \"defaultLanguageCode\": \"en\"\r\n            },\r\n            {\r\n                \"sortOrder\": 32,\r\n                \"currencyCode\": \"USD\",\r\n                \"langServices\": null,\r\n                \"gradeCode\": \"TWT~21:00\",\r\n                \"merchantNetPriceFrom\": 81.74,\r\n                \"priceFrom\": 99.99,\r\n                \"priceFromFormatted\": \"$99.99\",\r\n                \"merchantNetPriceFromFormatted\": \"$81.74\",\r\n                \"gradeTitle\": \"Flight with Transport 21:00\",\r\n                \"gradeDepartureTime\": \"9:00 PM\",\r\n                \"gradeDescription\": \"VIP Night flight of the Las Vegas strip - Includes Transportation<br/>Pickup included\",\r\n                \"defaultLanguageCode\": \"en\"\r\n            },\r\n            {\r\n                \"sortOrder\": 33,\r\n                \"currencyCode\": \"USD\",\r\n                \"langServices\": null,\r\n                \"gradeCode\": \"TWT~21:15\",\r\n                \"merchantNetPriceFrom\": 81.74,\r\n                \"priceFrom\": 99.99,\r\n                \"priceFromFormatted\": \"$99.99\",\r\n                \"merchantNetPriceFromFormatted\": \"$81.74\",\r\n                \"gradeTitle\": \"Flight with Transport 21:15\",\r\n                \"gradeDepartureTime\": \"9:15 PM\",\r\n                \"gradeDescription\": \"VIP Night flight of the Las Vegas strip - Includes Transportation<br/>Pickup included\",\r\n                \"defaultLanguageCode\": \"en\"\r\n            },\r\n            {\r\n                \"sortOrder\": 34,\r\n                \"currencyCode\": \"USD\",\r\n                \"langServices\": null,\r\n                \"gradeCode\": \"TWT~21:30\",\r\n                \"merchantNetPriceFrom\": 81.74,\r\n                \"priceFrom\": 99.99,\r\n                \"priceFromFormatted\": \"$99.99\",\r\n                \"merchantNetPriceFromFormatted\": \"$81.74\",\r\n                \"gradeTitle\": \"Flight with Transport 21:30\",\r\n                \"gradeDepartureTime\": \"9:30 PM\",\r\n                \"gradeDescription\": \"VIP Night flight of the Las Vegas strip - Includes Transportation<br/>Pickup included\",\r\n                \"defaultLanguageCode\": \"en\"\r\n            },\r\n            {\r\n                \"sortOrder\": 35,\r\n                \"currencyCode\": \"USD\",\r\n                \"langServices\": null,\r\n                \"gradeCode\": \"TWT~21:45\",\r\n                \"merchantNetPriceFrom\": 81.74,\r\n                \"priceFrom\": 99.99,\r\n                \"priceFromFormatted\": \"$99.99\",\r\n                \"merchantNetPriceFromFormatted\": \"$81.74\",\r\n                \"gradeTitle\": \"Flight with Transport 21:45\",\r\n                \"gradeDepartureTime\": \"9:45 PM\",\r\n                \"gradeDescription\": \"VIP Night flight of the Las Vegas strip - Includes Transportation<br/>Pickup included\",\r\n                \"defaultLanguageCode\": \"en\"\r\n            },\r\n            {\r\n                \"sortOrder\": 36,\r\n                \"currencyCode\": \"USD\",\r\n                \"langServices\": null,\r\n                \"gradeCode\": \"TWT~22:00\",\r\n                \"merchantNetPriceFrom\": 81.74,\r\n                \"priceFrom\": 99.99,\r\n                \"priceFromFormatted\": \"$99.99\",\r\n                \"merchantNetPriceFromFormatted\": \"$81.74\",\r\n                \"gradeTitle\": \"Flight with Transport 22:00\",\r\n                \"gradeDepartureTime\": \"10:00 PM\",\r\n                \"gradeDescription\": \"VIP Night flight of the Las Vegas strip - Includes Transportation<br/>Pickup included\",\r\n                \"defaultLanguageCode\": \"en\"\r\n            },\r\n            {\r\n                \"sortOrder\": 37,\r\n                \"currencyCode\": \"USD\",\r\n                \"langServices\": null,\r\n                \"gradeCode\": \"TWT~22:15\",\r\n                \"merchantNetPriceFrom\": 81.74,\r\n                \"priceFrom\": 99.99,\r\n                \"priceFromFormatted\": \"$99.99\",\r\n                \"merchantNetPriceFromFormatted\": \"$81.74\",\r\n                \"gradeTitle\": \"Flight with Transport 22:15\",\r\n                \"gradeDepartureTime\": \"10:15 PM\",\r\n                \"gradeDescription\": \"VIP Night flight of the Las Vegas strip - Includes Transportation<br/>Pickup included\",\r\n                \"defaultLanguageCode\": \"en\"\r\n            },\r\n            {\r\n                \"sortOrder\": 38,\r\n                \"currencyCode\": \"USD\",\r\n                \"langServices\": null,\r\n                \"gradeCode\": \"TWT~22:30\",\r\n                \"merchantNetPriceFrom\": 81.74,\r\n                \"priceFrom\": 99.99,\r\n                \"priceFromFormatted\": \"$99.99\",\r\n                \"merchantNetPriceFromFormatted\": \"$81.74\",\r\n                \"gradeTitle\": \"Flight with Transport 22:30\",\r\n                \"gradeDepartureTime\": \"10:30 PM\",\r\n                \"gradeDescription\": \"VIP Night flight of the Las Vegas strip - Includes Transportation<br/>Pickup included\",\r\n                \"defaultLanguageCode\": \"en\"\r\n            },\r\n            {\r\n                \"sortOrder\": 39,\r\n                \"currencyCode\": \"USD\",\r\n                \"langServices\": null,\r\n                \"gradeCode\": \"TWT~22:45\",\r\n                \"merchantNetPriceFrom\": 81.74,\r\n                \"priceFrom\": 99.99,\r\n                \"priceFromFormatted\": \"$99.99\",\r\n                \"merchantNetPriceFromFormatted\": \"$81.74\",\r\n                \"gradeTitle\": \"Flight with Transport 22:45\",\r\n                \"gradeDepartureTime\": \"10:45 PM\",\r\n                \"gradeDescription\": \"VIP Night flight of the Las Vegas strip - Includes Transportation<br/>Pickup included\",\r\n                \"defaultLanguageCode\": \"en\"\r\n            },\r\n            {\r\n                \"sortOrder\": 40,\r\n                \"currencyCode\": \"USD\",\r\n                \"langServices\": null,\r\n                \"gradeCode\": \"TWT~23:00\",\r\n                \"merchantNetPriceFrom\": 81.74,\r\n                \"priceFrom\": 99.99,\r\n                \"priceFromFormatted\": \"$99.99\",\r\n                \"merchantNetPriceFromFormatted\": \"$81.74\",\r\n                \"gradeTitle\": \"Flight with Transport 23:00\",\r\n                \"gradeDepartureTime\": \"11:00 PM\",\r\n                \"gradeDescription\": \"VIP Night flight of the Las Vegas strip - Includes Transportation<br/>Pickup included\",\r\n                \"defaultLanguageCode\": \"en\"\r\n            },\r\n            {\r\n                \"sortOrder\": 41,\r\n                \"currencyCode\": \"USD\",\r\n                \"langServices\": null,\r\n                \"gradeCode\": \"TWT~23:15\",\r\n                \"merchantNetPriceFrom\": 81.74,\r\n                \"priceFrom\": 99.99,\r\n                \"priceFromFormatted\": \"$99.99\",\r\n                \"merchantNetPriceFromFormatted\": \"$81.74\",\r\n                \"gradeTitle\": \"Flight with Transport 23:15\",\r\n                \"gradeDepartureTime\": \"11:15 PM\",\r\n                \"gradeDescription\": \"VIP Night flight of the Las Vegas strip - Includes Transportation<br/>Pickup included\",\r\n                \"defaultLanguageCode\": \"en\"\r\n            },\r\n            {\r\n                \"sortOrder\": 42,\r\n                \"currencyCode\": \"USD\",\r\n                \"langServices\": null,\r\n                \"gradeCode\": \"TWT~23:30\",\r\n                \"merchantNetPriceFrom\": 81.74,\r\n                \"priceFrom\": 99.99,\r\n                \"priceFromFormatted\": \"$99.99\",\r\n                \"merchantNetPriceFromFormatted\": \"$81.74\",\r\n                \"gradeTitle\": \"Flight with Transport 23:30\",\r\n                \"gradeDepartureTime\": \"11:30 PM\",\r\n                \"gradeDescription\": \"VIP Night flight of the Las Vegas strip - Includes Transportation<br/>Pickup included\",\r\n                \"defaultLanguageCode\": \"en\"\r\n            }\r\n        ],\r\n        \"ageBands\": [\r\n            {\r\n                \"sortOrder\": 1,\r\n                \"ageFrom\": 2,\r\n                \"ageTo\": 99,\r\n                \"adult\": true,\r\n                \"bandId\": 1,\r\n                \"pluralDescription\": \"Adults\",\r\n                \"treatAsAdult\": true,\r\n                \"description\": \"Adult\",\r\n                \"count\": 0\r\n            }\r\n        ],\r\n        \"bookingQuestions\": [\r\n            {\r\n                \"sortOrder\": 1,\r\n                \"questionId\": 23,\r\n                \"subTitle\": \"(e.g. 127 pounds, 145 kilos, etc)\",\r\n                \"stringQuestionId\": \"weights_passengerWeights\",\r\n                \"title\": \"Passenger Weights\",\r\n                \"required\": true,\r\n                \"message\": \"For safety reasons you must enter the weight of all passengers. Please indicate pounds or kilos.\"\r\n            }\r\n        ],\r\n        \"passengerAttributes\": [\r\n            {\r\n                \"required\": true,\r\n                \"questionId\": \"weights_passengerWeights\",\r\n                \"title\": \"Weight\",\r\n                \"errorMissingMessage\": \"The weight entered is not valid. Please provide weight as a number (i.e. 95)\",\r\n                \"errorValidationMessage\": \"The weight entered is not valid. Please provide weight as a number (i.e. 95)\",\r\n                \"validateType\": \"positiveInteger\",\r\n                \"customAttribute_kg\": \"kgs\",\r\n                \"customAttribute_lb\": \"lbs\"\r\n            }\r\n        ],\r\n        \"highlights\": null,\r\n        \"salesPoints\": [],\r\n        \"ratingCounts\": {\r\n            \"1\": 25,\r\n            \"2\": 25,\r\n            \"3\": 40,\r\n            \"4\": 94,\r\n            \"5\": 444\r\n        },\r\n        \"termsAndConditions\": null,\r\n        \"merchantTermsAndConditions\": {\r\n            \"termsAndConditions\": \"For a full refund, cancel at least 24 hours in advance of the start date of the experience.\",\r\n            \"merchantTermsAndConditionsType\": 1,\r\n            \"amountRefundable\": null,\r\n            \"cancellationFromTourDate\": [\r\n                {\r\n                    \"dayRangeMin\": 1,\r\n                    \"dayRangeMax\": null,\r\n                    \"percentageRefundable\": 100,\r\n                    \"policyStartTimestamp\": null,\r\n                    \"policyEndTimestamp\": null\r\n                },\r\n                {\r\n                    \"dayRangeMin\": 0,\r\n                    \"dayRangeMax\": 1,\r\n                    \"percentageRefundable\": 0,\r\n                    \"policyStartTimestamp\": null,\r\n                    \"policyEndTimestamp\": null\r\n                }\r\n            ]\r\n        },\r\n        \"maxTravellerCount\": 9,\r\n        \"returnDetails\": \"Returns to original departure point<br />\",\r\n        \"specialOffer\": \"\",\r\n        \"city\": \"Las Vegas\",\r\n        \"departureTime\": null,\r\n        \"departureTimeComments\": \"\",\r\n        \"departurePoint\": \"4511 W Cheyenne Ave, North Las Vegas, NV 89032, USA<br /><br>Traveler pickup is offered<br/>You can choose to self-drive or we can pick up from most Las Vegas Hotels. Self- drive guests will travel to the terminal <br><br>\",\r\n        \"itinerary\": \"\",\r\n        \"destinationId\": 684,\r\n        \"translationLevel\": 0,\r\n        \"voucherOption\": \"VOUCHER_E\",\r\n        \"applePassSupported\": true,\r\n        \"productPhotos\": [\r\n            {\r\n                \"caption\": \"\",\r\n                \"photoURL\": \"https://hare-media-cdn.tripadvisor.com/media/attractions-splice-spp-674x446/07/91/a6/57.jpg\",\r\n                \"path\": \"attractions-splice-spp-674x446/07/91/a6/57.jpg\",\r\n                \"supplier\": \"SUPPLIER\"\r\n            },\r\n            {\r\n                \"caption\": \"\",\r\n                \"photoURL\": \"https://hare-media-cdn.tripadvisor.com/media/attractions-splice-spp-674x446/07/91/a6/8c.jpg\",\r\n                \"path\": \"attractions-splice-spp-674x446/07/91/a6/8c.jpg\",\r\n                \"supplier\": \"SUPPLIER\"\r\n            },\r\n            {\r\n                \"caption\": \"\",\r\n                \"photoURL\": \"https://hare-media-cdn.tripadvisor.com/media/attractions-splice-spp-674x446/0a/f0/89/b1.jpg\",\r\n                \"path\": \"attractions-splice-spp-674x446/0a/f0/89/b1.jpg\",\r\n                \"supplier\": \"SUPPLIER\"\r\n            },\r\n            {\r\n                \"caption\": \"\",\r\n                \"photoURL\": \"https://hare-media-cdn.tripadvisor.com/media/attractions-splice-spp-674x446/0a/f0/89/9b.jpg\",\r\n                \"path\": \"attractions-splice-spp-674x446/0a/f0/89/9b.jpg\",\r\n                \"supplier\": \"SUPPLIER\"\r\n            },\r\n            {\r\n                \"caption\": \"\",\r\n                \"photoURL\": \"https://hare-media-cdn.tripadvisor.com/media/attractions-splice-spp-674x446/07/90/71/d8.jpg\",\r\n                \"path\": \"attractions-splice-spp-674x446/07/90/71/d8.jpg\",\r\n                \"supplier\": \"SUPPLIER\"\r\n            },\r\n            {\r\n                \"caption\": \"Deluxe Las Vegas Helicopter Night Flight with VIP Transportation\",\r\n                \"photoURL\": \"https://hare-media-cdn.tripadvisor.com/media/attractions-splice-spp-674x446/06/6f/03/cd.jpg\",\r\n                \"path\": \"attractions-splice-spp-674x446/06/6f/03/cd.jpg\",\r\n                \"supplier\": \"SUPPLIER\"\r\n            },\r\n            {\r\n                \"caption\": \"\",\r\n                \"photoURL\": \"https://hare-media-cdn.tripadvisor.com/media/attractions-splice-spp-674x446/07/91/a6/8d.jpg\",\r\n                \"path\": \"attractions-splice-spp-674x446/07/91/a6/8d.jpg\",\r\n                \"supplier\": \"SUPPLIER\"\r\n            },\r\n            {\r\n                \"caption\": \"Complimentary Refreshments\",\r\n                \"photoURL\": \"https://hare-media-cdn.tripadvisor.com/media/attractions-splice-spp-674x446/07/6c/af/e1.jpg\",\r\n                \"path\": \"attractions-splice-spp-674x446/07/6c/af/e1.jpg\",\r\n                \"supplier\": \"SUPPLIER\"\r\n            },\r\n            {\r\n                \"caption\": \"\",\r\n                \"photoURL\": \"https://hare-media-cdn.tripadvisor.com/media/attractions-splice-spp-674x446/07/91/a6/8e.jpg\",\r\n                \"path\": \"attractions-splice-spp-674x446/07/91/a6/8e.jpg\",\r\n                \"supplier\": \"SUPPLIER\"\r\n            }\r\n        ],\r\n        \"additionalInfo\": [\r\n            \"Confirmation will be received at time of booking\",\r\n            \"Due to comfort and weight / balance of the aircraft, passengers weighing over 275lbs (125 kg/ 19.64 st) will be required to purchase an additional seat. This is payable directly to the tour operator on the day of the tour.\",\r\n            \"Minimum age is 2 years\",\r\n            \"Children age 2 years and older require a seat per FAA regulations\",\r\n            \"Flights depart from North Las Vegas airport\",\r\n            \"Special offer is valid on bookings of 2 passengers. Prices for odd passenger counts will vary. Please see pricing calendar for exact pricing.\",\r\n            \"Not wheelchair accessible\",\r\n            \"Near public transportation\",\r\n            \"Infants must sit on laps\",\r\n            \"No heart problems or other serious medical conditions\",\r\n            \"Most travelers can participate\",\r\n            \"Customers choosing to make their own way to the airport will need to arrive 30 minutes prior to flight time at this address. 4511 W. CHEYENNE AVE, SUITE 101, NORTH LAS VEGAS, NEVADA 89032\",\r\n            \"This experience requires good weather. If it\u2019s canceled due to poor weather, you\u2019ll be offered a different date or a full refund\",\r\n            \"This experience requires a minimum number of travelers. If it\u2019s canceled because the minimum isn\u2019t met, you\u2019ll be offered a different date/experience or a full refund\",\r\n            \"This tour/activity will have a maximum of 6 travelers\"\r\n        ],\r\n        \"mapURL\": null,\r\n        \"allTravellerNamesRequired\": false,\r\n        \"operates\": \"Daily\",\r\n        \"exclusions\": [\r\n            \"Gratuities\",\r\n            \"Transport (if self drive option selected)\"\r\n        ],\r\n        \"inclusions\": [\r\n            \"15-minute helicopter flight\",\r\n            \"Hotel pickup and drop-off by Mercedes Sprinter (if option selected)\",\r\n            \"Sparkling wine toast\",\r\n            \"All taxes and fees\"\r\n        ],\r\n        \"country\": \"United States\",\r\n        \"region\": \"Nevada\",\r\n        \"description\": \"<b>Itinerary</b><br>This is a typical itinerary for this product<br><br><b>Pass By:</b> The Strip, S Las Vegas Blvd, Las Vegas, NV 89109<br><br>Fly over the beautiful Las Vegas City Lights<br><br><b>Pass By:</b> Stratosphere Tower, 2000 Las Vegas Blvd S Stratosphere Casino Hotel & Tower, Las Vegas, NV 89104-2507<br><br>Fly past the 1149 foot ( 350 meters) high Strat Tower!<br><br><b>Pass By:</b> Fountains of Bellagio, 3600 Las Vegas Blvd S Bellagio Hotel & Casino, Las Vegas, NV 89109-4303<br><br>Fly past the Bellagio Hotel maybe see the fountains in action!<br><br><b>Pass By:</b> Las Vegas Downtown, Fremont Street, Las Vegas, NV<br><br>Fly over historic downtown vegas<br><br><b>Pass By:</b> Fremont Street Experience, 425 Fremont Street, Las Vegas, NV 89101-5620<br><br>Fly over the Historic Fremont Street Experience.<br><br>\",\r\n        \"location\": \"North Las Vegas, United States\",\r\n        \"specialOfferAvailable\": false,\r\n        \"shortDescription\": \"This is the longest flight time available! Celebrate your visit to Las Vegas with an amazing 15-minute helicopter flight over the dazzling neon lights of the famous Las Vegas Strip. Enjoy complimentary hotel pickup and drop-off by Mercedes Sprinter (depending on option selected) and relax with a glass of sparkling wine before boarding your luxurious A-Star helicopter. These one-of-a-kind views of fabulous Las Vegas will be a highlight of your trip to Sin City!\",\r\n        \"price\": 84.49,\r\n        \"supplierCode\": \"5516\",\r\n        \"videoCount\": 0,\r\n        \"thumbnailHiResURL\": \"https://hare-media-cdn.tripadvisor.com/media/attractions-splice-spp-674x446/0a/f0/89/9b.jpg\",\r\n        \"onSale\": false,\r\n        \"photoCount\": 0,\r\n        \"primaryDestinationId\": 684,\r\n        \"merchantNetPriceFrom\": 69.23,\r\n        \"primaryDestinationName\": \"Las Vegas\",\r\n        \"thumbnailURL\": \"https://hare-media-cdn.tripadvisor.com/media/attractions-splice-spp-154x109/0a/f0/89/9b.jpg\",\r\n        \"priceFormatted\": \"$84.49\",\r\n        \"rrp\": 0.0,\r\n        \"rrpformatted\": \"\",\r\n        \"reviewCount\": 577,\r\n        \"shortTitle\": \"Las Vegas Nighttime Helicopter Ride with Optional Transport\",\r\n        \"merchantNetPriceFromFormatted\": \"$69.23\",\r\n        \"savingAmount\": 0.0,\r\n        \"savingAmountFormated\": \"\",\r\n        \"essential\": null,\r\n        \"admission\": null,\r\n        \"specialReservation\": false,\r\n        \"duration\": \"2 hours 30 minutes\",\r\n        \"title\": \"Las Vegas Helicopter Night Flight with Optional VIP Transportation\",\r\n        \"code\": \"5516ST5\"\r\n    },\r\n    \"dateStamp\": \"2020-07-09T04:42:48+0000\",\r\n    \"errorType\": null,\r\n    \"errorCodes\": [],\r\n    \"errorMessage\": null,\r\n    \"errorName\": null,\r\n    \"extraInfo\": {},\r\n    \"extraObject\": null,\r\n    \"success\": true,\r\n    \"totalCount\": 1,\r\n    \"errorMessageText\": null,\r\n    \"vmid\": \"331003\"\r\n}",
    "YaraRule": [
        "enable_org4",
        "core_keywords"
    ]
}