{
    "scrape_url": "https://scrape.pastebin.com/api_scrape_item.php?i=xsGq1hCD",
    "full_url": "https://pastebin.com/xsGq1hCD",
    "date": "1594321455",
    "key": "xsGq1hCD",
    "size": 2060,
    "expire": "1594926428",
    "title": "utils.c",
    "syntax": "c",
    "user": "AgaspherLukich",
    "filename": "xsGq1hCD",
    "pasteid": "xsGq1hCD",
    "pastesite": "pastebin.com",
    "@timestamp": "2020-07-09T19:04:15",
    "MD5": "dfedbbf2ea2ce88d51d0ba3ca84c54ec",
    "SHA256": "4f34b694b5868e54a838029bad7d3a48b20b481164837d4af97b90d4354ee982",
    "raw_paste": "/* ************************************************************************** */\r\n/*                                                                            */\r\n/*                                                        :::      ::::::::   */\r\n/*   get_next_line_utils.c                              :+:      :+:    :+:   */\r\n/*                                                    +:+ +:+         +:+     */\r\n/*   By: cmyrtle <cmyrtle@student.21-school.ru>     +#+  +:+       +#+        */\r\n/*                                                +#+#+#+#+#+   +#+           */\r\n/*   Created: 2020/07/07 12:02:24 by cmyrtle           #+#    #+#             */\r\n/*   Updated: 2020/07/09 19:27:04 by denis            ###   ########.fr       */\r\n/*                                                                            */\r\n/* ************************************************************************** */\r\n\r\n\r\n\r\n#include \"get_next_line.h\"\r\n\r\n\r\nchar\t*ft_strjoin(char const *s1, char const *s2)\r\n{\r\n\tchar\t*str;\r\n\tsize_t\ti;\r\n\tsize_t\tj;\r\n\r\n\tif (!s1 || !s2)\r\n\t\treturn (NULL);\r\n\tif (!(str = (char*)malloc(sizeof(char) * (ft_strlen(s1) + ft_strlen(s2)) + 1)))\r\n\t\treturn (NULL);\r\n\ti = 0;\r\n\tj = 0;\r\n\twhile (s1[i])\r\n\t{\r\n\t\tstr[j++] = s1[i];\r\n\t\ti++;\r\n\t}\r\n\ti = 0;\r\n\twhile (s2[i])\r\n\t{\r\n\t\tstr[j] = s2[i];\r\n\t\tj++;\r\n\t\ti++;\r\n\t}\r\n\tstr[j] = '\\0';\r\n\treturn (str);\r\n}\r\n\r\n/**\r\n ** This is quite same func as ft_strlen. But it also cheking \\N\r\n ** If no \\N found it return -1\r\n **/\r\n\r\nsize_t\t\tft_findn(const char *s)\r\n{\r\n\tsize_t\ti;\r\n\tsize_t\tl;\r\n\r\n\tl = ft_strlen(s);\r\n\tif (*s == '\\0')\r\n\t\treturn (0);\r\n\ti = 0;\r\n\twhile (s[i] != '\\0' && s[i] != '\\n') //\u0434\u043e\u0431\u0432\u0430\u0438\u043b \\n\r\n\t{\r\n\t\tif (++i == l)\r\n\t\t\treturn (-1);\r\n\t}\r\n\treturn (i);\r\n}\r\n\r\nsize_t\t\tft_strlen(const char *s)\r\n{\r\n\tsize_t\ti;\r\n\r\n\ti = 0;\r\n\twhile (s[i]) //\u0434\u043e\u0431\u0432\u0430\u0438\u043b \\n\r\n\t\ti++;\r\n\treturn (i);\r\n}\r\n\r\nchar\t*ft_strdup(char *s1)\r\n{\r\n\tchar\t*p_str;\r\n\tint\t\ti;\r\n\r\n\tp_str = (char *)malloc(sizeof(char) * (ft_strlen(s1) + 1));\r\n\tif (!p_str)\r\n\t\treturn (NULL);\r\n\ti = 0;\r\n\twhile (s1[i])\r\n\t{\r\n\t\tp_str[i] = s1[i];\r\n\t\ti++;\r\n\t}\r\n\tp_str[i] = '\\0';\r\n\treturn (p_str);\r\n}",
    "YaraRule": [
        "enable_org32",
        "core_keywords"
    ]
}