{
    "scrape_url": "https://scrape.pastebin.com/api_scrape_item.php?i=xwJNvj30",
    "full_url": "https://pastebin.com/xwJNvj30",
    "date": "1594368218",
    "key": "xwJNvj30",
    "size": 51639,
    "expire": "0",
    "title": "SPL Yahoo.com",
    "syntax": "bash",
    "user": "TheSploit",
    "filename": "xwJNvj30",
    "pasteid": "xwJNvj30",
    "pastesite": "pastebin.com",
    "@timestamp": "2020-07-10T08:03:38",
    "MD5": "5f3bb080149adc3bce7781a9638eb1a1",
    "SHA256": "9df3af162338e3ab39541dd38b54e38b2ba2afda1212735ca8c2645fe9178580",
    "raw_paste": "==========================================================\r\nYahoo.com got uwu\r\nBy TheSploit :\")\r\n__________________________________________________________\r\nFindme on email indonesianweb1109@gmail.com\r\nhttps://www.youtube.com/channel/UCyNZMCmIT1lVxC0d1QUwqyA?view_as=subscriber\r\n==========================================================\r\nm_reis@a1.net:pilgramgasse | 2\r\ncharlie@stoverfilms.com:Verlon_12 | 1\r\nadrian.spring@md-press.com:potter47 | 3\r\nspinning@piucity.com:tanguyestleboss | 1\r\nbsmith6955@tvcconnect.net:53625362 | 19\r\nrenecardozo@uol.com.br:anjo09 | 2\r\nlorisholer1@cox.net:Las102565! | 1\r\n156103538@qq.com:135728 | 742\r\nhijadelaluna@davidbowie.com:yt1300 | 108\r\nmarilene_justi@uol.com.br:mary6113 | 121\r\na.shekh@kasimy.com:12345 | 4\r\nlarregain.sandrine@laposte.net:Pejusacha4 | 1\r\njonathan.edwards@dsl.pipex.com:toronado | 1\r\ntranslators@intersphere.com:aww8370 | 2\r\ngerd.stadler@a1.net:stadler | 54\r\newsegriff@zoominternet.net:Ewse092901 | 5\r\npatrick.magnin@laposte.net:Pbjm1420 | 5\r\njmsantos1970@uol.com.br:ms30tx | 119\r\nthiago@direcaoembalagens.com.br:nina0505 | 101\r\nckdrn44@nate.com:tkdlqj2941 | 3\r\nemail@saraharvell.com:sara042395 | 1\r\nmarcusgodoy@globo.com:Mgodoy1967 | 14\r\nrickycheung28@netvigator.com:rk3105822020! | 1\r\nodair@orientelogistica.com.br:campoverde10 | 13\r\nmhojnacki@bex.net:yourcool1 | 17\r\nlucas_napoleao@globo.com:rau3pgs3 | 2\r\nleoluzes@globo.com:leo1312 | 1\r\ny.boubtta@laposte.net:7Zidane8 | 1\r\nseos@banakpluriels.net:Elik2016plim | 1\r\nj.belieres@laposte.net:Maila8112 | 1\r\nmario.augustovieira@uol.com.br:mk240589 | 1\r\nken.hunter@talktalk.net:scorpio | 3\r\njb5831@buckeye-express.com:ndirish1 | 26\r\njoelle.lalanne@laposte.net:Jla1189! | 9\r\ngoran.s@paleol.net:kesolovac | 1\r\njcrfornecedora@ibest.com.br:021261 | 186\r\njoma240@buckeye-express.com:babygirl4 | 5\r\njpbowersock@xsilence.net:pixies | 26\r\nhazelgerrysmith@talktalk.net:chandler1 | 15\r\npatynv@globo.com:pietrovisky | 3\r\na1.915158843@a1.net:qagzajra | 1\r\nkmccarty@netins.net:Captain1 | 5\r\nforcan@paleol.net:djordje | 1\r\nleavalentin@laposte.net:Angouleme16.. | 1\r\nsunyh@noahsi.com.cn:letaotao030108 | 8\r\ntjdeal@buckeye-express.com:ohiostate1 | 1\r\npablo.g@fibertel.com.ar:pg2849 | 13\r\nzyko10@ibest.com.br:010487 | 382\r\narvillibor@uol.com.br:grau33 | 4\r\nsylvain.fovet@cegetel.net:twinny | 7\r\nhoppenessis@hawaiiantel.net:smilesr4u | 211\r\ned_maria@ig.com.br:319757cruz | 1\r\nhdagorne@laposte.net:Madara53 | 1\r\ndacoach@hawaiiantel.net:kolomona5 | 5\r\nandywhelan@talktalk.net:newfield | 5\r\ntbillings@bex.net:soccer05 | 1\r\nrenildosousa@uol.com.br:reth2020 | 36\r\njrstamp@bex.net:churchlady2 | 208\r\nmauriciorigonic@uol.com.br:xy2000 | 1\r\ndljones@ukgateway.net:startrek | 1\r\nrodrigo.carrieri@uol.com.br:r0dr1g04 | 792\r\nsimone.t.matos@uol.com.br:Gatinho1 | 3\r\nsuper-laje@uol.com.br:giovi10 | 28\r\nconsuelosimao@uol.com.br:moby051 | 18\r\nhideyuki@fff-design.com:yukiharuki | 8\r\ncsm3742@nate.com:chltjdal12! | 1\r\nnasekah@dsl.pipex.com:mohd06 | 1\r\nportoseguro@klmtransporte.com.br:PORTOSEGURO | 1\r\npriscila@zoullas.com:carioca | 1\r\nrodrigoshimizu182@uol.com.br:rts1921 | 1\r\ntgarner1@supanet.com:valery57 | 1\r\ndbettinger@buckeyeexpress.com:dorothea1 | 1\r\nluz@luzproducoes.com.br:Valeria1 | 1\r\ncarlos.joseh@uol.com.br:1carlina | 1\r\nmichael_drage@a1.net:michael | 1\r\nmarcolin@a1.net:Deskjet123 | 5\r\nvinieri@uol.com.br:Apollo56 | 47\r\njohnjb@buckeye-express.com:Laurenk1 | 53\r\nfmatras@centurylink.net:leasha314 | 1\r\nnicole.mann@globo.com:nicole | 743\r\nchloe.delroux@laposte.net:Chloe2004 | 14\r\nstormwind@buckeyeexpress.com:thunder1 | 3\r\ndiane@ancientcitygymnastics.com:loganb1 | 5\r\nfrancisvillaca@globo.com:Bonitona00 | 451\r\nmarcoscostalima@terra.com.br:brasil5111d | 3\r\njla@buckeye-express.com:hjlena | 2\r\nreservaslacity@fibertel.com.ar:tvq819 | 1\r\ntatidias@tpa.com.br:109953 | 13\r\natkn58@dsl.pipex.com:Damage21 | 3\r\na.seibt@bol.com.br:adriano0 | 6\r\nzaza8000@nate.com:sky7026 | 1\r\nolaszreceptek@olaszreceptek.com:olaszreceptek | 1\r\nspeysider@dsl.pipex.com:PQdr64lkx | 1\r\nmahaneyfam@buckeye-express.com:pamela1m | 10\r\nseabash1@buckeye-express.com:emmy42 | 1\r\nrwoneal@centramedia.net:tammye1 | 3\r\njvcslingo@vfemail.net:debbie | 3\r\nthemouth1@hawaiiantel.net:Yarddog1 | 31\r\ndtred96@buckeye-express.com:david96 | 3\r\nmvinac@uol.com.br:vina341 | 1\r\nkhiga405@hawaiiantel.net:takohole | 19\r\nbrent@herspiegel.com:bh1102 | 3\r\nanacarolinalima@uol.com.br:lima1810 | 2\r\nchase0908@buckeye-express.com:chase14 | 1\r\nvinicius@lojapindorama.com.br:vini2038 | 49\r\nhnblanco@fibertel.com.ar:neta5008 | 1\r\njea9089@nate.com:woaks1648! | 1\r\nkieran.w@virgin.net:Plastic81 | 2\r\ngabrielzettel@globo.com:gzps2210 | 1\r\njazzcottle@dsl.pipex.com:mitidara | 10\r\nglpfleghaar@buckeyeexpress.com:justme1 | 1\r\nbrigittehills@telkomsa.net:kitty2 | 4\r\nbob@deltagolfopen.com:Password1 | 3\r\nwmogata@ig.com.br:gaga28full2 | 32\r\ncrs1943@bex.net:ruthless1 | 1\r\nrosane-porto@uol.com.br:r12345 | 1\r\ndschiavone@buckeye-express.com:douglas | 1\r\naqud49@dsl.pipex.com:jodiep00 | 1\r\nsonle@tac-industry.com:123456tac | 11\r\ndebbietrapp@cox.net:Motherbear3 | 79\r\ncreed@dsl.pipex.com:daniel | 2\r\nsantacreu@coac.net:zascandil | 3\r\ndave.lawrence@talktalk.net:engage08 | 5\r\nokakyu@openbit.net:masa4213 | 1\r\nastrig.chandeze-avakian@sisterprod.com:ac9009!! | 1\r\nceca.n@paleol.net:ceca990 | 236\r\ncsh@nc.rr.com:Colbie03 | 6\r\nwapb@uol.com.br:segredo7 | 88\r\nmgrahe@buckeyeexpress.com:rockets1 | 1\r\ntatilera@globo.com:clio1151 | 214\r\nbmckay@dsl.pipex.com:kazmasta | 2\r\ncalves.s@uol.com.br:calves0011 | 7\r\notoole@bex.net:ryan4897 | 75\r\npaulomaqtec@uol.com.br:737013a | 1\r\njbifey@bex.net:Jamie24 | 32\r\nleribaultau@west-telecom.com:17092010 | 1\r\nmcurtis@netins.net:xjdf6227 | 1\r\npop123@shentel.net:burton63 | 19\r\ngtarsha4@buckeye-express.com:ok4camel | 15\r\nbuteangling@dsl.pipex.com:piker1 | 2\r\ngrubio@movinet.com.uy:gus8644 | 6\r\ntijana@paleol.net:03061981 | 1\r\ncgray@netins.net:hsny2545 | 1\r\nmoises@neurocienciasmedical.com:230604 | 3\r\nlaw5397@buckeye-express.com:Madilynn1 | 5\r\nelaine_alvarenga@globo.com:142624 | 28\r\nelizabethh@bex.net:Anking04 | 41\r\nrosana-trindade@uol.com.br:Rosana3991 | 938\r\nmanfroni@fibertel.com.ar:gala1116 | 10\r\nwww.otacianoandrade@ig.com.br:tata2006 | 4\r\nnutty.monkey71@hawaiiantel.net:thatzhott7 | 15\r\nbluebus@buckeyeexpress.com:vwvan74 | 1\r\nd.blackford@virgin.net:Silver44 | 41\r\nkyra@bex.net:chacha1 | 5\r\ntteniente@buckeye-express.com:anthony1 | 13\r\n277724365@qq.com:miuraharuma2009 | 44\r\npcmead@bex.net:bobcat42 | 46\r\nmurrayhamer@pnc.com.au:surfing | 10\r\nlaede@globo.com:ltbo6hvd | 1\r\nr.dupont@fibertel.com.ar:ro191253 | 35\r\nmaruyama@namusam.com:H2e8h9zf | 5\r\nfalmanza@gruporicap.com:Almanza | 7\r\nkontsevoy@pautina-nau.net:29071991 | 8\r\ntlwatson@buckeye-express.com:dogs11 | 4\r\nsandra.belhassen@cegetel.net:soleil17 | 1\r\ncferrerop@geoconta.com:mar0301 | 1\r\nlaneyschl@bex.net:Samsch12 | 1\r\ndonbothwell@conceptual.net.au:yallingup | 17\r\nmariapia39@fibertel.com.ar:pia0601 | 4\r\nnylan@mlcci.com:dekary842 | 1\r\nmadbrinker@buckeye-express.com:33dailey | 1\r\nveronica@nitanyc.com:nitanyc | 26\r\na.castriconi@cogeogr.com:01071llo | 25\r\njakistler@bex.net:ardms5602 | 1\r\nkj6609@comcast.net:Greyskye12 | 4\r\nsdoncouse@buckeye-express.com:sandy1 | 14\r\nprogger@dsl.pipex.com:AlexGod | 3\r\nbeefmastersa@telkomsa.net:helgap | 6\r\nsueliyukie@globo.com:camila31 | 587\r\noscar.alvarado@ccitul.com:oscar.alvarado | 1\r\nkarenbooker2007@talktalk.net:buster | 1\r\nchuishing@netvigator.com:aa1268441qwe13 | 2\r\nstarman304@davidbowie.com:scream | 9\r\n396094743@qq.com:raymondangel100200! | 943\r\nns2000@nifty.com:ns1524 | 5\r\nw.mascher@a1.net:mascwiat | 2\r\njean-marc@freshtreks.com:jmctwf2825 | 7\r\niardrey@bex.net:neph1974 | 2\r\nsamsung-1@nate.com:kim58599 | 2\r\njeanees@buckeyeexpress.com:jammers1 | 1\r\nadalco@fibertel.com.ar:adrian44 | 4\r\nradley49@buckeye-express.com:shuewho | 5\r\nbordersjlb@twc.com:leeb1938 | 25\r\nandrea.alexander@a1.net:alexander | 4\r\nadisil@netvision.net.il:ori1809 | 1\r\nsam_marshall@dsl.pipex.com:marshall1 | 1\r\njacques.rebaudo@laposte.net:Jr121633 | 2\r\njafischer@ruraltel.net:dogsyf | 26\r\njharp@twc.com:antwon99 | 118\r\nbig_island@hawaiiantel.net:beauknows | 2\r\nmatt-long@buckeye-express.com:mlong1 | 1\r\npapabear22@hawaiiantel.net:abbyisdog1 | 1\r\nkromersn@buckeye-express.com:Duke89 | 10\r\njla@buckeyeexpress.com:hjlena | 2\r\neowjsthsus@nate.com:tjsals2 | 1\r\nmikemohammad@davidbowie.com:scorsese | 2\r\ntreasurer@firstspiritual.com:Three375 | 4\r\n461886781@qq.com:779109xiao | 40\r\nmariabenedict@fibertel.com.ar:mb12525 | 4\r\narnold.kristof@a1.net:tuppreme123 | 4\r\ncheon17@nate.com:hellomost1 | 1\r\nctx666@sohu.net:67601722 | 18\r\nkarine.furlani@laposte.net:Marco2009! | 15\r\nsam001@talktalk.net:unicorn001 | 1\r\naidan.toal@talktalk.net:express1 | 8\r\nneidker@a1.net:Leitmeritz | 3\r\nmissbecky@buckeye-express.com:target1317 | 37\r\nlilianasedler@fibertel.com.ar:12354las | 33\r\ninfo@fxgraphicsandprint.com:1966Mustang | 9\r\njvclaxton@pineland.net:030301 | 82\r\npb1369@bex.net:kelcie16 | 39\r\nmmedrano@atisa.com:Atisa2017 | 10\r\ntheweaverfamily@buckeyeexpress.com:1twinboys | 117\r\nlmoraes@vetorial.net:107468 | 2\r\naxelle.cloux@laposte.net:2004Axelle | 1\r\npaulawoodwark@dsl.pipex.com:mupp3t | 21\r\ndawnsewell@dsl.pipex.com:charlie | 4\r\nlaercio.vale@ibest.com.br:lm6562 | 20\r\nfperezegana@infonegocio.net.pe:polikilo | 1\r\njanetamos@accesstoledo.com:steven923 | 13\r\njean-marie.hocine@laposte.net:Jeanne28 | 4\r\ninfo@96s.net:nekowa96 | 16\r\npastorbessie@bex.net:snyder9232000 | 109\r\namanda@canvasexperiencedesign.com:oliver | 1\r\njohnscott123@talktalk.net:bailey00 | 17\r\nivy198125@mail2000.com.tw:456654 | 109\r\npiiuiiq@nate.com:qkrwjdrlf1 | 1\r\npentekrobert@varsat.net:19810210777d198102107q | 1\r\ninfo@airlanxang.com:Lanxang1 | 12\r\nslimkim34@hawaiiantel.net:fashion7 | 4\r\njean-marc.theret@laposte.net:Cladama1 | 3\r\nveleno@freeazzurra.com:pinuccella | 2\r\nboristumanoff@fibertel.com.ar:riv3091 | 10\r\nverle@inspectionsmith.com:Cajun123 | 5\r\namelia@jessophome.com:amelia | 2\r\nchristianjade@twc.com:1978kitcar | 6\r\ntgoss@uniserve.com:mEITZa | 45\r\ncarolineallen@lineone.net:durisdeer | 16\r\nlozoids@dsl.pipex.com:ganja666 | 5\r\nguitaredandfeathered@cox.net:thursday1 | 2\r\nannieb@ebold.com:laselva | 1\r\nmabusanam@telkomsa.net:telkom22 | 1\r\nbobw@accesstoledo.com:sniffy | 5\r\nbill_jen@telkomsa.net:dougaldog | 12\r\nkeithseston3@dsl.pipex.com:emsworth | 5\r\nashleygrace@twc.com:trixielou3 | 4\r\nshanakin@akinagency.com:kathryn12 | 5\r\nmootley@bex.net:wild8891 | 3\r\ngeorge-t-taylor@ntlworld.com:Sausages36 | 1\r\nellenieash@bex.net:ladyday2 | 14\r\ngaviech@speedy.com.pe:eFFETA | 1\r\nammarsh@dsl.pipex.com:anjolyn | 15\r\nimhawley@talktalk.net:teddypuss1 | 26\r\nmongooses@hawaiiantel.net:kawika1 | 2\r\nigor_cunha@globo.com:bi793014 | 3\r\njen.ridner@bex.net:peanut1 | 9\r\ngrotger@fibertel.com.ar:ingrid33 | 1\r\nirene@stone-international.com:irene | 1\r\ngicv8297@nate.com:dudgnsdl2 | 1\r\njpbronko1@buckeye-express.com:3558jpb3558 | 33\r\nvluchini@ig.com.br:295456 | 2\r\nlyndsey42@buckeyeexpress.com:aaden62 | 4\r\nnevin@telkomsa.net:soutie9667 | 2\r\njubiato@globo.com:juliana11 | 56\r\nkteneyck@bex.net:nursep1 | 1\r\ndsmail1@bex.net:crossing3 | 9\r\nskj@mbox.com.au:tammy2 | 16\r\namy@sandquistcgi.com:Samarex1 | 1\r\ntheelliottcrew@bex.net:elliott8 | 2\r\nvaniatere@ibest.com.br:240454 | 97\r\nray1946@buckeyeexpress.com:r0ck@1172 | 1\r\nluis.opniao@globo.com:jls25270305 | 4\r\ninfo@cottagerelief.com:1Todolist2 | 8\r\nbluebus@buckeye-express.com:vwvan74 | 1\r\njthoma43@columbus.rr.com:Virginia12 | 60\r\neiichi-e@random-e.com:re102500 | 9\r\ninfo@dsxpress.com:Dima5271!! | 26\r\nsani999@a1.net:4417746 | 1\r\ninfo@yp-planning.com:pddrov2579 | 1\r\naulani@hawaiiantel.net:aulani3 | 154\r\ncoxman@columbus.rr.com:Topgun10 | 1\r\ndpmeans@partnercom.net:megan567 | 8\r\nluv2dance@mi-connection.com:piano4me | 2\r\nkfinnigan@buckeye-express.com:stocks413 | 5\r\nzwingi@a1.net:ktmlc4 | 2\r\nsafety@congoairways.com:Private2019 | 7\r\ngtarsha4@buckeyeexpress.com:ok4camel | 15\r\ntimsfield@buckeye-express.com:4runner | 20\r\neverhart@buckeye-express.com:maumee65 | 5\r\nlaur2207@buckeye-express.com:luvtigger2 | 8\r\nrichardbrown1@ukgateway.net:enadoofa | 2\r\nminnie.76@virginmedia.com:Easynow76 | 26\r\ntoniadoembu@ig.com.br:victor | 48\r\ndharrold000@bex.net:Hollie1567 | 1\r\nkathee@azhttp.com:sec12urb | 1\r\nbshipman1345@buckeyeexpress.com:gwen2002 | 2\r\ninfo@alexprosoft.com:MsMy23571113! | 1\r\nlss612@buckeye-express.com:yellow419 | 1\r\ngabriel@stickmanconstruction.com:Password1 | 3\r\nmike@electronicdesignservice.com:1224long | 2\r\ntobi3151987@gmx.net:major1987v1 | 1\r\npaulnkaz@supanet.com:jp1998 | 10\r\ndsguirao@vivointernetdiscada.com.br:913253261zxc | 1\r\nsarajedlina@fibertel.com.ar:sure1911 | 1\r\nchida@aihomenet.com:aik24567 | 18\r\nselmajacob@ig.com.br:201205 | 7\r\ngurlsoccer@hawaiiantel.net:tianna26 | 1\r\nburnsie101@grapevine.com.au:daniel | 1\r\nalfred20vc@speedy.com.pe:Ccorahua | 1\r\nmktk@netvigator.com:tk02286 | 2\r\ntrev27@talktalk.net:semitrad | 1\r\ncontact@tvindirect.com:1972Oct19!!! | 10\r\nrappeau@laposte.net:Rp0477891877 | 3\r\nrivbec@cegetel.net:190294 | 3\r\njlambie@talktalk.net:farmer | 2\r\nengenharia@gtatuape.com.br:engenharia@@gtatuape | 3\r\nchinsman@netvigator.com:P228103t | 27\r\nbenny929@netvigator.com:b929s8111999 | 1\r\ndrsas113@vfemail.net:kareen | 2\r\naulacerodigital@jetband.com.ar:asd123 | 42\r\nasrc42@dsl.pipex.com:poppet1 | 2\r\nleefarley1@twc.com:Critter928 | 2\r\ncydonato@bex.net:josibeltes3 | 1\r\ntompeer@netvision.net.il:15091987123123 | 1\r\njennifer@thealberos.net:jna030104 | 1\r\nmichael@thepullgroup.com:Aug282004 | 3\r\nbojan.s@paleol.net:justin | 1\r\ng.raeburn@dsl.pipex.com:2melons | 12\r\ndaqrot@hawaiiantel.net:dec1969 | 25\r\nharigaya@apfnews.com:21062106 | 10\r\nfritzstohner@alice-dsl.net:amadeus123 | 1\r\nhebeka@buckeye-express.com:express733 | 3\r\nmeg1@bex.net:meggey1 | 2\r\nemater3@mi-connection.com:sparkle2 | 10\r\nkenfyler@twc.com:sapper71 | 1\r\ncar@azdreammotors.com:Kenya909 | 1\r\nduby@buckeye-express.com:cassjake1 | 84\r\ncbbautista@hawaiiantel.net:drew9617 | 46\r\npandagrl@buckeyeexpress.com:indy52 | 1\r\npatmor@twc.com:Cricket1 | 16\r\nbigukfan1@twc.com:lucydog11 | 9\r\nfatma.mouisi@stt-tn.com:000000000 | 80\r\nocchiali@uol.com.br:eo027 | 19\r\nhimura.makoto@wizards.jpn.com:hisanaga | 3\r\njr.luca@uol.com.br:jcl2012 | 91\r\nand38039@nifty.com:tsubasa3515! | 2\r\nalexandrecogo@uol.com.br:ac2230 | 1\r\nayatsuki@crimsonrhapsody.net:kasahara | 13\r\ngaetan.bou@idyle-telecom.com:marseille | 1\r\ngkleinburd@fibertel.com.ar:grace42 | 16\r\ndanielmantovani@terra.com.br:familia | 3\r\nvidafarma2@uol.com.br:fer512bb | 32\r\ngilsania@publicandofacil.com.br:06011974 | 36\r\nephodes@uol.com.br:barco2 | 3\r\nchelltk@buckeye-express.com:reemcat09 | 18\r\ncolinchristelow@talktalk.net:Lochgelly1 | 2\r\n370723235@qq.com:6699_moon | 296\r\nprcrepresentacoes@uol.com.br:casa0728 | 1\r\nchoco82@nate.com:011hyun! | 1\r\nsales@gdp.com.my:gdp123my | 37\r\nalbertogalli@fibertel.com.ar:braber | 6\r\nharrer.stockerau@a1.net:yzttlmga | 2\r\njonnyrotten@buckeye-express.com:290rio | 2\r\nkinomi13@buckeye-express.com:vampire13 | 3\r\nchris.campfires@telkomsa.net:roleen | 1\r\npablu1@uol.com.br:moreno1 | 3\r\nluciana-castello@uol.com.br:tate1980 | 76\r\nmair.enticott@talktalk.net:Taffy365 | 1\r\nledyards@buckeyeexpress.com:Marathon1 | 11\r\nhayakawa@takejun.com:tokyo001 | 4\r\njosh@hobbyhorse.com:quadrant11 | 6\r\nyashica2@nate.com:juhee9006 | 1\r\njames.heywood@dsl.pipex.com:fajepisa | 1\r\nbjbashore@buckeyeexpress.com:Lena.1812 | 2\r\nelize@dsl.pipex.com:betsie77 | 2\r\njulianamorgado@globo.com:mimosa | 1\r\ngoodtobqueen@buckeyeexpress.com:qweeni | 119\r\n54321@twc.com:rad47601 | 1\r\nfuhrmann.rene@a1.net:reneplayboy | 1\r\ncalidad@esfseafood.com:calidad2015 | 96\r\nlioness0619@buckeye-express.com:babygirl | 27\r\ninfo@pinkover.com:pink91965 | 3\r\nsantee@pbtcomm.net:newhope1 | 6\r\nskruf92@buckeyeexpress.com:elie92 | 9\r\neurocezar@uol.com.br:ag049150 | 23\r\nalphabethel@lycos.com:Alleluia7 | 4\r\nchloe@riseup.net:petrvs | 2\r\nallthingsnew@windstream.net:K12l5k6j10d9 | 8\r\nraymond.schneider@west-telecom.com:denise | 11\r\ndzf05670@nifty.com:sakai123 | 6\r\nlcsmiranda@uol.com.br:uol8902 | 143\r\nranking@123eigo.com:mm000031 | 15\r\neugenio@cageplast.com.br:Cage541 | 60\r\norlando.s.fernandes@globo.com:info2011 | 6\r\nx.ray1@a1.net:pezi1461 | 8\r\njudytse@netvigator.com:no1291299 | 658\r\nmagscott2@buckeye-express.com:cronos1313 | 19\r\nxvmitchvx@buckeyeexpress.com:41995mjm | 1\r\nprapatricia@ministeriopazeamor.com.br:israel | 58\r\nglobaltradingventures@bahamamail.com:blessing | 1\r\ncmocek010@buckeye-express.com:knights110 | 15\r\ngilford@vfemail.net:Element1 | 4\r\npetersuen88@netvigator.com:c47647 | 12\r\nalexadams@twc.com:Ginger4ever | 8\r\nbigeasy@rochester.rr.com:Rhw944am | 4\r\njohn@john-seymour.com:Katie2007 | 1\r\ntraining@clinicaldatasolution.com:123456 | 39\r\ntngus9907@nate.com:10rhd25 | 4\r\nrussell.kondo@hawaiiantel.net:tobidog1 | 659\r\nkitd@netvigator.com:sdd05041 | 5\r\npianoplayer12@buckeye-express.com:sjasja1 | 4\r\ndani_betti@ig.com.br:boneco | 5\r\ntitaangel@pneusfuke.com.br:tita10 | 21\r\ndemidy@fibertel.com.ar:demi1105 | 35\r\narpad@fibertel.com.ar:arpi2003 | 1\r\nasuka319@nifty.com:ilikesindee | 5\r\nbrit.hill08@twc.com:Laila2013 | 58\r\nehead@buckeye-express.com:112392erh | 2\r\nstanley_d@lycos.com:elango1234 | 195\r\ng.saraceni@ig.com.br:2704gs | 1\r\nyelena@fibertel.com.ar:ilusha23 | 20\r\nkmares@ig.com.br:Kmares1319 | 170\r\nozzylehusky@cegetel.net:IAIA666 | 3\r\nlizvoysey@grapevine.com.au:james123 | 3\r\nwalker31@foxmail.com:S83p282a | 17\r\nkenneth_potter@tvcconnect.net:KathStep5 | 4\r\njohnmillard2@talktalk.net:Riddings88 | 2\r\npenelope@summerscreek.com:plc1973 | 1\r\ngraham@buckeye-express.com:abc123 | 4\r\nbrunamacedo@tpa.com.br:1985bemo | 2\r\nalan.french@dsl.pipex.com:blackbird05 | 22\r\nwaydeburt@hawaiiantel.net:rich7424 | 2\r\ntongyj2008@sohu.net:123456 | 71\r\natendimento01@institutomachado.com.br:Alterar123 | 2\r\nlahti.paivi@dnainternet.net:qqqqqq11 | 7\r\nneil.reynolds@virgin.net:nr051284 | 3\r\naccounts@anchorlogistix.com:12345 | 1\r\nbezs5@mbox.com.au:94141193 | 5\r\nhal@a-project.net:harukamika1972 | 28\r\nanne.kirby4@talktalk.net:james4 | 82\r\nclub@sanfiorbianconero.com:gvialli05 | 8\r\nsarahholland@talktalk.net:sezwaz | 18\r\ndimartin@fibertel.com.ar:albo00 | 131\r\ninfo@amfalfa.com:To11eranza0 | 5\r\ned.olive@ibest.com.br:a061269 | 36\r\nrenatomarmo@7grill.com.br:restaurante7 | 75\r\nvaamo@talktalk.net:fvaamonde | 10\r\npedie1@srt.com:jsasvp | 1\r\nterrie.smith@dsl.pipex.com:twins | 3\r\ntchew@oraclepaper.com:delphi1 | 2\r\nlaurakamia@ig.com.br:lauka | 61\r\nmcintyre2005@telkomsa.net:lokiju09 | 9\r\nacdeluca@globo.com:tatati88 | 10\r\nchill4021@twc.com:brownsno1 | 263\r\ntblack7@bex.net:sewwhat1 | 7\r\npusterhofer.m@a1.net:07081967 | 4\r\nmathieun@hemfrance.com:112815m | 4\r\ncesmoris@fibertel.com.ar:ceci1965 | 4\r\ngarado@fibertel.com.ar:chino15 | 10\r\nwereoutahere2005@buckeyeexpress.com:infinity1 | 7\r\nmariannwenzel@gmx.net:Mariann2607 | 2\r\nantoine.childers@bex.net:turn9sink | 1\r\nhorst.ehlert@alice-dsl.net:Fabian24 | 1\r\nheeej@kakao.com:9abx1211 | 4\r\nrmurphy@ruraltel.net:facsmur | 1\r\n06010206@zjnu.net:198487 | 12\r\nmarkella@telkomsa.net:2gremlins | 1\r\nsunroomlife@bnin.net:lewellen | 3\r\nwutodi@21cn.net:50n9zhan | 42\r\ntaharmsen001@bex.net:tah2366 | 1\r\ngwynnellis@buckeyeexpress.com:winston7 | 1\r\ntheblacklist12@mail.com:k553vvca | 2\r\nlego-stein@a1.net:michael | 4\r\npaula.rowden@talktalk.net:stanton34 | 1\r\ncwhitman@buckeyeexpress.com:everyman12 | 46\r\nmangchi2846@nate.com:rhkdtjsdl5 | 1\r\nanjoru1@fibertel.com.ar:anju3940 | 2\r\ntruelibra924@buckeye-express.com:robbie29 | 1\r\nsnarly@interbaun.com:LoganS | 17\r\nsecfatima@fibertel.com.ar:fati13 | 36\r\ncoradavis@fibertel.com.ar:rocky13 | 37\r\nwestmacotts@talktalk.net:Horseshoe1! | 3\r\njnhardesty@adelphia.net:corvid5 | 55\r\ndavid.laming@dsl.pipex.com:denise61 | 1\r\npeakint@netvigator.com:huahin12 | 1\r\nidlt@fibertel.com.ar:82racing | 1\r\nfwells@bex.net:dillon1 | 6\r\nlity68@fibertel.com.ar:abcd1234 | 17\r\nrfmaile@hawaiiantel.net:hawaii54 | 2\r\nsanto.mann@dsl.pipex.com:waheguru1 | 1\r\nalexvilca@seyconsac.com:alisson_1979 | 5\r\ninfo@teheretahiti.com:thtahiti2013 | 3\r\npurchasing@stoneharbordistribution.com:Blythe13 | 2\r\ntecnoservice@fibertel.com.ar:jose9113 | 6\r\nstardust@ruraltel.net:sissy | 14\r\njen.reeley@talktalk.net:Willow14! | 3\r\nmartamina@fibertel.com.ar:basail45 | 11\r\nmarina@imexcomar.com:perales | 15\r\njcblanks@grhammonds.com:jcb2447! | 5\r\ngerda.juvan@a1.net:goertsch | 1\r\nhoward.pryor@talktalk.net:Arnie551 | 2\r\ndcantu@bex.net:bdv1745 | 4\r\nrandall@sbreal.com:Realtor10X | 1\r\ntiarmjay@mbox.com.au:sabotage | 57\r\ndaznic@ntlworld.com:Bellamank1 | 4\r\npcolbert@buckeye-express.com:4social9 | 157\r\ncleber74df@globo.com:ccd33a | 10\r\nelda.raclot@laposte.net:Drouvan.974 | 1\r\ncwilliams534@buckeyeexpress.com:borsosm5 | 1\r\nsimter4@virginmedia.com:panther10 | 3\r\nklewis@hawaiiantel.net:borriss | 11\r\nmagdalemos@globo.com:bernardo | 43\r\nigorpastis@cegetel.net:igorpastis | 5\r\ndfitousi@netvision.net.il:david66 | 1\r\narrmurakami@ig.com.br:allanrafael | 4\r\nandrea@trabaldo.net:morfina | 5\r\nandrea.merli@andyejoe.com:area51 | 1\r\ntbranyan@buckeye-express.com:oakland1 | 7\r\ncarlos.henriquecunha@globo.com:ch210121 | 90\r\nd.maund@dsl.pipex.com:quiouquz | 4\r\nkeetonians@talktalk.net:keetze100 | 5\r\naynrand@vikingmetals.com:Rand8611 | 2\r\nigarashi@scribble-inc.com:naoki0014 | 4\r\njlcooper@buckeye-express.com:audrey11 | 14\r\neduardo29ka@ig.com.br:270393 | 1\r\njoaanjoa@nate.com:dbdbduddl0 | 4\r\nlarissa_vieira@globo.com:larissa2610 | 1\r\ngordonrmclaughlin@buckeyeexpress.com:mary1960 | 14\r\nrouqu@accesstoledo.com:sophie | 27\r\n02170127@zjnu.net:557384 | 3\r\nfabianrosales@fibertel.com.ar:fabi2125 | 2\r\nrufus.oyebade@virgin.net:yemisi12 | 73\r\nlara1999@globo.com:lara1999 | 44\r\nnubia@joerisse.net:nubia | 1\r\nvimima@buckeye-express.com:8744rnrn | 2\r\nvargas-jr@ig.com.br:srat74 | 327\r\nbiamendonca@globo.com:bia1965 | 108\r\nchoirdude2013@bex.net:4cju16 | 5\r\nmark24@twc.com:79camaro | 1\r\nhouston@buckeyeexpress.com:arlene1 | 2\r\npsj1204@accesstoledo.com:baliecat | 4\r\nalialarco@speedy.com.pe:lIBRA46 | 1\r\nlaulaz@fibertel.com.ar:cosimo08 | 9\r\nmcarolbraga@terra.com.br:toca2004 | 1\r\nelelastico@fibertel.com.ar:c11t09l3 | 6\r\njkrutz1@buckeye-express.com:zanetrev413 | 2\r\nfosterchan@netvigator.com:Ht1020056 | 2\r\nfinbar@dsl.pipex.com:firefly01 | 1\r\nkatie@dynamicmovements.com:5678kick | 4\r\ndans@dansgrinding.com:lynette1 | 16\r\nrchihuahua2@buckeyeexpress.com:rabbitfoot1 | 1\r\nrowan@motherhencatering.com:sheephouse1 | 6\r\nvdepaux@cegetel.net:KINOU123 | 1\r\nntish@buckeye-express.com:tish5448 | 4\r\nrmderossi@fibertel.com.ar:525352rd | 6\r\noliver.prescott@dsl.pipex.com:spitfire | 7\r\ns.oudin@laposte.net:cELIMAN123! | 14\r\negyanna@hu.inter.net:68pejkab | 8\r\ninfo@juraganbajumurah.com:juraganbudi01 | 12\r\nfelipe-pg-santos@uol.com.br:lipe0911 | 61\r\ndumrauf@fibertel.com.ar:felix123 | 18\r\ntraceyngrant@iprimus.com.au:2005Hwmf | 1\r\nledyards@bex.net:Marathon1 | 11\r\nfe.elyna@ozone.net:Elyna2004 | 4\r\nfjrosebud@accesstoledo.com:fjr123 | 10\r\ntwozpots@davidbowie.com:111661 | 3\r\nshardin1@buckeye-express.com:7348colonial | 2\r\nlkrausz@thejnet.com:9169 | 18\r\nmelaken@hawaiiantel.net:leo855 | 4\r\ndyliswong@netvigator.com:tennis03 | 2\r\norovits.b@a1.net:orovits | 2\r\nania.adamczyk@adresik.net:Aniadam1 | 1\r\nwayman_bell@crosswind.net:mm1207mm | 1\r\nj.kayluna@valliant.net:cookie | 5\r\njanet@waileacollection.com:bailey | 1\r\nstevebar@bex.net:2112YYZ46&2 | 65\r\nnjegos@paleol.net:njegos1982 | 2\r\nleswooda@progressivetel.com:les44a | 43\r\nrscagle@hughes.net:ranger9 | 6\r\npaulatertza@fibertel.com.ar:bedelf10 | 7\r\npaulee@bnin.net:arfie13 | 10\r\nsiudenise@netvigator.com:k43357 | 3\r\nrobbyrayburn@windstream.net:Budd2833 | 1\r\nicbutch@bex.net:af1568 | 1\r\nbcook723@twc.com:angela8268 | 4\r\nmalcomelectric@accesstoledo.com:deb7580 | 19\r\nbulbisar@laposte.net:Pokemon24100 | 2\r\nmurphyff@buckeye-express.com:Scooter4 | 1\r\njudieb25@chesnet.net:ciera2003 | 14\r\ndsterry@heartofiowa.net:Jaybird00 | 2\r\nakshaya.mehta@heritageglobal.com:mehta123 | 1\r\nvybiral.michael@a1.net:21051972 | 4\r\nturnersigns@buckeye-access.com:2356Jimmy | 18\r\nmhjames@netins.net:water1234 | 1\r\nandressapa@uol.com.br:a270608j | 18\r\nramiroparodi@fibertel.com.ar:paro1971 | 2\r\nclivedbevan@talktalk.net:Hinton46! | 14\r\njuliomarconi@fibertel.com.ar:a3113a | 1\r\ngigi@ggtravels.com:Katejoey2 | 3\r\njoeandpam93@hawaiiantel.net:pamnjoe1 | 3\r\nhase24@a1.net:Schnecke | 4\r\nvrichards@talktalk.net:pallett3 | 21\r\nhansjoan@alaska.net:dryhead2 | 13\r\nrfragoso@buckeyeexpress.com:looking4 | 8\r\nwesson@talktalk.net:Caitlin22 | 1\r\nman2304@netvigator.com:man52371 | 1\r\nmyboys2@twc.com:trev2jake | 63\r\nrosana.christo@globo.com:minhoca | 1\r\nbende@taborosi.com:Bendemark1 | 1\r\nmadisonie@buckeye-express.com:stacey926 | 3\r\njstix@a1.net:stix9327 | 1\r\nfeldmanj@fibertel.com.ar:jo26844 | 39\r\ngeoffegan@dsl.pipex.com:Sylvia12 | 1\r\nanaluciassales@ig.com.br:2411tayn | 3\r\npatriciabirman@fibertel.com.ar:03dema | 4\r\ngustavosaetta@sion.com:040660 | 20\r\nkenley@rikerealestate.com:kenley | 1\r\ntchildress7@buckeyeexpress.com:babyt5224 | 66\r\nmarceladias@odontojardins.com.br:14041983 | 2\r\njessica94@buckeyeexpress.com:scissors7 | 2\r\nluvbirdj@mi-connection.com:birdie | 9\r\nwilsoncotrim@uol.com.br:ddig81 | 5\r\nmaqmoto@uol.com.br:filial1 | 11\r\nphkm@netvigator.com:169394ho12311112341 | 2\r\nlagesse@terra.com.br:amizade123 | 1\r\nserafimmarques1@uol.com.br:iehp83 | 21\r\ncarlos@urbeengenharia.com.br:joao00 | 8\r\ndricastrolima@globo.com:coelha | 1248\r\nbruno.villedieu@officium360.com:kevinbruno | 3\r\nkhoward@howarddata.com:12345 | 1\r\ne_pinhas@netvision.net.il:estipaz | 3\r\nkys0584@nate.com:eorn053! | 1\r\njoao.pataiba@globo.com:ba100508 | 42\r\nluiz@pluglig.com.br:afeganistao461 | 274\r\nmabasmaison@laposte.net:Doudou63120 | 4\r\nsigzz@uol.com.br:wry00 | 461\r\na.brown21@talktalk.net:matthew | 22\r\nadesena@sion.com:qeq121 | 7\r\namkona@hawaiiantel.net:kealani | 301\r\nmarcelo.picazos@fibertel.com.ar:1209pica | 67\r\nrenatafigueredo@globo.com:Estrela123 | 7\r\nwichsi@hawaiiantel.net:usilias1 | 1\r\njkdl@ig.com.br:danoninho | 282\r\ntyhung@netvigator.com:p02033 | 3\r\nrcd.tae@virgin.net:mycoolpc1 | 4\r\n316861986@qq.com:zyf951753 | 378\r\ndale.cordeiro@hawaiiantel.net:password | 6\r\npatchoco@uol.com.br:Gigi6161 | 7\r\nspoiledbrat01@buckeye-express.com:kendall12 | 1\r\nj.gaston@dsl.pipex.com:24700674 | 3\r\nheitor@grupobuscarioli.com.br:hbj1975 | 37\r\nethan@eddinshome.com:ethan2 | 1\r\nm-roseli-silva@uol.com.br:r1o2s3e4 | 18\r\nsandra.adamson@lineone.net:London01 | 19\r\nbrownbottle@dsl.pipex.com:bollocks | 1\r\neatkins@americanrecruitmentsolutions.com:Freeme | 1\r\naugustoferreira1967@bol.com.br:Batata32 | 2\r\nasantoslima1980@bol.com.br:Glaucia1 | 11\r\nleo.acupuntura@uol.com.br:20leo | 10\r\nmatchym@netvigator.com:mat20891 | 20\r\nbesnarddominique@ozone.net:Kierarocky2010 | 1\r\nmark.shinkfield@dsl.pipex.com:aries123 | 22\r\nlcamat@speedy.com.pe:210374 | 1\r\ngenright@cablesurf.com:enterprise | 32\r\nwyy@sohu.net:333000 | 9\r\nbjsc@bex.net:pooky23 | 2\r\nsanfrancisco_paita@speedy.com.pe:sfco2005 | 2\r\nkdouglas@theadvisorsnw.com:kathleen1 | 1\r\nvendas@jpdecoracoes.com.br:fev1998jp | 2\r\njep@fibertel.com.ar:1423sele | 5\r\nrinapa8@dmm.net:Ntn894337 | 11\r\ndj.querelle@uol.com.br:amadeus1 | 5\r\nsndydrmr@buckeye-express.com:hannah826 | 8\r\nlsh0208123@nate.com:tlghks12 | 1\r\nalibarts@talktalk.net:7Football | 15\r\nmichael59@buckeyeexpress.com:slaggert | 130\r\ndirlenelopes@ig.com.br:12061970 | 2\r\ntrumpster1@buckeye-express.com:golfman00 | 3\r\npabllo@oqrola.net:diowdiow3 | 3\r\nkhalid.hannane@laposte.net:Test@2006 | 1\r\ngustavo.ferreira@vitalnetprovedor.com.br:1506892011bat | 1\r\nmariluz@ideeamazonia.com:Mar020609 | 1\r\nziggystargirl@davidbowie.com:judelaw | 2\r\nsakuma@y-pr.net:papamama | 29\r\npbc02323@nifty.com:1Slimwine | 14\r\nvumi@paleol.net:Zasad141 | 1\r\ngordon.taylor@dsl.pipex.com:CurlyBear07 | 1\r\nshirleymiller@bex.net:sarm57 | 93\r\ndjarboe7@twc.com:scooter7 | 166\r\nmcopeland@lantic.net:michael0aa | 7\r\nhospaulohenrique2004@ig.com.br:Fhz194705 | 5\r\nricardo_ueno@uol.com.br:romafa | 6\r\nmr.lolzor@bex.net:fish87 | 1\r\nlaperlita@fibertel.com.ar:amalio21 | 1\r\ncschwarck1@bex.net:mikocat1 | 6\r\ntellis@dsl.pipex.com:william | 4\r\ndavesnouffer@accesstoledo.com:130des | 1135\r\nabenicio_monte@globo.com:Aninha1993 | 1\r\naccidentadvice05@vfemail.net:article123 | 1\r\npwhs@netvigator.com:lili1184lili11841 | 10\r\npestdetective@centramedia.net:roaches | 3\r\ndarabosa@hu.inter.net:1koljako32! | 1\r\nantoniogmartello@fibertel.com.ar:tomyto12 | 5\r\nilic@paleol.net:matrix | 23\r\nallysoncom@twc.com:gemini27 | 6\r\nfabol@globo.com:CRO120566 | 1\r\nlaurence.webb1@ntlworld.com:Aisling1 | 2\r\nmarta.verceli@terra.com.br:m1a2r3 | 2\r\ngray.d@comcast.net:Tunafish2 | 26\r\naudreycvaz@globo.com:gabriel02 | 261\r\nseabash1@bex.net:emmy42 | 1\r\nmikeriordan@bex.net:5152Mike! | 17\r\nmeanjean@buckeyeexpress.com:goblue77 | 120\r\nbermerro@uol.com.br:Fidelis123 | 1\r\nbarbarablance@uol.com.br:b10021998 | 2\r\nandressa@mangapitanga.com:gagui100 | 21\r\nfelixgarciagomez79@vfemail.net:felix1979 | 2\r\nbedrocksvc@hawaiiantel.net:tracyzoe | 1\r\nandreafr@fibertel.com.ar:fran12 | 5\r\nshue@buckeyeexpress.com:olivia1205 | 38\r\nmartin_m@fibertel.com.ar:pitu2124 | 2\r\nmariadelgado@terra.com.br:c963258 | 1\r\nmarkus.putz@a1.net:062325108 | 6\r\na.de.aro@terra.com.br:Rafa3818 | 5\r\nrsashka@cox.net:sashka11 | 8\r\ndmjg3@hawaiiantel.net:Domaja123 | 34\r\nsdsteil@netins.net:sj26dm25 | 1\r\naamoreno@terra.com.br:adm1602 | 1\r\npiva.consultoria@uol.com.br:Hp521042 | 9\r\nmiddletonave@supanet.com:gunman87 | 2\r\nkira@kwebtech.com:reise40! | 1\r\nmariolehrer@fibertel.com.ar:5555ml | 3\r\ncarole.john.lebrun@west-telecom.com:xantia | 8\r\ninfo@fg-eclipse.net:ffooeecc | 4\r\nkvannahmen@unitedwireless.com:lightcap57 | 381\r\nemkraus@bex.net:cchs2014 | 18\r\ntheenanorias@hawaiiantel.net:agape1 | 28\r\njackielee2003@netvigator.com:Jl303030 | 39\r\nbreanne@breannemorgan.com:purple4life | 14\r\nvedmonds@floridahealthcareer.com:triumphant13 | 7\r\nboniblue1@bex.net:grandma1 | 1\r\nac_jg@uol.com.br:tbeu2305 | 439\r\nrmsoares@uol.com.br:gol4298 | 22\r\nalmcgreevy@buckeye-express.com:sparky11 | 13\r\npeter.crumby@dsl.pipex.com:9379415 | 1\r\nbjn48@buckeyeexpress.com:maxine48 | 8\r\nemilie.deleplace@cegetel.net:70lau71ste | 1\r\ngablesguest@telkomsa.net:kcbron | 41\r\nmandywong1212@netvigator.com:mandy1212...w123 | 2\r\nanthony@lscgallery.com:Connor1456 | 1\r\nleann.bader@hawaiiantel.net:gods1st | 5\r\nimjy710@nate.com:wlsdud1220 | 4\r\ndp-media@gmx.net:sascha19do | 7\r\nblueisaac3@buckeye-express.com:blue232419 | 13\r\ntk425tammy@buckeyeexpress.com:Jane417 | 37\r\nsshkingdom@nate.com:eazy2dj! | 5\r\nfoundation@dsl.pipex.com:foundati | 10\r\nacquiescence@dsl.pipex.com:happy1 | 6\r\nsophia.jager@uol.com.br:sophia1509 | 4\r\noluapi@uol.com.br:020664pi | 9\r\npxiang@fsyyy.com:px116116 | 77\r\ndcantu@buckeye-express.com:bdv1745 | 4\r\nltedesco@fibertel.com.ar:1723mp25 | 12\r\nkorel@globo.com:ypv3920t | 68\r\nari_2009@ig.com.br:Luis3105 | 18\r\nalainbuffalo@west-telecom.com:terredeloup | 7\r\nhsingley@aerowaysinc.com:Katijo1102 | 1\r\nconniegigi@roadrunner.com:Chickie1! | 5\r\nhididi31@laposte.net:Airbus00 | 1\r\nliviamedina@ig.com.br:liviamc12 | 156\r\nmitesh@acmandassociates.com:acm@#12345 | 47\r\nzeljka@teol.net:konjic | 13\r\nforshines@nate.com:nccu4051 | 1\r\nangelanelson@netvigator.com:7y0k6f | 7\r\npajenks66@bex.net:fiesta06 | 2\r\nconstrutoraonofreleite@uol.com.br:lbvm59 | 1\r\ninfo@institutdesartsmartiaux.com:ufve6scx | 3\r\nkaushik@mpjewellers.com:K09051976 | 5\r\njuangeronimo@fibertel.com.ar:flor1007 | 23\r\nrab88@buckeyeexpress.com:deerfield88 | 22\r\nlynnaspin@talktalk.net:Ginger1!Ginger1! | 5\r\ndigirolamoroberta@isbeconsulting.com:140843 | 3\r\njo.pauwels@vfemail.net:Iforgot123 | 1\r\nmelojuju@cegetel.net:dindin | 134\r\npjc3@bex.net:Prov356 | 4\r\nrroberts3@buckeye-express.com:redwood2 | 8\r\ndepmharrison@columbus.rr.com:mattie23 | 3\r\noffthelip@uol.com.br:mari2212 | 11\r\namisery2007@buckeye-express.com:12corona | 26\r\ntatyane.ribeiro@waal.com.br:150706 | 4\r\nt.henegar@buckeyeexpress.com:nate04 | 3\r\nsemer@semersl.com:b81329302 | 2\r\nernestolucini@fibertel.com.ar:amelia20 | 2\r\nfatimaguedestf@globo.com:renato | 1\r\ndavidpickford@talktalk.net:paperclip14955 | 2\r\ntrm.martins@uol.com.br:gilda6969 | 7\r\nmadson21@terra.com.br:guime48 | 1\r\nmarcesil@fibertel.com.ar:alonso11 | 4\r\nchamberhaley@buckeye-express.com:haley4195 | 2\r\nmatheus.duraes@uol.com.br:161064a | 6\r\nbrandon@orlandoss.com:btss1992 | 1\r\nlissi.rienzni@rolmail.net:DvQjBsRu | 3\r\nken@webeden.net:7890uiop | 1\r\nsbrunolopes@uol.com.br:gxve93 | 8\r\nbardwell89@talktalk.net:Phoebe123 | 6\r\nmelramirez@attorneybreakfastclub.com:pereira14 | 3\r\ngarrygeorge@talktalk.net:nemesis | 1\r\npam@broadlandholidays.com:Miadamji1 | 1\r\nalencar.mr@globo.com:Maraal321! | 83\r\ncindy306@buckeyeexpress.com:daughter2 | 1\r\nmonte.herbalife@globo.com:thphvh79 | 65\r\njo.livingstone@grapevine.com.au:Stephanie | 15\r\nellienik@esc.net.au:sweetpea | 67\r\nlyudmila@gracefulbrush.com:Tor781601 | 1\r\nginny.wise@twc.com:Allstar1 | 10\r\nbonth@bex.net:Cessna150 | 205\r\nlokeshca@bol.net.in:webmail2980 | 3\r\nkbuehler@buckeyeexpress.com:Beaner10! | 1\r\nionescarvalho@globo.com:Pituca83 | 9\r\nmdeiuliis@windstream.net:Otto1081 | 2\r\nreffahs@buckeyeexpress.com:pluto1992 | 47\r\nlscarbone@fibertel.com.ar:lc167943 | 2\r\nmlimoli@intelliwave.com:Erinnick12 | 1\r\nmax.demoulin@laposte.net:3529Lopadima! | 1\r\njosematarrese@fibertel.com.ar:jose3103 | 3\r\ngregbailey@bex.net:Greg933! | 17\r\nlgambrell3@buckeye-express.com:country1 | 1\r\nclaireandco@talktalk.net:tredinnick8 | 2\r\nj.elguezouli@laposte.net:Khira2212 | 1\r\nferdunan@fibertel.com.ar:hal2003 | 9\r\nvoice-kim@nate.com:pinky421 | 1\r\ngui_gsf@globo.com:gui155225 | 3\r\nashnmike@buckeye-express.com:jim630302 | 1\r\nhooaahkah@buckeye-express.com:spike135 | 2\r\nliettzz@ig.com.br:lili0906 | 3\r\nc.bellotti@globo.com:cb242524 | 233\r\nvitoriapessoa@dlvaledosaofrancisco.com.br:vpdlvsf102030 | 1\r\ncamagal@uol.com.br:Kmagal1772 | 65\r\ncschwarck1@buckeye-express.com:mikocat1 | 6\r\ndkriegel@bex.net:eagle1 | 2\r\nmcalza@uol.com.br:soeusei0 | 25\r\ncruzeiroachefacil@uol.com.br:clw1610 | 16\r\nggubsi@nate.com:q316800 | 3\r\ndonna@lewisind.com:nana10 | 10\r\nbehappy@uol.com.br:biel03 | 522\r\npamags@uol.com.br:ps161064 | 19\r\nredshall.gaming@laposte.net:Valerie2101 | 4\r\nmpatt@bex.net:luckydog | 9\r\nfunilariaepinturabatista@uol.com.br:Batistaoficina | 155\r\ngc889@akeonet.com:gillou69 | 1\r\nsale.diarra@laposte.net:Diarra030481 | 1\r\nb.clovis@globo.com:cb210651 | 175\r\ncruz.andrea@uol.com.br:Pai26051950 | 658\r\nmfernandes30@uol.com.br:mf155080 | 2\r\nemnetherton@twc.com:emily1998 | 1\r\ncheungsunyee@netvigator.com:CSYEE425!1234 | 1\r\ngazbdraper@twc.com:ducky2003 | 1\r\njuliedensham@talktalk.net:poppy | 2\r\nav.braga@uol.com.br:c58xmax | 497\r\ntrevor@nadirmusic.net:sadist2 | 1\r\npcjhamel@nomotech.net:philippe | 9\r\ndksejrqo0317@nate.com:1q2w3e4r! | 1\r\ninfo@thebrainbytes.com:sonal123 | 2\r\nchdezsg1@buckeye-express.com:stargatesg1 | 7\r\njsebastiaopereira@uol.com.br:J140155p | 3\r\nadmin@oravaaction.com:miro5762 | 1\r\nad@manadv.com:database | 7\r\nmcidapaiva@ig.com.br:ranieri27 | 93\r\na.filippini@cogeogr.com:00970aoa | 12\r\nkimfl@netvigator.com:ck7730 | 128\r\nchrisriddell@talktalk.net:Bloodshadow12 | 1\r\nsr921@nate.com:0231wkf! | 1\r\ninfo@phist-productions.com:Fiftyone50 | 1\r\nwalterwmc@sion.com:47166241w!123444 | 1\r\nftlodan@comcast.net:Labtec123 | 2\r\ndcoop@accesstoledo.com:festus | 23\r\nboniblue1@buckeye-express.com:grandma1 | 1\r\nchristinagomes@flylittlebirdie.com:pbishot1 | 1\r\nfreddy0812@twc.com:poplar420 | 3\r\nellenjones@buckeye-express.com:wish12 | 4\r\nallysson01@globo.com:Sa220499 | 2\r\ngary@2percentinspiration.com:garych3llo | 11\r\nanreal007@pautina-nau.net:rD88Uc5d | 15\r\nalan.robison1@ntlworld.com:Atrjbi511 | 1\r\nbud_mcc@ptmc.net:bu1318 | 89\r\nk.grimwade@ntlworld.com:karen1965 | 7\r\nkate@splanhomes.com:happy27 | 47\r\nsilviamorganti@fibertel.com.ar:sil477 | 11\r\nstanfanny313@comcast.net:March1956 | 6\r\ndesiree.n@globo.com:Bikini12 | 23\r\nbobandkylie@grapevine.com.au:liambensam | 7\r\nrivergardener@dcwisp.net:amelia1bean | 26\r\n381505937@qq.com:tompson1991 | 984\r\n157647716@qq.com:apollo789 | 16\r\nesmirna@dominicanflave.com:ER551804 | 1\r\nbjn48@bex.net:maxine48 | 8\r\nmorganstn@talktalk.net:Luigi123! | 1\r\njanebeehner@buckeye-express.com:shit02 | 1\r\nandy.hamlett@talktalk.net:dustybin66 | 3\r\ndenisnadeau@spanadeau.com:duvallon | 2\r\nairojas@speedy.com.pe:LABRADOR | 1\r\njulio@mecsulcompressores.com.br:htfkk2667 | 4\r\nsylvia.tournier@laposte.net:Chouchou21! | 1\r\npoli.zen@laposte.net:pOpo1456 | 3\r\nlucaalvares@globo.com:junior111 | 2\r\ngsmith3@buckeye-express.com:carolyn5 | 6\r\nderek.comerford@dsl.pipex.com:Unprofor | 5\r\ndstay61@twc.com:Nilods61 | 3\r\naldeneide.guimaraes@globo.com:220451 | 27\r\n03360602@zjnu.net:7012339 | 2\r\nsallyann@pnc.com.au:babyteddyw015 | 1\r\nanitaj47@talktalk.net:sam3247 | 2\r\nfrancisco@mundialrsp.com.br:3587658 | 119\r\njywooley@buckeye-express.com:cortney1 | 1\r\nissol1811@talktalk.net:Isaac18 | 1\r\ntraceycatlin@buckeyeexpress.com:hawaii1 | 281\r\nedc719@nate.com:jane95 | 11\r\nzwergerl35@a1.net:julian1 | 1\r\nclaudio.mm@ig.com.br:51mogi73 | 61\r\newohw@bex.net:charlie1 | 28\r\ndiretoria@vipertelecom.com.br:kabelo1202kabelo12021000 | 1\r\nseniorreverse@buckeyeexpress.com:dexter1 | 18\r\nrebecca.carman@ntlworld.com:Flash2017 | 6\r\nwhighamkalli@windstream.net:Mikep123 | 8\r\nnabeel@wateensolutions.com.au:03004981382 | 4\r\nnaners@bex.net:eyesblue | 6\r\naskjhsa.kjhasd@vfemail.net:xS6a4DWBf6 | 1\r\ncraig@cambridgereprographics.com:Craigpro32 | 14\r\nfelipedhalada@globo.com:12309de | 66\r\ncarolinafn@globo.com:kitsukitsu | 10\r\ngcb28@cantab.net:23862386a | 3\r\ntitan157@hawaiiantel.net:shnugee157 | 47\r\ncicicoffee@centramedia.net:coffeecl | 8\r\ngoodenow@hawaiiantel.net:kGG96720 | 19\r\npeytonlorenzen@bex.net:pendoor13 | 3\r\ndonald@mielemedia.com:trustme2 | 100\r\nportaflex@ibest.com.br:852314 | 472\r\nkatharina.strassegger@a1.net:14101985 | 2\r\ncrobert@fibertel.com.ar:din589 | 5\r\ndjjohn16@twc.com:Mastersgoal1 | 115\r\nrmmurray@twc.com:Chelsea2 | 12\r\nrcelestino@fibertel.com.ar:rpc2563 | 16\r\ndominique.mahiques@cegetel.net:3785 | 1\r\nc.tolosana@laposte.net:Chouette1 | 1\r\ndwo@dlinexsign.com:Carlf1881 | 4\r\nming1234311@netvigator.com:2408ming | 5\r\ni.prado@uol.com.br:wish78 | 2\r\nwaldemar1@uol.com.br:Waswas121! | 42\r\nabigail_collin@talktalk.net:Mwraight1935! | 1\r\nzeljodragg@teol.net:1305aco | 2\r\nmaridmel@uol.com.br:favo16 | 8\r\nevaldo32@ig.com.br:jp121170 | 91\r\nkaren.j.murphy@talktalk.net:foreman1 | 2\r\neverhart@buckeyeexpress.com:maumee65 | 5\r\ntelm.reis@uol.com.br:081299Bel | 15\r\nsocial@cilentoregeneratio.com:lalapasocial | 1\r\nalcastilhos@terra.com.br:drdexter0800 | 2\r\nvan.silveira@globo.com:vanvan978 | 2\r\nchris.spree@talktalk.net:vertigo1 | 2\r\nkevinbarley@talktalk.net:quartzsurveyor | 24\r\ntopgun@buckeyeexpress.com:hollywood | 1\r\nmarilenaortiz@vetorial.net:paixao | 2\r\nbborja@globo.com:carvalho | 3\r\ndanipilon@uol.com.br:d020878 | 9\r\ntammi32@buckeyeexpress.com:peanut1 | 35\r\njacques.guerreau@netaplan.com:jackg007 | 1\r\nmyeongjunkim@kakao.com:rlaaudwns13 | 3\r\naltech@speedy.com.pe:Talara10 | 1\r\nsuresh.keshwala1@ntlworld.com:scorpio11 | 7\r\nclaudia.mickey@fibertel.com.ar:clau12 | 3\r\nlove4728@nate.com:wlsghks2 | 1\r\nroywakeman@lineone.net:S1gnal01 | 3\r\nmelgatti@uol.com.br:mel2223 | 1\r\nweib1004@nate.com:w1e2i3b4 | 1\r\nsocrates2006@virginmedia.com:Riaz2002 | 2\r\nmario.bonitatibus@globo.com:bnttibus | 2\r\nrrathie@uol.com.br:Mf153708 | 18\r\ncorunum@alaska.net:joanOfarc_1965 | 2\r\nvgj@dsl.pipex.com:1target2 | 2\r\nellenjones@bex.net:wish12 | 4\r\nsbutterfly@bex.net:shawn112 | 3\r\ndlsp@uol.com.br:scb024 | 264\r\nconrad-ross@buckeyeexpress.com:romabica | 1\r\na-liliam@ig.com.br:li18eu25 | 160\r\nmabeljurado@fibertel.com.ar:luna10 | 8\r\nall.talk@talktalk.net:oliver | 7\r\nn.z-m@a1.net:T0o9n0s2i | 1\r\nsam@mybnc.net:madisoncat | 4\r\ndesign.angela@globo.com:1510angela | 333\r\nsenm018@nate.com:dkwnaak12 | 1\r\ndakonaboyz@hawaiiantel.net:koale818 | 602\r\nmilacoquis@speedy.com.pe:PATITA | 1\r\ns.jago72@talktalk.net:Whisky1972 | 8\r\nmiriamarcelo@ig.com.br:mm190998 | 133\r\nmburton@michelleburtoninteriors.com:shlomo00 | 23\r\nwilhelm.pietsch@a1.net:17a580bq | 6\r\nkap1965@buckeye-express.com:purple3 | 6\r\nsatoshi@td-coa.com:03104sss | 54\r\nrnagliati@uol.com.br:smile5 | 186\r\ngreggp01@talktalk.net:meggie01 | 10\r\nwillowwood92@hughes.net:muffin123 | 4\r\naugustocesar@uol.com.br:A10C08M52 | 166\r\n05096828@zjnu.net:20058262 | 115\r\ncmrosa@ig.com.br:22maio00 | 56\r\ncosmicrabbit@dsl.pipex.com:sixetang | 1\r\ndaniel_lucas@globo.com:reca080308 | 22\r\nnp72@dial.pipex.com:ixechaba | 1\r\nbonanni@hotelalpi.com:attilio2016 | 1\r\ninfo@doitadvertising.com:ASDF1234 | 27\r\ndasoul@dasoulrecordings.com:2VCORDAY | 14\r\nttoppah@carnegienet.net:tt23car | 8\r\naucn49@dsl.pipex.com:tanidara | 5\r\nmyriam@taxmix.com:myriam1 | 1\r\nseverinoreinaldo@uol.com.br:reino3 | 1690\r\nlgreer@clamgas.com:298gamas | 2\r\nrandee@ny2d.com:Chapin99! | 6\r\nservice@lloyds-heating.com:shrewsbury1 | 2\r\njohanna.bonnot@laposte.net:Touareg123 | 1\r\neliomar@moveisnogal.com.br:nogal123 | 3\r\ncontact@thibault-creation.com:thibaultcrea | 6\r\nghassen@noktaproduction.com:9kTaProdghssN | 1\r\nlindachan923@netvigator.com:linda9231231098 | 7\r\ndvieira3@twc.com:lobster3 | 2\r\nsimoestorigoe@uol.com.br:rafaela1 | 4\r\nngdaniels@dsl.pipex.com:ramadog62 | 3\r\nricardo@primvs.com.br:Rica0207 | 123\r\ncourtwala@twc.com:cjbolt0924 | 115\r\nfranmakingoff@uol.com.br:fran03 | 30\r\ngsarge@talktalk.net:yamred46 | 3\r\nmatthew.eaton@cantab.net:Armadillo1 | 27\r\nsricciardi@fibertel.com.ar:jester58 | 14\r\nhughhill@talktalk.net:wipeout | 2\r\np.mitterhauser@a1.net:mitterhauser | 14\r\nauuf42@dsl.pipex.com:thinisaz | 4\r\nwayne@smithokeefe.com:bonnie | 5\r\ninput@lupastro.com:input120 | 1\r\nmindy@mindygk.com:18darlan18darlan | 2\r\nvyasti@telkomsa.net:nerish | 2\r\nwillertons12@virginmedia.com:matrix12 | 1\r\nadriana-melao@uol.com.br:240872aa | 30\r\nela@kreshtool.com:12345 | 2\r\ninfo@waltanjazz.com:Waltan2312 | 2\r\nvaldir.bassa@concrefiber.com.br:concre347258 | 7\r\napples0607@nate.com:xodls0410 | 1\r\nmaglee@mail2000.com.tw:maggie88 | 2\r\ndlemos@uol.com.br:sollua1 | 10\r\ndrlarry@sankofabda.com:energydoc1 | 5\r\nmarion.castien@laposte.net:Vqqfj94q | 19\r\ngrkeilm@infonegocio.net.pe:bILLYKEIL97 | 1\r\njed.m@talktalk.net:jedijed01 | 1\r\ncontact@lespapasgateaux.com:Gaston112 | 1\r\njean.michel.chaignaud@ozone.net:laguna | 2\r\nozzy311@talktalk.net:311311 | 33\r\ncckelly@nc.rr.com:Temagami!1 | 206\r\nthiago.silva@playoffmarketing.com.br:Inicial0 | 2\r\njcn.etherington@dsl.pipex.com:willfan | 1\r\nstevemagee@twc.com:SM4398evan | 260\r\nadapanariello@arkhearchitettura.com:camilla | 5\r\neran_ef@netvision.net.il:ec21445441ec21445 | 1\r\nmariarpm@globo.com:Ku7p7bzs | 28\r\nodontojca@ig.com.br:re234370 | 25\r\nrecruitment@ascendevelopment.com:ascend123 | 2\r\ntabitha@taylorstricklin.com:fonzo1993 | 4\r\nnicola67martin@talktalk.net:sun24shine | 1\r\njschlossman@isabellaproducoes.com.br:julie1818 | 5\r\nmikev@hydrotechco.com:Norton02766! | 38\r\ndavid@davidkaaker.com:Indian1 | 30\r\nsergiocarvalho2000@ig.com.br:saojorge123 | 28\r\nhuntfam5000@att.net:Impala-67 | 17\r\nruby@diamondstarco.com:rubes22 | 5\r\ninfo@robynandtrevor.com:guitars123 | 3\r\nchoico2@nate.com:1dlftnek! | 1\r\njosh@watercleaningservices.com:kasenjace10 | 10\r\npetesyd@dsl.pipex.com:m811psyd | 2\r\nblackking@netvigator.com:aesopf29 | 48\r\nmaxpage@talktalk.net:Durban20! | 1\r\ndenise-paixao@bol.com.br:ivani5 | 15\r\nangel@r7.com:julinha | 1\r\ng.goncalves77@globo.com:65215041 | 6\r\nrenee@gg4energy.com:gg4energy | 1\r\nguminghu2179@vip.qq.com:19920805Gmh | 93\r\npope.martin@virgin.net:mjy65rdx | 63\r\ngiuliano@gugafittipaldi.com.br:Giugiu3333! | 15\r\nmpat0358@bww.com:Diamondin14 | 1\r\nbenegas@fibertel.com.ar:elaser98 | 7\r\nkfstricker@vision-motion.com:Whiskey4711 | 1\r\nancastle2@talktalk.net:brighton99 | 2\r\nmichaeldunn13@twc.com:lauren13 | 5\r\nalexander.tanzer@a1.net:pluto19 | 3\r\norkun@airkargo.com:Ha212121 | 19\r\nrgarat@fibertel.com.ar:1152rg | 26\r\nalitse@netvigator.com:alitse914qww | 1\r\nbuddypearl@uniserve.com:Unicorn | 1\r\nscv4265@nate.com:jj121507 | 1\r\nm.marzouk@eit-eg.com:123456789 | 63\r\nmartim@fibertel.com.ar:4235mmmm | 1\r\ncrew@ieifactory.com:1e1factory | 3\r\ngill@lantic.net:amakhosia!11a | 6\r\nvirginiehector@west-telecom.com:virginie | 2\r\ntarantino.sandrine@akeonet.com:sandrine | 1\r\nvuillermoz.nicolas@ozone.net:MarksMan39832110 | 1\r\nroland.glas@a1.net:rolandg | 1\r\nguadalupe.sampedro@blancossampedro.com:sampedro | 34\r\ngeorg.heydenreich@a1.net:nicolas | 1\r\nlemosfreire@uol.com.br:elf2650 | 64\r\nkathywatkins@twc.com:Blondie1 | 7\r\nangela.barbosa@uol.com.br:corbu674 | 1\r\njioni22@nate.com:jini1015 | 1\r\ntsuriel@netvision.net.il:9325046 | 1\r\ntledford@alliancemortgageinc.com:12345 | 1\r\nantonio.sanna@talktalk.net:toni59 | 1\r\nsteph.rochefort@akeonet.com:morgane | 174\r\njohn.moloney12@ntlworld.com:Lukesean18 | 2\r\nx4502699@netvigator.com:aaa000 | 57\r\nstefano.italiano@pm4b.com:GFSI5050 | 1\r\nmguz@mentorcorretora.com.br:cygnus | 15\r\nchristianmartin@west-telecom.com:cheval | 1\r\nleilazanella@uol.com.br:LC2340 | 2\r\nsholland@ntlworld.com:claude01 | 3\r\nando@it-park.net:ando0315 | 9\r\nhenri.bordage@cegetel.net:c2ticust | 3\r\nhello@christianjohnston.com:sluggo | 5\r\nadagondo@uol.com.br:fisio67 | 3194\r\narthur@sambasul.com:abssba07 | 1\r\nbonthuyst@lantic.net:xblade1980xblade1980 | 2\r\nlydlink@davidbowie.com:heart6 | 3\r\npsolmi2@nate.com:qkrthfal2 | 1\r\nluthicharles@ozone.net:Chipies3 | 9\r\nwaynet9@talktalk.net:Virgo1000! | 3\r\nmarcelo.ga@uol.com.br:mfg2005 | 6\r\nrostefano@fibertel.com.ar:bachi09 | 8\r\nroseliha@uol.com.br:rose1949 | 441\r\nraju.sharma@laposte.net:Sharmagabard2014 | 4\r\nrecep.vero@clinicasyo.com:Princesa25 | 7\r\nmagma@magma-net.com.ar:magma238 | 242\r\njenny.apps@ukgateway.net:chester4 | 1\r\nademirneca@uol.com.br:Mariana00 | 3\r\nfkos@bioarc-studio.com:isa310367 | 34\r\nproject-15@finexkitchen.com:mjoshi12 | 15\r\nxfenn@davidbowie.com:4ad4ad | 3\r\nfncezaroni@uol.com.br:natasha91 | 1\r\nlornaellis@talktalk.net:Topaz1964 | 1\r\nkhnhsah@dtccom.net:Pumpkin1! | 2\r\nmfast@ig.com.br:3330M3330 | 2\r\ncruelspecies@dsl.pipex.com:R3b3cca | 49\r\nalex.roberts05@talktalk.net:jinxm00k | 5\r\nhildakay61@adelphia.net:nevadagold | 5\r\nhoney_pott@embarqmail.com:b-freak525 | 434\r\nwill.dale6@virginmedia.com:will6952 | 9\r\njucorsi@globo.com:ago0685 | 73\r\ngeetas@suchansoftware.com:7kailashkunj | 181\r\nrodemarck@globo.com:0188rock | 1\r\ncontato@patrimoveis.com:10203040 | 2\r\nguillermo.novelli@fibertel.com.ar:pedro222 | 2\r\nkim@kimtastic.com:C942580454 | 1\r\nromain.ballais@laposte.net:djNJmtn4! | 2\r\nkgoete@telkomsa.net:ejoosia | 345\r\nnsc40214@twc.com:ALJB1820 | 144\r\nno1yoda@nate.com:ayas8787 | 1\r\ncontato@trabalhoseconcursos.com:2006gaia | 5\r\nmarcdh@globo.com:Cinema143 | 1\r\nsorridentes.dental@uol.com.br:j0978094 | 603\r\nannerenault@laposte.net:6Octobre | 74\r\nguaresch@uol.com.br:Lf060398 | 6\r\njoyceemorrison@talktalk.net:oberammergau00 | 65\r\nelaine.luiz@uol.com.br:b23j29e11 | 65\r\njohnlocke@fibertel.com.ar:john1066 | 3\r\nmark@blanchardoil.com:mark2351 | 1\r\ntwells644@twc.com:June261953 | 2\r\nholly@smithclayman.com:madeleine4 | 40\r\nsandra@marencolodge.com:12345 | 3\r\nshirley-cavalcante@uol.com.br:rene2007 | 1\r\nf.macneil@ntlworld.com:Angusmac62 | 97\r\nmarizamaciel@uol.com.br:mr120767 | 29\r\nsales@shahsteelindia.com:shahsteel76 | 1\r\n03810120@zjnu.net:11405027 | 4\r\nshalanc@yahoo.com:iamgone | 5\r\nsandy@bjohnsonlaw.com:morrison999 | 5\r\nthayer2@cox.net:Paxton01 | 14\r\nlauren.mcalister@elkcreekhuntclub.com:laurenrae | 1\r\nmcgloyne@cox.net:Cindygl1 | 5\r\nlula041@ig.com.br:0041labs | 9\r\njason.mobley@miracomtech.com:qbert1 | 8\r\nmahler@nifty.com:wmdkwfrs | 1\r\nkelly@thetillergroup.com:tiller1 | 3\r\nghislain.baudel@laposte.net:Gunlock69 | 2\r\nalepochat@fibertel.com.ar:25414122 | 21\r\ninfo@tenpl.com:Neginhal@1 | 2\r\ncecyrafuls@charter.net:Cecy0971 | 6\r\ncerzabarros.barros@ig.com.br:040450 | 50\r\nfixer810@gilanet.com:pacotaco1 | 7\r\nbenyop@laposte.net:Ve40pohe | 1\r\nrobbin@theticketfirm.com:robbin | 1\r\nmariobastos@uol.com.br:bqkd5817 | 25\r\nhlavin@xtratyme.com:Hunter123zxc | 7\r\neduardoraeli@globo.com:53dado54fafa | 317\r\nfbihel@laposte.net:Casepasse2008. | 27\r\ncliffordelliott@ntlworld.com:Doppler505 | 15\r\nmargolies@themental-game.com:Gun4hire | 3\r\ninstitutodofigado@uol.com.br:andrea3 | 2862\r\ncindy.shimith@laposte.net:Cindy972 | 1\r\nragonezibrito@uol.com.br:ringo4418 | 201\r\nmarcio.david@impecltda.com.br:md82577400 | 3\r\nallen.laura@twc.com:sugarKT14 | 41\r\ngil.ap@uol.com.br:bola-12 | 1\r\ntyler@twc.com:tyler123 | 7\r\nsquadron.of.shadow@uol.com.br:be259tw | 1\r\nretifica.wm@globo.com:wm126910 | 10\r\nsusiq49@cox.net:murphy1949 | 2\r\noacortes@ecop-sa.com:123456 | 1\r\nrahim@alajlan-global.com:12345 | 5\r\ndixieman1965@talktalk.net:magpies01 | 5\r\ndenial01@netvigator.com:m13y25ra | 1\r\nclaudiarclima@uol.com.br:rmc0029 | 57\r\nszkmst@sk-delirium.com:temp0920 | 8\r\nsader@movinet.com.uy:Chacho88 | 6\r\nmarcia@marciabastos.com:victor07 | 26\r\n318ti@dsl.pipex.com:cds001 | 1\r\nh.williams@dsl.pipex.com:sidney | 4\r\nsimone.peres@ig.com.br:99883254 | 1\r\nestevaosilva@uol.com.br:pxsl0087 | 9\r\nrovane@dalcoquio-caminhoes.com.br:rosauria | 2\r\nsylvain.labat@west-telecom.com:dauphine | 1\r\ntaylor@taylorllong.com:taylor1 | 8\r\nclaudia.schaaf@talktalk.net:Solomon1 | 95\r\ncynthiarussell@infonegocio.net.pe:MoninO | 1\r\ninfo@nakamurabsc.com:Since2012 | 4\r\neve.godefroy@laposte.net:Justinils45 | 1\r\nlaurenlkelley@talktalk.net:Laurenlesley1! | 2\r\nljw8049@nate.com:dlwjd9533 | 1\r\nmorena@morenacohan.com:lakers1021 | 1\r\njstrong@regionsresidential.com:jstrong123 | 1\r\nwitwitwitwit@qq.com:xilu1986 | 37\r\nnerissa@somersaulthub.com:Spark12345 | 116\r\nikorea009@nate.com:rlwlsl5753 | 1\r\nul9926@nate.com:dlwlgus1627 | 1\r\ndesagun99@hawaiiantel.net:seven4me | 55\r\nprivate4mylover@dsl.pipex.com:steer607 | 11\r\neverettj@twc.com:juiceisloose3 | 772\r\nhparker@parkerhr.com:Habrdz13 | 41\r\njuliano-basso@uol.com.br:gdxj66 | 1\r\nankit@omantel.net.om:ank8587 | 1\r\nsanjay.manasse@laposte.net:Liberte15 | 1\r\nmartinluck1960@virginmedia.com:susan1968 | 7\r\nhelayne.leandro@globo.com:Hedu1519 | 32\r\nmalugrego@uol.com.br:ma1884lu | 1520\r\ndouglas.gore@triad.rr.com:Norman28 | 34\r\nch.neau@laposte.net:Freddo81 | 2\r\nmagnetoleung@netvigator.com:mag11046 | 1\r\nalex@boidourado.com:leo230982 | 7\r\njestto@hawaiiantel.net:jestto49! | 6\r\nskessinger@twc.com:Jarbs8771 | 7\r\ngraetz@netvision.net.il:TG4026 | 6\r\namandacoutcher@buckeye-express.com:sadie223 | 4\r\ncopellios@globo.com:03101997 | 4\r\nntish@buckeyeexpress.com:tish5448 | 5\r\njwsegura@buckeyeexpress.com:John24 | 1\r\npblewis100@buckeye-express.com:elon3566 | 3\r\nfredericolucas@uol.com.br:hc32014 | 3\r\nybi@ybi-consulting.com:chimie2000 | 15\r\nmegastair@talktalk.net:Wallace123 | 3\r\nkdegagne@uniserve.com:FoxyladyyqQ | 5\r\nape.karjalainen@dnainternet.net:aapoosaa1234 | 38\r\nfefe.rodrigues@globo.com:fefe1234 | 5\r\ntecnologo.andre@ibest.com.br:131264 | 2\r\nlsalyer@twc.com:rascal4141 | 5\r\nbarrystrotton@talktalk.net:conniemum1 | 2\r\npgressens@uol.com.br:lovesp2018 | 1\r\navia67@netvision.net.il:avia67 | 1\r\nandrea@clilogistica.com.br:marketing27 | 8\r\nskelley@unisciteinc.com:123456 | 4\r\nrroberts3@bex.net:redwood2 | 8\r\ntndstall000@buckeye-express.com:tress4 | 4\r\nagi1@varsat.net:lanzarot61 | 3\r\nraphaelsloureiro@uol.com.br:Rsl151220 | 12\r\nmarcoust@uol.com.br:gabi99 | 2807\r\ncasting@reafilma.com:filmarea | 4\r\nteresaandrobert@twc.com:caleb0304 | 87\r\nm27bpope@twc.com:bp626262 | 90\r\nfogaca@fogaca.com.br:nereu1946 | 174\r\nshalonmateriais@ig.com.br:senha20100 | 22\r\nfc.szuster@uol.com.br:fc291098 | 43\r\nsnew4151@bigpond.net.au:Ourdream32011 | 10\r\njadrianomarinho@uol.com.br:zs250794 | 5\r\nbobandjudy@mycnyrealtor.com:rancher | 1\r\ncap.franco2009@uol.com.br:zkei246571 | 1\r\nonthemark@onionbit.com:Immortals14 | 116\r\naadrianalucio@uol.com.br:Rafael10 | 1\r\njsroot@mail.com:Love1993 | 5\r\nal@schmidtfamily.com:skins77 | 4\r\ntonyfilmer@talktalk.net:windmill1 | 2\r\ncedriclambila@laposte.net:Azerty76 | 1\r\nwridley@gangstagroup.com:vladi2009 | 2\r\ngenhew@buckeyeexpress.com:sarahg12 | 3\r\njohn310354@talktalk.net:oldpec02 | 3\r\nllanddien@ntlworld.com:Paladin1 | 4\r\nrica@rica.com.br:ri4448ca | 1\r\njason.teague@bex.net:jat122471 | 1\r\njeffery.hughes@virgin.net:spring01 | 2\r\ncsmhorse@nate.com:sangmi7825 | 7\r\nbrysylv9@pnc.com.au:tanilba | 1\r\nkshjar@nate.com:soekdhk1 | 4\r\nliz.ferguson@twc.com:January49 | 76\r\nbigdaddy9211@bex.net:jesus1 | 47\r\nkellchi@netvigator.com:zidane82!!0 | 1\r\nlaurie@laurieambrite.com:natalie | 1\r\ncattlebaronvr@telkomsa.net:cordax123 | 12\r\nliml@laposte.net:Eva240199 | 1\r\nvimendonca@ig.com.br:060949 | 10\r\nmikedenney@twc.com:Barneyd1 | 2\r\njamsun77@nate.com:ji961102 | 2\r\nenano04@cox.net:Baseball13 | 1\r\nimagaito@nifty.com:5mem376k1991! | 11\r\nmark.edmonson@twc.com:99septjp77 | 5\r\nmkaikuaana@hawaiiantel.net:malia411 | 95\r\njakistler@buckeyeexpress.com:ardms5602 | 1\r\nrosservice@uol.com.br:1977fb | 4\r\nnickg@bex.net:rizza1 | 121\r\ndonnagray@dsl.pipex.com:petergray1 | 2\r\nritafalcao@uol.com.br:falca0 | 1\r\njbwalls@hawaiiantel.net:barflo | 6",
    "YaraRule": [
        "email_list",
        "enable_org28",
        "core_keywords",
        "email_filter"
    ],
    "total_emails": 1332,
    "unique_emails": 1332,
    "unique_domains": 376
}