{
    "scrape_url": "https://scrape.pastebin.com/api_scrape_item.php?i=xXxK36fc",
    "full_url": "https://pastebin.com/xXxK36fc",
    "date": "1594375777",
    "key": "xXxK36fc",
    "size": 133,
    "expire": "0",
    "title": "mob_grabber",
    "syntax": "lua",
    "user": "Assemb1y_",
    "filename": "xXxK36fc",
    "pasteid": "xXxK36fc",
    "pastesite": "pastebin.com",
    "@timestamp": "2020-07-10T10:09:37",
    "MD5": "8626c1246a7d0cb5df3cc4bc19a215e5",
    "SHA256": "6f871a783b820f2201d6bf1ef8c98804d0a014586d29ec9c9d54d1fb8d6a25a5",
    "raw_paste": "while true do\r\n    for i = 1, 16 do\r\n        turtle.suck()\r\n    end\r\n\r\n    for i = 1, 16 do\r\n        turtle.dropDown(i)\r\n    end\r\nend",
    "YaraRule": [
        "enable_org32",
        "core_keywords"
    ]
}