{
    "scrape_url": "https://scrape.pastebin.com/api_scrape_item.php?i=YfSp2Dx0",
    "full_url": "https://pastebin.com/YfSp2Dx0",
    "date": "1594307735",
    "key": "YfSp2Dx0",
    "size": 492,
    "expire": "0",
    "title": "Snake",
    "syntax": "python",
    "user": "",
    "filename": "YfSp2Dx0",
    "pasteid": "YfSp2Dx0",
    "pastesite": "pastebin.com",
    "@timestamp": "2020-07-09T15:15:35",
    "MD5": "cd03d351e8aacbdcf173df8ddf963fe9",
    "SHA256": "37bb5ed3618ce2b2184a9f5ef9d53f46447ad939cb16ac074a08e337b0d702bb",
    "raw_paste": "import turtle\r\nimport time\r\n\r\ndelay = 0.1\r\n\r\nwn = turtle.Screen()\r\nwn.title(\"Snake Game\")\r\nwn.bgcolor(\"green\")\r\nwn.setup(width=600, height=600)\r\nwn.tracer(0)\r\n\r\n\r\nhead = turtle.Turtle()\r\nhead.speed(0)\r\nhead.shape(\"square\")\r\nhead.color(\"black\")\r\nhead.penup()\r\nhead.goto(0,0)\r\nhead.direction = \"up\"\r\n\r\n\r\ndef move():\r\n    if head.direction == \"up\":\r\n        y = head.ycor()\r\n        head.set(y = 20)\r\n        \r\n\r\nwhile True:\r\n    wn.update()\r\n\r\n    move()\r\n    time.sleep(delay)\r\n\r\nwn.mainloop()",
    "YaraRule": [
        "enable_org32",
        "core_keywords"
    ]
}