{
    "scrape_url": "https://scrape.pastebin.com/api_scrape_item.php?i=ypVPwH3z",
    "full_url": "https://pastebin.com/ypVPwH3z",
    "date": "1594402426",
    "key": "ypVPwH3z",
    "size": 12469,
    "expire": "0",
    "title": "",
    "syntax": "tsql",
    "user": "",
    "filename": "ypVPwH3z",
    "pasteid": "ypVPwH3z",
    "pastesite": "pastebin.com",
    "@timestamp": "2020-07-10T17:33:46",
    "MD5": "c460bef5c3b87dc2ca603ed2f4d55975",
    "SHA256": "8b5949474382f07497a7763a42643f7fc090b0a4eb896d94b49038d59b7e4b11",
    "raw_paste": "----------------------------\r\n--1.\r\n----------------------------\r\n/*\r\nKreirati bazu pod vlastitim brojem indeksa\r\n*/\r\n\r\nCREATE DATABASE \"7\";\r\nUSE \"7\";\r\n\r\n-----------------------------------------------------------------------\r\n--Prilikom kreiranja tabela voditi ra\u010duna o njihovom me\u0111usobnom odnosu.\r\n-----------------------------------------------------------------------\r\n/*\r\na) \r\nKreirati tabelu dobavljac sljede\u0107e strukture:\r\n\t- dobavljac_id - cjelobrojna vrijednost, primarni klju\u010d\r\n\t- dobavljac_br_rac - 50 unicode karaktera\r\n\t- naziv_dobavljaca - 50 unicode karaktera\r\n\t- kred_rejting - cjelobrojna vrijednost\r\n*/\r\n\r\nCREATE TABLE dobavljac\r\n(\r\n\tdobavljac_id INT,\r\n\tdobavljac_br_rac NVARCHAR(50),\r\n\tnaziv_dobavljaca NVARCHAR(50),\r\n\tkred_rejting INT,\r\n\tCONSTRAINT PK_Dobavljac PRIMARY KEY (dobavljac_id)\r\n);\r\n\r\n/*\r\nb)\r\nKreirati tabelu narudzba sljede\u0107e strukture:\r\n\t- narudzba_detalj_id - cjelobrojna vrijednost, primarni klju\u010d\r\n\t- narudzba_id - cjelobrojna vrijednost\r\n\t- dobavljac_id - cjelobrojna vrijednost\r\n\t- dtm_narudzbe - datumska vrijednost\r\n\t- naruc_kolicina - cjelobrojna vrijednost\r\n\t- cijena_proizvoda - nov\u010dana vrijednost\r\n*/\r\n\r\nCREATE TABLE narudzba\r\n(\r\n\tnarudzba_detalj_id INT,\r\n\tnarudzba_id INT,\r\n\tdobavljac_id INT,\r\n\tdtm_narudzbe DATETIME,\r\n\tnaruc_kolicina INT,\r\n\tcijena_proizvoda MONEY,\r\n\tCONSTRAINT PK_Narudzba PRIMARY KEY (narudzba_detalj_id),\r\n\tCONSTRAINT FK_Narudzba_Dobavljac FOREIGN KEY (dobavljac_id) REFERENCES dobavljac(dobavljac_id)\r\n);\r\n\r\n/*\r\nc)\r\nKreirati tabelu dobavljac_proizvod sljede\u0107e strukture:\r\n\t- proizvod_id cjelobrojna vrijednost, primarni klju\u010d\r\n\t- dobavljac_id cjelobrojna vrijednost, primarni klju\u010d\r\n\t- proiz_naziv 50 unicode karaktera\r\n\t- serij_oznaka_proiz 50 unicode karaktera\r\n\t- razlika_min_max cjelobrojna vrijednost\r\n\t- razlika_max_narudzba cjelobrojna vrijednost\r\n*/\r\n--10 bodova\r\n\r\nCREATE TABLE dobavljac_proizvod\r\n(\r\n\tproizvod_id INT,\r\n\tdobavljac_id INT,\r\n\tproiz_naziv NVARCHAR(50),\r\n\tserij_oznaka_proiz NVARCHAR(50),\r\n\trazlika_min_max INT,\r\n\trazlika_max_narudzba INT,\r\n\tCONSTRAINT PK_Dobavljac_Proizvod PRIMARY KEY (proizvod_id, dobavljac_id),\r\n\tCONSTRAINT FK_DobavljacProizvod_Dobavljac FOREIGN KEY (dobavljac_id) REFERENCES dobavljac(dobavljac_id)\r\n);\r\n\r\n\r\nALTER AUTHORIZATION ON DATABASE::[AdventureWorks2019] TO sa\r\n----------------------------\r\n--2. Insert podataka\r\n----------------------------\r\n/*\r\na) \r\nU tabelu dobavljac izvr\u0161iti insert podataka iz tabele Purchasing.Vendor prema sljede\u0107oj strukturi:\r\n\tBusinessEntityID -> dobavljac_id \r\n\tAccountNumber -> dobavljac_br_rac \r\n\tName -> naziv_dobavljaca\r\n\tCreditRating -> kred_rejting\r\n*/\r\n\r\nINSERT INTO dbo.dobavljac(dobavljac_id, dobavljac_br_rac, naziv_dobavljaca, kred_rejting)\r\nSELECT\r\n\t\t\tV.BusinessEntityID,\r\n\t\t\tV.AccountNumber,\r\n\t\t\tV.Name,\r\n\t\t\tV.CreditRating\r\nFROM\t\t\r\n\t\t\tAdventureWorks2019.Purchasing.Vendor V\r\n\r\n/*\r\nb) \r\nU tabelu narudzba izvr\u0161iti insert podataka iz tabela Purchasing.PurchaseOrderHeader i Purchasing.PurchaseOrderDetail prema sljede\u0107oj strukturi:\r\n\tPurchaseOrderID -> narudzba_id\r\n\tPurchaseOrderDetailID -> narudzba_detalj_id\r\n\tVendorID -> dobavljac_id \r\n\tOrderDate -> dtm_narudzbe \r\n\tOrderQty -> naruc_kolicina \r\n\tUnitPrice -> cijena_proizvoda\r\n*/\r\n\r\nINSERT INTO\tdbo.narudzba(narudzba_id, narudzba_detalj_id, dobavljac_id, dtm_narudzbe, naruc_kolicina, cijena_proizvoda)\r\nSELECT\r\n\t\t\tPOH.PurchaseOrderID, \r\n\t\t\tPOD.PurchaseOrderDetailID, \r\n\t\t\tPOH.VendorID,\r\n\t\t\tPOH.OrderDate,\r\n\t\t\tPOD.OrderQty,\r\n\t\t\tPOD.UnitPrice\r\nFROM\t\r\n\t\t\tAdventureWorks2019.Purchasing.PurchaseOrderHeader POH\r\n\t\t\t\tJOIN AdventureWorks2019.Purchasing.PurchaseOrderDetail POD\r\n\t\t\t\t\tON\tPOH.PurchaseOrderID = POD.PurchaseOrderID\r\n\r\n/*\r\nc) \r\nU tabelu dobavljac_proizvod izvr\u0161iti insert podataka iz tabela Purchasing.ProductVendor i Production.Product prema sljede\u0107oj strukturi:\r\n\tProductID -> proizvod_id \r\n\tBusinessEntityID -> dobavljac_id \r\n\tName -> proiz_naziv \r\n\tProductNumber -> serij_oznaka_proiz\r\n\tMaxOrderQty - MinOrderQty -> razlika_min_max \r\n\tMaxOrderQty - OnOrderQty -> razlika_max_narudzba\r\nuz uslov da se dohvate samo oni zapisi u kojima se podatak u koloni rowguid tabele Production.Product zavr\u0161ava cifrom.\r\n*/\r\n--10 bodova\r\n\r\nINSERT INTO dbo.dobavljac_proizvod(proizvod_id, dobavljac_id, proiz_naziv, serij_oznaka_proiz, razlika_min_max, razlika_max_narudzba)\r\nSELECT\r\n\t\t\tP.ProductID,\r\n\t\t\tPV.BusinessEntityID,\r\n\t\t\tP.Name,\r\n\t\t\tP.ProductNumber,\r\n\t\t\tPV.MaxOrderQty - PV.MinOrderQty,\r\n\t\t\tPV.MaxOrderQty - PV.OnOrderQty\r\nFROM\r\n\t\t\tAdventureWorks2019.Purchasing.ProductVendor PV\r\n\t\t\t\tJOIN AdventureWorks2019.Production.Product P\r\n\t\t\t\t\tON PV.ProductID = P.ProductID\r\nWHERE\r\n\t\t\tP.rowguid LIKE '%[0-9]'\r\n\r\n----------------------------\r\n--3.\r\n----------------------------\r\n/*\r\nKoriste\u0107i sve tri tabele iz vlastite baze kreirati pogled view_dob_proiz sljede\u0107e strukture:\r\n\t- dobavljac_id\r\n\t- proizvod_id\r\n\t- naruc_kolicina\r\n\t- cijena_proizvoda\r\n\t- razlika, kao razlika kolona razlika_min_max i razlika_max_narudzba \r\nUslov je da se dohvate samo oni zapisi u kojima je razlika pozitivan broj ili da kreditni rejting 1.\r\n*/\r\n--10 bodova\r\n\r\nGO\r\nCREATE VIEW view_dob_proiz \r\nAS\r\n\tSELECT\r\n\t\t\tD.dobavljac_id,\r\n\t\t\tDP.proizvod_id,\r\n\t\t\tN.naruc_kolicina,\r\n\t\t\tN.cijena_proizvoda,\r\n\t\t\tDP.razlika_min_max - DP.razlika_max_narudzba AS razlika\r\n\tFROM\t\r\n\t\t\tdbo.narudzba N JOIN dbo.dobavljac D\r\n\t\t\t\tON\tN.dobavljac_id = D.dobavljac_id\r\n\t\t\t\t\tJOIN dbo.dobavljac_proizvod DP \r\n\t\t\t\t\t\tON\tDP.dobavljac_id = D.dobavljac_id\r\n\tWHERE\r\n\t\t\tDP.razlika_min_max - DP.razlika_max_narudzba > 0 OR D.kred_rejting = 1\r\nGO\r\n\r\n\r\n----------------------------\r\n--4.\r\n----------------------------\r\n/*\r\nKoriste\u0107i pogled view_dob_proiz kreirati proceduru proc_dob_proiz koja \u0107e sadr\u017eavati parametar razlika i imati sljede\u0107u strukturu:\r\n\t- dobavljac_id\r\n\t- suma_razlika, sumirana vrijednost kolone razlika po dobavljac_id i proizvod_id\r\nUslov je da se dohvataju samo oni zapisi u kojima je razlika jednocifren ili dvocifren broj.\r\nNakon kreiranja pokrenuti proceduru za vrijednost razlike 2.\r\n*/\r\n--10 bodova\r\n\r\nGO\r\nCREATE PROCEDURE proc_dob_proiz\r\n(\r\n\t@razlika INT = NULL\r\n)\r\nAS\r\nBEGIN\r\n\tSELECT\r\n\t\t\t\tdobavljac_id,\r\n\t\t\t\tSUM(razlika) AS suma_razlika\r\n\tFROM\t\r\n\t\t\t\tdbo.view_dob_proiz\r\n\tWHERE\r\n\t\t\t\t(LEN(CAST(razlika AS CHAR)) BETWEEN 1 AND 2) AND razlika = @razlika\r\n\tGROUP BY\t\r\n\t\t\t\tdobavljac_id, proizvod_id\r\nEND\r\nGO\r\n\r\nEXEC dbo.proc_dob_proiz @razlika = 2\r\n\r\n----------------------------\r\n--5.\r\n----------------------------\r\n/*\r\na)\r\nPogled view_dob_proiz kopirati u tabelu tabela_dob_proiz uz uslov da se ne dohvataju zapisi u kojima je razlika NULL vrijednost\r\n--11051\r\nb) \r\nU tabeli tabela_dob_proiz kreirati izra\u010dunatu kolonu ukupno kao proizvod naru\u010dene koli\u010dine i cijene proizvoda.\r\nc)\r\nU tabeli tabela_dob_god kreirati novu kolonu razlika_ukupno. Kolonu popuniti razlikom vrijednosti kolone ukupno i srednje vrijednosti ove kolone. Negativne vrijednosti u koloni razlika_ukupno zamijeniti 0.\r\n*/\r\n--15 bodova\r\n\r\n--a\r\nSELECT\t*\r\nINTO\tdbo.tabela_dob_proiz\r\nFROM\tdbo.view_dob_proiz\r\nWHERE\trazlika IS NOT NULL\r\n\r\n--b\r\nALTER TABLE dbo.tabela_dob_proiz\r\nADD\t\t\tukupno AS naruc_kolicina * cijena_proizvoda\r\n\r\n--c\r\nALTER TABLE dbo.tabela_dob_proiz\r\nADD\t\t\trazlika_ukupno REAL\r\n\r\nDECLARE\t@avg REAL\r\nSELECT\t@avg = (SELECT AVG(ukupno) FROM dbo.tabela_dob_proiz)\r\nUPDATE\tdbo.tabela_dob_proiz\r\nSET\t\trazlika_ukupno = ukupno - @avg\r\n\r\nUPDATE\tdbo.tabela_dob_proiz\r\nSET\t\trazlika_ukupno = 0\r\nWHERE\trazlika_ukupno < 0\r\n\r\nSELECT * FROM dbo.tabela_dob_proiz\r\n\r\n----------------------------\r\n--6.\r\n----------------------------\r\n/*\r\nPrebrojati koliko u tabeli dobavljac_proizvod ima razli\u010ditih serijskih oznaka proizvoda kojima se poslije prve srednje crte nalazi bilo koje slovo engleskog alfabeta, a koliko ima onih kojima se poslije prve srednje crte nalazi cifra. Upit treba da vrati dvije poruke (tekst i podaci se ne prikazuju u zasebnim kolonama):\r\n\t'Razli\u010ditih serijskih oznaka proizvoda koje zavr\u0161avaju slovom engleskog alfabeta ima: ' iza \u010dega slijedi podatak o ukupno prebrojanom  broju zapisa \r\n\ti\r\n\t'Razli\u010ditih serijskih oznaka proizvoda kojima se poslije prve srednje crte nalazi cifra ima:' iza \u010dega slijedi podatak o ukupno prebrojanom  broju zapisa \r\n*/\r\n--10\r\n\r\nSELECT * FROM dbo.dobavljac_proizvod order by serij_oznaka_proiz\r\n\r\nSELECT\tDISTINCT \r\n\t\t'Razli\u010ditih serijskih oznaka proizvoda koje zavr\u0161avaju slovom engleskog alfabeta ima: ' + CAST(COUNT(*) AS CHAR)\r\nFROM\t\r\n\t\tdbo.dobavljac_proizvod\r\nWHERE\t\r\n\t\tSUBSTRING(serij_oznaka_proiz, CHARINDEX('-', serij_oznaka_proiz) + 1, 1) LIKE '[A-Z]'\r\n\t\t\tOR SUBSTRING(serij_oznaka_proiz, CHARINDEX('-', serij_oznaka_proiz) + 1, 1) LIKE '[a-z]' \r\n\r\nUNION\r\n\r\nSELECT\tDISTINCT \r\n\t\t'Razli\u010ditih serijskih oznaka proizvoda kojima se poslije prve srednje crte nalazi cifra ima' + CAST(COUNT(*) AS CHAR)\r\nFROM\t\r\n\t\tdbo.dobavljac_proizvod\r\nWHERE\t\r\n\t\tSUBSTRING(serij_oznaka_proiz, CHARINDEX('-', serij_oznaka_proiz) + 1, 1) LIKE '[0-9]'\r\n\r\n----------------------------\r\n--7.\r\n----------------------------\r\n/*\r\na)\r\nKoriste\u0107i tabelu dobavljac kreirati pogled view_duzina koji \u0107e sadr\u017eavati slovni dio podataka u koloni dobavljac_br_rac, te broj znakova slovnog dijela podatka.\r\nb)\r\nKoriste\u0107i pogled view_duzina odrediti u koliko zapisa broj prebrojanih znakova je ve\u0107i ili jednak, a koliko manji od srednje vrijednosti prebrojanih brojeva znakova. Rezultat upita trebaju biti dva reda sa odgovaraju\u0107im porukama.\r\n*/\r\n--10 bodova\r\nselect * from dobavljac\r\n\r\n--a\r\nGO\r\nCREATE VIEW view_duzina\r\nAS\r\nSELECT\r\n\t\tSUBSTRING(dobavljac_br_rac, 1, CHARINDEX('0', dobavljac_br_rac) - 1) slovni_dio,\r\n\t\tLEN(SUBSTRING(dobavljac_br_rac, 1, CHARINDEX('0', dobavljac_br_rac) - 1)) duzina\r\nFROM \r\n\t\tdbo.dobavljac\r\nGO\r\n\r\n--b\r\nSELECT\r\n\t\t 'Ve\u0107i ili jednak: ' + CAST(COUNT(*) AS CHAR)\r\nFROM\r\n\t\tview_duzina\r\nWHERE\t\r\n\t\tduzina >= (SELECT AVG(duzina) FROM view_duzina)\r\n\r\nUNION \r\n\r\nSELECT\r\n\t\t 'Manji: ' + CAST(COUNT(*) AS CHAR)\r\nFROM\r\n\t\tview_duzina\r\nWHERE\t\r\n\t\tduzina < (SELECT AVG(duzina) FROM view_duzina)\r\n----------------------------\r\n--8.\r\n----------------------------\r\n/*\r\nPrebrojati kod kolikog broja dobavlja\u010da je broj ra\u010duna kreiran kori\u0161tenjem vi\u0161e od jedne rije\u010di iz naziva dobavlja\u010da. Jednom rije\u010di se podrazumijeva skup slova koji nije prekinut blank (space) znakom. \r\n*/\r\n--10 bodova\r\n\r\nselect * from dobavljac\r\n\r\nSELECT\r\n\t\t'Ima ih: ' + CAST(COUNT(*) AS CHAR)\r\nFROM\r\n\t\tdobavljac\r\nWHERE LOWER(SUBSTRING(dobavljac_br_rac, 1, CHARINDEX('0', dobavljac_br_rac) - 1)) \r\n\t\t= LOWER(SUBSTRING(naziv_dobavljaca, 1, LEN(SUBSTRING(dobavljac_br_rac, 1, CHARINDEX('0', dobavljac_br_rac) - 1))))\r\n\r\n----------------------------\r\n--9.\r\n----------------------------\r\n/*\r\na) U tabeli dobavljac_proizvod id proizvoda promijeniti tako \u0161to \u0107e se sve trocifrene vrijednosti svesti na vrijednost stotina (npr. 524 => 500). Nakon toga izvr\u0161iti izmjenu vrijednosti u koloni proizvod_id po sljede\u0107em pravilu:\r\n- Prije postoje\u0107e vrijednosti dodati \"pr-\", \r\n- Nakon postoje\u0107e vrijednosti dodati srednju crtu i \u010detverocifreni broj\u010dani dio iz kolone serij_oznaka_proiz koji slijedi nakon prve srednje crte, pri \u010demu se u slu\u010daju da \u010detverocifreni dio po\u010dinje 0 ta 0 odbacuje. \r\nU slu\u010daju da nakon prve srednje crte ne slijedi \u010detverocifreni broj ne vr\u0161i se nikakvo dodavanje (ni prije, ni poslije postoje\u0107e vrijednosti)\r\n*/\r\n/*\r\nPrimjer nekoliko kona\u010dnih podatka:\r\n\r\nproizvod_id\t\tserij_oznaka_proit\r\n\r\npr-300-1200\t\tFW-1200\r\npr-300-820 \t\tGT-0820 (odstranjena 0)\r\n700\t\t\t\tHL-U509-R (nije izvr\u0161eno nikakvo dodavanje)\r\n*/\r\n--13 bodova\r\n\r\nALTER TABLE dobavljac_proizvod\r\nDROP CONSTRAINT PK_Dobavljac_Proizvod\r\n\r\nALTER TABLE\t\tdobavljac_proizvod\r\nALTER COLUMN\tproizvod_id CHAR(50)\r\n\r\nUPDATE\tdobavljac_proizvod\r\nSET\t\tproizvod_id = CAST((CAST(proizvod_id / 100 AS INT) * 100) AS CHAR)\r\nWHERE\tLEN(proizvod_id) = 3\r\n\r\nUPDATE\tdobavljac_proizvod\r\nSET\t\tproizvod_id = 'pr-' + LEFT(proizvod_id, 3) + '-' + \r\n\t\t\t\t\t\tCAST(TRY_CAST(SUBSTRING(serij_oznaka_proiz, CHARINDEX('-', serij_oznaka_proiz) + 1, 4) AS INT) AS CHAR)\r\nWHERE\r\n\t\tTRY_CAST(SUBSTRING(serij_oznaka_proiz, CHARINDEX('-', serij_oznaka_proiz) + 1, 4) AS INT) IS NOT NULL\r\n\t\t\tAND LEN(proizvod_id) = 3\r\n\r\n\r\nSELECT * FROM dobavljac_proizvod\r\n\r\n----------------------------\r\n--10.\r\n----------------------------\r\n/*\r\na) Kreirati backup baze na default lokaciju.\r\nb) Napisati kod kojim \u0107e biti mogu\u0107e obrisati bazu.\r\nc) Izvr\u0161iti restore baze.\r\nUslov prihvatanja kodova je da se mogu pokrenuti.\r\n*/\r\n\r\nBACKUP DATABASE \"7\"\r\nTO DISK = 'backup_7.bak'\r\n\r\nUSE master\r\n\r\nALTER DATABASE \"7\"\r\nSET OFFLINE\r\n\r\nDROP DATABASE \"7\"\r\n\r\nRESTORE DATABASE \"7\"\r\nFROM DISK = 'backup_7.bak'\r\nWITH REPLACE\r\n--2 boda",
    "YaraRule": [
        "db_structure"
    ]
}