{
    "scrape_url": "https://scrape.pastebin.com/api_scrape_item.php?i=Ytha4QEa",
    "full_url": "https://pastebin.com/Ytha4QEa",
    "date": "1594406509",
    "key": "Ytha4QEa",
    "size": 14315,
    "expire": "0",
    "title": "",
    "syntax": "typoscript",
    "user": "",
    "filename": "Ytha4QEa",
    "pasteid": "Ytha4QEa",
    "pastesite": "pastebin.com",
    "@timestamp": "2020-07-10T18:41:49",
    "MD5": "062aa2fdff127962ffdeca8865f6bc61",
    "SHA256": "a7c7ff57d9ed85b8909d1bda69f8cbe1fee776542bb939315418bcfc5a2431f9",
    "raw_paste": "// Styles\r\nimport './VTextField.sass'\r\n\r\n// Extensions\r\nimport VInput from '../VInput'\r\n\r\n// Components\r\nimport VCounter from '../VCounter'\r\nimport VLabel from '../VLabel'\r\n\r\n// Mixins\r\nimport Intersectable from '../../mixins/intersectable'\r\nimport Loadable from '../../mixins/loadable'\r\nimport Validatable from '../../mixins/validatable'\r\n\r\n// Directives\r\nimport ripple from '../../directives/ripple'\r\n\r\n// Utilities\r\nimport { convertToUnit, keyCodes } from '../../util/helpers'\r\nimport { breaking, consoleWarn } from '../../util/console'\r\n\r\n// Types\r\nimport mixins from '../../util/mixins'\r\nimport { VNode, PropType } from 'vue/types'\r\n\r\nconst baseMixins = mixins(\r\n  VInput,\r\n  Intersectable({\r\n    onVisible: [\r\n      'setLabelWidth',\r\n      'setPrefixWidth',\r\n      'setPrependWidth',\r\n      'tryAutofocus',\r\n    ],\r\n  }),\r\n  Loadable,\r\n)\r\ninterface options extends InstanceType<typeof baseMixins> {\r\n  $refs: {\r\n    label: HTMLElement\r\n    input: HTMLInputElement\r\n    'prepend-inner': HTMLElement\r\n    prefix: HTMLElement\r\n    suffix: HTMLElement\r\n  }\r\n}\r\n\r\nconst dirtyTypes = ['color', 'file', 'time', 'date', 'datetime-local', 'week', 'month']\r\n\r\n/* @vue/component */\r\nexport default baseMixins.extend<options>().extend({\r\n  name: 'v-text-field',\r\n\r\n  directives: { ripple },\r\n\r\n  inheritAttrs: false,\r\n\r\n  props: {\r\n    appendOuterIcon: String,\r\n    autofocus: Boolean,\r\n    clearable: Boolean,\r\n    clearIcon: {\r\n      type: String,\r\n      default: '$clear',\r\n    },\r\n    counter: [Boolean, Number, String],\r\n    counterValue: Function as PropType<(value: any) => number>,\r\n    filled: Boolean,\r\n    flat: Boolean,\r\n    fullWidth: Boolean,\r\n    label: String,\r\n    outlined: Boolean,\r\n    placeholder: String,\r\n    prefix: String,\r\n    prependInnerIcon: String,\r\n    reverse: Boolean,\r\n    rounded: Boolean,\r\n    shaped: Boolean,\r\n    singleLine: Boolean,\r\n    solo: Boolean,\r\n    soloInverted: Boolean,\r\n    suffix: String,\r\n    type: {\r\n      type: String,\r\n      default: 'text',\r\n    },\r\n  },\r\n\r\n  data: () => ({\r\n    badInput: false,\r\n    labelWidth: 0,\r\n    prefixWidth: 0,\r\n    prependWidth: 0,\r\n    initialValue: null,\r\n    isBooted: false,\r\n    isClearing: false,\r\n  }),\r\n\r\n  computed: {\r\n    classes (): object {\r\n      return {\r\n        ...VInput.options.computed.classes.call(this),\r\n        'v-text-field': true,\r\n        'v-text-field--full-width': this.fullWidth,\r\n        'v-text-field--prefix': this.prefix,\r\n        'v-text-field--single-line': this.isSingle,\r\n        'v-text-field--solo': this.isSolo,\r\n        'v-text-field--solo-inverted': this.soloInverted,\r\n        'v-text-field--solo-flat': this.flat,\r\n        'v-text-field--filled': this.filled,\r\n        'v-text-field--is-booted': this.isBooted,\r\n        'v-text-field--enclosed': this.isEnclosed,\r\n        'v-text-field--reverse': this.reverse,\r\n        'v-text-field--outlined': this.outlined,\r\n        'v-text-field--placeholder': this.placeholder,\r\n        'v-text-field--rounded': this.rounded,\r\n        'v-text-field--shaped': this.shaped,\r\n      }\r\n    },\r\n    computedColor (): string | undefined {\r\n      const computedColor = Validatable.options.computed.computedColor.call(this)\r\n\r\n      if (!this.soloInverted || !this.isFocused) return computedColor\r\n\r\n      return this.color || 'primary'\r\n    },\r\n    computedCounterValue (): number {\r\n      if (typeof this.counterValue === 'function') {\r\n        return this.counterValue(this.internalValue)\r\n      }\r\n      return (this.internalValue || '').toString().length\r\n    },\r\n    hasCounter (): boolean {\r\n      return this.counter !== false && this.counter != null\r\n    },\r\n    hasDetails (): boolean {\r\n      return VInput.options.computed.hasDetails.call(this) || this.hasCounter\r\n    },\r\n    internalValue: {\r\n      get (): any {\r\n        return this.lazyValue\r\n      },\r\n      set (val: any) {\r\n        this.lazyValue = val\r\n        this.$emit('input', this.lazyValue)\r\n      },\r\n    },\r\n    isDirty (): boolean {\r\n      return (this.lazyValue != null &&\r\n        this.lazyValue.toString().length > 0) ||\r\n        this.badInput\r\n    },\r\n    isEnclosed (): boolean {\r\n      return (\r\n        this.filled ||\r\n        this.isSolo ||\r\n        this.outlined\r\n      )\r\n    },\r\n    isLabelActive (): boolean {\r\n      return this.isDirty || dirtyTypes.includes(this.type)\r\n    },\r\n    isSingle (): boolean {\r\n      return (\r\n        this.isSolo ||\r\n        this.singleLine ||\r\n        this.fullWidth ||\r\n        // https://material.io/components/text-fields/#filled-text-field\r\n        (this.filled && !this.hasLabel)\r\n      )\r\n    },\r\n    isSolo (): boolean {\r\n      return this.solo || this.soloInverted\r\n    },\r\n    labelPosition (): Record<'left' | 'right', string | number | undefined> {\r\n      let offset = (this.prefix && !this.labelValue) ? this.prefixWidth : 0\r\n\r\n      if (this.labelValue && this.prependWidth) offset -= this.prependWidth\r\n\r\n      return (this.$vuetify.rtl === this.reverse) ? {\r\n        left: offset,\r\n        right: 'auto',\r\n      } : {\r\n        left: 'auto',\r\n        right: offset,\r\n      }\r\n    },\r\n    showLabel (): boolean {\r\n      return this.hasLabel && (!this.isSingle || (!this.isLabelActive && !this.placeholder))\r\n    },\r\n    labelValue (): boolean {\r\n      return !this.isSingle &&\r\n        Boolean(this.isFocused || this.isLabelActive || this.placeholder)\r\n    },\r\n  },\r\n\r\n  watch: {\r\n    labelValue: 'setLabelWidth',\r\n    outlined: 'setLabelWidth',\r\n    label () {\r\n      this.$nextTick(this.setLabelWidth)\r\n    },\r\n    prefix () {\r\n      this.$nextTick(this.setPrefixWidth)\r\n    },\r\n    isFocused: 'updateValue',\r\n    value (val) {\r\n      this.lazyValue = val\r\n    },\r\n  },\r\n\r\n  created () {\r\n    /* istanbul ignore next */\r\n    if (this.$attrs.hasOwnProperty('box')) {\r\n      breaking('box', 'filled', this)\r\n    }\r\n\r\n    /* istanbul ignore next */\r\n    if (this.$attrs.hasOwnProperty('browser-autocomplete')) {\r\n      breaking('browser-autocomplete', 'autocomplete', this)\r\n    }\r\n\r\n    /* istanbul ignore if */\r\n    if (this.shaped && !(this.filled || this.outlined || this.isSolo)) {\r\n      consoleWarn('shaped should be used with either filled or outlined', this)\r\n    }\r\n  },\r\n\r\n  mounted () {\r\n    this.autofocus && this.tryAutofocus()\r\n    this.setLabelWidth()\r\n    this.setPrefixWidth()\r\n    this.setPrependWidth()\r\n    requestAnimationFrame(() => (this.isBooted = true))\r\n  },\r\n\r\n  methods: {\r\n    /** @public */\r\n    focus () {\r\n      this.onFocus()\r\n    },\r\n    /** @public */\r\n    blur (e?: Event) {\r\n      // https://github.com/vuetifyjs/vuetify/issues/5913\r\n      // Safari tab order gets broken if called synchronous\r\n      window.requestAnimationFrame(() => {\r\n        this.$refs.input && this.$refs.input.blur()\r\n      })\r\n    },\r\n    clearableCallback () {\r\n      this.$refs.input && this.$refs.input.focus()\r\n      this.$nextTick(() => this.internalValue = null)\r\n    },\r\n    genAppendSlot () {\r\n      const slot = []\r\n\r\n      if (this.$slots['append-outer']) {\r\n        slot.push(this.$slots['append-outer'] as VNode[])\r\n      } else if (this.appendOuterIcon) {\r\n        slot.push(this.genIcon('appendOuter'))\r\n      }\r\n\r\n      return this.genSlot('append', 'outer', slot)\r\n    },\r\n    genPrependInnerSlot () {\r\n      const slot = []\r\n\r\n      if (this.$slots['prepend-inner']) {\r\n        slot.push(this.$slots['prepend-inner'] as VNode[])\r\n      } else if (this.prependInnerIcon) {\r\n        slot.push(this.genIcon('prependInner'))\r\n      }\r\n\r\n      return this.genSlot('prepend', 'inner', slot)\r\n    },\r\n    genIconSlot () {\r\n      const slot = []\r\n\r\n      if (this.$slots['append']) {\r\n        slot.push(this.$slots['append'] as VNode[])\r\n      } else if (this.appendIcon) {\r\n        slot.push(this.genIcon('append'))\r\n      }\r\n\r\n      return this.genSlot('append', 'inner', slot)\r\n    },\r\n    genInputSlot () {\r\n      const input = VInput.options.methods.genInputSlot.call(this)\r\n\r\n      const prepend = this.genPrependInnerSlot()\r\n\r\n      if (prepend) {\r\n        input.children = input.children || []\r\n        input.children.unshift(prepend)\r\n      }\r\n\r\n      return input\r\n    },\r\n    genClearIcon () {\r\n      if (!this.clearable) return null\r\n\r\n      const data = this.isDirty ? undefined : { attrs: { disabled: true } }\r\n\r\n      return this.genSlot('append', 'inner', [\r\n        this.genIcon('clear', this.clearableCallback, data),\r\n      ])\r\n    },\r\n    genCounter () {\r\n      if (!this.hasCounter) return null\r\n\r\n      const max = this.counter === true ? this.attrs$.maxlength : this.counter\r\n\r\n      return this.$createElement(VCounter, {\r\n        props: {\r\n          dark: this.dark,\r\n          light: this.light,\r\n          max,\r\n          value: this.computedCounterValue,\r\n        },\r\n      })\r\n    },\r\n    genControl () {\r\n      return VInput.options.methods.genControl.call(this)\r\n    },\r\n    genDefaultSlot () {\r\n      return [\r\n        this.genFieldset(),\r\n        this.genTextFieldSlot(),\r\n        this.genClearIcon(),\r\n        this.genIconSlot(),\r\n        this.genProgress(),\r\n      ]\r\n    },\r\n    genFieldset () {\r\n      if (!this.outlined) return null\r\n\r\n      return this.$createElement('fieldset', {\r\n        attrs: {\r\n          'aria-hidden': true,\r\n        },\r\n      }, [this.genLegend()])\r\n    },\r\n    genLabel () {\r\n      if (!this.showLabel) return null\r\n\r\n      const data = {\r\n        props: {\r\n          absolute: true,\r\n          color: this.validationState,\r\n          dark: this.dark,\r\n          disabled: this.isDisabled,\r\n          focused: !this.isSingle && (this.isFocused || !!this.validationState),\r\n          for: this.computedId,\r\n          left: this.labelPosition.left,\r\n          light: this.light,\r\n          right: this.labelPosition.right,\r\n          value: this.labelValue,\r\n        },\r\n      }\r\n\r\n      return this.$createElement(VLabel, data, this.$slots.label || this.label)\r\n    },\r\n    genLegend () {\r\n      const width = !this.singleLine && (this.labelValue || this.isDirty) ? this.labelWidth : 0\r\n      const span = this.$createElement('span', {\r\n        domProps: { innerHTML: '&#8203;' },\r\n      })\r\n\r\n      return this.$createElement('legend', {\r\n        style: {\r\n          width: !this.isSingle ? convertToUnit(width) : undefined,\r\n        },\r\n      }, [span])\r\n    },\r\n    genInput () {\r\n      const listeners = Object.assign({}, this.listeners$)\r\n      delete listeners['change'] // Change should not be bound externally\r\n\r\n      return this.$createElement('input', {\r\n        style: {},\r\n        domProps: {\r\n          value: (this.type === 'number' && Object.is(this.lazyValue, -0)) ? '-0' : this.lazyValue,\r\n        },\r\n        attrs: {\r\n          ...this.attrs$,\r\n          autofocus: this.autofocus,\r\n          disabled: this.isDisabled,\r\n          id: this.computedId,\r\n          placeholder: this.placeholder,\r\n          readonly: this.isReadonly,\r\n          type: this.type,\r\n        },\r\n        on: Object.assign(listeners, {\r\n          blur: this.onBlur,\r\n          input: this.onInput,\r\n          focus: this.onFocus,\r\n          keydown: this.onKeyDown,\r\n        }),\r\n        ref: 'input',\r\n      })\r\n    },\r\n    genMessages () {\r\n      if (!this.showDetails) return null\r\n\r\n      const messagesNode = VInput.options.methods.genMessages.call(this)\r\n      const counterNode = this.genCounter()\r\n\r\n      return this.$createElement('div', {\r\n        staticClass: 'v-text-field__details',\r\n      }, [\r\n        messagesNode,\r\n        counterNode,\r\n      ])\r\n    },\r\n    genTextFieldSlot () {\r\n      return this.$createElement('div', {\r\n        staticClass: 'v-text-field__slot',\r\n      }, [\r\n        this.genLabel(),\r\n        this.prefix ? this.genAffix('prefix') : null,\r\n        this.genInput(),\r\n        this.suffix ? this.genAffix('suffix') : null,\r\n      ])\r\n    },\r\n    genAffix (type: 'prefix' | 'suffix') {\r\n      return this.$createElement('div', {\r\n        class: `v-text-field__${type}`,\r\n        ref: type,\r\n      }, this[type])\r\n    },\r\n    onBlur (e?: Event) {\r\n      this.isFocused = false\r\n      e && this.$nextTick(() => this.$emit('blur', e))\r\n    },\r\n    onClick () {\r\n      if (this.isFocused || this.isDisabled || !this.$refs.input) return\r\n\r\n      this.$refs.input.focus()\r\n    },\r\n    onFocus (e?: Event) {\r\n      if (!this.$refs.input) return\r\n\r\n      if (document.activeElement !== this.$refs.input) {\r\n        return this.$refs.input.focus()\r\n      }\r\n\r\n      if (!this.isFocused) {\r\n        this.isFocused = true\r\n        e && this.$emit('focus', e)\r\n      }\r\n    },\r\n    onInput (e: Event) {\r\n      const target = e.target as HTMLInputElement\r\n      this.internalValue = target.value\r\n      this.badInput = target.validity && target.validity.badInput\r\n    },\r\n    onKeyDown (e: KeyboardEvent) {\r\n      if (e.keyCode === keyCodes.enter) this.$emit('change', this.internalValue)\r\n\r\n      this.$emit('keydown', e)\r\n    },\r\n    onMouseDown (e: Event) {\r\n      // Prevent input from being blurred\r\n      if (e.target !== this.$refs.input) {\r\n        e.preventDefault()\r\n        e.stopPropagation()\r\n      }\r\n\r\n      VInput.options.methods.onMouseDown.call(this, e)\r\n    },\r\n    onMouseUp (e: Event) {\r\n      if (this.hasMouseDown) this.focus()\r\n\r\n      VInput.options.methods.onMouseUp.call(this, e)\r\n    },\r\n    setLabelWidth () {\r\n      if (!this.outlined) return\r\n\r\n      this.labelWidth = this.$refs.label\r\n        ? Math.min(this.$refs.label.scrollWidth * 0.75 + 6, (this.$el as HTMLElement).offsetWidth - 24)\r\n        : 0\r\n    },\r\n    setPrefixWidth () {\r\n      if (!this.$refs.prefix) return\r\n\r\n      this.prefixWidth = this.$refs.prefix.offsetWidth\r\n    },\r\n    setPrependWidth () {\r\n      if (!this.outlined || !this.$refs['prepend-inner']) return\r\n\r\n      this.prependWidth = this.$refs['prepend-inner'].offsetWidth\r\n    },\r\n    tryAutofocus () {\r\n      if (\r\n        !this.autofocus ||\r\n        typeof document === 'undefined' ||\r\n        !this.$refs.input ||\r\n        document.activeElement === this.$refs.input\r\n      ) return false\r\n\r\n      this.$refs.input.focus()\r\n\r\n      return true\r\n    },\r\n    updateValue (val: boolean) {\r\n      // Sets validationState from validatable\r\n      this.hasColor = val\r\n\r\n      if (val) {\r\n        this.initialValue = this.lazyValue\r\n      } else if (this.initialValue !== this.lazyValue) {\r\n        this.$emit('change', this.lazyValue)\r\n      }\r\n    },\r\n  },\r\n})",
    "YaraRule": [
        "enable_org32",
        "core_keywords"
    ]
}