{
    "scrape_url": "https://scrape.pastebin.com/api_scrape_item.php?i=yvj4CyGX",
    "full_url": "https://pastebin.com/yvj4CyGX",
    "date": "1594367579",
    "key": "yvj4CyGX",
    "size": 1071,
    "expire": "0",
    "title": "SPL LOL Acc",
    "syntax": "bash",
    "user": "TheSploit",
    "filename": "yvj4CyGX",
    "pasteid": "yvj4CyGX",
    "pastesite": "pastebin.com",
    "@timestamp": "2020-07-10T07:52:59",
    "MD5": "6de2a0f0e2a9e3d8ee7c1ddd18bdaff2",
    "SHA256": "f10c7c8b077f986fc8ba63f00931718e352a542ab0492ea7796c4a41a2bd3e51",
    "raw_paste": "==========================================================\r\nemail.leagueoflegends.com got uwu\r\nBy TheSploit :\")\r\n__________________________________________________________\r\nFindme on email indonesianweb1109@gmail.com\r\nhttps://www.youtube.com/channel/UCyNZMCmIT1lVxC0d1QUwqyA?view_as=subscriber\r\n==========================================================\r\n156103538@qq.com:135728 | 742\r\nnicolas.berquez@laposte.net:Nicolas140189 | 1\r\n277724365@qq.com:miuraharuma2009 | 44\r\n396094743@qq.com:raymondangel100200! | 943\r\n461886781@qq.com:779109xiao | 40\r\nkarina-albuquerq@uol.com.br:kaka1972 | 16\r\n370723235@qq.com:6699_moon | 296\r\nwalker31@foxmail.com:S83p282a | 17\r\nwutodi@21cn.net:50n9zhan | 42\r\njessica94@buckeyeexpress.com:scissors7 | 1\r\n316861986@qq.com:zyf951753 | 378\r\npxiang@fsyyy.com:px116116 | 77\r\nlokeshca@bol.net.in:webmail2980 | 1\r\n381505937@qq.com:tompson1991 | 984\r\n157647716@qq.com:apollo789 | 16\r\nguminghu2179@vip.qq.com:19920805Gmh | 93\r\nwitwitwitwit@qq.com:xilu1986 | 37\r\nape.karjalainen@dnainternet.net:aapoosaa1234 | 1\r\nfc.szuster@uol.com.br:fc291098 | 6",
    "YaraRule": [
        "email_list",
        "email_filter"
    ],
    "total_emails": 20,
    "unique_emails": 20,
    "unique_domains": 11
}