{
    "scrape_url": "https://scrape.pastebin.com/api_scrape_item.php?i=yWRUwayq",
    "full_url": "https://pastebin.com/yWRUwayq",
    "date": "1594412799",
    "key": "yWRUwayq",
    "size": 17411,
    "expire": "0",
    "title": "",
    "syntax": "yaml",
    "user": "",
    "filename": "yWRUwayq",
    "pasteid": "yWRUwayq",
    "pastesite": "pastebin.com",
    "@timestamp": "2020-07-10T20:26:39",
    "MD5": "7ac344692d5d2dcab32ec0f5cf0d32ea",
    "SHA256": "7bc8dda6077abd6fd5527c10e7c77d4d169751871cf7dbfe8ca0cbfe4de7cc2b",
    "raw_paste": "ef178980-71c2-4bce-b7b3-bbe6c93d0f29:\r\n  island:\r\n    world: survival\r\n    x: -4067\r\n    y: 69\r\n    z: -2835\r\n  original:\r\n    world: survival\r\n    x: -160\r\n    y: 79\r\n    z: 344\r\n  charlie:\r\n    world: survival\r\n    x: 3760\r\n    y: 65\r\n    z: -1826\r\n  temp:\r\n    world: survival\r\n    x: -387\r\n    y: 6\r\n    z: -784\r\n  mountainvillage:\r\n    world: survival\r\n    x: -2826\r\n    y: 100\r\n    z: -204\r\n  slime:\r\n    world: survival\r\n    x: -77\r\n    y: 6\r\n    z: -415\r\n  chick:\r\n    world: survival\r\n    x: -378\r\n    y: 70\r\n    z: 775\r\n  skeleton:\r\n    world: survival\r\n    x: -19\r\n    y: 15\r\n    z: -260\r\n  spawn:\r\n    world: survival\r\n    x: -250\r\n    y: 72\r\n    z: -144\r\n  spider:\r\n    world: survival\r\n    x: 112\r\n    y: 30\r\n    z: -190\r\n  nethertop:\r\n    world: survival_nether\r\n    x: 1968\r\n    y: 247\r\n    z: -684\r\n  mine:\r\n    world: survival\r\n    x: -302\r\n    y: 6\r\n    z: 356\r\n  top:\r\n    world: survival\r\n    x: -96\r\n    y: 130\r\n    z: 365\r\n  endportal:\r\n    world: survival\r\n    x: -1924\r\n    y: 38\r\n    z: 124\r\n  netherbottom:\r\n    world: survival_nether\r\n    x: 1978\r\n    y: 128\r\n    z: -689\r\n  sand:\r\n    world: survival\r\n    x: -2059\r\n    y: 68\r\n    z: -289\r\n  pigmanfarm:\r\n    world: survival_nether\r\n    x: -1\r\n    y: 128\r\n    z: 0\r\n  newtop:\r\n    world: survival_nether\r\n    x: -1\r\n    y: 234\r\n    z: 1\r\n  toplayer:\r\n    world: survival_nether\r\n    x: 23\r\n    y: 253\r\n    z: -3\r\n  3layer:\r\n    world: survival_nether\r\n    x: 24\r\n    y: 250\r\n    z: -4\r\n  bottomlayer:\r\n    world: survival_nether\r\n    x: 18\r\n    y: 244\r\n    z: -10\r\n  end:\r\n    world: survival\r\n    x: -1923\r\n    y: 40\r\n    z: 121\r\n  deserttemple:\r\n    world: survival\r\n    x: -2775\r\n    y: 66\r\n    z: 186\r\n  coolpeninsula:\r\n    world: survival\r\n    x: -3811\r\n    y: 71\r\n    z: -3617\r\n  bamboojungle:\r\n    world: survival\r\n    x: -4371\r\n    y: 91\r\n    z: -4277\r\n  tundravillage:\r\n    world: survival\r\n    x: -5866\r\n    y: 65\r\n    z: -6382\r\n  quary:\r\n    world: survival\r\n    x: -8896\r\n    y: 61\r\n    z: -9619\r\n  turtleisland:\r\n    world: survival\r\n    x: -3393\r\n    y: 63\r\n    z: -3020\r\n  monument:\r\n    world: survival\r\n    x: -3377\r\n    y: 40\r\n    z: -2884\r\n  lakeeisland:\r\n    world: survival\r\n    x: -3741\r\n    y: 67\r\n    z: -2390\r\n  iron:\r\n    world: survival\r\n    x: -256\r\n    y: 10\r\n    z: -134\r\n  default:\r\n    world: survival_the_end\r\n    x: -2488\r\n    y: 59\r\n    z: -1216\r\n  temporary:\r\n    world: survival\r\n    x: -4005\r\n    y: 143\r\n    z: -2878\r\nfce26a53-cb64-4b74-b3ac-84fcde9d49fb:\r\n  s1:\r\n    world: survival\r\n    x: 3760\r\n    y: 65\r\n    z: -1824\r\n  s2:\r\n    world: survival\r\n    x: 3755\r\n    y: 12\r\n    z: -1893\r\n  s3:\r\n    world: survival\r\n    x: -34\r\n    y: 60\r\n    z: -246\r\n  tinyisland:\r\n    world: creative\r\n    x: -1184\r\n    y: 66\r\n    z: 1986\r\n  s5:\r\n    world: survival\r\n    x: -2190\r\n    y: 70\r\n    z: 5320\r\n  s6:\r\n    world: survival\r\n    x: -49\r\n    y: 21\r\n    z: -247\r\n  pvp:\r\n    world: survival\r\n    x: 3622\r\n    y: 70\r\n    z: -1880\r\n  cart:\r\n    world: creative\r\n    x: 391\r\n    y: 85\r\n    z: 442\r\n  s7:\r\n    world: survival\r\n    x: -3995\r\n    y: 62\r\n    z: 1401\r\n  slava:\r\n    world: survival\r\n    x: -3998\r\n    y: 11\r\n    z: 1449\r\n  s8:\r\n    world: survival\r\n    x: -4063\r\n    y: 73\r\n    z: 1471\r\n  tree:\r\n    world: survival\r\n    x: -4055\r\n    y: 69\r\n    z: 1566\r\n  ender:\r\n    world: survival_the_end\r\n    x: 305\r\n    y: 1\r\n    z: 0\r\n  s9:\r\n    world: survival\r\n    x: -4267\r\n    y: 13\r\n    z: 1378\r\n  high:\r\n    world: survival\r\n    x: -3986\r\n    y: 255\r\n    z: 1423\r\n  s4:\r\n    world: survival_nether\r\n    x: -445\r\n    y: 44\r\n    z: 366\r\n  default:\r\n    world: classic\r\n    x: 645\r\n    y: 64\r\n    z: 777\r\n33ef9665-2882-4f61-92c7-88ed02f49ed2:\r\n  savana:\r\n    world: survival\r\n    x: -1712\r\n    y: 72\r\n    z: -47\r\n  desert:\r\n    world: survival\r\n    x: -1835\r\n    y: 71\r\n    z: -276\r\n  moo:\r\n    world: survival\r\n    x: -385\r\n    y: 68\r\n    z: 2117\r\n  end:\r\n    world: survival\r\n    x: -1925\r\n    y: 41\r\n    z: 115\r\n  nether:\r\n    world: survival_nether\r\n    x: -271\r\n    y: 44\r\n    z: 46\r\n  '2':\r\n    world: survival\r\n    x: -271\r\n    y: 66\r\n    z: -148\r\n  bedrock:\r\n    world: survival_nether\r\n    x: 1956\r\n    y: 128\r\n    z: -680\r\n  nether4:\r\n    world: survival_nether\r\n    x: 2285\r\n    y: 60\r\n    z: -600\r\n  pigxp:\r\n    world: survival_nether\r\n    x: 1968\r\n    y: 137\r\n    z: -684\r\n  pig:\r\n    world: survival_nether\r\n    x: 1961\r\n    y: 128\r\n    z: -685\r\n  cs:\r\n    world: survival\r\n    x: -324\r\n    y: 18\r\n    z: -253\r\n  furnace:\r\n    world: survival\r\n    x: -264\r\n    y: 5\r\n    z: -147\r\n  v:\r\n    world: survival\r\n    x: -251\r\n    y: 73\r\n    z: -171\r\n  w:\r\n    world: survival_nether\r\n    x: 1941\r\n    y: 60\r\n    z: -669\r\n  flower:\r\n    world: survival\r\n    x: -121\r\n    y: 79\r\n    z: -1223\r\n  wood:\r\n    world: survival\r\n    x: -390\r\n    y: 73\r\n    z: -358\r\n  pigafk:\r\n    world: survival_nether\r\n    x: 1969\r\n    y: 249\r\n    z: -684\r\n  pig2:\r\n    world: survival_nether\r\n    x: 0\r\n    y: 243\r\n    z: 0\r\n  ocean:\r\n    world: survival\r\n    x: 2427\r\n    y: 83\r\n    z: -1686\r\n  coral:\r\n    world: survival\r\n    x: -1115\r\n    y: 80\r\n    z: 2221\r\n  cave:\r\n    world: survival\r\n    x: -263\r\n    y: 12\r\n    z: -147\r\n  slime:\r\n    world: survival\r\n    x: -74\r\n    y: 6\r\n    z: -419\r\n  witch:\r\n    world: survival\r\n    x: 194\r\n    y: 70\r\n    z: -938\r\n  outpost:\r\n    world: survival\r\n    x: 6189\r\n    y: 91\r\n    z: -1471\r\n  mafk:\r\n    world: survival\r\n    x: -64\r\n    y: 150\r\n    z: -436\r\n  bs:\r\n    world: survival\r\n    x: -67\r\n    y: 84\r\n    z: -291\r\n  safk:\r\n    world: survival\r\n    x: -64\r\n    y: 83\r\n    z: -433\r\n  '1':\r\n    world: survival\r\n    x: -248\r\n    y: 72\r\n    z: -154\r\nada46abd-bda8-4390-946c-3ddd6bc6b5d4:\r\n  default:\r\n    world: survival\r\n    x: 3834\r\n    y: 65\r\n    z: -2083\r\nade9d302-ffa1-45da-8079-d396a8d5e17b:\r\n  '3':\r\n    world: survival\r\n    x: 3615\r\n    y: 55\r\n    z: -1668\r\n  '4':\r\n    world: survival\r\n    x: -1387\r\n    y: 73\r\n    z: 4415\r\n  adam:\r\n    world: survival\r\n    x: 3687\r\n    y: 85\r\n    z: -1605\r\n  me:\r\n    world: survival\r\n    x: 3665\r\n    y: 72\r\n    z: -1722\r\n  fight:\r\n    world: survival\r\n    x: 3618\r\n    y: 67\r\n    z: -1880\r\n  kermit:\r\n    world: survival\r\n    x: 4627\r\n    y: 63\r\n    z: -803\r\n  charlie:\r\n    world: survival\r\n    x: 3762\r\n    y: 61\r\n    z: -1823\r\n  end:\r\n    world: survival\r\n    x: 4698\r\n    y: 28\r\n    z: 92\r\n  newice:\r\n    world: survival\r\n    x: 7426\r\n    y: 72\r\n    z: 3077\r\n  axe:\r\n    world: survival\r\n    x: -4080\r\n    y: 63\r\n    z: 1228\r\n  hermit:\r\n    world: survival\r\n    x: 7902\r\n    y: 66\r\n    z: 6434\r\n  mine:\r\n    world: survival\r\n    x: 3596\r\n    y: 10\r\n    z: -1806\r\n  mush:\r\n    world: survival\r\n    x: 8395\r\n    y: 63\r\n    z: 3458\r\n  things:\r\n    world: survival\r\n    x: -277\r\n    y: 10\r\n    z: -128\r\n  stuff:\r\n    world: survival\r\n    x: -272\r\n    y: 67\r\n    z: -147\r\n  hostel:\r\n    world: survival\r\n    x: -3997\r\n    y: 71\r\n    z: 1466\r\n  new:\r\n    world: survival\r\n    x: -4157\r\n    y: 70\r\n    z: 1428\r\n  store:\r\n    world: survival\r\n    x: -4094\r\n    y: 69\r\n    z: 1490\r\n  woods:\r\n    world: survival\r\n    x: 15021\r\n    y: 80\r\n    z: -22903\r\n  nc:\r\n    world: survival\r\n    x: -4061\r\n    y: 73\r\n    z: 1472\r\n  mc:\r\n    world: survival\r\n    x: -4180\r\n    y: 63\r\n    z: 1480\r\n  ad:\r\n    world: survival\r\n    x: -4092\r\n    y: 41\r\n    z: 1473\r\n  mine4:\r\n    world: survival\r\n    x: 3527\r\n    y: 9\r\n    z: -1109\r\n  trade:\r\n    world: survival\r\n    x: 5606\r\n    y: 75\r\n    z: -2422\r\n  underwater:\r\n    world: survival\r\n    x: -3377\r\n    y: 40\r\n    z: -2883\r\n  treasure:\r\n    world: survival\r\n    x: -3056\r\n    y: 69\r\n    z: -2141\r\n  traphouse:\r\n    world: survival\r\n    x: 6692\r\n    y: 70\r\n    z: 1371\r\n  marooned:\r\n    world: survival\r\n    x: -4015\r\n    y: 63\r\n    z: -10208\r\n  jump:\r\n    world: survival\r\n    x: -4445\r\n    y: 78\r\n    z: 1374\r\n  default:\r\n    world: survival\r\n    x: -4199\r\n    y: 11\r\n    z: 1498\r\n  hell:\r\n    world: survival_nether\r\n    x: -436\r\n    y: 46\r\n    z: 373\r\nfc2392ef-dc69-48c4-a89d-c5000d99ee91:\r\n  ryan:\r\n    world: survival\r\n    x: 3665\r\n    y: 72\r\n    z: -1722\r\n  swamp:\r\n    world: survival\r\n    x: 4568\r\n    y: 63\r\n    z: -703\r\n  ocean:\r\n    world: survival\r\n    x: 5986\r\n    y: 63\r\n    z: -29\r\n  jungle:\r\n    world: survival\r\n    x: -1390\r\n    y: 63\r\n    z: 4427\r\n  fortress:\r\n    world: survival_nether\r\n    x: 225\r\n    y: 66\r\n    z: -924\r\n  mushroom:\r\n    world: survival\r\n    x: 1950\r\n    y: 69\r\n    z: -1799\r\n  village:\r\n    world: survival\r\n    x: 3924\r\n    y: 71\r\n    z: -1544\r\n  strip:\r\n    world: survival\r\n    x: 3687\r\n    y: 8\r\n    z: -1474\r\n  dungeon:\r\n    world: survival\r\n    x: 3744\r\n    y: 15\r\n    z: -1619\r\n  strangers:\r\n    world: survival\r\n    x: 3812\r\n    y: 63\r\n    z: -2085\r\n  eye:\r\n    world: survival\r\n    x: 4769\r\n    y: 99\r\n    z: -159\r\n  stronghold:\r\n    world: survival\r\n    x: 4751\r\n    y: 41\r\n    z: 77\r\n  portal:\r\n    world: survival\r\n    x: 4698\r\n    y: 30\r\n    z: 89\r\n  illager:\r\n    world: survival\r\n    x: 6215\r\n    y: 73\r\n    z: -1391\r\n  desert:\r\n    world: survival\r\n    x: 7331\r\n    y: 70\r\n    z: -1925\r\n  temple:\r\n    world: survival\r\n    x: 7163\r\n    y: 66\r\n    z: -2228\r\n  fight:\r\n    world: survival\r\n    x: 3704\r\n    y: 70\r\n    z: -1777\r\n  village2:\r\n    world: survival\r\n    x: 6518\r\n    y: 71\r\n    z: -1467\r\n  gay:\r\n    world: survival\r\n    x: 3686\r\n    y: 85\r\n    z: -1606\r\n  tower:\r\n    world: survival\r\n    x: 3692\r\n    y: 115\r\n    z: -1566\r\n  village3:\r\n    world: survival\r\n    x: 4121\r\n    y: 68\r\n    z: -1759\r\n  village4:\r\n    world: survival\r\n    x: 5590\r\n    y: 74\r\n    z: -2424\r\n  iceberg:\r\n    world: survival\r\n    x: 3638\r\n    y: 84\r\n    z: -3263\r\n  savannah:\r\n    world: survival\r\n    x: 3593\r\n    y: 71\r\n    z: -6166\r\n  ship:\r\n    world: survival\r\n    x: 3435\r\n    y: 64\r\n    z: -9610\r\n  sandmonkies:\r\n    world: survival\r\n    x: 3342\r\n    y: 70\r\n    z: -9686\r\n  raidertower:\r\n    world: survival\r\n    x: 3336\r\n    y: 65\r\n    z: -10108\r\n  africa:\r\n    world: survival\r\n    x: 3139\r\n    y: 64\r\n    z: -12495\r\n  badlands:\r\n    world: survival\r\n    x: 3249\r\n    y: 90\r\n    z: -20723\r\n  bigvillage:\r\n    world: survival\r\n    x: 3332\r\n    y: 66\r\n    z: -446\r\n  north:\r\n    world: survival\r\n    x: 3100\r\n    y: 65\r\n    z: -34098\r\n  dogboy12457:\r\n    world: survival\r\n    x: -153\r\n    y: 79\r\n    z: 345\r\n  default:\r\n    world: creative\r\n    x: -13469\r\n    y: 40\r\n    z: -23737\r\n  rando:\r\n    world: survival\r\n    x: -164\r\n    y: 92\r\n    z: 346\r\n  monument:\r\n    world: survival\r\n    x: -3986\r\n    y: 67\r\n    z: 1356\r\n  watertower:\r\n    world: survival\r\n    x: -3986\r\n    y: 129\r\n    z: 1423\r\n  mansion:\r\n    world: survival\r\n    x: -4060\r\n    y: 68\r\n    z: 1474\r\n  waterthing:\r\n    world: survival\r\n    x: 8341\r\n    y: 60\r\n    z: 3879\r\n  russ:\r\n    world: survival\r\n    x: -256\r\n    y: 72\r\n    z: -141\r\n  mickmack:\r\n    world: survival\r\n    x: -4176\r\n    y: 63\r\n    z: 1478\r\n  cave:\r\n    world: survival\r\n    x: -4090\r\n    y: 41\r\n    z: 1475\r\n  greenhouse:\r\n    world: survival\r\n    x: -4096\r\n    y: 66\r\n    z: 1441\r\n  bakery:\r\n    world: survival\r\n    x: -4161\r\n    y: 64\r\n    z: 1518\r\n  map:\r\n    world: survival\r\n    x: 3342\r\n    y: 72\r\n    z: -9636\r\n  jungletemple:\r\n    world: survival\r\n    x: 5796\r\n    y: 66\r\n    z: -22934\r\n  woodprog:\r\n    world: survival\r\n    x: 14123\r\n    y: 64\r\n    z: -22974\r\n  newhome:\r\n    world: survival\r\n    x: 14728\r\n    y: 85\r\n    z: -22977\r\n  woodvillage:\r\n    world: survival\r\n    x: 14420\r\n    y: 63\r\n    z: -22981\r\n  forestvillage:\r\n    world: survival\r\n    x: -347\r\n    y: 86\r\n    z: -2402\r\n  mending:\r\n    world: survival\r\n    x: 5595\r\n    y: 75\r\n    z: -2426\r\n52353fce-08c2-4ee7-9f69-6001f01414f0:\r\n  '1':\r\n    world: survival\r\n    x: 3620\r\n    y: 63\r\n    z: -1714\r\n  nigga:\r\n    world: survival\r\n    x: 3624\r\n    y: 69\r\n    z: -1712\r\n  default:\r\n    world: survival\r\n    x: 3662\r\n    y: 67\r\n    z: -1726\r\n00dadbe6-a17b-4569-89e7-0cff3c35cbfe:\r\n  pig1:\r\n    world: survival_nether\r\n    x: 1969\r\n    y: 247\r\n    z: -684\r\n  cave:\r\n    world: survival\r\n    x: -255\r\n    y: 13\r\n    z: -142\r\n  '2':\r\n    world: survival\r\n    x: -273\r\n    y: 68\r\n    z: -148\r\n  safk:\r\n    world: survival\r\n    x: -64\r\n    y: 79\r\n    z: -416\r\nb0985832-5609-4e6f-9a48-ee13d15f0b4c:\r\n  default:\r\n    world: roleplay\r\n    x: -68\r\n    y: 82\r\n    z: -232\r\n53b93232-99c9-457e-b2db-c595b9b9d1fa:\r\n  default:\r\n    world: survival\r\n    x: 3776\r\n    y: 70\r\n    z: -1705\r\n  '1':\r\n    world: survival\r\n    x: 3769\r\n    y: 70\r\n    z: -1708\r\n  '2':\r\n    world: survival\r\n    x: 3807\r\n    y: 16\r\n    z: -1709\r\n  '3':\r\n    world: survival\r\n    x: 3377\r\n    y: 28\r\n    z: -1658\r\n  '4':\r\n    world: survival\r\n    x: 3361\r\n    y: 24\r\n    z: -1653\r\n  '6':\r\n    world: survival_nether\r\n    x: 331\r\n    y: 63\r\n    z: -1461\r\n  '7':\r\n    world: survival_nether\r\n    x: 346\r\n    y: 57\r\n    z: -1451\r\n  '8':\r\n    world: survival\r\n    x: 3808\r\n    y: 65\r\n    z: -372\r\n  '9':\r\n    world: survival\r\n    x: 4670\r\n    y: 63\r\n    z: -532\r\n  '10':\r\n    world: survival\r\n    x: 5367\r\n    y: 66\r\n    z: -94\r\n  '11':\r\n    world: survival\r\n    x: 7885\r\n    y: 70\r\n    z: -1717\r\n  '12':\r\n    world: survival\r\n    x: 7847\r\n    y: 145\r\n    z: -677\r\n  '13':\r\n    world: survival\r\n    x: 9460\r\n    y: 67\r\n    z: -585\r\n  '14':\r\n    world: survival\r\n    x: 9392\r\n    y: 52\r\n    z: 207\r\n  '15':\r\n    world: survival\r\n    x: 7902\r\n    y: 62\r\n    z: -242\r\n  '16':\r\n    world: survival\r\n    x: 8411\r\n    y: 68\r\n    z: -2393\r\n  '17':\r\n    world: survival\r\n    x: 7446\r\n    y: 62\r\n    z: -2635\r\n  '5':\r\n    world: survival_nether\r\n    x: 332\r\n    y: 57\r\n    z: -1399\r\n  '20':\r\n    world: survival_nether\r\n    x: 1138\r\n    y: 80\r\n    z: -565\r\n  '21':\r\n    world: survival\r\n    x: 4327\r\n    y: 59\r\n    z: 3281\r\n  village:\r\n    world: survival\r\n    x: 4309\r\n    y: 63\r\n    z: 2087\r\n  jungle:\r\n    world: survival\r\n    x: -2211\r\n    y: 65\r\n    z: 5252\r\n  fox:\r\n    world: survival\r\n    x: 3937\r\n    y: 73\r\n    z: -1600\r\n  snow:\r\n    world: survival\r\n    x: -1888\r\n    y: 75\r\n    z: -2561\r\nb4816ec1-1c7d-4c97-94e3-b86f618b9f81:\r\n  village:\r\n    world: survival\r\n    x: 3805\r\n    y: 69\r\n    z: -1731\r\n  chest:\r\n    world: survival\r\n    x: -3960\r\n    y: 64\r\n    z: 1366\r\n  mine:\r\n    world: survival\r\n    x: -4051\r\n    y: 17\r\n    z: 1653\r\n  diamonds:\r\n    world: survival\r\n    x: -4120\r\n    y: 9\r\n    z: 1592\r\n  ship:\r\n    world: survival\r\n    x: -4063\r\n    y: 63\r\n    z: 1131\r\n  home:\r\n    world: survival\r\n    x: 3838\r\n    y: 66\r\n    z: -1820\r\n  cave:\r\n    world: survival\r\n    x: 3860\r\n    y: 8\r\n    z: -1682\r\n  map:\r\n    world: survival\r\n    x: 3690\r\n    y: 115\r\n    z: -1556\r\n2f22d299-ab07-4d9e-8b95-9b9a3f615dfa:\r\n  temp:\r\n    world: survival\r\n    x: -4155\r\n    y: 54\r\n    z: 1520\r\n  treasure:\r\n    world: survival\r\n    x: -3774\r\n    y: 63\r\n    z: 760\r\n  temp2:\r\n    world: survival\r\n    x: -4206\r\n    y: 12\r\n    z: 1507\r\n  home:\r\n    world: survival\r\n    x: -4069\r\n    y: 68\r\n    z: 1566\r\nfd64ac25-d05d-4470-9220-53b6db356159:\r\n  home:\r\n    world: survival\r\n    x: -4180\r\n    y: 63\r\n    z: 1480\r\n4ea4b567-f07d-4959-90fc-c6d1a567f203:\r\n  trade:\r\n    world: survival\r\n    x: -333\r\n    y: 12\r\n    z: -142\r\ndd4084d9-6ed0-4c9f-9b69-a09296ff0dcb:\r\n  default:\r\n    world: survival\r\n    x: -3666\r\n    y: 64\r\n    z: 1405\r\n  mushroomisland:\r\n    world: survival\r\n    x: -4118\r\n    y: 66\r\n    z: 19\r\n  string:\r\n    world: survival\r\n    x: -3782\r\n    y: 62\r\n    z: 3724\r\n  back:\r\n    world: survival\r\n    x: -2196\r\n    y: 66\r\n    z: -26527\r\n  closerjungle:\r\n    world: survival\r\n    x: -2727\r\n    y: 62\r\n    z: 4685\r\n  oldspawn:\r\n    world: survival\r\n    x: -59\r\n    y: 86\r\n    z: -317\r\n  emforstk:\r\n    world: survival\r\n    x: -1268\r\n    y: 65\r\n    z: 10804\r\n  watertemple:\r\n    world: survival\r\n    x: -2970\r\n    y: 62\r\n    z: 14448\r\n  badlands:\r\n    world: survival\r\n    x: -2795\r\n    y: 82\r\n    z: 15583\r\n  closerwatertemple:\r\n    world: survival\r\n    x: -2935\r\n    y: 62\r\n    z: -3324\r\n  flowers:\r\n    world: survival\r\n    x: -3357\r\n    y: 68\r\n    z: -8040\r\n  watertemple3:\r\n    world: survival\r\n    x: -142\r\n    y: 62\r\n    z: -12497\r\n  watertemple4:\r\n    world: survival\r\n    x: -1645\r\n    y: 62\r\n    z: -20393\r\n  watertemple5:\r\n    world: survival\r\n    x: -1630\r\n    y: 62\r\n    z: -20718\r\n  boat:\r\n    world: survival\r\n    x: -2424\r\n    y: 68\r\n    z: -26902\r\n  ghast:\r\n    world: survival_nether\r\n    x: -18\r\n    y: 32\r\n    z: -60\r\n  vault:\r\n    world: survival\r\n    x: -3750\r\n    y: 21\r\n    z: 1433\r\n2d0dbd69-ec51-4202-b796-46ff2f6debc4:\r\n  default:\r\n    world: survival\r\n    x: -61\r\n    y: 86\r\n    z: -434\r\n0f8ed7f5-5c6d-4fc1-963b-7461eb9d5d69:\r\n  default:\r\n    world: survival\r\n    x: 3731\r\n    y: 67\r\n    z: -2049\r\n  '2':\r\n    world: survival\r\n    x: 2539\r\n    y: 69\r\n    z: -11545\r\n  '3':\r\n    world: survival\r\n    x: 2163\r\n    y: 60\r\n    z: -11203\r\n  '4':\r\n    world: survival\r\n    x: 4111\r\n    y: 161\r\n    z: -10658\r\n  bee:\r\n    world: survival\r\n    x: 2796\r\n    y: 70\r\n    z: -14664\r\n  cave:\r\n    world: survival\r\n    x: 4628\r\n    y: 70\r\n    z: -11387\r\n  mine:\r\n    world: survival\r\n    x: 2477\r\n    y: 16\r\n    z: -11241\r\n  temple:\r\n    world: survival\r\n    x: 1722\r\n    y: 53\r\n    z: -11750\r\n  temple2:\r\n    world: survival\r\n    x: 2583\r\n    y: 65\r\n    z: -10646\r\n  mine2:\r\n    world: survival\r\n    x: 3669\r\n    y: 22\r\n    z: -2008\r\n  mineshaft:\r\n    world: survival\r\n    x: 2170\r\n    y: 26\r\n    z: -10780\r\n  mineshaft2:\r\n    world: survival\r\n    x: 2137\r\n    y: 20\r\n    z: -10723\r\n  coral:\r\n    world: survival\r\n    x: 2262\r\n    y: 64\r\n    z: -9392\r\n9251418e-3cb5-43c7-a9f8-64df986ab0fc:\r\n  default:\r\n    world: classic\r\n    x: 124\r\n    y: 80\r\n    z: 103",
    "YaraRule": [
        "enable_org32",
        "core_keywords"
    ]
}