{
    "scrape_url": "https://scrape.pastebin.com/api_scrape_item.php?i=zBUs0SpN",
    "full_url": "https://pastebin.com/zBUs0SpN",
    "date": "1594231285",
    "key": "zBUs0SpN",
    "size": 689,
    "expire": "0",
    "title": "Wall.lua",
    "syntax": "lua",
    "user": "pson",
    "filename": "zBUs0SpN",
    "pasteid": "zBUs0SpN",
    "pastesite": "pastebin.com",
    "@timestamp": "2020-07-08T18:01:25",
    "MD5": "c9b4679b28d3b15a91b965ae45a6c9d5",
    "SHA256": "9c7390acc946a99b19c0d789b476eafbb88e12f1bca6a25dc4eee81da5052abb",
    "raw_paste": "function restock()\r\n    local i\r\n\r\n    i=3\r\n    while i<=16 and turtle.getItemCount(2) < 64 do\r\n        turtle.select(i)\r\n        if turtle.compareTo(2) then\r\n            turtle.transferTo(2)\r\n        end\r\n        i = i+1\r\n    end\r\n    turtle.select(2)\r\nend\r\n\r\nfunction singleStep()\r\n    if turtle.getFuelLevel() < 10 then\r\n        turtle.select(1)\r\n        turtle.refuel(1)\r\n        turtle.select(2)\r\n    end\r\n    if turtle.getItemCount(2) < 3 then\r\n        restock()\r\n    end\r\n    turtle.placeDown()\r\n    turtle.forward()\r\nend\r\n\r\nfunction main()\r\n    local i, j\r\n\r\n    turtle.up()\r\n    for i=1,4,1 do \r\n        for j=1,49,1 do\r\n            singleStep()\r\n        end\r\n    end\r\nend\r\nmain()",
    "YaraRule": [
        "enable_org32",
        "core_keywords"
    ]
}