{
    "scrape_url": "https://scrape.pastebin.com/api_scrape_item.php?i=ZKNcQdDq",
    "full_url": "https://pastebin.com/ZKNcQdDq",
    "date": "1594369814",
    "key": "ZKNcQdDq",
    "size": 641,
    "expire": "0",
    "title": "tugasmindahintulisankeatas",
    "syntax": "python",
    "user": "",
    "filename": "ZKNcQdDq",
    "pasteid": "ZKNcQdDq",
    "pastesite": "pastebin.com",
    "@timestamp": "2020-07-10T08:30:14",
    "MD5": "3e0e00d4aafe5d4591cf13d3d5a8eb23",
    "SHA256": "29210163691d63d6cbdc721cbae2680c20d6c0c723406c0e6cd31a7f12044aa9",
    "raw_paste": "from reportlab.pdfgen import canvas\r\n\r\ndataSiswa = {\r\n\t\"nama\" : \"Anas\",\r\n\t\"kelas\" : \"VII-1\",\r\n\t\"laporan\" : \"Rapor Kelas 7 semester 2\"\r\n}\r\nclass Data:\r\n\r\n\tdef __init__(self, filename, documentTitle, heading):\r\n\t\tself.filename = filename\r\n\t\tself.documentTitle = documentTitle\r\n\t\tself.heading = heading\r\n\r\n#str(dataSiswa['nama']+dataSiswa[\"kelas\"]+\".pdf\")\r\nmyData = Data(str(dataSiswa['nama']+dataSiswa[\"kelas\"]+\".pdf\"), \"Hasil Ujian\",dataSiswa['laporan'])\r\nmyPdf = canvas.Canvas(myData.filename)\r\nmyPdf.setTitle(myData.documentTitle)\r\n\r\n#PRINT ON PAPER\r\nmyPdf.drawString(200,780,myData.heading) #x,y,heading\r\n\r\n\r\n\r\nmyPdf.save()\r\n\r\n#print(\"ok\")",
    "YaraRule": [
        "enable_org32",
        "core_keywords"
    ]
}