{
    "scrape_url": "https://scrape.pastebin.com/api_scrape_item.php?i=1qFee6nA",
    "full_url": "https://pastebin.com/1qFee6nA",
    "date": "1594749550",
    "key": "1qFee6nA",
    "size": 10999,
    "expire": "0",
    "title": "",
    "syntax": "xml",
    "user": "",
    "filename": "1qFee6nA",
    "pasteid": "1qFee6nA",
    "pastesite": "pastebin.com",
    "@timestamp": "2020-07-14T17:59:10",
    "MD5": "77e27c989a5cdb3a82caab8982de2dbe",
    "SHA256": "ad4bdda2a9945ffee88fb4a065b232bf1a86a645f75ad2c65f1a8161805c5e0b",
    "raw_paste": "<?xml version=\"1.0\" encoding=\"utf-8\"?>\r\n<androidx.constraintlayout.widget.ConstraintLayout xmlns:android=\"http://schemas.android.com/apk/res/android\"\r\n    xmlns:app=\"http://schemas.android.com/apk/res-auto\"\r\n    xmlns:tools=\"http://schemas.android.com/tools\"\r\n    android:layout_width=\"match_parent\"\r\n    android:layout_height=\"match_parent\"\r\n    tools:context=\".MainActivity\">\r\n\r\n    <LinearLayout\r\n        android:id=\"@+id/upper\"\r\n        android:layout_width=\"match_parent\"\r\n        android:layout_height=\"260dp\"\r\n        android:background=\"#91CC6F\"\r\n        android:orientation=\"horizontal\"\r\n        app:layout_constraintEnd_toEndOf=\"parent\"\r\n        app:layout_constraintStart_toStartOf=\"parent\"\r\n        app:layout_constraintTop_toTopOf=\"parent\">\r\n\r\n    </LinearLayout>\r\n\r\n    <SeekBar\r\n        android:id=\"@+id/sb\"\r\n        android:layout_width=\"288dp\"\r\n        android:layout_height=\"36dp\"\r\n        android:progressBackgroundTint=\"#000000\"\r\n        android:progressBackgroundTintMode=\"multiply\"\r\n        android:secondaryProgressTint=\"#000000\"\r\n        android:thumb=\"@android:drawable/ic_menu_recent_history\"\r\n        android:thumbTint=\"#156E12\"\r\n        app:layout_constraintEnd_toEndOf=\"parent\"\r\n        app:layout_constraintStart_toStartOf=\"parent\"\r\n        app:layout_constraintTop_toBottomOf=\"@+id/const_text\" />\r\n\r\n    <LinearLayout\r\n        android:id=\"@+id/middle\"\r\n        android:layout_width=\"match_parent\"\r\n        android:layout_height=\"110dp\"\r\n        android:background=\"#8BD85F\"\r\n        android:orientation=\"horizontal\"\r\n        app:layout_constraintBottom_toTopOf=\"@+id/bottom\"\r\n        app:layout_constraintEnd_toEndOf=\"parent\"\r\n        app:layout_constraintHorizontal_bias=\"0.0\"\r\n        app:layout_constraintStart_toStartOf=\"parent\"\r\n        app:layout_constraintTop_toBottomOf=\"@+id/upper\"></LinearLayout>\r\n\r\n    <TextView\r\n        android:id=\"@+id/const_text\"\r\n        android:layout_width=\"match_parent\"\r\n        android:layout_height=\"61dp\"\r\n        android:alpha=\"0.89\"\r\n        android:text=\"\u041a\u043e\u043b\u0438\u0447\u0435\u0441\u0442\u0432\u043e \u0434\u043d\u0435\u0439\"\r\n        android:textAlignment=\"center\"\r\n        android:textColor=\"#0F6726\"\r\n        android:textSize=\"30sp\"\r\n        android:textStyle=\"bold\"\r\n        app:layout_constraintBottom_toBottomOf=\"@+id/upper\"\r\n        app:layout_constraintTop_toTopOf=\"parent\" />\r\n\r\n    <LinearLayout\r\n        android:id=\"@+id/bottom\"\r\n        android:layout_width=\"match_parent\"\r\n        android:layout_height=\"270dp\"\r\n        android:background=\"#7AD645\"\r\n        android:orientation=\"horizontal\"\r\n        app:layout_constraintBottom_toBottomOf=\"parent\"\r\n        app:layout_constraintEnd_toEndOf=\"parent\"\r\n        app:layout_constraintHorizontal_bias=\"0.0\"\r\n        app:layout_constraintStart_toStartOf=\"@+id/turtle\"></LinearLayout>\r\n\r\n    <Button\r\n        android:id=\"@+id/prev\"\r\n        android:layout_width=\"50dp\"\r\n        android:layout_height=\"50dp\"\r\n        android:background=\"@drawable/round_button\"\r\n        android:backgroundTint=\"#156E12\"\r\n        android:onClick=\"onClickPrev\"\r\n        android:text=\"\u25c0\"\r\n        android:textSize=\"24sp\"\r\n        app:layout_constraintBottom_toBottomOf=\"@+id/editText\"\r\n        app:layout_constraintEnd_toStartOf=\"@+id/editText\"\r\n        app:layout_constraintStart_toStartOf=\"parent\"\r\n        app:layout_constraintTop_toTopOf=\"@+id/editText\" />\r\n\r\n    <EditText\r\n        android:id=\"@+id/editText\"\r\n        android:layout_width=\"113dp\"\r\n        android:layout_height=\"42dp\"\r\n        android:ems=\"10\"\r\n        android:inputType=\"numberDecimal\"\r\n        android:textAlignment=\"center\"\r\n        android:textSize=\"18sp\"\r\n        app:layout_constraintEnd_toEndOf=\"parent\"\r\n        app:layout_constraintStart_toStartOf=\"parent\"\r\n        app:layout_constraintTop_toBottomOf=\"@+id/blank\" />\r\n\r\n    <TextView\r\n        android:id=\"@+id/blank\"\r\n        android:layout_width=\"256dp\"\r\n        android:layout_height=\"35dp\"\r\n        android:alpha=\"0.89\"\r\n        android:text=\"\u0417\u0430 1 \u0434\u0435\u043d\u044c \u0412\u044b \u043f\u0440\u043e\u0431\u0435\u0436\u0430\u043b\u0438\"\r\n        android:textAlignment=\"center\"\r\n        android:textColor=\"#0F6726\"\r\n        android:textSize=\"20sp\"\r\n        android:textStyle=\"bold\"\r\n        app:layout_constraintEnd_toEndOf=\"parent\"\r\n        app:layout_constraintStart_toStartOf=\"parent\"\r\n        app:layout_constraintTop_toBottomOf=\"@+id/upper\" />\r\n\r\n    <Button\r\n        android:id=\"@+id/check\"\r\n        style=\"@style/Widget.AppCompat.Button.Small\"\r\n        android:layout_width=\"40dp\"\r\n        android:layout_height=\"40dp\"\r\n        android:layout_marginBottom=\"16dp\"\r\n        android:background=\"@drawable/round_button\"\r\n        android:backgroundTint=\"#00FF0D\"\r\n        android:onClick=\"onClickCheck\"\r\n        android:text=\"\u2713\"\r\n        android:textAlignment=\"center\"\r\n        android:textColor=\"@color/light_green\"\r\n        android:textColorHighlight=\"@android:color/holo_green_dark\"\r\n        android:textSize=\"24sp\"\r\n        android:textStyle=\"bold\"\r\n        app:layout_constraintBottom_toBottomOf=\"parent\"\r\n        app:layout_constraintEnd_toEndOf=\"parent\"\r\n        app:layout_constraintHorizontal_bias=\"0.948\"\r\n        app:layout_constraintStart_toStartOf=\"parent\"\r\n        app:layout_constraintTop_toBottomOf=\"@+id/maxi\" />\r\n\r\n    <Button\r\n        android:id=\"@+id/next\"\r\n        android:layout_width=\"50dp\"\r\n        android:layout_height=\"50dp\"\r\n        android:background=\"@drawable/round_button\"\r\n        android:backgroundTint=\"#156E12\"\r\n        android:onClick=\"onClickNext\"\r\n        android:text=\"\u25b6\"\r\n        android:textSize=\"24sp\"\r\n        app:layout_constraintBottom_toBottomOf=\"@+id/editText\"\r\n        app:layout_constraintEnd_toEndOf=\"parent\"\r\n        app:layout_constraintStart_toEndOf=\"@+id/editText\"\r\n        app:layout_constraintTop_toTopOf=\"@+id/editText\" />\r\n\r\n    <TextView\r\n        android:id=\"@+id/dist\"\r\n        android:layout_width=\"320dp\"\r\n        android:layout_height=\"32dp\"\r\n        android:layout_marginTop=\"36dp\"\r\n        android:text=\"TextView\"\r\n        android:textColor=\"#403B3B\"\r\n        android:textSize=\"16sp\"\r\n        app:layout_constraintEnd_toEndOf=\"parent\"\r\n        app:layout_constraintStart_toEndOf=\"@+id/man\"\r\n        app:layout_constraintTop_toBottomOf=\"@+id/middle\" />\r\n\r\n    <TextView\r\n        android:id=\"@+id/ave\"\r\n        android:layout_width=\"320dp\"\r\n        android:layout_height=\"32dp\"\r\n        android:layout_marginTop=\"8dp\"\r\n        android:text=\"TextView\"\r\n        android:textColor=\"#403B3B\"\r\n        android:textSize=\"16sp\"\r\n        app:layout_constraintEnd_toEndOf=\"parent\"\r\n        app:layout_constraintStart_toEndOf=\"@+id/timer\"\r\n        app:layout_constraintTop_toBottomOf=\"@+id/dist\" />\r\n\r\n    <TextView\r\n        android:id=\"@+id/mini\"\r\n        android:layout_width=\"320dp\"\r\n        android:layout_height=\"32dp\"\r\n        android:layout_marginTop=\"8dp\"\r\n        android:text=\"TextView\"\r\n        android:textColor=\"#403B3B\"\r\n        android:textSize=\"16sp\"\r\n        app:layout_constraintEnd_toEndOf=\"parent\"\r\n        app:layout_constraintStart_toEndOf=\"@+id/turtle\"\r\n        app:layout_constraintTop_toBottomOf=\"@+id/ave\" />\r\n\r\n    <TextView\r\n        android:id=\"@+id/maxi\"\r\n        android:layout_width=\"320dp\"\r\n        android:layout_height=\"32dp\"\r\n        android:layout_marginTop=\"8dp\"\r\n        android:text=\"TextView\"\r\n        android:textColor=\"#403B3B\"\r\n        android:textSize=\"16sp\"\r\n        app:layout_constraintEnd_toEndOf=\"parent\"\r\n        app:layout_constraintStart_toEndOf=\"@+id/cheetah\"\r\n        app:layout_constraintTop_toBottomOf=\"@+id/mini\" />\r\n\r\n    <TextView\r\n        android:id=\"@+id/error\"\r\n        android:layout_width=\"194dp\"\r\n        android:layout_height=\"22dp\"\r\n        android:layout_marginStart=\"28dp\"\r\n        android:ellipsize=\"marquee\"\r\n        android:fadingEdge=\"horizontal\"\r\n        android:focusable=\"true\"\r\n        android:focusableInTouchMode=\"true\"\r\n        android:singleLine=\"true\"\r\n        android:text=\"\u041d\u0435 \u0432\u0441\u0435 \u0434\u0430\u043d\u043d\u044b\u0435 \u0437\u0430\u043f\u043e\u043b\u043d\u0435\u043d\u044b!\"\r\n        android:textAlignment=\"textStart\"\r\n        android:textColor=\"#AF3131\"\r\n        android:textSize=\"15sp\"\r\n        android:textStyle=\"bold\"\r\n        app:layout_constraintBottom_toBottomOf=\"parent\"\r\n        app:layout_constraintEnd_toStartOf=\"@+id/restart\"\r\n        app:layout_constraintHorizontal_bias=\"0.441\"\r\n        app:layout_constraintStart_toStartOf=\"parent\"\r\n        app:layout_constraintTop_toBottomOf=\"@+id/cheetah\"\r\n        app:layout_constraintVertical_bias=\"0.355\" />\r\n\r\n    <TextView\r\n        android:id=\"@+id/am\"\r\n        android:layout_width=\"88dp\"\r\n        android:layout_height=\"39dp\"\r\n        android:alpha=\"0.89\"\r\n        android:text=\"1\"\r\n        android:textAlignment=\"center\"\r\n        android:textColor=\"#0F6726\"\r\n        android:textSize=\"30sp\"\r\n        android:textStyle=\"bold\"\r\n        app:layout_constraintEnd_toEndOf=\"parent\"\r\n        app:layout_constraintStart_toStartOf=\"parent\"\r\n        app:layout_constraintTop_toBottomOf=\"@+id/sb\" />\r\n\r\n    <ImageView\r\n        android:id=\"@+id/man\"\r\n        android:layout_width=\"30dp\"\r\n        android:layout_height=\"30dp\"\r\n        android:layout_marginTop=\"36dp\"\r\n        app:layout_constraintStart_toStartOf=\"parent\"\r\n        app:layout_constraintTop_toBottomOf=\"@+id/middle\"\r\n        app:srcCompat=\"@drawable/road\" />\r\n\r\n    <ImageView\r\n        android:id=\"@+id/timer\"\r\n        android:layout_width=\"30dp\"\r\n        android:layout_height=\"30dp\"\r\n        android:layout_marginTop=\"12dp\"\r\n        app:layout_constraintStart_toStartOf=\"parent\"\r\n        app:layout_constraintTop_toBottomOf=\"@+id/man\"\r\n        app:srcCompat=\"@drawable/timer\" />\r\n\r\n    <ImageView\r\n        android:id=\"@+id/cheetah\"\r\n        android:layout_width=\"30dp\"\r\n        android:layout_height=\"30dp\"\r\n        android:layout_marginTop=\"12dp\"\r\n        app:layout_constraintTop_toBottomOf=\"@+id/turtle\"\r\n        app:srcCompat=\"@drawable/turtle\"\r\n        tools:layout_editor_absoluteX=\"0dp\" />\r\n\r\n    <ImageView\r\n        android:id=\"@+id/turtle\"\r\n        android:layout_width=\"30dp\"\r\n        android:layout_height=\"30dp\"\r\n        android:layout_marginTop=\"8dp\"\r\n        app:layout_constraintStart_toStartOf=\"parent\"\r\n        app:layout_constraintTop_toBottomOf=\"@+id/timer\"\r\n        app:srcCompat=\"@drawable/cheetah\" />\r\n\r\n    <Button\r\n        android:id=\"@+id/restart\"\r\n        android:layout_width=\"40dp\"\r\n        android:layout_height=\"40dp\"\r\n        android:layout_marginEnd=\"8dp\"\r\n        android:layout_marginBottom=\"16dp\"\r\n        android:background=\"@drawable/round_button\"\r\n        android:backgroundTint=\"#F63900\"\r\n        android:onClick=\"onClickExit\"\r\n        android:text=\"X\"\r\n        android:textColor=\"#5C1515\"\r\n        android:textSize=\"24sp\"\r\n        app:layout_constraintBottom_toBottomOf=\"parent\"\r\n        app:layout_constraintEnd_toStartOf=\"@+id/check\"\r\n        app:layout_constraintTop_toBottomOf=\"@+id/maxi\" /><![CDATA[\r\n\r\n\r\n\r\n\r\n\r\n\r\n\r\n\r\n\r\n\r\n\r\n\r\n\r\n\r\n\r\n\r\n\r\n\r\n\r\n\r\n\r\n\r\n\r\n    android:text=\"Fuck\"\r\n        tools:layout_editor_absoluteX=\"256dp\"\r\n        tools:layout_editor_absoluteY=\"576dp\"\r\n        />\r\n\r\n\r\n\r\n\r\n\r\n\r\n\r\n\r\n\r\n\r\n\r\n\r\n]]>\r\n</androidx.constraintlayout.widget.ConstraintLayout>",
    "YaraRule": [
        "enable_org32",
        "core_keywords"
    ]
}