{
    "scrape_url": "https://scrape.pastebin.com/api_scrape_item.php?i=2yMN6nCp",
    "full_url": "https://pastebin.com/2yMN6nCp",
    "date": "1594893540",
    "key": "2yMN6nCp",
    "size": 957,
    "expire": "0",
    "title": "",
    "syntax": "javascript",
    "user": "",
    "filename": "2yMN6nCp",
    "pasteid": "2yMN6nCp",
    "pastesite": "pastebin.com",
    "@timestamp": "2020-07-16T09:59:00",
    "MD5": "02c512e68750dc2e23fc1e356ccfa69f",
    "SHA256": "7275c5b22ad35621a40aebcf3e67d7315e7b7cda91e79bd1bf8fce9ea9b73ed4",
    "raw_paste": "<html>\r\n\t<script>\r\n\t\r\n\tasync function test() {\r\n\t\tconst local = new RTCPeerConnection()\r\n\t\tconst remote = new RTCPeerConnection()\r\n\t\t\r\n\t\tlocal.onicecandidate = event => {\r\n\t\t\tif(!event.candidate) return\r\n\t\t\tremote.addIceCandidate(event.candidate)\r\n\t\t}\r\n\r\n\t\tremote.onicecandidate = event => {\r\n\t\t\tif(!event.candidate) return\r\n\t\t\tlocal.addIceCandidate(event.candidate)\r\n\t\t}\r\n\r\n\t\tconst offer = await local.createOffer()\r\n\t\tlocal.setLocalDescription(offer)\r\n\t\tremote.setRemoteDescription(offer)\r\n\r\n\t\tconst answer = await remote.createAnswer()\r\n\t\tremote.setLocalDescription(answer)\r\n\t\tlocal.setRemoteDescription(answer)\r\n\r\n\t\tremote.ondatachannel = event => {\r\n\t\t\tevent.channel.onmessage = event => console.log(event)\r\n\t\t}\r\n\t\t\r\n\t\tconst channel = local.createDataChannel('pc1')\r\n\t\tchannel.onopen = () => channel.send('hello')\r\n\t\tchannel.onerror = error => console.log(error)\r\n\t\tchannel.onclose = () => console.log('closed')\r\n\t}\r\n\r\n\ttest()\r\n\r\n\t\r\n\t</script>\r\n</html>",
    "YaraRule": [
        "enable_org4",
        "core_keywords"
    ]
}