{
    "scrape_url": "https://scrape.pastebin.com/api_scrape_item.php?i=4Qcf4bAK",
    "full_url": "https://pastebin.com/4Qcf4bAK",
    "date": "1594671519",
    "key": "4Qcf4bAK",
    "size": 17037,
    "expire": "1597263519",
    "title": "/t",
    "syntax": "csharp",
    "user": "",
    "filename": "4Qcf4bAK",
    "pasteid": "4Qcf4bAK",
    "pastesite": "pastebin.com",
    "@timestamp": "2020-07-13T20:18:39",
    "MD5": "15aded2f2dcbf44d306527a28811ddc4",
    "SHA256": "ce9359020b707ed4e60fa8b9894efac0e5f9760876c66f028094b91441a969e8",
    "raw_paste": "-- Made by Tokumei/Aresuu\r\n-- Join this group https://www.roblox.com/My/Groups.aspx?gid=4572322\r\n-- Instances:\r\nlocal VehicleSimulator = Instance.new(\"ScreenGui\")\r\nlocal VSV1 = Instance.new(\"Frame\")\r\nlocal GiveAllPerks = Instance.new(\"TextButton\")\r\nlocal SuperCar = Instance.new(\"TextButton\")\r\nlocal CrateESP = Instance.new(\"TextButton\")\r\nlocal Speed = Instance.new(\"TextButton\")\r\nlocal SpeedBind = Instance.new(\"TextBox\")\r\nlocal Torque = Instance.new(\"TextButton\")\r\nlocal Torquet = Instance.new(\"TextBox\")\r\nlocal NitroSpeed = Instance.new(\"TextButton\")\r\nlocal NST = Instance.new(\"TextBox\")\r\nlocal Title = Instance.new(\"TextLabel\")\r\nlocal TeleportLT = Instance.new(\"TextButton\")\r\nlocal TeleportToCar = Instance.new(\"TextButton\")\r\nlocal MadebyTokumeiAresuu = Instance.new(\"TextLabel\")\r\nlocal CreditOwners = Instance.new(\"TextLabel\")\r\nlocal NitroForce = Instance.new(\"TextButton\")\r\nlocal NFT = Instance.new(\"TextBox\")\r\nlocal JumpHeight = Instance.new(\"TextButton\")\r\nlocal JHT = Instance.new(\"TextBox\")\r\nlocal TptoCrate = Instance.new(\"TextButton\")\r\nlocal Open = Instance.new(\"TextButton\")\r\nlocal Close = Instance.new(\"TextButton\")\r\n--Properties:\r\nVehicleSimulator.Name = \"Vehicle Simulator\"\r\nVehicleSimulator.Parent = game.CoreGui\r\n\r\nVSV1.Name = \"VSV1\"\r\nVSV1.Parent = VehicleSimulator\r\nVSV1.Active = true\r\nVSV1.BackgroundColor3 = Color3.new(0, 0, 0)\r\nVSV1.BackgroundTransparency = 0.10000000149012\r\nVSV1.BorderColor3 = Color3.new(0.501961, 0, 0)\r\nVSV1.BorderSizePixel = 6\r\nVSV1.Position = UDim2.new(0.155411661, 0, 0.117529884, 0)\r\nVSV1.Size = UDim2.new(0, 325, 0, 332)\r\nVSV1.Draggable = true\r\nVSV1.Visible = true\r\n\r\nGiveAllPerks.Name = \"Give All Perks\"\r\nGiveAllPerks.Parent = VSV1\r\nGiveAllPerks.BackgroundColor3 = Color3.new(1, 0, 0.4)\r\nGiveAllPerks.BackgroundTransparency = 0.20000000298023\r\nGiveAllPerks.BorderColor3 = Color3.new(0, 0, 0)\r\nGiveAllPerks.BorderSizePixel = 0\r\nGiveAllPerks.Position = UDim2.new(0, 0, 0.777108431, 0)\r\nGiveAllPerks.Size = UDim2.new(0, 148, 0, 36)\r\nGiveAllPerks.Font = Enum.Font.Cartoon\r\nGiveAllPerks.Text = \"Give All Perks\"\r\nGiveAllPerks.TextColor3 = Color3.new(0, 0, 0)\r\nGiveAllPerks.TextScaled = true\r\nGiveAllPerks.TextSize = 14\r\nGiveAllPerks.TextStrokeColor3 = Color3.new(1, 0, 0.0156863)\r\nGiveAllPerks.TextWrapped = true\r\n\r\nSuperCar.Name = \"Super Car\"\r\nSuperCar.Parent = VSV1\r\nSuperCar.BackgroundColor3 = Color3.new(1, 0, 0.4)\r\nSuperCar.BackgroundTransparency = 0.20000000298023\r\nSuperCar.BorderColor3 = Color3.new(0, 0, 0)\r\nSuperCar.BorderSizePixel = 0\r\nSuperCar.Position = UDim2.new(0.464970767, 0, 0.777963579, 0)\r\nSuperCar.Size = UDim2.new(0, 174, 0, 36)\r\nSuperCar.Font = Enum.Font.Cartoon\r\nSuperCar.Text = \"Super Car \"\r\nSuperCar.TextColor3 = Color3.new(0, 0, 0)\r\nSuperCar.TextScaled = true\r\nSuperCar.TextSize = 14\r\nSuperCar.TextStrokeColor3 = Color3.new(1, 0, 0.0156863)\r\nSuperCar.TextWrapped = true\r\n\r\nCrateESP.Name = \"Crate ESP\"\r\nCrateESP.Parent = VSV1\r\nCrateESP.BackgroundColor3 = Color3.new(1, 0, 0.4)\r\nCrateESP.BackgroundTransparency = 0.20000000298023\r\nCrateESP.BorderColor3 = Color3.new(0, 0, 0)\r\nCrateESP.BorderSizePixel = 0\r\nCrateESP.Position = UDim2.new(0, 0, 0.654845238, 0)\r\nCrateESP.Size = UDim2.new(0, 148, 0, 41)\r\nCrateESP.Font = Enum.Font.Cartoon\r\nCrateESP.Text = \"Crate ESP\"\r\nCrateESP.TextColor3 = Color3.new(0, 0, 0)\r\nCrateESP.TextScaled = true\r\nCrateESP.TextSize = 14\r\nCrateESP.TextStrokeColor3 = Color3.new(1, 0, 0.0156863)\r\nCrateESP.TextWrapped = true\r\n\r\nSpeed.Name = \"Speed\"\r\nSpeed.Parent = VSV1\r\nSpeed.BackgroundColor3 = Color3.new(1, 0, 0.4)\r\nSpeed.BackgroundTransparency = 0.20000000298023\r\nSpeed.BorderColor3 = Color3.new(0, 0, 0)\r\nSpeed.BorderSizePixel = 0\r\nSpeed.Position = UDim2.new(0.0182370823, 0, 0.0913978517, 0)\r\nSpeed.Size = UDim2.new(0, 148, 0, 26)\r\nSpeed.Font = Enum.Font.Cartoon\r\nSpeed.Text = \"Speed\"\r\nSpeed.TextColor3 = Color3.new(0, 0, 0)\r\nSpeed.TextScaled = true\r\nSpeed.TextSize = 14\r\nSpeed.TextStrokeColor3 = Color3.new(1, 0, 0.0156863)\r\nSpeed.TextWrapped = true\r\n\r\nSpeedBind.Name = \"SpeedBind\"\r\nSpeedBind.Parent = Speed\r\nSpeedBind.BackgroundColor3 = Color3.new(0.368627, 0.368627, 0.368627)\r\nSpeedBind.BorderColor3 = Color3.new(0, 0, 0)\r\nSpeedBind.BorderSizePixel = 2\r\nSpeedBind.Position = UDim2.new(1.07476318, 0, 0, 0)\r\nSpeedBind.Size = UDim2.new(0, 151, 0, 26)\r\nSpeedBind.Font = Enum.Font.Cartoon\r\nSpeedBind.Text = \"Amount\"\r\nSpeedBind.TextColor3 = Color3.new(0, 0, 0)\r\nSpeedBind.TextScaled = true\r\nSpeedBind.TextSize = 14\r\nSpeedBind.TextWrapped = true\r\n\r\nTorque.Name = \"Torque\"\r\nTorque.Parent = VSV1\r\nTorque.BackgroundColor3 = Color3.new(1, 0, 0.4)\r\nTorque.BackgroundTransparency = 0.20000000298023\r\nTorque.BorderColor3 = Color3.new(0, 0, 0)\r\nTorque.BorderSizePixel = 0\r\nTorque.Position = UDim2.new(0.0182370823, 0, 0.16731441, 0)\r\nTorque.Size = UDim2.new(0, 148, 0, 26)\r\nTorque.Font = Enum.Font.Cartoon\r\nTorque.Text = \"Torque\"\r\nTorque.TextColor3 = Color3.new(0, 0, 0)\r\nTorque.TextScaled = true\r\nTorque.TextSize = 14\r\nTorque.TextStrokeColor3 = Color3.new(1, 0, 0.0156863)\r\nTorque.TextWrapped = true\r\n\r\nTorquet.Name = \"Torquet\"\r\nTorquet.Parent = Torque\r\nTorquet.BackgroundColor3 = Color3.new(0.368627, 0.368627, 0.368627)\r\nTorquet.BorderColor3 = Color3.new(0, 0, 0)\r\nTorquet.BorderSizePixel = 2\r\nTorquet.Position = UDim2.new(1.07476318, 0, 0, 0)\r\nTorquet.Size = UDim2.new(0, 151, 0, 26)\r\nTorquet.Font = Enum.Font.Cartoon\r\nTorquet.PlaceholderColor3 = Color3.new(0.698039, 0.698039, 0.698039)\r\nTorquet.Text = \"Amount\"\r\nTorquet.TextColor3 = Color3.new(0, 0, 0)\r\nTorquet.TextScaled = true\r\nTorquet.TextSize = 14\r\nTorquet.TextStrokeColor3 = Color3.new(1, 0, 0.0156863)\r\nTorquet.TextWrapped = true\r\n\r\nNitroSpeed.Name = \"Nitro Speed\"\r\nNitroSpeed.Parent = VSV1\r\nNitroSpeed.BackgroundColor3 = Color3.new(1, 0, 0.4)\r\nNitroSpeed.BackgroundTransparency = 0.20000000298023\r\nNitroSpeed.BorderColor3 = Color3.new(0, 0, 0)\r\nNitroSpeed.BorderSizePixel = 0\r\nNitroSpeed.Position = UDim2.new(0.0182370823, 0, 0.246243045, 0)\r\nNitroSpeed.Size = UDim2.new(0, 148, 0, 26)\r\nNitroSpeed.Font = Enum.Font.Cartoon\r\nNitroSpeed.Text = \"Nitro Speed\"\r\nNitroSpeed.TextColor3 = Color3.new(0, 0, 0)\r\nNitroSpeed.TextScaled = true\r\nNitroSpeed.TextSize = 14\r\nNitroSpeed.TextStrokeColor3 = Color3.new(1, 0, 0.0156863)\r\nNitroSpeed.TextWrapped = true\r\n\r\nNST.Name = \"NST\"\r\nNST.Parent = NitroSpeed\r\nNST.BackgroundColor3 = Color3.new(0.368627, 0.368627, 0.368627)\r\nNST.BorderColor3 = Color3.new(0, 0, 0)\r\nNST.BorderSizePixel = 2\r\nNST.Position = UDim2.new(1.07476318, 0, 0, 0)\r\nNST.Size = UDim2.new(0, 151, 0, 26)\r\nNST.Font = Enum.Font.Cartoon\r\nNST.Text = \"Amount\"\r\nNST.TextColor3 = Color3.new(0, 0, 0)\r\nNST.TextScaled = true\r\nNST.TextSize = 14\r\nNST.TextStrokeColor3 = Color3.new(1, 0, 0.0156863)\r\nNST.TextWrapped = true\r\n\r\nTitle.Name = \"Title\"\r\nTitle.Parent = VSV1\r\nTitle.BackgroundColor3 = Color3.new(0.901961, 0.0980392, 0.419608)\r\nTitle.BorderColor3 = Color3.new(0.0117647, 0, 0)\r\nTitle.BorderSizePixel = 0\r\nTitle.Size = UDim2.new(0, 329, 0, 22)\r\nTitle.Font = Enum.Font.Cartoon\r\nTitle.Text = \"Vehicle Simulator\"\r\nTitle.TextColor3 = Color3.new(0, 0, 0)\r\nTitle.TextScaled = true\r\nTitle.TextSize = 16\r\nTitle.TextWrapped = true\r\n\r\nTeleportLT.Name = \"TeleportLT\"\r\nTeleportLT.Parent = VSV1\r\nTeleportLT.BackgroundColor3 = Color3.new(1, 0, 0.4)\r\nTeleportLT.BackgroundTransparency = 0.20000000298023\r\nTeleportLT.BorderColor3 = Color3.new(0, 0, 0)\r\nTeleportLT.BorderSizePixel = 0\r\nTeleportLT.Position = UDim2.new(0.464970767, 0, 0.529569924, 0)\r\nTeleportLT.Size = UDim2.new(0, 174, 0, 41)\r\nTeleportLT.Font = Enum.Font.Cartoon\r\nTeleportLT.Text = \"Teleport to Long Tunnel\"\r\nTeleportLT.TextColor3 = Color3.new(0, 0, 0)\r\nTeleportLT.TextScaled = true\r\nTeleportLT.TextSize = 14\r\nTeleportLT.TextStrokeColor3 = Color3.new(1, 0, 0.0156863)\r\nTeleportLT.TextWrapped = true\r\n\r\nTeleportToCar.Name = \"Teleport To Car\"\r\nTeleportToCar.Parent = VSV1\r\nTeleportToCar.BackgroundColor3 = Color3.new(1, 0, 0.4)\r\nTeleportToCar.BackgroundTransparency = 0.20000000298023\r\nTeleportToCar.BorderColor3 = Color3.new(0, 0, 0)\r\nTeleportToCar.BorderSizePixel = 0\r\nTeleportToCar.Position = UDim2.new(0, 0, 0.529569924, 0)\r\nTeleportToCar.Size = UDim2.new(0, 148, 0, 41)\r\nTeleportToCar.Font = Enum.Font.Cartoon\r\nTeleportToCar.Text = \"Teleport To Car\"\r\nTeleportToCar.TextColor3 = Color3.new(0, 0, 0)\r\nTeleportToCar.TextScaled = true\r\nTeleportToCar.TextSize = 14\r\nTeleportToCar.TextStrokeColor3 = Color3.new(1, 0, 0.0156863)\r\nTeleportToCar.TextWrapped = true\r\n\r\nMadebyTokumeiAresuu.Name = \"Made by Tokumei/Aresuu\"\r\nMadebyTokumeiAresuu.Parent = VSV1\r\nMadebyTokumeiAresuu.BackgroundColor3 = Color3.new(0.278431, 0.278431, 0.278431)\r\nMadebyTokumeiAresuu.BorderColor3 = Color3.new(0, 0, 0)\r\nMadebyTokumeiAresuu.BorderSizePixel = 0\r\nMadebyTokumeiAresuu.Position = UDim2.new(0, 0, 0.909638584, 0)\r\nMadebyTokumeiAresuu.Size = UDim2.new(0, 144, 0, 30)\r\nMadebyTokumeiAresuu.Font = Enum.Font.Cartoon\r\nMadebyTokumeiAresuu.Text = \"Made by Tokumei/Aresuu\"\r\nMadebyTokumeiAresuu.TextColor3 = Color3.new(0, 0, 0)\r\nMadebyTokumeiAresuu.TextSize = 14\r\n\r\nCreditOwners.Name = \"Credit Owners\"\r\nCreditOwners.Parent = MadebyTokumeiAresuu\r\nCreditOwners.BackgroundColor3 = Color3.new(0.278431, 0.278431, 0.278431)\r\nCreditOwners.BorderColor3 = Color3.new(0, 0, 0)\r\nCreditOwners.BorderSizePixel = 0\r\nCreditOwners.Position = UDim2.new(1.0625, 0, 0, 0)\r\nCreditOwners.Size = UDim2.new(0, 172, 0, 30)\r\nCreditOwners.Font = Enum.Font.Cartoon\r\nCreditOwners.Text = \"Credit to LeviTheOtaku for the Scripts\"\r\nCreditOwners.TextColor3 = Color3.new(0, 0, 0)\r\nCreditOwners.TextScaled = true\r\nCreditOwners.TextSize = 14\r\nCreditOwners.TextWrapped = true\r\n\r\nNitroForce.Name = \"Nitro Force\"\r\nNitroForce.Parent = VSV1\r\nNitroForce.BackgroundColor3 = Color3.new(1, 0, 0.4)\r\nNitroForce.BackgroundTransparency = 0.20000000298023\r\nNitroForce.BorderColor3 = Color3.new(0, 0, 0)\r\nNitroForce.BorderSizePixel = 0\r\nNitroForce.Position = UDim2.new(0.0182370823, 0, 0.325171649, 0)\r\nNitroForce.Size = UDim2.new(0, 148, 0, 26)\r\nNitroForce.Font = Enum.Font.Cartoon\r\nNitroForce.Text = \"Nitro Force\"\r\nNitroForce.TextColor3 = Color3.new(0, 0, 0)\r\nNitroForce.TextScaled = true\r\nNitroForce.TextSize = 14\r\nNitroForce.TextStrokeColor3 = Color3.new(1, 0, 0.0156863)\r\nNitroForce.TextWrapped = true\r\n\r\nNFT.Name = \"NFT\"\r\nNFT.Parent = NitroForce\r\nNFT.BackgroundColor3 = Color3.new(0.368627, 0.368627, 0.368627)\r\nNFT.BorderColor3 = Color3.new(0, 0, 0)\r\nNFT.BorderSizePixel = 2\r\nNFT.Position = UDim2.new(1.07476318, 0, 0, 0)\r\nNFT.Size = UDim2.new(0, 151, 0, 26)\r\nNFT.Font = Enum.Font.Cartoon\r\nNFT.PlaceholderColor3 = Color3.new(0.698039, 0.698039, 0.698039)\r\nNFT.Text = \"Amount\"\r\nNFT.TextColor3 = Color3.new(0, 0, 0)\r\nNFT.TextScaled = true\r\nNFT.TextSize = 14\r\nNFT.TextStrokeColor3 = Color3.new(1, 0, 0.0156863)\r\nNFT.TextWrapped = true\r\n\r\nJumpHeight.Name = \"Jump Height\"\r\nJumpHeight.Parent = VSV1\r\nJumpHeight.BackgroundColor3 = Color3.new(1, 0, 0.4)\r\nJumpHeight.BackgroundTransparency = 0.20000000298023\r\nJumpHeight.BorderColor3 = Color3.new(0, 0, 0)\r\nJumpHeight.BorderSizePixel = 0\r\nJumpHeight.Position = UDim2.new(0.0182370823, 0, 0.404100299, 0)\r\nJumpHeight.Size = UDim2.new(0, 148, 0, 26)\r\nJumpHeight.Font = Enum.Font.Cartoon\r\nJumpHeight.Text = \"Jump Height\"\r\nJumpHeight.TextColor3 = Color3.new(0, 0, 0)\r\nJumpHeight.TextScaled = true\r\nJumpHeight.TextSize = 14\r\nJumpHeight.TextStrokeColor3 = Color3.new(1, 0, 0.0156863)\r\nJumpHeight.TextWrapped = true\r\n\r\nJHT.Name = \"JHT\"\r\nJHT.Parent = JumpHeight\r\nJHT.BackgroundColor3 = Color3.new(0.368627, 0.368627, 0.368627)\r\nJHT.BorderColor3 = Color3.new(0, 0, 0)\r\nJHT.BorderSizePixel = 2\r\nJHT.Position = UDim2.new(1.07476318, 0, 0, 0)\r\nJHT.Size = UDim2.new(0, 151, 0, 26)\r\nJHT.Font = Enum.Font.Cartoon\r\nJHT.PlaceholderColor3 = Color3.new(0.698039, 0.698039, 0.698039)\r\nJHT.Text = \"Amount\"\r\nJHT.TextColor3 = Color3.new(0, 0, 0)\r\nJHT.TextScaled = true\r\nJHT.TextSize = 14\r\nJHT.TextStrokeColor3 = Color3.new(1, 0, 0.0156863)\r\nJHT.TextWrapped = true\r\n\r\nTptoCrate.Name = \"Tp to Crate\"\r\nTptoCrate.Parent = VSV1\r\nTptoCrate.BackgroundColor3 = Color3.new(1, 0, 0.4)\r\nTptoCrate.BackgroundTransparency = 0.20000000298023\r\nTptoCrate.BorderColor3 = Color3.new(0, 0, 0)\r\nTptoCrate.BorderSizePixel = 0\r\nTptoCrate.Position = UDim2.new(0.464970767, 0, 0.654845238, 0)\r\nTptoCrate.Size = UDim2.new(0, 174, 0, 41)\r\nTptoCrate.Font = Enum.Font.Cartoon\r\nTptoCrate.Text = \"TP to Crates\"\r\nTptoCrate.TextColor3 = Color3.new(0, 0, 0)\r\nTptoCrate.TextScaled = true\r\nTptoCrate.TextSize = 14\r\nTptoCrate.TextStrokeColor3 = Color3.new(1, 0, 0.0156863)\r\nTptoCrate.TextWrapped = true\r\n\r\nOpen.Name = \"Open\"\r\nOpen.Parent = VehicleSimulator\r\nOpen.BackgroundColor3 = Color3.new(0.137255, 0.137255, 0.137255)\r\nOpen.BorderColor3 = Color3.new(0.709804, 0, 0.0117647)\r\nOpen.BorderSizePixel = 6\r\nOpen.Position = UDim2.new(0.00740055507, 0, 0.553784847, 0)\r\nOpen.Size = UDim2.new(0, 114, 0, 19)\r\nOpen.Font = Enum.Font.Cartoon\r\nOpen.Text = \"Open\"\r\nOpen.TextColor3 = Color3.new(0, 0, 0)\r\nOpen.TextScaled = true\r\nOpen.TextSize = 14\r\nOpen.TextWrapped = true\r\n\r\nClose.Name = \"Close\"\r\nClose.Parent = VehicleSimulator\r\nClose.BackgroundColor3 = Color3.new(0.137255, 0.137255, 0.137255)\r\nClose.BorderColor3 = Color3.new(0, 0, 0)\r\nClose.BorderSizePixel = 6\r\nClose.Position = UDim2.new(0.00740055507, 0, 0.553784847, 0)\r\nClose.Size = UDim2.new(0, 114, 0, 19)\r\nClose.Font = Enum.Font.Cartoon\r\nClose.Text = \"Close\"\r\nClose.TextColor3 = Color3.new(0, 0, 0)\r\nClose.TextScaled = true\r\nClose.TextSize = 14\r\nClose.TextWrapped = true\r\n-- Scripts:\r\n\r\nOpen.MouseButton1Click:connect(function()\r\n\tVSV1.Visible = true\r\n\tOpen.Visible = false\r\n\tClose.Visible = true\r\nend)\r\n\r\nClose.MouseButton1Click:connect(function()\r\n\tVSV1.Visible = false\r\n\tOpen.Visible = true\r\n\tClose.Visible = false\r\nend)\r\n\r\n\r\nfunction findCar()\r\nlocal vehicle = workspace.Vehicles:getChildren()\r\nfor i=1,#vehicle do\r\nif vehicle[i]:findFirstChild(\"owner\") then\r\nif vehicle[i].owner.Value == game.Players.LocalPlayer.Name then\r\nmyCar = vehicle[i]\r\nend\r\nend\r\nend\r\nend\r\n\r\n\r\nSuperCar.MouseButton1Down:connect(function()\r\nfindCar()\r\nmyCar.Handling.MaxSpeed.Value = 10000\r\nmyCar.Handling.Torque.Value = 40000\r\nmyCar.Handling.SteeringRadiusConstant.Value = 15000\r\nmyCar.Handling.FrictionRoad.Value = 250\r\nmyCar.Handling.Nitro.NitroSpeed.Value = 500\r\nmyCar.Handling.Nitro.NitroForce.Value = 5000\r\nmyCar.Handling.TurboJump.TurboJumpHeight.Value = 250\r\nend)\r\n\r\nSpeed.MouseButton1Down:connect(function()\r\nfindCar()\r\nmyCar.Handling.MaxSpeed.Value = SpeedBind.Text\r\nmyCar.Handling.SteeringRadiusConstant.Value = 15000\r\nend)\r\n\r\nTorque.MouseButton1Down:connect(function()\r\nfindCar()\r\nmyCar.Handling.Torque.Value = Torquet.Text\r\nend)\r\n\r\nNitroSpeed.MouseButton1Down:connect(function()\r\nfindCar()\r\nmyCar.Handling.Nitro.NitroSpeed.Value = NST.Text\r\nend)\r\n\r\nNitroForce.MouseButton1Down:connect(function()\r\nfindCar()\r\nmyCar.Handling.Nitro.NitroForce.Value = NFT.Text\r\nend)\r\n\r\nJumpHeight.MouseButton1Down:connect(function()\r\nfindCar()\r\nmyCar.Handling.TurboJump.TurboJumpHeight.Value = JHT.Text\r\nend)\r\n\r\nGiveAllPerks.MouseButton1Down:connect(function()\r\ngame:GetService(\"Players\").LocalPlayer.UserId = 1099580\r\nend)\r\n\r\nCrateESP.MouseButton1Down:connect(function()\r\n\tlocal crates = workspace:getChildren()\r\nfor i=1,#crates do\r\nif crates[i].ClassName == \"Model\" then\r\nlocal crates2 = crates[i]:getChildren()\r\nfor i=1,#crates2 do\r\nif crates2[i].ClassName == \"Model\" then\r\nlocal crates3 = crates2[i]:getChildren()\r\nfor i=1,#crates3 do\r\nif crates3[i].ClassName == \"MeshPart\" then\r\nif crates3[i]:findFirstChild(\"Smoke\") then\r\nif crates3[i]:findFirstChild(\"BoxHandleAdornment\") then\r\n\tcrates3[i]:findFirstChild(\"BoxHandleAdornment\"):Remove()\r\nelse\r\nlocal a = Instance.new(\"BoxHandleAdornment\",crates3[i])\r\na.Size = Vector3.new(10,500,6)\r\na.SizeRelativeOffset = Vector3.new(0,135,0)\r\na.Color3 = Color3.fromRGB(0,255,0)\r\na.Transparency = 0.5\r\na.AlwaysOnTop = true\r\na.Adornee = crates3[i]\r\na.ZIndex = 1\r\nlocal b = Instance.new(\"BoxHandleAdornment\",crates3[i])\r\nb.Size = Vector3.new(10,4,6)\r\nb.Color3 = Color3.fromRGB(0,0,255)\r\nb.Transparency = 0.3\r\nb.AlwaysOnTop = true\r\nb.Adornee = crates3[i]\r\nb.ZIndex = 1\r\nend\r\nend\r\nend\r\nend\r\nend\r\nend\r\nend\r\nend\r\nend)\r\n\r\nTptoCrate.MouseButton1Down:connect(function()\r\n\tlocal crates = workspace:getChildren()\r\nfor i=1,#crates do\r\nif crates[i].ClassName == \"Model\" then\r\nlocal crates2 = crates[i]:getChildren()\r\nfor i=1,#crates2 do\r\nif crates2[i].ClassName == \"Model\" then\r\nlocal crates3 = crates2[i]:getChildren()\r\nfor i=1,#crates3 do\r\nif crates3[i].ClassName == \"MeshPart\" then\r\nif crates3[i]:findFirstChild(\"Smoke\") then\r\ngame.Players.LocalPlayer.Character:MoveTo(Vector3.new(crates3[i].Position.X+30,crates3[i].Position.Y+5,crates3[i].Position.Z))\r\nwait()\r\ngame.Players.LocalPlayer.Character.Humanoid:MoveTo(Vector3.new(crates3[i].Position.X,crates3[i].Position.Y,crates3[i].Position.Z))\r\nwait(4)\r\nend\r\nend\r\nend\r\nend\r\nend\r\nend\r\nend\r\nend)\r\n\r\nTeleportToCar.MouseButton1Down:connect(function()\r\n\tfindCar()\r\ngame.Players.LocalPlayer.Character.HumanoidRootPart.CFrame = CFrame.new(myCar.Chassis.VehicleSeat.Position+myCar.Chassis.VehicleSeat.SeatOffset.Value)\r\nend)\r\n\r\nTeleportLT.MouseButton1Down:connect(function()\r\n\tfindCar()\r\nmyCar:MoveTo(Vector3.new(-2180,45,-3650)) \r\nend)",
    "YaraRule": [
        "enable_org32",
        "core_keywords"
    ]
}