{
    "scrape_url": "https://scrape.pastebin.com/api_scrape_item.php?i=4vjnVeR3",
    "full_url": "https://pastebin.com/4vjnVeR3",
    "date": "1594891775",
    "key": "4vjnVeR3",
    "size": 35,
    "expire": "0",
    "title": "test",
    "syntax": "lua",
    "user": "",
    "filename": "4vjnVeR3",
    "pasteid": "4vjnVeR3",
    "pastesite": "pastebin.com",
    "@timestamp": "2020-07-16T09:29:35",
    "MD5": "1ac263d2e811ab4c434cc99d5ec5ed53",
    "SHA256": "6e175281e656c2211dcb502ee522c9c7f41f80375d93b81e01b07d32312673f7",
    "raw_paste": "turtle.forward()\r\nturtle.turnLeft()",
    "YaraRule": [
        "enable_org32",
        "core_keywords"
    ]
}