{
    "scrape_url": "https://scrape.pastebin.com/api_scrape_item.php?i=53Vuix7h",
    "full_url": "https://pastebin.com/53Vuix7h",
    "date": "1594879571",
    "key": "53Vuix7h",
    "size": 3878,
    "expire": "0",
    "title": "",
    "syntax": "html4strict",
    "user": "",
    "filename": "53Vuix7h",
    "pasteid": "53Vuix7h",
    "pastesite": "pastebin.com",
    "@timestamp": "2020-07-16T06:06:11",
    "MD5": "762d00c984a03c63332d6444a0ff7d23",
    "SHA256": "e40afb268634088e2fd441dbd4ca284080c91d19a87f4e0889305d069cf75505",
    "raw_paste": "<div class=\"services\">\r\n\t<div class=\"service\">\r\n\t\t<div class=\"service__inner service__inner-new\">\r\n\t\t\t<div class=\"service__title\">\r\n\t\t\t\t<h2>\r\n\t\t\t\t\tAuto Glass Repair\r\n\t\t\t\t</h2>\r\n\t\t\t</div>\r\n\r\n\t\t\t<div class=\"service__image\">\r\n\t\t\t\t<img src=\"/wp-content/uploads/2020/07/Auto-Glass-Repair.jpg\" alt=\"Auto Glass Repair\" title=\"Auto Glass Repair\">\r\n\t\t\t</div>\r\n\r\n\t\t\t<div class=\"service__content\">\r\n\t\t\t\tHaving your auto glass repaired or replaced shouldn't be a stressful experience. We offer convenient auto glass repair and replacement service. We know how inconvenient it can be to deal with a broken windshield, so we dedicate ourselves to providing our clients with services and solutions of remarkable quality.\r\n\t\t\t</div>\r\n\t\t</div>\r\n\r\n\t</div>\r\n\r\n\t<div class=\"service\">\r\n\t\t<div class=\"service__inner service__inner-new\">\r\n\t\t\t<div class=\"service__title\">\r\n\t\t\t\t<h2>\r\n\t\t\t\t\tAuto Glass Replacement\r\n\t\t\t\t</h2>\r\n\t\t\t</div>\r\n\r\n\t\t\t<div class=\"service__image\">\r\n\t\t\t\t<img src=\"/wp-content/uploads/2020/07/Auto-Glass-Replacement.jpg\" alt=\"Auto Glass Replacement\" title=\"Auto Glass Replacement\">\r\n\t\t\t</div>\r\n\r\n\t\t\t<div class=\"service__content\">\r\n\t\t\t\tWe take pride in providing instant online quotes and scheduling for our auto glass services. We use the most effective tools and equipment available on the market and guarantee timely and efficient services that will exceed your highest expectations.\r\n\t\t\t</div>\r\n\t\t</div>\r\n\t</div>\r\n\r\n\t<div class=\"service\">\r\n\t\t<div class=\"service__inner service__inner-new\">\r\n\t\t\t<div class=\"service__title\">\r\n\t\t\t\t<h2>\r\n\t\t\t\t\tMobile Auto Glass Services\r\n\t\t\t\t</h2>\r\n\t\t\t</div>\r\n\r\n\t\t\t<div class=\"service__image\">\r\n\t\t\t\t<img src=\"/wp-content/uploads/2020/07/Mobile-Auto-Glass-Services.jpg\" alt=\"Mobile Auto Glass Services\" title=\"Mobile Auto Glass Services\">\r\n\t\t\t</div>\r\n\r\n\t\t\t<div class=\"service__content\">\r\n\t\t\t\tEven if it comes to mobile auto glass services, you are again in the right place! Using our mobile auto glass solutions and services will give you the same great windshield auto glass installation we carry out in our shop, but with the added convenience of us coming to a location of your choice to perform the work.\r\n\t\t\t</div>\r\n\t\t</div>\r\n\t</div>\t\r\n\r\n\t<div class=\"service service-new\">\r\n\t\t<div class=\"service__inner\">\r\n\t\t\t<div class=\"service__title\">\r\n\t\t\t\t<h2>\r\n\t\t\t\t\tWindshield Replacement\r\n\t\t\t\t</h2>\r\n\t\t\t</div>\r\n\r\n\t\t\t<div class=\"service__image\">\r\n\t\t\t\t<img src=\"/wp-content/uploads/2020/07/Windshield-Replacement.jpg\" alt=\"Windshield Replacement\" title=\"Windshield Replacement\">\r\n\t\t\t</div>\r\n\r\n\t\t\t<div class=\"service__content\">\r\n\t\t\t\tAt our auto glass shop, we always try to repair your windscreen before replacing it with a new one, usually saving you time, hassle, and money. Sometimes though, the type, size, and position of the damage will mean that a car glass repair is not possible. But don't worry, our trained technicians are trained to carry out windscreen replacements and work meticulously to get you the results you need as quickly as possible.\r\n\t\t\t</div>\r\n\t\t</div>\r\n\t</div>\r\n\r\n\t<div class=\"service service-new\">\r\n\t\t<div class=\"service__inner\">\r\n\t\t\t<div class=\"service__title\">\r\n\t\t\t\t<h2>\r\n\t\t\t\t\tWindshield Repair\r\n\t\t\t\t</h2>\r\n\t\t\t</div>\r\n\r\n\t\t\t<div class=\"service__image\">\r\n\t\t\t\t<img src=\"/wp-content/uploads/2020/07/Windshield-Repair.jpg\" alt=\"Windshield Repair\" title=\"Windshield Repair\">\r\n\t\t\t</div>\r\n\r\n\t\t\t<div class=\"service__content\">\r\n\t\t\t\tAs reliable glass repair specialists, we will always look to repair any windscreen damage first, but sometimes, the extent of the damage is too much to fix, and the windscreen needs replacing. We will take the time to carefully assess the situation and provide you with a service that is right for you. Be sure that our technicians are expertly trained to carry out windscreen repairs and replacements and work hard to ensure you get back on the road as soon as possible.\r\n\t\t\t</div>\r\n\t\t</div>\r\n\t</div>\t\t\r\n</div>",
    "YaraRule": [
        "enable_org32",
        "core_keywords"
    ]
}