{
    "scrape_url": "https://scrape.pastebin.com/api_scrape_item.php?i=5GFrFw8b",
    "full_url": "https://pastebin.com/5GFrFw8b",
    "date": "1594754368",
    "key": "5GFrFw8b",
    "size": 18465,
    "expire": "1594840768",
    "title": "",
    "syntax": "python",
    "user": "",
    "filename": "5GFrFw8b",
    "pasteid": "5GFrFw8b",
    "pastesite": "pastebin.com",
    "@timestamp": "2020-07-14T19:19:28",
    "MD5": "a930fb5532e7b70a32abef496a02afd5",
    "SHA256": "38fee3a20912966afa1c5b9582d7521582d8063c99111b4f15c997495242b289",
    "raw_paste": "\"\"\"create and manipulate C data types in Python\"\"\"\r\n\r\nimport os as _os, sys as _sys\r\n\r\n__version__ = \"1.1.0\"\r\n\r\nfrom _ctypes import Union, Structure, Array\r\nfrom _ctypes import _Pointer\r\nfrom _ctypes import CFuncPtr as _CFuncPtr\r\nfrom _ctypes import __version__ as _ctypes_version\r\nfrom _ctypes import RTLD_LOCAL, RTLD_GLOBAL\r\nfrom _ctypes import ArgumentError\r\n\r\nfrom struct import calcsize as _calcsize\r\n\r\nif __version__ != _ctypes_version:\r\n    raise Exception(\"Version number mismatch\", __version__, _ctypes_version)\r\n\r\nif _os.name == \"nt\":\r\n    from _ctypes import FormatError\r\n\r\nDEFAULT_MODE = RTLD_LOCAL\r\nif _os.name == \"posix\" and _sys.platform == \"darwin\":\r\n    # On OS X 10.3, we use RTLD_GLOBAL as default mode\r\n    # because RTLD_LOCAL does not work at least on some\r\n    # libraries.  OS X 10.3 is Darwin 7, so we check for\r\n    # that.\r\n\r\n    if int(_os.uname().release.split('.')[0]) < 8:\r\n        DEFAULT_MODE = RTLD_GLOBAL\r\n\r\nfrom _ctypes import FUNCFLAG_CDECL as _FUNCFLAG_CDECL, \\\r\n     FUNCFLAG_PYTHONAPI as _FUNCFLAG_PYTHONAPI, \\\r\n     FUNCFLAG_USE_ERRNO as _FUNCFLAG_USE_ERRNO, \\\r\n     FUNCFLAG_USE_LASTERROR as _FUNCFLAG_USE_LASTERROR\r\n\r\n# WINOLEAPI -> HRESULT\r\n# WINOLEAPI_(type)\r\n#\r\n# STDMETHODCALLTYPE\r\n#\r\n# STDMETHOD(name)\r\n# STDMETHOD_(type, name)\r\n#\r\n# STDAPICALLTYPE\r\n\r\ndef create_string_buffer(init, size=None):\r\n    \"\"\"create_string_buffer(aBytes) -> character array\r\n    create_string_buffer(anInteger) -> character array\r\n    create_string_buffer(aBytes, anInteger) -> character array\r\n    \"\"\"\r\n    if isinstance(init, bytes):\r\n        if size is None:\r\n            size = len(init)+1\r\n        _sys.audit(\"ctypes.create_string_buffer\", init, size)\r\n        buftype = c_char * size\r\n        buf = buftype()\r\n        buf.value = init\r\n        return buf\r\n    elif isinstance(init, int):\r\n        _sys.audit(\"ctypes.create_string_buffer\", None, init)\r\n        buftype = c_char * init\r\n        buf = buftype()\r\n        return buf\r\n    raise TypeError(init)\r\n\r\ndef c_buffer(init, size=None):\r\n##    \"deprecated, use create_string_buffer instead\"\r\n##    import warnings\r\n##    warnings.warn(\"c_buffer is deprecated, use create_string_buffer instead\",\r\n##                  DeprecationWarning, stacklevel=2)\r\n    return create_string_buffer(init, size)\r\n\r\n_c_functype_cache = {}\r\ndef CFUNCTYPE(restype, *argtypes, **kw):\r\n    \"\"\"CFUNCTYPE(restype, *argtypes,\r\n                 use_errno=False, use_last_error=False) -> function prototype.\r\n\r\n    restype: the result type\r\n    argtypes: a sequence specifying the argument types\r\n\r\n    The function prototype can be called in different ways to create a\r\n    callable object:\r\n\r\n    prototype(integer address) -> foreign function\r\n    prototype(callable) -> create and return a C callable function from callable\r\n    prototype(integer index, method name[, paramflags]) -> foreign function calling a COM method\r\n    prototype((ordinal number, dll object)[, paramflags]) -> foreign function exported by ordinal\r\n    prototype((function name, dll object)[, paramflags]) -> foreign function exported by name\r\n    \"\"\"\r\n    flags = _FUNCFLAG_CDECL\r\n    if kw.pop(\"use_errno\", False):\r\n        flags |= _FUNCFLAG_USE_ERRNO\r\n    if kw.pop(\"use_last_error\", False):\r\n        flags |= _FUNCFLAG_USE_LASTERROR\r\n    if kw:\r\n        raise ValueError(\"unexpected keyword argument(s) %s\" % kw.keys())\r\n    try:\r\n        return _c_functype_cache[(restype, argtypes, flags)]\r\n    except KeyError:\r\n        class CFunctionType(_CFuncPtr):\r\n            _argtypes_ = argtypes\r\n            _restype_ = restype\r\n            _flags_ = flags\r\n        _c_functype_cache[(restype, argtypes, flags)] = CFunctionType\r\n        return CFunctionType\r\n\r\nif _os.name == \"nt\":\r\n    from _ctypes import LoadLibrary as _dlopen\r\n    from _ctypes import FUNCFLAG_STDCALL as _FUNCFLAG_STDCALL\r\n\r\n    _win_functype_cache = {}\r\n    def WINFUNCTYPE(restype, *argtypes, **kw):\r\n        # docstring set later (very similar to CFUNCTYPE.__doc__)\r\n        flags = _FUNCFLAG_STDCALL\r\n        if kw.pop(\"use_errno\", False):\r\n            flags |= _FUNCFLAG_USE_ERRNO\r\n        if kw.pop(\"use_last_error\", False):\r\n            flags |= _FUNCFLAG_USE_LASTERROR\r\n        if kw:\r\n            raise ValueError(\"unexpected keyword argument(s) %s\" % kw.keys())\r\n        try:\r\n            return _win_functype_cache[(restype, argtypes, flags)]\r\n        except KeyError:\r\n            class WinFunctionType(_CFuncPtr):\r\n                _argtypes_ = argtypes\r\n                _restype_ = restype\r\n                _flags_ = flags\r\n            _win_functype_cache[(restype, argtypes, flags)] = WinFunctionType\r\n            return WinFunctionType\r\n    if WINFUNCTYPE.__doc__:\r\n        WINFUNCTYPE.__doc__ = CFUNCTYPE.__doc__.replace(\"CFUNCTYPE\", \"WINFUNCTYPE\")\r\n\r\nelif _os.name == \"posix\":\r\n    from _ctypes import dlopen as _dlopen\r\n\r\nfrom _ctypes import sizeof, byref, addressof, alignment, resize\r\nfrom _ctypes import get_errno, set_errno\r\nfrom _ctypes import _SimpleCData\r\n\r\ndef _check_size(typ, typecode=None):\r\n    # Check if sizeof(ctypes_type) against struct.calcsize.  This\r\n    # should protect somewhat against a misconfigured libffi.\r\n    from struct import calcsize\r\n    if typecode is None:\r\n        # Most _type_ codes are the same as used in struct\r\n        typecode = typ._type_\r\n    actual, required = sizeof(typ), calcsize(typecode)\r\n    if actual != required:\r\n        raise SystemError(\"sizeof(%s) wrong: %d instead of %d\" % \\\r\n                          (typ, actual, required))\r\n\r\nclass py_object(_SimpleCData):\r\n    _type_ = \"O\"\r\n    def __repr__(self):\r\n        try:\r\n            return super().__repr__()\r\n        except ValueError:\r\n            return \"%s(<NULL>)\" % type(self).__name__\r\n_check_size(py_object, \"P\")\r\n\r\nclass c_short(_SimpleCData):\r\n    _type_ = \"h\"\r\n_check_size(c_short)\r\n\r\nclass c_ushort(_SimpleCData):\r\n    _type_ = \"H\"\r\n_check_size(c_ushort)\r\n\r\nclass c_long(_SimpleCData):\r\n    _type_ = \"l\"\r\n_check_size(c_long)\r\n\r\nclass c_ulong(_SimpleCData):\r\n    _type_ = \"L\"\r\n_check_size(c_ulong)\r\n\r\nif _calcsize(\"i\") == _calcsize(\"l\"):\r\n    # if int and long have the same size, make c_int an alias for c_long\r\n    c_int = c_long\r\n    c_uint = c_ulong\r\nelse:\r\n    class c_int(_SimpleCData):\r\n        _type_ = \"i\"\r\n    _check_size(c_int)\r\n\r\n    class c_uint(_SimpleCData):\r\n        _type_ = \"I\"\r\n    _check_size(c_uint)\r\n\r\nclass c_float(_SimpleCData):\r\n    _type_ = \"f\"\r\n_check_size(c_float)\r\n\r\nclass c_double(_SimpleCData):\r\n    _type_ = \"d\"\r\n_check_size(c_double)\r\n\r\nclass c_longdouble(_SimpleCData):\r\n    _type_ = \"g\"\r\nif sizeof(c_longdouble) == sizeof(c_double):\r\n    c_longdouble = c_double\r\n\r\nif _calcsize(\"l\") == _calcsize(\"q\"):\r\n    # if long and long long have the same size, make c_longlong an alias for c_long\r\n    c_longlong = c_long\r\n    c_ulonglong = c_ulong\r\nelse:\r\n    class c_longlong(_SimpleCData):\r\n        _type_ = \"q\"\r\n    _check_size(c_longlong)\r\n\r\n    class c_ulonglong(_SimpleCData):\r\n        _type_ = \"Q\"\r\n    ##    def from_param(cls, val):\r\n    ##        return ('d', float(val), val)\r\n    ##    from_param = classmethod(from_param)\r\n    _check_size(c_ulonglong)\r\n\r\nclass c_ubyte(_SimpleCData):\r\n    _type_ = \"B\"\r\nc_ubyte.__ctype_le__ = c_ubyte.__ctype_be__ = c_ubyte\r\n# backward compatibility:\r\n##c_uchar = c_ubyte\r\n_check_size(c_ubyte)\r\n\r\nclass c_byte(_SimpleCData):\r\n    _type_ = \"b\"\r\nc_byte.__ctype_le__ = c_byte.__ctype_be__ = c_byte\r\n_check_size(c_byte)\r\n\r\nclass c_char(_SimpleCData):\r\n    _type_ = \"c\"\r\nc_char.__ctype_le__ = c_char.__ctype_be__ = c_char\r\n_check_size(c_char)\r\n\r\nclass c_char_p(_SimpleCData):\r\n    _type_ = \"z\"\r\n    def __repr__(self):\r\n        return \"%s(%s)\" % (self.__class__.__name__, c_void_p.from_buffer(self).value)\r\n_check_size(c_char_p, \"P\")\r\n\r\nclass c_void_p(_SimpleCData):\r\n    _type_ = \"P\"\r\nc_voidp = c_void_p # backwards compatibility (to a bug)\r\n_check_size(c_void_p)\r\n\r\nclass c_bool(_SimpleCData):\r\n    _type_ = \"?\"\r\n\r\nfrom _ctypes import POINTER, pointer, _pointer_type_cache\r\n\r\nclass c_wchar_p(_SimpleCData):\r\n    _type_ = \"Z\"\r\n    def __repr__(self):\r\n        return \"%s(%s)\" % (self.__class__.__name__, c_void_p.from_buffer(self).value)\r\n\r\nclass c_wchar(_SimpleCData):\r\n    _type_ = \"u\"\r\n\r\ndef _reset_cache():\r\n    _pointer_type_cache.clear()\r\n    _c_functype_cache.clear()\r\n    if _os.name == \"nt\":\r\n        _win_functype_cache.clear()\r\n    # _SimpleCData.c_wchar_p_from_param\r\n    POINTER(c_wchar).from_param = c_wchar_p.from_param\r\n    # _SimpleCData.c_char_p_from_param\r\n    POINTER(c_char).from_param = c_char_p.from_param\r\n    _pointer_type_cache[None] = c_void_p\r\n\r\ndef create_unicode_buffer(init, size=None):\r\n    \"\"\"create_unicode_buffer(aString) -> character array\r\n    create_unicode_buffer(anInteger) -> character array\r\n    create_unicode_buffer(aString, anInteger) -> character array\r\n    \"\"\"\r\n    if isinstance(init, str):\r\n        if size is None:\r\n            if sizeof(c_wchar) == 2:\r\n                # UTF-16 requires a surrogate pair (2 wchar_t) for non-BMP\r\n                # characters (outside [U+0000; U+FFFF] range). +1 for trailing\r\n                # NUL character.\r\n                size = sum(2 if ord(c) > 0xFFFF else 1 for c in init) + 1\r\n            else:\r\n                # 32-bit wchar_t (1 wchar_t per Unicode character). +1 for\r\n                # trailing NUL character.\r\n                size = len(init) + 1\r\n        _sys.audit(\"ctypes.create_unicode_buffer\", init, size)\r\n        buftype = c_wchar * size\r\n        buf = buftype()\r\n        buf.value = init\r\n        return buf\r\n    elif isinstance(init, int):\r\n        _sys.audit(\"ctypes.create_unicode_buffer\", None, init)\r\n        buftype = c_wchar * init\r\n        buf = buftype()\r\n        return buf\r\n    raise TypeError(init)\r\n\r\n\r\n# XXX Deprecated\r\ndef SetPointerType(pointer, cls):\r\n    if _pointer_type_cache.get(cls, None) is not None:\r\n        raise RuntimeError(\"This type already exists in the cache\")\r\n    if id(pointer) not in _pointer_type_cache:\r\n        raise RuntimeError(\"What's this???\")\r\n    pointer.set_type(cls)\r\n    _pointer_type_cache[cls] = pointer\r\n    del _pointer_type_cache[id(pointer)]\r\n\r\n# XXX Deprecated\r\ndef ARRAY(typ, len):\r\n    return typ * len\r\n\r\n################################################################\r\n\r\n\r\nclass CDLL(object):\r\n    \"\"\"An instance of this class represents a loaded dll/shared\r\n    library, exporting functions using the standard C calling\r\n    convention (named 'cdecl' on Windows).\r\n\r\n    The exported functions can be accessed as attributes, or by\r\n    indexing with the function name.  Examples:\r\n\r\n    <obj>.qsort -> callable object\r\n    <obj>['qsort'] -> callable object\r\n\r\n    Calling the functions releases the Python GIL during the call and\r\n    reacquires it afterwards.\r\n    \"\"\"\r\n    _func_flags_ = _FUNCFLAG_CDECL\r\n    _func_restype_ = c_int\r\n    # default values for repr\r\n    _name = '<uninitialized>'\r\n    _handle = 0\r\n    _FuncPtr = None\r\n\r\n    def __init__(self, name, mode=DEFAULT_MODE, handle=None,\r\n                 use_errno=False,\r\n                 use_last_error=False,\r\n                 winmode=None):\r\n        self._name = name\r\n        flags = self._func_flags_\r\n        if use_errno:\r\n            flags |= _FUNCFLAG_USE_ERRNO\r\n        if use_last_error:\r\n            flags |= _FUNCFLAG_USE_LASTERROR\r\n        if _sys.platform.startswith(\"aix\"):\r\n            \"\"\"When the name contains \".a(\" and ends with \")\",\r\n               e.g., \"libFOO.a(libFOO.so)\" - this is taken to be an\r\n               archive(member) syntax for dlopen(), and the mode is adjusted.\r\n               Otherwise, name is presented to dlopen() as a file argument.\r\n            \"\"\"\r\n            if name and name.endswith(\")\") and \".a(\" in name:\r\n                mode |= ( _os.RTLD_MEMBER | _os.RTLD_NOW )\r\n        if _os.name == \"nt\":\r\n            if winmode is not None:\r\n                mode = winmode\r\n            else:\r\n                import nt\r\n                mode = nt._LOAD_LIBRARY_SEARCH_DEFAULT_DIRS\r\n                if '/' in name or '\\\\' in name:\r\n                    self._name = nt._getfullpathname(self._name)\r\n                    mode |= nt._LOAD_LIBRARY_SEARCH_DLL_LOAD_DIR\r\n\r\n        class _FuncPtr(_CFuncPtr):\r\n            _flags_ = flags\r\n            _restype_ = self._func_restype_\r\n        self._FuncPtr = _FuncPtr\r\n\r\n        if handle is None:\r\n            self._handle = _dlopen(self._name, mode)\r\n        else:\r\n            self._handle = handle\r\n\r\n    def __repr__(self):\r\n        return \"<%s '%s', handle %x at %#x>\" % \\\r\n               (self.__class__.__name__, self._name,\r\n                (self._handle & (_sys.maxsize*2 + 1)),\r\n                id(self) & (_sys.maxsize*2 + 1))\r\n\r\n    def __getattr__(self, name):\r\n        if name.startswith('__') and name.endswith('__'):\r\n            raise AttributeError(name)\r\n        func = self.__getitem__(name)\r\n        setattr(self, name, func)\r\n        return func\r\n\r\n    def __getitem__(self, name_or_ordinal):\r\n        func = self._FuncPtr((name_or_ordinal, self))\r\n        if not isinstance(name_or_ordinal, int):\r\n            func.__name__ = name_or_ordinal\r\n        return func\r\n\r\nclass PyDLL(CDLL):\r\n    \"\"\"This class represents the Python library itself.  It allows\r\n    accessing Python API functions.  The GIL is not released, and\r\n    Python exceptions are handled correctly.\r\n    \"\"\"\r\n    _func_flags_ = _FUNCFLAG_CDECL | _FUNCFLAG_PYTHONAPI\r\n\r\nif _os.name == \"nt\":\r\n\r\n    class WinDLL(CDLL):\r\n        \"\"\"This class represents a dll exporting functions using the\r\n        Windows stdcall calling convention.\r\n        \"\"\"\r\n        _func_flags_ = _FUNCFLAG_STDCALL\r\n\r\n    # XXX Hm, what about HRESULT as normal parameter?\r\n    # Mustn't it derive from c_long then?\r\n    from _ctypes import _check_HRESULT, _SimpleCData\r\n    class HRESULT(_SimpleCData):\r\n        _type_ = \"l\"\r\n        # _check_retval_ is called with the function's result when it\r\n        # is used as restype.  It checks for the FAILED bit, and\r\n        # raises an OSError if it is set.\r\n        #\r\n        # The _check_retval_ method is implemented in C, so that the\r\n        # method definition itself is not included in the traceback\r\n        # when it raises an error - that is what we want (and Python\r\n        # doesn't have a way to raise an exception in the caller's\r\n        # frame).\r\n        _check_retval_ = _check_HRESULT\r\n\r\n    class OleDLL(CDLL):\r\n        \"\"\"This class represents a dll exporting functions using the\r\n        Windows stdcall calling convention, and returning HRESULT.\r\n        HRESULT error values are automatically raised as OSError\r\n        exceptions.\r\n        \"\"\"\r\n        _func_flags_ = _FUNCFLAG_STDCALL\r\n        _func_restype_ = HRESULT\r\n\r\nclass LibraryLoader(object):\r\n    def __init__(self, dlltype):\r\n        self._dlltype = dlltype\r\n\r\n    def __getattr__(self, name):\r\n        if name[0] == '_':\r\n            raise AttributeError(name)\r\n        dll = self._dlltype(name)\r\n        setattr(self, name, dll)\r\n        return dll\r\n\r\n    def __getitem__(self, name):\r\n        return getattr(self, name)\r\n\r\n    def LoadLibrary(self, name):\r\n        return self._dlltype(name)\r\n\r\ncdll = LibraryLoader(CDLL)\r\npydll = LibraryLoader(PyDLL)\r\n\r\nif _os.name == \"nt\":\r\n    pythonapi = PyDLL(\"python dll\", None, _sys.dllhandle)\r\nelif _sys.platform == \"cygwin\":\r\n    pythonapi = PyDLL(\"libpython%d.%d.dll\" % _sys.version_info[:2])\r\nelse:\r\n    pythonapi = PyDLL(None)\r\n\r\n\r\nif _os.name == \"nt\":\r\n    windll = LibraryLoader(WinDLL)\r\n    oledll = LibraryLoader(OleDLL)\r\n\r\n    GetLastError = windll.kernel32.GetLastError\r\n    from _ctypes import get_last_error, set_last_error\r\n\r\n    def WinError(code=None, descr=None):\r\n        if code is None:\r\n            code = GetLastError()\r\n        if descr is None:\r\n            descr = FormatError(code).strip()\r\n        return OSError(None, descr, None, code)\r\n\r\nif sizeof(c_uint) == sizeof(c_void_p):\r\n    c_size_t = c_uint\r\n    c_ssize_t = c_int\r\nelif sizeof(c_ulong) == sizeof(c_void_p):\r\n    c_size_t = c_ulong\r\n    c_ssize_t = c_long\r\nelif sizeof(c_ulonglong) == sizeof(c_void_p):\r\n    c_size_t = c_ulonglong\r\n    c_ssize_t = c_longlong\r\n\r\n# functions\r\n\r\nfrom _ctypes import _memmove_addr, _memset_addr, _string_at_addr, _cast_addr\r\n\r\n## void *memmove(void *, const void *, size_t);\r\nmemmove = CFUNCTYPE(c_void_p, c_void_p, c_void_p, c_size_t)(_memmove_addr)\r\n\r\n## void *memset(void *, int, size_t)\r\nmemset = CFUNCTYPE(c_void_p, c_void_p, c_int, c_size_t)(_memset_addr)\r\n\r\ndef PYFUNCTYPE(restype, *argtypes):\r\n    class CFunctionType(_CFuncPtr):\r\n        _argtypes_ = argtypes\r\n        _restype_ = restype\r\n        _flags_ = _FUNCFLAG_CDECL | _FUNCFLAG_PYTHONAPI\r\n    return CFunctionType\r\n\r\n_cast = PYFUNCTYPE(py_object, c_void_p, py_object, py_object)(_cast_addr)\r\ndef cast(obj, typ):\r\n    return _cast(obj, obj, typ)\r\n\r\n_string_at = PYFUNCTYPE(py_object, c_void_p, c_int)(_string_at_addr)\r\ndef string_at(ptr, size=-1):\r\n    \"\"\"string_at(addr[, size]) -> string\r\n\r\n    Return the string at addr.\"\"\"\r\n    return _string_at(ptr, size)\r\n\r\ntry:\r\n    from _ctypes import _wstring_at_addr\r\nexcept ImportError:\r\n    pass\r\nelse:\r\n    _wstring_at = PYFUNCTYPE(py_object, c_void_p, c_int)(_wstring_at_addr)\r\n    def wstring_at(ptr, size=-1):\r\n        \"\"\"wstring_at(addr[, size]) -> string\r\n\r\n        Return the string at addr.\"\"\"\r\n        return _wstring_at(ptr, size)\r\n\r\n\r\nif _os.name == \"nt\": # COM stuff\r\n    def DllGetClassObject(rclsid, riid, ppv):\r\n        try:\r\n            ccom = __import__(\"comtypes.server.inprocserver\", globals(), locals(), ['*'])\r\n        except ImportError:\r\n            return -2147221231 # CLASS_E_CLASSNOTAVAILABLE\r\n        else:\r\n            return ccom.DllGetClassObject(rclsid, riid, ppv)\r\n\r\n    def DllCanUnloadNow():\r\n        try:\r\n            ccom = __import__(\"comtypes.server.inprocserver\", globals(), locals(), ['*'])\r\n        except ImportError:\r\n            return 0 # S_OK\r\n        return ccom.DllCanUnloadNow()\r\n\r\nfrom ctypes._endian import BigEndianStructure, LittleEndianStructure\r\n\r\n# Fill in specifically-sized types\r\nc_int8 = c_byte\r\nc_uint8 = c_ubyte\r\nfor kind in [c_short, c_int, c_long, c_longlong]:\r\n    if sizeof(kind) == 2: c_int16 = kind\r\n    elif sizeof(kind) == 4: c_int32 = kind\r\n    elif sizeof(kind) == 8: c_int64 = kind\r\nfor kind in [c_ushort, c_uint, c_ulong, c_ulonglong]:\r\n    if sizeof(kind) == 2: c_uint16 = kind\r\n    elif sizeof(kind) == 4: c_uint32 = kind\r\n    elif sizeof(kind) == 8: c_uint64 = kind\r\ndel(kind)\r\n\r\n_reset_cache()",
    "YaraRule": [
        "enable_org32",
        "core_keywords"
    ]
}