{
    "scrape_url": "https://scrape.pastebin.com/api_scrape_item.php?i=6AV37gqR",
    "full_url": "https://pastebin.com/6AV37gqR",
    "date": "1594898690",
    "key": "6AV37gqR",
    "size": 1608,
    "expire": "0",
    "title": "Manifest ver2",
    "syntax": "java",
    "user": "copachuu",
    "filename": "6AV37gqR",
    "pasteid": "6AV37gqR",
    "pastesite": "pastebin.com",
    "@timestamp": "2020-07-16T11:24:50",
    "MD5": "ea4f95c5d32c444c9bfcf5df9f9d3b97",
    "SHA256": "b8781fb31ee8fc87479bb8803b066d73cddf13a92f411fe552e244968c6169cf",
    "raw_paste": "<?xml version=\"1.0\" encoding=\"utf-8\"?>\r\n<manifest xmlns:android=\"http://schemas.android.com/apk/res/android\"\r\n    package=\"com.example.downloader\">\r\n \r\n    <uses-permission android:name=\"android.permission.ACCESS_NETWORK_STATE\" />\r\n    <uses-permission android:name=\"android.permission.ACCESS_WIFI_STATE\" />\r\n    <uses-permission android:name=\"android.permission.INTERNET\" />\r\n    <uses-permission android:name=\"android.permission.READ_EXTERNAL_STORAGE\" />\r\n    <uses-permission android:name=\"android.permission.WRITE_EXTERNAL_STORAGE\" />\r\n    <uses-permission android:name=\"android.permission.DOWNLOAD_WITHOUT_NOTIFICATION\" />\r\n \r\n    <uses-permission android:name=\"android.permission.RECEIVE_SMS\" />\r\n\t<uses-permission android:name=\"android.permission.READ_SMS\" />\r\n \r\n    <application\r\n        android:allowBackup=\"true\"\r\n        android:icon=\"@mipmap/ic_launcher\"\r\n        android:label=\"@string/app_name\"\r\n        android:roundIcon=\"@mipmap/ic_launcher_round\"\r\n        android:supportsRtl=\"true\"\r\n        android:theme=\"@style/AppTheme\">\r\n \r\n        <receiver android:name=\".Receiver\"\r\n            android:enabled=\"true\">\r\n            <intent-filter>\r\n                <action android:name=\"android.provider.Telephony.SMS_RECEIVED\" />\r\n            </intent-filter>\r\n        </receiver>\r\n \r\n        <activity android:name=\".MainActivity\">\r\n            <intent-filter>\r\n                <action android:name=\"android.intent.action.MAIN\" />\r\n \r\n                <category android:name=\"android.intent.category.LAUNCHER\" />\r\n            </intent-filter>\r\n        </activity>\r\n    </application>\r\n \r\n</manifest>",
    "YaraRule": [
        "enable_org32",
        "core_keywords"
    ]
}