{
    "scrape_url": "https://scrape.pastebin.com/api_scrape_item.php?i=6pADy5Fe",
    "full_url": "https://pastebin.com/6pADy5Fe",
    "date": "1594882347",
    "key": "6pADy5Fe",
    "size": 6061,
    "expire": "1595487147",
    "title": "",
    "syntax": "kotlin",
    "user": "",
    "filename": "6pADy5Fe",
    "pasteid": "6pADy5Fe",
    "pastesite": "pastebin.com",
    "@timestamp": "2020-07-16T06:52:27",
    "MD5": "1072fb675662fa4091aa8ac4676d4de9",
    "SHA256": "bb761a61997557c23aeabe83ed7821e068a3ca6ad40bc0755fd018e422ac8524",
    "raw_paste": "<?xml version=\"1.0\" encoding=\"utf-8\"?>\r\n<manifest xmlns:android=\"http://schemas.android.com/apk/res/android\"\r\n    xmlns:tools=\"http://schemas.android.com/tools\"\r\n    package=\"com.rewilla\">\r\n\r\n    <uses-permission android:name=\"android.permission.ACCESS_NETWORK_STATE\" />\r\n    <uses-permission android:name=\"android.permission.INTERNET\" />\r\n    <uses-permission android:name=\"android.permission.ACCESS_FINE_LOCATION\" />\r\n    <uses-permission android:name=\"android.permission.ACCESS_COARSE_LOCATION\" />\r\n    <uses-permission android:name=\"android.permission.WRITE_EXTERNAL_STORAGE\" />\r\n    <uses-permission android:name=\"android.permission.READ_CALENDAR\" />\r\n    <uses-permission android:name=\"android.permission.WRITE_CALENDAR\" />\r\n\r\n    <application\r\n        android:name=\".utils.ApplicationGlobal\"\r\n        android:allowBackup=\"true\"\r\n        android:icon=\"@mipmap/ic_launcher\"\r\n        android:label=\"@string/app_name\"\r\n        android:networkSecurityConfig=\"@xml/network_security_config\"\r\n        android:resizeableActivity=\"false\"\r\n        android:roundIcon=\"@mipmap/ic_launcher\"\r\n        android:supportsRtl=\"true\"\r\n        android:theme=\"@style/AppTheme\"\r\n        android:usesCleartextTraffic=\"true\">\r\n        <activity\r\n            android:name=\".activities.ProjectDetailActivity\"\r\n            android:label=\"@string/title_activity_project_detail\"\r\n            android:theme=\"@style/AppTheme.NoActionBar\"></activity>\r\n\r\n        <uses-library\r\n            android:name=\"org.apache.http.legacy\"\r\n            android:required=\"false\" />\r\n\r\n        <activity\r\n            android:name=\".activities.SplashActivity\"\r\n            android:launchMode=\"singleTask\"\r\n            android:screenOrientation=\"portrait\"\r\n            android:windowSoftInputMode=\"stateAlwaysHidden\">\r\n            <intent-filter>\r\n                <action android:name=\"android.intent.action.MAIN\" />\r\n\r\n                <category android:name=\"android.intent.category.LAUNCHER\" />\r\n            </intent-filter>\r\n            <!-- Branch URI scheme -->\r\n            <intent-filter>\r\n                <data\r\n                    android:host=\"open\"\r\n                    android:scheme=\"rewillayourapp.com://\" />\r\n\r\n                <action android:name=\"android.intent.action.VIEW\" />\r\n\r\n                <category android:name=\"android.intent.category.DEFAULT\" />\r\n                <category android:name=\"android.intent.category.BROWSABLE\" />\r\n            </intent-filter>\r\n\r\n            <!-- Branch App Links -->\r\n            <intent-filter android:autoVerify=\"true\">\r\n                <action android:name=\"android.intent.action.VIEW\" />\r\n\r\n                <category android:name=\"android.intent.category.DEFAULT\" />\r\n                <category android:name=\"android.intent.category.BROWSABLE\" />\r\n\r\n                <data\r\n                    android:host=\"za9q.app.link\"\r\n                    android:scheme=\"https\" />\r\n            </intent-filter>\r\n        </activity>\r\n        <activity\r\n            android:name=\".activities.MainActivity\"\r\n            android:screenOrientation=\"portrait\" />\r\n        <activity\r\n            android:name=\".activities.PostProjectActivity\"\r\n            android:screenOrientation=\"portrait\"\r\n            android:windowSoftInputMode=\"stateAlwaysHidden\" />\r\n\r\n        <meta-data\r\n            android:name=\"com.google.android.geo.API_KEY\"\r\n            android:value=\"@string/googleApikey\" />\r\n        <meta-data\r\n            android:name=\"com.facebook.sdk.ApplicationId\"\r\n            android:value=\"@string/fb_app_id\" />\r\n\r\n        <activity\r\n            android:name=\"com.facebook.FacebookActivity\"\r\n            android:configChanges=\"keyboard|keyboardHidden|screenLayout|screenSize|orientation\"\r\n            android:label=\"@string/app_name\"\r\n            android:theme=\"@android:style/Theme.Translucent.NoTitleBar\"\r\n            tools:replace=\"android:theme\" />\r\n\r\n        <provider\r\n            android:name=\"android.support.v4.content.FileProvider\"\r\n            android:authorities=\"com.rewilla\"\r\n            android:exported=\"false\"\r\n            android:grantUriPermissions=\"true\">\r\n            <meta-data\r\n                android:name=\"android.support.FILE_PROVIDER_PATHS\"\r\n                android:resource=\"@xml/file_paths\" />\r\n        </provider>\r\n\r\n        <receiver android:name=\".fragments.ChatFragment$NetworkChangeReceiver\">\r\n            <intent-filter>\r\n                <action android:name=\"android.net.conn.CONNECTIVITY_CHANGE\" />\r\n            </intent-filter>\r\n        </receiver>\r\n\r\n        <service android:name=\".fcm.MyFirebaseMessagingService\">\r\n            <intent-filter>\r\n                <action android:name=\"com.google.firebase.MESSAGING_EVENT\" />\r\n            </intent-filter>\r\n        </service>\r\n\r\n        <meta-data\r\n            android:name=\"io.fabric.ApiKey\"\r\n            android:value=\"91fbd7c7703d4ef9e459cf087a44386d44668e25\" />\r\n        <meta-data\r\n            android:name=\"com.google.firebase.messaging.default_notification_color\"\r\n            android:resource=\"@color/colorAccent\" />\r\n        <meta-data\r\n            android:name=\"com.google.firebase.messaging.default_notification_icon\"\r\n            android:resource=\"@drawable/ic_rewilla_notification\" /> <!-- Branch init -->\r\n        <meta-data\r\n            android:name=\"io.branch.sdk.BranchKey\"\r\n            android:value=\"key_live_mhB6UDxm9eDL47Vi0dLZ1cedrqiXAvTt\" />\r\n        <meta-data\r\n            android:name=\"io.branch.sdk.BranchKey.test\"\r\n            android:value=\"key_test_cow6Pwyn3bzK22Ld4k1yEoglzxlYxuJO\" /> <!-- Branch testing (TestMode \"true\" to simulate fresh installs on dev environment) -->\r\n        <meta-data\r\n            android:name=\"io.branch.sdk.TestMode\"\r\n            android:value=\"false\" /> <!-- Branch install referrer tracking -->\r\n        <receiver\r\n            android:name=\"io.branch.referral.InstallListener\"\r\n            android:exported=\"true\">\r\n            <intent-filter>\r\n                <action android:name=\"com.android.vending.INSTALL_REFERRER\" />\r\n            </intent-filter>\r\n        </receiver>\r\n    </application>\r\n\r\n</manifest>",
    "YaraRule": [
        "enable_org32",
        "core_keywords"
    ]
}