{
    "scrape_url": "https://scrape.pastebin.com/api_scrape_item.php?i=7wfjAUi3",
    "full_url": "https://pastebin.com/7wfjAUi3",
    "date": "1594901942",
    "key": "7wfjAUi3",
    "size": 62134,
    "expire": "1597493942",
    "title": "",
    "syntax": "yaml",
    "user": "",
    "filename": "7wfjAUi3",
    "pasteid": "7wfjAUi3",
    "pastesite": "pastebin.com",
    "@timestamp": "2020-07-16T12:19:02",
    "MD5": "b9107c20d92fb93eada743bab28f327d",
    "SHA256": "ba9b991941785e69035b47dccd017aebce06490cad2bc0d161b5df4331dac7ee",
    "raw_paste": "shops:\r\n  blocks:\r\n    name: \"&9&lBlocks\"\r\n    size: 54\r\n    fillItem:\r\n      material: BLACK_STAINED_GLASS_PANE\r\n      name: \" \"\r\n    buttons:\r\n      goBack:\r\n        slot: 49\r\n      previousPage:\r\n        slot: 48\r\n      nextPage:\r\n        slot: 50\r\n    items:\r\n      1:\r\n        type: item\r\n        item:\r\n          material: GRASS_BLOCK\r\n          quantity: 1\r\n        buyPrice: 25\r\n        sellPrice: 2\r\n        slot: 0\r\n      2:\r\n        type: item\r\n        item:\r\n          material: DIRT\r\n          quantity: 1\r\n        buyPrice: 18\r\n        sellPrice: 1.5\r\n        slot: 1\r\n      3:\r\n        type: item\r\n        item:\r\n          material: COARSE_DIRT\r\n          quantity: 1\r\n        buyPrice: 25\r\n        sellPrice: 2\r\n        slot: 2\r\n      4:\r\n        type: item\r\n        item:\r\n          material: PODZOL\r\n          quantity: 1\r\n        buyPrice: 25\r\n        sellPrice: 2\r\n        slot: 3\r\n      5:\r\n        type: item\r\n        item:\r\n          material: MYCELIUM\r\n          quantity: 1\r\n        buyPrice: 25\r\n        sellPrice: 2\r\n        slot: 4\r\n      6:\r\n        type: item\r\n        item:\r\n          material: PRISMARINE\r\n          quantity: 1\r\n        buyPrice: 28\r\n        sellPrice: 12\r\n        slot: 5\r\n      7:\r\n        type: item\r\n        item:\r\n          material: PRISMARINE_BRICKS\r\n          quantity: 1\r\n        buyPrice: 65\r\n        sellPrice: 20\r\n        slot: 6\r\n      8:\r\n        type: item\r\n        item:\r\n          material: DARK_PRISMARINE\r\n          quantity: 1\r\n        buyPrice: 65\r\n        sellPrice: 20\r\n        slot: 7\r\n      9:\r\n        type: item\r\n        item:\r\n          material: STONE\r\n          quantity: 1\r\n        buyPrice: 8\r\n        sellPrice: 1\r\n        slot: 8\r\n      10:\r\n        type: item\r\n        item:\r\n          material: COBBLESTONE\r\n          quantity: 1\r\n        buyPrice: 6.25\r\n        sellPrice: 1\r\n        slot: 9\r\n      11:\r\n        type: item\r\n        item:\r\n          material: MOSSY_COBBLESTONE\r\n          quantity: 1\r\n        buyPrice: 8.5\r\n        sellPrice: 1.5\r\n        slot: 10\r\n      12:\r\n        type: item\r\n        item:\r\n          material: GRAVEL\r\n          quantity: 1\r\n        buyPrice: 5\r\n        sellPrice: 1.35\r\n        slot: 11\r\n      13:\r\n        type: item\r\n        item:\r\n          material: ANDESITE\r\n          quantity: 1\r\n        buyPrice: 5\r\n        sellPrice: 1.2\r\n        slot: 12\r\n      14:\r\n        type: item\r\n        item:\r\n          material: DIORITE\r\n          quantity: 1\r\n        buyPrice: 5\r\n        sellPrice: 1.2\r\n        slot: 13\r\n      15:\r\n        type: item\r\n        item:\r\n          material: GRANITE\r\n          quantity: 1\r\n        buyPrice: 5\r\n        sellPrice: 1.2\r\n        slot: 14\r\n      16:\r\n        type: item\r\n        item:\r\n          material: CLAY\r\n          quantity: 1\r\n        buyPrice: 25\r\n        sellPrice: 3.5\r\n        slot: 15\r\n      17:\r\n        type: item\r\n        item:\r\n          material: BRICKS\r\n          quantity: 1\r\n        buyPrice: 13\r\n        sellPrice: 3\r\n        slot: 16\r\n      18:\r\n        type: item\r\n        item:\r\n          material: OAK_Log\r\n          quantity: 1\r\n        buyPrice: 7\r\n        sellPrice: 0.95\r\n        slot: 17\r\n      19:\r\n        type: item\r\n        item:\r\n          material: OAK_PLANKS\r\n          quantity: 1\r\n        buyPrice: 7\r\n        sellPrice: 0.95\r\n        slot: 18\r\n      20:\r\n        type: item\r\n        item:\r\n          material: SPRUCE_LOG\r\n          quantity: 1\r\n        buyPrice: 7\r\n        sellPrice: 0.95\r\n        slot: 19\r\n      21:\r\n        type: item\r\n        item:\r\n          material: SPRUCE_PLANKS\r\n          quantity: 1\r\n        buyPrice: 7\r\n        sellPrice: 0.95\r\n        slot: 20\r\n      22:\r\n        type: item\r\n        item:\r\n          material: BIRCH_LOG\r\n          quantity: 1\r\n        buyPrice: 7\r\n        sellPrice: 0.95\r\n        slot: 21\r\n      23:\r\n        type: item\r\n        item:\r\n          material: BIRCH_PLANKS\r\n          quantity: 1\r\n        buyPrice: 7\r\n        sellPrice: 0.95\r\n        slot: 22\r\n      24:\r\n        type: item\r\n        item:\r\n          material: JUNGLE_LOG\r\n          quantity: 1\r\n        buyPrice: 7\r\n        sellPrice: 0.95\r\n        slot: 23\r\n      25:\r\n        type: item\r\n        item:\r\n          material: JUNGLE_PLANKS\r\n          quantity: 1\r\n        buyPrice: 7\r\n        sellPrice: 0.95\r\n        slot: 24\r\n      26:\r\n        type: item\r\n        item:\r\n          material: ACACIA_LOG\r\n          quantity: 1\r\n        buyPrice: 7\r\n        sellPrice: 0.95\r\n        slot: 25\r\n      27:\r\n        type: item\r\n        item:\r\n          material: ACACIA_PLANKS\r\n          quantity: 1\r\n        buyPrice: 7\r\n        sellPrice: 0.95\r\n        slot: 26\r\n      28:\r\n        type: item\r\n        item:\r\n          material: DARK_OAK_LOG\r\n          quantity: 1\r\n        buyPrice: 7\r\n        sellPrice: 0.95\r\n        slot: 27\r\n      29:\r\n        type: item\r\n        item:\r\n          material: DARK_OAK_PLANKS\r\n          quantity: 1\r\n        buyPrice: 7\r\n        sellPrice: 0.95\r\n        slot: 28\r\n      30:\r\n        type: item\r\n        item:\r\n          material: SPONGE\r\n          quantity: 1\r\n        buyPrice: 100\r\n        sellPrice: 5\r\n        slot: 29\r\n      31:\r\n        type: item\r\n        item:\r\n          material: QUARTZ_BLOCK\r\n          quantity: 1\r\n        buyPrice: 100\r\n        sellPrice: 5\r\n        slot: 30\r\n\r\n      32:\r\n        type: item\r\n        item:\r\n          material: SAND\r\n          quantity: 1\r\n        buyPrice: 25\r\n        sellPrice: 1\r\n        slot: 31\r\n      33:\r\n        type: item\r\n        item:\r\n          material: RED_SAND\r\n          quantity: 1\r\n        buyPrice: 25\r\n        sellPrice: 1\r\n        slot: 32\r\n      34:\r\n        type: item\r\n        item:\r\n          material: BOOKSHELF\r\n          quantity: 1\r\n        buyPrice: 130\r\n        sellPrice: 4\r\n        slot: 33\r\n      35:\r\n        type: item\r\n        item:\r\n          material: END_STONE\r\n          quantity: 1\r\n        buyPrice: 16\r\n        sellPrice: 0.7\r\n        slot: 34\r\n      36:\r\n        type: item\r\n        item:\r\n          material: OBSIDIAN\r\n          quantity: 1\r\n        buyPrice: 260\r\n        sellPrice: 20\r\n        slot: 35\r\n      37:\r\n        type: item\r\n        item:\r\n          material: PURPUR_BLOCK\r\n          quantity: 1\r\n        buyPrice: 260\r\n        sellPrice: 20\r\n        slot: 36\r\n      38:\r\n        type: item\r\n        item:\r\n          material: NETHERRACK\r\n          quantity: 1\r\n        buyPrice: 6\r\n        sellPrice: 1.2\r\n        slot: 37\r\n      39:\r\n        type: item\r\n        item:\r\n          material: SOUL_SAND\r\n          quantity: 1\r\n        buyPrice: 45\r\n        sellPrice: 15\r\n        slot: 38\r\n      40:\r\n        type: item\r\n        item:\r\n          material: NETHER_BRICKS\r\n          quantity: 1\r\n        buyPrice: 12\r\n        sellPrice: 2.75\r\n        slot: 39\r\n      41:\r\n        type: item\r\n        item:\r\n          material: RED_NETHER_BRICKS\r\n          quantity: 1\r\n        buyPrice: 100\r\n        sellPrice: 5\r\n        slot: 40\r\n      42:\r\n        type: item\r\n        item:\r\n          material: SNOW_BLOCK\r\n          quantity: 1\r\n        buyPrice: 8\r\n        sellPrice: 1.75\r\n        slot: 41\r\n      43:\r\n        type: item\r\n        item:\r\n          material: ICE\r\n          quantity: 1\r\n        buyPrice: 65\r\n        sellPrice: 4\r\n        slot: 42\r\n      44:\r\n        type: item\r\n        item:\r\n          material: PACKED_ICE\r\n          quantity: 1\r\n        buyPrice: 125\r\n        sellPrice: 15\r\n        slot: 43\r\n      45:\r\n        type: item\r\n        item:\r\n          material: BLUE_ICE\r\n          quantity: 1\r\n        buyPrice: 150\r\n        sellPrice: 20\r\n        slot: 44\r\n  food:\r\n    name: \"&2&lFood\"\r\n    size: 36\r\n    fillItem:\r\n      material: BLACK_STAINED_GLASS_PANE\r\n      name: \" \"\r\n    buttons:\r\n      goBack:\r\n        slot: 31\r\n      previousPage:\r\n        slot: 30\r\n      nextPage:\r\n        slot: 32\r\n    items:\r\n      1:\r\n        type: item\r\n        item:\r\n          material: MELON_SLICE\r\n          quantity: 1\r\n        buyPrice: 5\r\n        sellPrice: 1\r\n        slot: 0\r\n      2:\r\n        type: item\r\n        item:\r\n          material: APPLE\r\n          quantity: 1\r\n        buyPrice: 3.5\r\n        sellPrice: 1\r\n        slot: 1\r\n      3:\r\n        type: item\r\n        item:\r\n          material: GOLDEN_APPLE\r\n          quantity: 1\r\n        buyPrice: 350\r\n        sellPrice: 10\r\n        slot: 2\r\n      4:\r\n        type: item\r\n        item:\r\n          material: GOLDEN_CARROT\r\n          quantity: 1\r\n        buyPrice: 350\r\n        sellPrice: 10\r\n        slot: 3\r\n      5:\r\n        type: item\r\n        item:\r\n          material: CARROT\r\n          quantity: 1\r\n        buyPrice: 5\r\n        sellPrice: 1.75\r\n        slot: 4\r\n      6:\r\n        type: item\r\n        item:\r\n          material: PUMPKIN_PIE\r\n          quantity: 1\r\n        buyPrice: 13\r\n        sellPrice: 3\r\n        slot: 5\r\n      7:\r\n        type: item\r\n        item:\r\n          material: BREAD\r\n          quantity: 1\r\n        buyPrice: 10\r\n        sellPrice: 2.5\r\n        slot: 6\r\n      8:\r\n        type: item\r\n        item:\r\n          material: COOKED_CHICKEN\r\n          quantity: 1\r\n        buyPrice: 4\r\n        sellPrice: 0.9\r\n        slot: 7\r\n      9:\r\n        type: item\r\n        item:\r\n          material: BAKED_POTATO\r\n          quantity: 1\r\n        buyPrice: 10\r\n        sellPrice: 2.5\r\n        slot: 8\r\n      10:\r\n        type: item\r\n        item:\r\n          material: POTATO\r\n          quantity: 1\r\n        buyPrice: 9\r\n        sellPrice: 1.5\r\n        slot: 9\r\n      11:\r\n        type: item\r\n        item:\r\n          material: MUSHROOM_STEW\r\n          quantity: 1\r\n        buyPrice: 6.5\r\n        sellPrice: 3.45\r\n        slot: 10\r\n      12:\r\n        type: item\r\n        item:\r\n          material: COOKED_COD\r\n          quantity: 1\r\n        buyPrice: 7.5\r\n        sellPrice: 4.15\r\n        slot: 11\r\n      13:\r\n        type: item\r\n        item:\r\n          material: COOKED_SALMON\r\n          quantity: 1\r\n        buyPrice: 7.5\r\n        sellPrice: 4.15\r\n        slot: 12\r\n      14:\r\n        type: item\r\n        item:\r\n          material: COOKED_RABBIT\r\n          quantity: 1\r\n        buyPrice: 4\r\n        sellPrice: 0.9\r\n        slot: 13\r\n      15:\r\n        type: item\r\n        item:\r\n          material: SWEET_BERRIES\r\n          quantity: 1\r\n        buyPrice: 5\r\n        sellPrice: 1.5\r\n        slot: 14\r\n      16:\r\n        type: item\r\n        item:\r\n          material: COOKED_PORKCHOP\r\n          quantity: 1\r\n        buyPrice: 4\r\n        sellPrice: 1.15\r\n        slot: 15\r\n      17:\r\n        type: item\r\n        item:\r\n          material: COOKED_BEEF\r\n          quantity: 1\r\n        buyPrice: 4.2\r\n        sellPrice: 1.25\r\n        slot: 16\r\n      18:\r\n        type: item\r\n        item:\r\n          material: COOKED_MUTTON\r\n          quantity: 1\r\n        buyPrice: 4\r\n        sellPrice: 1\r\n        slot: 17\r\n      19:\r\n        type: item\r\n        item:\r\n          material: COOKIE\r\n          quantity: 1\r\n        buyPrice: 3.2\r\n        sellPrice: 1.65\r\n        slot: 21\r\n      20:\r\n        type: item\r\n        item:\r\n          material: CAKE\r\n          quantity: 1\r\n        buyPrice: 16\r\n        sellPrice: 1.75\r\n        slot: 23\r\n  ores:\r\n    name: \"&3&lOres\"\r\n    size: 27\r\n    fillItem:\r\n      material: BLACK_STAINED_GLASS_PANE\r\n      name: \" \"\r\n    buttons:\r\n      goBack:\r\n        slot: 22\r\n      previousPage:\r\n        slot: 21\r\n      nextPage:\r\n        slot: 23\r\n    items:\r\n      1:\r\n        type: item\r\n        item:\r\n          material: COAL\r\n          quantity: 1\r\n        buyPrice: 11\r\n        sellPrice: 0.5\r\n        slot: 0\r\n      2:\r\n        type: item\r\n        item:\r\n          material: REDSTONE\r\n          quantity: 1\r\n        buyPrice: 10.5\r\n        sellPrice: 0.5\r\n        slot: 1\r\n      3:\r\n        type: item\r\n        item:\r\n          material: LAPIS_LAZULI\r\n          quantity: 1\r\n        buyPrice: 13.5\r\n        sellPrice: 0.55\r\n        slot: 2\r\n      4:\r\n        type: item\r\n        item:\r\n          material: IRON_INGOT\r\n          quantity: 1\r\n        buyPrice: 85\r\n        sellPrice: 4\r\n        slot: 3\r\n      5:\r\n        type: item\r\n        item:\r\n          material: GOLD_INGOT\r\n          quantity: 1\r\n        buyPrice: 155\r\n        sellPrice: 4.5\r\n        slot: 4\r\n      6:\r\n        type: item\r\n        item:\r\n          material: DIAMOND\r\n          quantity: 1\r\n        buyPrice: 350\r\n        sellPrice: 16\r\n        slot: 5\r\n      7:\r\n        type: item\r\n        item:\r\n          material: EMERALD\r\n          quantity: 1\r\n        buyPrice: 375\r\n        sellPrice: 18\r\n        slot: 6\r\n      8:\r\n        type: item\r\n        item:\r\n          material: QUARTZ\r\n          quantity: 1\r\n        buyPrice: 15\r\n        sellPrice: 0.45\r\n        slot: 7\r\n      9:\r\n        type: item\r\n        item:\r\n          material: PRISMARINE_SHARD\r\n          quantity: 1\r\n        buyPrice: 3.5\r\n        sellPrice: 0.65\r\n        slot: 8\r\n      10:\r\n        type: item\r\n        item:\r\n          material: PRISMARINE_CRYSTALS\r\n          quantity: 1\r\n        buyPrice: 3.5\r\n        sellPrice: 0.65\r\n        slot: 13\r\n  farming:\r\n    name: \"&5&lFarming\"\r\n    size: 36\r\n    fillItem:\r\n      material: BLACK_STAINED_GLASS_PANE\r\n      name: \" \"\r\n    buttons:\r\n      goBack:\r\n        slot: 31\r\n      previousPage:\r\n        slot: 30\r\n      nextPage:\r\n        slot: 32\r\n    items:\r\n      1:\r\n        type: item\r\n        item:\r\n          material: WHEAT_SEEDS\r\n          quantity: 1\r\n        buyPrice: 2\r\n        sellPrice: 0.2\r\n        slot: 0\r\n      2:\r\n        type: item\r\n        item:\r\n          material: PUMPKIN_SEEDS\r\n          quantity: 1\r\n        buyPrice: 2\r\n        sellPrice: 0.15\r\n        slot: 1\r\n      3:\r\n        type: item\r\n        item:\r\n          material: MELON_SEEDS\r\n          quantity: 1\r\n        buyPrice: 2\r\n        sellPrice: 0.15\r\n        slot: 2\r\n      4:\r\n        type: item\r\n        item:\r\n          material: COCOA_BEANS\r\n          quantity: 1\r\n        buyPrice: 3.75\r\n        sellPrice: 0.5\r\n        slot: 3\r\n      5:\r\n        type: item\r\n        item:\r\n          material: NETHER_WART\r\n          quantity: 1\r\n        buyPrice: 22.5\r\n        sellPrice: 2\r\n        slot: 4\r\n      6:\r\n        type: item\r\n        item:\r\n          material: SUGAR_CANE\r\n          quantity: 1\r\n        buyPrice: 6\r\n        sellPrice: 0.75\r\n        slot: 5\r\n      7:\r\n        type: item\r\n        item:\r\n          material: WHEAT\r\n          quantity: 1\r\n        buyPrice: 4.5\r\n        sellPrice: 1\r\n        slot: 6\r\n      8:\r\n        type: item\r\n        item:\r\n          material: PUMPKIN\r\n          quantity: 1\r\n        buyPrice: 8\r\n        sellPrice: 1.65\r\n        slot: 7\r\n      9:\r\n        type: item\r\n        item:\r\n          material: MELON\r\n          quantity: 1\r\n        buyPrice: 10\r\n        sellPrice: 1.5\r\n        slot: 8\r\n      10:\r\n        type: item\r\n        item:\r\n          material: CACTUS\r\n          quantity: 1\r\n        buyPrice: 12.5\r\n        sellPrice: 1.25\r\n        slot: 9\r\n      11:\r\n        type: item\r\n        item:\r\n          material: BROWN_MUSHROOM\r\n          quantity: 1\r\n        buyPrice: 3\r\n        sellPrice: 0.85\r\n        slot: 10\r\n      12:\r\n        type: item\r\n        item:\r\n          material: RED_MUSHROOM\r\n          quantity: 1\r\n        buyPrice: 3\r\n        sellPrice: 0.85\r\n        slot: 11\r\n      13:\r\n        type: item\r\n        item:\r\n          material: CHORUS_FRUIT\r\n          quantity: 1\r\n        buyPrice: 4\r\n        sellPrice: 0.9\r\n        slot: 12\r\n      14:\r\n        type: item\r\n        item:\r\n          material: CHORUS_FLOWER\r\n          quantity: 1\r\n        buyPrice: 12.5\r\n        sellPrice: 0.7\r\n        slot: 13\r\n      15:\r\n        type: item\r\n        item:\r\n          material: ENDER_PEARL\r\n          quantity: 1\r\n        buyPrice: 8.5\r\n        sellPrice: 0.6\r\n        slot: 14\r\n      16:\r\n        type: item\r\n        item:\r\n          material: BAMBOO\r\n          quantity: 1\r\n        buyPrice: 6\r\n        sellPrice: 0.75\r\n        slot: 15\r\n      17:\r\n        type: item\r\n        item:\r\n          material: KELP\r\n          quantity: 1\r\n        buyPrice: 3\r\n        sellPrice: 0.85\r\n        slot: 16\r\n      18:\r\n        type: item\r\n        item:\r\n          material: HONEYCOMB_BLOCK\r\n          quantity: 1\r\n        buyPrice: 4\r\n        sellPrice: 1.25\r\n        slot: 17\r\n      19:\r\n        type: item\r\n        item:\r\n          material: TURTLE_EGG\r\n          quantity: 1\r\n        buyPrice: 5\r\n        sellPrice: 1.5\r\n        slot: 22\r\n  decorations:\r\n    name: \"&2&lDecorations\"\r\n    size: 54\r\n    fillItem:\r\n      material: BLACK_STAINED_GLASS_PANE\r\n      name: \" \"\r\n    buttons:\r\n      goBack:\r\n        slot: 49\r\n      previousPage:\r\n        slot: 48\r\n      nextPage:\r\n        slot: 50\r\n    items:\r\n      1:\r\n        type: item\r\n        item:\r\n          material: OAK_SAPLING\r\n          quantity: 1\r\n        buyPrice: 30\r\n        sellPrice: 2.4\r\n        slot: 0\r\n      2:\r\n        type: item\r\n        item:\r\n          material: SPRUCE_SAPLING\r\n          quantity: 1\r\n        buyPrice: 30\r\n        sellPrice: 2.4\r\n        slot: 1\r\n      3:\r\n        type: item\r\n        item:\r\n          material: BIRCH_SAPLING\r\n          quantity: 1\r\n        buyPrice: 30\r\n        sellPrice: 2.4\r\n        slot: 2\r\n      4:\r\n        type: item\r\n        item:\r\n          material: JUNGLE_SAPLING\r\n          quantity: 1\r\n        buyPrice: 30\r\n        sellPrice: 2.4\r\n        slot: 3\r\n      5:\r\n        type: item\r\n        item:\r\n          material: ACACIA_SAPLING\r\n          quantity: 1\r\n        buyPrice: 30\r\n        sellPrice: 2.4\r\n        slot: 4\r\n      6:\r\n        type: item\r\n        item:\r\n          material: DARK_OAK_SAPLING\r\n          quantity: 1\r\n        buyPrice: 30\r\n        sellPrice: 2.4\r\n        slot: 5\r\n      7:\r\n        type: item\r\n        item:\r\n          material: ORANGE_TULIP\r\n          quantity: 1\r\n        buyPrice: 7\r\n        sellPrice: 0.3\r\n        slot: 6\r\n      8:\r\n        type: item\r\n        item:\r\n          material: WHITE_TULIP\r\n          quantity: 1\r\n        buyPrice: 7\r\n        sellPrice: 0.3\r\n        slot: 7\r\n      9:\r\n        type: item\r\n        item:\r\n          material: RED_TULIP\r\n          quantity: 1\r\n        buyPrice: 7\r\n        sellPrice: 0.3\r\n        slot: 8\r\n      10:\r\n        type: item\r\n        item:\r\n          material: PINK_TULIP\r\n          quantity: 1\r\n        buyPrice: 7\r\n        sellPrice: 0.3\r\n        slot: 9\r\n      11:\r\n        type: item\r\n        item:\r\n          material: DANDELION\r\n          quantity: 1\r\n        buyPrice: 7\r\n        sellPrice: -1\r\n        slot: 10\r\n      12:\r\n        type: item\r\n        item:\r\n          material: POPPY\r\n          quantity: 1\r\n        buyPrice: 7\r\n        sellPrice: 0.3\r\n        slot: 11\r\n      13:\r\n        type: item\r\n        item:\r\n          material: BLUE_ORCHID\r\n          quantity: 1\r\n        buyPrice: 7\r\n        sellPrice: 0.3\r\n        slot: 12\r\n      14:\r\n        type: item\r\n        item:\r\n          material: ALLIUM\r\n          quantity: 1\r\n        buyPrice: 7\r\n        sellPrice: 0.3\r\n        slot: 13\r\n      15:\r\n        type: item\r\n        item:\r\n          material: AZURE_BLUET\r\n          quantity: 1\r\n        buyPrice: 7\r\n        sellPrice: 0.3\r\n        slot: 14\r\n      16:\r\n        type: item\r\n        item:\r\n          material: PEONY\r\n          quantity: 1\r\n        buyPrice: 7\r\n        sellPrice: 0.3\r\n        slot: 15\r\n      17:\r\n        type: item\r\n        item:\r\n          material: OXEYE_DAISY\r\n          quantity: 1\r\n        buyPrice: 7\r\n        sellPrice: 0.3\r\n        slot: 16\r\n      18:\r\n        type: item\r\n        item:\r\n          material: WITHER_ROSE\r\n          quantity: 1\r\n        buyPrice: 200\r\n        sellPrice: -1\r\n        slot: 17\r\n      19:\r\n        type: item\r\n        item:\r\n          material: SUNFLOWER\r\n          quantity: 1\r\n        buyPrice: 13\r\n        sellPrice: 0.6\r\n        slot: 18\r\n      20:\r\n        type: item\r\n        item:\r\n          material: LILY_PAD\r\n          quantity: 1\r\n        buyPrice: 6\r\n        sellPrice: 0.4\r\n        slot: 19\r\n      21:\r\n        type: item\r\n        item:\r\n          material: LILAC\r\n          quantity: 1\r\n        buyPrice: 13.5\r\n        sellPrice: 0.4\r\n        slot: 20\r\n      22:\r\n        type: item\r\n        item:\r\n          material: ROSE_BUSH\r\n          quantity: 1\r\n        buyPrice: 13.5\r\n        sellPrice: 0.6\r\n        slot: 21\r\n      23:\r\n        type: item\r\n        item:\r\n          material: COBWEB\r\n          quantity: 1\r\n        buyPrice: 80\r\n        sellPrice: 3.5\r\n        slot: 22\r\n      24:\r\n        type: item\r\n        item:\r\n          material: FERN\r\n          quantity: 1\r\n        buyPrice: 12\r\n        sellPrice: 1.7\r\n        slot: 23\r\n      25:\r\n        type: item\r\n        item:\r\n          material: SADDLE\r\n          quantity: 1\r\n        buyPrice: 150\r\n        sellPrice: 2.5\r\n        slot: 24\r\n      26:\r\n        type: item\r\n        item:\r\n          material: ARMOR_STAND\r\n          quantity: 1\r\n        buyPrice: 10\r\n        sellPrice: 0.65\r\n        slot: 25\r\n      27:\r\n        type: item\r\n        item:\r\n          material: ANVIL\r\n          quantity: 1\r\n        buyPrice: 235\r\n        sellPrice: -1\r\n        slot: 26\r\n      28:\r\n        type: item\r\n        item:\r\n          material: PAINTING\r\n          quantity: 1\r\n        buyPrice: 8\r\n        sellPrice: 0.35\r\n        slot: 27\r\n      29:\r\n        type: item\r\n        item:\r\n          material: WATER_BUCKET\r\n          quantity: 1\r\n        buyPrice: 200\r\n        sellPrice: -1\r\n        slot: 28\r\n      30:\r\n        type: item\r\n        item:\r\n          material: LAVA_BUCKET\r\n          quantity: 1\r\n        buyPrice: 360\r\n        sellPrice: -1\r\n        slot: 29\r\n      31:\r\n        type: item\r\n        item:\r\n          material: BRAIN_CORAL\r\n          quantity: 1\r\n        buyPrice: 13.5\r\n        sellPrice: 0.6\r\n        slot: 30\r\n      32:\r\n        type: item\r\n        item:\r\n          material: BRAIN_CORAL_FAN\r\n          quantity: 1\r\n        buyPrice: 13.5\r\n        sellPrice: 0.6\r\n        slot: 31\r\n      33:\r\n        type: item\r\n        item:\r\n          material: BUBBLE_CORAL\r\n          quantity: 1\r\n        buyPrice: 13.5\r\n        sellPrice: 0.6\r\n        slot: 32\r\n      34:\r\n        type: item\r\n        item:\r\n          material: BUBBLE_CORAL_FAN\r\n          quantity: 1\r\n        buyPrice: 13.5\r\n        sellPrice: 0.6\r\n        slot: 33\r\n      35:\r\n        type: item\r\n        item:\r\n          material: FIRE_CORAL\r\n          quantity: 1\r\n        buyPrice: 13.5\r\n        sellPrice: 0.6\r\n        slot: 34\r\n      36:\r\n        type: item\r\n        item:\r\n          material: FIRE_CORAL_FAN\r\n          quantity: 1\r\n        buyPrice: 13.5\r\n        sellPrice: 0.6\r\n        slot: 35\r\n      37:\r\n        type: item\r\n        item:\r\n          material: HORN_CORAL\r\n          quantity: 1\r\n        buyPrice: 13.5\r\n        sellPrice: 0.6\r\n        slot: 36\r\n      38:\r\n        type: item\r\n        item:\r\n          material: HORN_CORAL_FAN\r\n          quantity: 1\r\n        buyPrice: 13.5\r\n        sellPrice: 0.6\r\n        slot: 37\r\n      39:\r\n        type: item\r\n        item:\r\n          material: TUBE_CORAL\r\n          quantity: 1\r\n        buyPrice: 13.5\r\n        sellPrice: 0.6\r\n        slot: 38\r\n      40:\r\n        type: item\r\n        item:\r\n          material: TUBE_CORAL_FAN\r\n          quantity: 1\r\n        buyPrice: 13.5\r\n        sellPrice: 0.6\r\n        slot: 39\r\n      41:\r\n        type: item\r\n        item:\r\n          material: SEAGRASS\r\n          quantity: 1\r\n        buyPrice: 11.5\r\n        sellPrice: 0.5\r\n        slot: 40\r\n      42:\r\n        type: item\r\n        item:\r\n          material: SEA_PICKLE\r\n          quantity: 1\r\n        buyPrice: 10.5\r\n        sellPrice: 0.6\r\n        slot: 41\r\n      43:\r\n        type: item\r\n        item:\r\n          material: DRIED_KELP_BLOCK\r\n          quantity: 1\r\n        buyPrice: 10.5\r\n        sellPrice: 0.6\r\n        slot: 42\r\n      44:\r\n        type: item\r\n        item:\r\n          material: BELL\r\n          quantity: 1\r\n        buyPrice: 1000\r\n        sellPrice: 100\r\n        slot: 43\r\n      45:\r\n        type: item\r\n        item:\r\n          material: CAULDRON\r\n          quantity: 1\r\n        buyPrice: 1000\r\n        sellPrice: 100\r\n        slot: 44\r\n      46:\r\n        type: item\r\n        item:\r\n          material: SHULKER_BOX\r\n          quantity: 1\r\n        buyPrice: 100\r\n        sellPrice: 2.50\r\n        slot: 0\r\n        page: 2\r\n      47:\r\n        type: item\r\n        item:\r\n          material: WHITE_SHULKER_BOX\r\n          quantity: 1\r\n        buyPrice: 100\r\n        sellPrice: 2.50\r\n        slot: 1\r\n        page: 2\r\n      48:\r\n        type: item\r\n        item:\r\n          material: ORANGE_SHULKER_BOX\r\n          quantity: 1\r\n        buyPrice: 100\r\n        sellPrice: 2.50\r\n        slot: 2\r\n        page: 2\r\n      49:\r\n        type: item\r\n        item:\r\n          material: MAGENTA_SHULKER_BOX\r\n          quantity: 1\r\n        buyPrice: 100\r\n        sellPrice: 2.50\r\n        slot: 3\r\n        page: 2\r\n      50:\r\n        type: item\r\n        item:\r\n          material: LIGHT_BLUE_SHULKER_BOX\r\n          quantity: 1\r\n        buyPrice: 100\r\n        sellPrice: 2.50\r\n        slot: 4\r\n        page: 2\r\n      51:\r\n        type: item\r\n        item:\r\n          material: YELLOW_SHULKER_BOX\r\n          quantity: 1\r\n        buyPrice: 100\r\n        sellPrice: 2.50\r\n        slot: 5\r\n        page: 2\r\n      52:\r\n        type: item\r\n        item:\r\n          material: LIME_SHULKER_BOX\r\n          quantity: 1\r\n        buyPrice: 100\r\n        sellPrice: 2.50\r\n        slot: 6\r\n        page: 2\r\n      53:\r\n        type: item\r\n        item:\r\n          material: PINK_SHULKER_BOX\r\n          quantity: 1\r\n        buyPrice: 100\r\n        sellPrice: 2.50\r\n        slot: 7\r\n        page: 2\r\n      54:\r\n        type: item\r\n        item:\r\n          material: GRAY_SHULKER_BOX\r\n          quantity: 1\r\n        buyPrice: 100\r\n        sellPrice: 2.50\r\n        slot: 8\r\n        page: 2\r\n      55:\r\n        type: item\r\n        item:\r\n          material: LIGHT_GRAY_SHULKER_BOX\r\n          quantity: 1\r\n        buyPrice: 100\r\n        sellPrice: 2.50\r\n        slot: 9\r\n        page: 2\r\n      56:\r\n        type: item\r\n        item:\r\n          material: CYAN_SHULKER_BOX\r\n          quantity: 1\r\n        buyPrice: 100\r\n        sellPrice: 2.50\r\n        slot: 10\r\n        page: 2\r\n      57:\r\n        type: item\r\n        item:\r\n          material: PURPLE_SHULKER_BOX\r\n          quantity: 1\r\n        buyPrice: 100\r\n        sellPrice: 2.50\r\n        slot: 11\r\n        page: 2\r\n      58:\r\n        type: item\r\n        item:\r\n          material: BLUE_SHULKER_BOX\r\n          quantity: 1\r\n        buyPrice: 100\r\n        sellPrice: 2.50\r\n        slot: 12\r\n        page: 2\r\n      59:\r\n        type: item\r\n        item:\r\n          material: BROWN_SHULKER_BOX\r\n          quantity: 1\r\n        buyPrice: 100\r\n        sellPrice: 2.50\r\n        slot: 13\r\n        page: 2\r\n      60:\r\n        type: item\r\n        item:\r\n          material: GREEN_SHULKER_BOX\r\n          quantity: 1\r\n        buyPrice: 100\r\n        sellPrice: 2.50\r\n        slot: 14\r\n        page: 2\r\n      61:\r\n        type: item\r\n        item:\r\n          material: RED_SHULKER_BOX\r\n          quantity: 1\r\n        buyPrice: 100\r\n        sellPrice: 2.50\r\n        slot: 15\r\n        page: 2\r\n      62:\r\n        type: item\r\n        item:\r\n          material: BLACK_SHULKER_BOX\r\n          quantity: 1\r\n        buyPrice: 100\r\n        sellPrice: 2.50\r\n        slot: 16\r\n        page: 2\r\n      63:\r\n        type: item\r\n        item:\r\n          material: GLASS\r\n          quantity: 1\r\n        buyPrice: 25\r\n        sellPrice: 1.5\r\n        slot: 17\r\n        page: 2\r\n      64:\r\n        type: item\r\n        item:\r\n          material: WHITE_STAINED_GLASS\r\n          quantity: 1\r\n        buyPrice: 25\r\n        sellPrice: 1.5\r\n        slot: 18\r\n        page: 2\r\n      65:\r\n        type: item\r\n        item:\r\n          material: ORANGE_STAINED_GLASS\r\n          quantity: 1\r\n        buyPrice: 25\r\n        sellPrice: 1.5\r\n        slot: 19\r\n        page: 2\r\n      66:\r\n        type: item\r\n        item:\r\n          material: MAGENTA_STAINED_GLASS\r\n          quantity: 1\r\n        buyPrice: 25\r\n        sellPrice: 1.5\r\n        slot: 20\r\n        page: 2\r\n      67:\r\n        type: item\r\n        item:\r\n          material: LIGHT_BLUE_STAINED_GLASS\r\n          quantity: 1\r\n        buyPrice: 25\r\n        sellPrice: 1.5\r\n        slot: 21\r\n        page: 2\r\n      68:\r\n        type: item\r\n        item:\r\n          material: YELLOW_STAINED_GLASS\r\n          quantity: 1\r\n        buyPrice: 25\r\n        sellPrice: 1.5\r\n        slot: 22\r\n        page: 2\r\n      69:\r\n        type: item\r\n        item:\r\n          material: LIME_STAINED_GLASS\r\n          quantity: 1\r\n        buyPrice: 25\r\n        sellPrice: 1.5\r\n        slot: 23\r\n        page: 2\r\n      70:\r\n        type: item\r\n        item:\r\n          material: PINK_STAINED_GLASS\r\n          quantity: 1\r\n        buyPrice: 25\r\n        sellPrice: 1.5\r\n        slot: 24\r\n        page: 2\r\n      71:\r\n        type: item\r\n        item:\r\n          material: GRAY_STAINED_GLASS\r\n          quantity: 1\r\n        buyPrice: 25\r\n        sellPrice: 1.5\r\n        slot: 25\r\n        page: 2\r\n      72:\r\n        type: item\r\n        item:\r\n          material: LIGHT_GRAY_STAINED_GLASS\r\n          quantity: 1\r\n        buyPrice: 25\r\n        sellPrice: 1.5\r\n        slot: 26\r\n        page: 2\r\n      73:\r\n        type: item\r\n        item:\r\n          material: CYAN_STAINED_GLASS\r\n          quantity: 1\r\n        buyPrice: 25\r\n        sellPrice: 1.5\r\n        slot: 27\r\n        page: 2\r\n      74:\r\n        type: item\r\n        item:\r\n          material: PURPLE_STAINED_GLASS\r\n          quantity: 1\r\n        buyPrice: 25\r\n        sellPrice: 1.5\r\n        slot: 28\r\n        page: 2\r\n      75:\r\n        type: item\r\n        item:\r\n          material: BLUE_STAINED_GLASS\r\n          quantity: 1\r\n        buyPrice: 25\r\n        sellPrice: 1.5\r\n        slot: 29\r\n        page: 2\r\n      76:\r\n        type: item\r\n        item:\r\n          material: BROWN_STAINED_GLASS\r\n          quantity: 1\r\n        buyPrice: 25\r\n        sellPrice: 1.5\r\n        slot: 30\r\n        page: 2\r\n      77:\r\n        type: item\r\n        item:\r\n          material: GREEN_STAINED_GLASS\r\n          quantity: 1\r\n        buyPrice: 25\r\n        sellPrice: 1.5\r\n        slot: 31\r\n        page: 2\r\n      78:\r\n        type: item\r\n        item:\r\n          material: RED_STAINED_GLASS\r\n          quantity: 1\r\n        buyPrice: 25\r\n        sellPrice: 1.5\r\n        slot: 32\r\n        page: 2\r\n      79:\r\n        type: item\r\n        item:\r\n          material: BLACK_STAINED_GLASS\r\n          quantity: 1\r\n        buyPrice: 25\r\n        sellPrice: 1.5\r\n        slot: 33\r\n        page: 2\r\n      80:\r\n        type: item\r\n        item:\r\n          material: GLASS_PANE\r\n          quantity: 1\r\n        buyPrice: 20\r\n        sellPrice: 1\r\n        slot: 34\r\n        page: 2\r\n      81:\r\n        type: item\r\n        item:\r\n          material: WHITE_STAINED_GLASS_PANE\r\n          quantity: 1\r\n        buyPrice: 20\r\n        sellPrice: 1\r\n        slot: 35\r\n        page: 2\r\n      82:\r\n        type: item\r\n        item:\r\n          material: ORANGE_STAINED_GLASS_PANE\r\n          quantity: 1\r\n        buyPrice: 20\r\n        sellPrice: 1\r\n        slot: 36\r\n        page: 2\r\n      83:\r\n        type: item\r\n        item:\r\n          material: MAGENTA_STAINED_GLASS_PANE\r\n          quantity: 1\r\n        buyPrice: 20\r\n        sellPrice: 1\r\n        slot: 37\r\n        page: 2\r\n      84:\r\n        type: item\r\n        item:\r\n          material: LIGHT_BLUE_STAINED_GLASS_PANE\r\n          quantity: 1\r\n        buyPrice: 20\r\n        sellPrice: 1\r\n        slot: 38\r\n        page: 2\r\n      85:\r\n        type: item\r\n        item:\r\n          material: YELLOW_STAINED_GLASS_PANE\r\n          quantity: 1\r\n        buyPrice: 20\r\n        sellPrice: 1\r\n        slot: 39\r\n        page: 2\r\n      86:\r\n        type: item\r\n        item:\r\n          material: LIME_STAINED_GLASS_PANE\r\n          quantity: 1\r\n        buyPrice: 20\r\n        sellPrice: 1\r\n        slot: 40\r\n        page: 2\r\n      87:\r\n        type: item\r\n        item:\r\n          material: PINK_STAINED_GLASS_PANE\r\n          quantity: 1\r\n        buyPrice: 20\r\n        sellPrice: 1\r\n        slot: 41\r\n        page: 2\r\n      88:\r\n        type: item\r\n        item:\r\n          material: GRAY_STAINED_GLASS_PANE\r\n          quantity: 1\r\n        buyPrice: 20\r\n        sellPrice: 1\r\n        slot: 42\r\n        page: 2\r\n      89:\r\n        type: item\r\n        item:\r\n          material: LIGHT_GRAY_STAINED_GLASS_PANE\r\n          quantity: 1\r\n        buyPrice: 20\r\n        sellPrice: 1\r\n        slot: 43\r\n        page: 2\r\n      90:\r\n        type: item\r\n        item:\r\n          material: CYAN_STAINED_GLASS_PANE\r\n          quantity: 1\r\n        buyPrice: 20\r\n        sellPrice: 1\r\n        slot: 44\r\n        page: 2\r\n      91:\r\n        type: item\r\n        item:\r\n          material: PURPLE_STAINED_GLASS_PANE\r\n          quantity: 1\r\n        buyPrice: 20\r\n        sellPrice: 1\r\n        slot: 0\r\n        page: 3\r\n      92:\r\n        type: item\r\n        item:\r\n          material: BLUE_STAINED_GLASS_PANE\r\n          quantity: 1\r\n        buyPrice: 20\r\n        sellPrice: 1\r\n        slot: 1\r\n        page: 3\r\n      93:\r\n        type: item\r\n        item:\r\n          material: BROWN_STAINED_GLASS_PANE\r\n          quantity: 1\r\n        buyPrice: 20\r\n        sellPrice: 1\r\n        slot: 2\r\n        page: 3\r\n      94:\r\n        type: item\r\n        item:\r\n          material: GREEN_STAINED_GLASS_PANE\r\n          quantity: 1\r\n        buyPrice: 20\r\n        sellPrice: 1\r\n        slot: 3\r\n        page: 3\r\n      95:\r\n        type: item\r\n        item:\r\n          material: RED_STAINED_GLASS_PANE\r\n          quantity: 1\r\n        buyPrice: 20\r\n        sellPrice: 1\r\n        slot: 4\r\n        page: 3\r\n      96:\r\n        type: item\r\n        item:\r\n          material: BLACK_STAINED_GLASS_PANE\r\n          quantity: 1\r\n        buyPrice: 20\r\n        sellPrice: 1\r\n        slot: 5\r\n        page: 3\r\n      97:\r\n        type: item\r\n        item:\r\n          material: WHITE_GLAZED_TERRACOTTA\r\n          quantity: 1\r\n        buyPrice: 25\r\n        sellPrice: 1\r\n        slot: 6\r\n        page: 3\r\n      98:\r\n        type: item\r\n        item:\r\n          material: ORANGE_GLAZED_TERRACOTTA\r\n          quantity: 1\r\n        buyPrice: 25\r\n        sellPrice: 1\r\n        slot: 7\r\n        page: 3\r\n      99:\r\n        type: item\r\n        item:\r\n          material: MAGENTA_GLAZED_TERRACOTTA\r\n          quantity: 1\r\n        buyPrice: 25\r\n        sellPrice: 1\r\n        slot: 8\r\n        page: 3\r\n      100:\r\n        type: item\r\n        item:\r\n          material: LIGHT_BLUE_GLAZED_TERRACOTTA\r\n          quantity: 1\r\n        buyPrice: 25\r\n        sellPrice: 1\r\n        slot: 9\r\n        page: 3\r\n      101:\r\n        type: item\r\n        item:\r\n          material: YELLOW_GLAZED_TERRACOTTA\r\n          quantity: 1\r\n        buyPrice: 25\r\n        sellPrice: 1\r\n        slot: 10\r\n        page: 3\r\n      102:\r\n        type: item\r\n        item:\r\n          material: LIME_GLAZED_TERRACOTTA\r\n          quantity: 1\r\n        buyPrice: 25\r\n        sellPrice: 1\r\n        slot: 11\r\n        page: 3\r\n      103:\r\n        type: item\r\n        item:\r\n          material: PINK_GLAZED_TERRACOTTA\r\n          quantity: 1\r\n        buyPrice: 25\r\n        sellPrice: 1\r\n        slot: 12\r\n        page: 3\r\n      104:\r\n        type: item\r\n        item:\r\n          material: GRAY_GLAZED_TERRACOTTA\r\n          quantity: 1\r\n        buyPrice: 25\r\n        sellPrice: 1\r\n        slot: 13\r\n        page: 3\r\n      105:\r\n        type: item\r\n        item:\r\n          material: LIGHT_GRAY_GLAZED_TERRACOTTA\r\n          quantity: 1\r\n        buyPrice: 25\r\n        sellPrice: 1\r\n        slot: 14\r\n        page: 3\r\n      106:\r\n        type: item\r\n        item:\r\n          material: CYAN_GLAZED_TERRACOTTA\r\n          quantity: 1\r\n        buyPrice: 25\r\n        sellPrice: 1\r\n        slot: 15\r\n        page: 3\r\n      107:\r\n        type: item\r\n        item:\r\n          material: BLUE_GLAZED_TERRACOTTA\r\n          quantity: 1\r\n        buyPrice: 25\r\n        sellPrice: 1\r\n        slot: 16\r\n        page: 3\r\n      108:\r\n        type: item\r\n        item:\r\n          material: PURPLE_GLAZED_TERRACOTTA\r\n          quantity: 1\r\n        buyPrice: 25\r\n        sellPrice: 1\r\n        slot: 17\r\n        page: 3\r\n      109:\r\n        type: item\r\n        item:\r\n          material: GREEN_GLAZED_TERRACOTTA\r\n          quantity: 1\r\n        buyPrice: 25\r\n        sellPrice: 1\r\n        slot: 18\r\n        page: 3\r\n      110:\r\n        type: item\r\n        item:\r\n          material: BROWN_GLAZED_TERRACOTTA\r\n          quantity: 1\r\n        buyPrice: 25\r\n        sellPrice: 1\r\n        slot: 19\r\n        page: 3\r\n      111:\r\n        type: item\r\n        item:\r\n          material: RED_GLAZED_TERRACOTTA\r\n          quantity: 1\r\n        buyPrice: 25\r\n        sellPrice: 1\r\n        slot: 20\r\n        page: 3\r\n      112:\r\n        type: item\r\n        item:\r\n          material: BLACK_GLAZED_TERRACOTTA\r\n          quantity: 1\r\n        buyPrice: 25\r\n        sellPrice: 1\r\n        slot: 21\r\n        page: 3\r\n      113:\r\n        type: item\r\n        item:\r\n          material: SEA_LANTERN\r\n          quantity: 1\r\n        buyPrice: 100\r\n        sellPrice: 6.50\r\n        slot: 22\r\n        page: 3\r\n      114:\r\n        type: item\r\n        item:\r\n          material: GLOWSTONE\r\n          quantity: 1\r\n        buyPrice: 50\r\n        sellPrice: 5.0\r\n        slot: 23\r\n        page: 3\r\n      115:\r\n        type: item\r\n        item:\r\n          material: QUARTZ_PILLAR\r\n          quantity: 1\r\n        buyPrice: 50\r\n        sellPrice: 5.0\r\n        slot: 24\r\n        page: 3\r\n      116:\r\n        type: item\r\n        item:\r\n          material: CHISELED_QUARTZ_BLOCK\r\n          quantity: 1\r\n        buyPrice: 50\r\n        sellPrice: 5.0\r\n        slot: 25\r\n        page: 3\r\n      117:\r\n        type: item\r\n        item:\r\n          material: SMOOTH_QUARTZ\r\n          quantity: 1\r\n        buyPrice: 50\r\n        sellPrice: 5.0\r\n        slot: 26\r\n        page: 3\r\n      118:\r\n        type: item\r\n        item:\r\n          material: PURPUR_PILLAR\r\n          quantity: 1\r\n        buyPrice: 50\r\n        sellPrice: 5.0\r\n        slot: 27\r\n        page: 3\r\n      119:\r\n        type: item\r\n        item:\r\n          material: SANDSTONE\r\n          quantity: 1\r\n        buyPrice: 50\r\n        sellPrice: 5.0\r\n        slot: 28\r\n        page: 3\r\n      120:\r\n        type: item\r\n        item:\r\n          material: CHISELED_SANDSTONE\r\n          quantity: 1\r\n        buyPrice: 50\r\n        sellPrice: 5.0\r\n        slot: 29\r\n        page: 3\r\n      121:\r\n        type: item\r\n        item:\r\n          material: SMOOTH_SANDSTONE\r\n          quantity: 1\r\n        buyPrice: 50\r\n        sellPrice: 5.0\r\n        slot: 30\r\n        page: 3\r\n      122:\r\n        type: item\r\n        item:\r\n          material: CUT_SANDSTONE\r\n          quantity: 1\r\n        buyPrice: 50\r\n        sellPrice: 5.0\r\n        slot: 31\r\n        page: 3\r\n      123:\r\n        type: item\r\n        item:\r\n          material: RED_SANDSTONE\r\n          quantity: 1\r\n        buyPrice: 50\r\n        sellPrice: 5.0\r\n        slot: 32\r\n        page: 3\r\n      124:\r\n        type: item\r\n        item:\r\n          material: CHISELED_RED_SANDSTONE\r\n          quantity: 1\r\n        buyPrice: 50\r\n        sellPrice: 5.0\r\n        slot: 33\r\n        page: 3\r\n      125:\r\n        type: item\r\n        item:\r\n          material: SMOOTH_RED_SANDSTONE\r\n          quantity: 1\r\n        buyPrice: 50\r\n        sellPrice: 5.0\r\n        slot: 34\r\n        page: 3\r\n      126:\r\n        type: item\r\n        item:\r\n          material: CUT_RED_SANDSTONE\r\n          quantity: 1\r\n        buyPrice: 50\r\n        sellPrice: 5.0\r\n        slot: 35\r\n        page: 3\r\n      127:\r\n        type: item\r\n        item: \r\n          material: HONEY_BLOCK\r\n          quantity: 1\r\n        buyPrice: 10\r\n        sellPrice: 1.0\r\n        slot: 36\r\n        page: 3\r\n      128:\r\n        type: item\r\n        item: \r\n          material: CARTOGRAPHY_TABLE\r\n          quantity: 1\r\n        buyPrice: 100\r\n        sellPrice: 5.0\r\n        slot: 37\r\n        page: 3\r\n      129:\r\n        type: item\r\n        item: \r\n          material: SMITHING_TABLE\r\n          quantity: 1\r\n        buyPrice: 100\r\n        sellPrice: 5.0\r\n        slot: 38\r\n        page: 3\r\n      130:\r\n        type: item\r\n        item: \r\n          material: COMPOSTER\r\n          quantity: 1\r\n        buyPrice: 10\r\n        sellPrice: 1.0\r\n        slot: 39\r\n        page: 3\r\n      131:\r\n        type: item\r\n        item: \r\n          material: FLETCHING_TABLE\r\n          quantity: 1\r\n        buyPrice: 100\r\n        sellPrice: 5.0\r\n        slot: 40\r\n        page: 3\r\n      132:\r\n        type: item\r\n        item: \r\n          material: GRINDSTONE\r\n          quantity: 1\r\n        buyPrice: 100\r\n        sellPrice: 5.0\r\n        slot: 41\r\n        page: 3\r\n      133:\r\n        type: item\r\n        item: \r\n          material: LECTERN\r\n          quantity: 1\r\n        buyPrice: 50\r\n        sellPrice: 2.5\r\n        slot: 42\r\n        page: 3\r\n      134:\r\n        type: item\r\n        item: \r\n          material: LOOM\r\n          quantity: 1\r\n        buyPrice: 100\r\n        sellPrice: 5.0\r\n        slot: 43\r\n        page: 3\r\n      135:\r\n        type: item\r\n        item: \r\n          material: SCAFFOLDING\r\n          quantity: 1\r\n        buyPrice: 1\r\n        sellPrice: -1\r\n        slot: 44\r\n        page: 3\r\n  dyes:\r\n    name: \"&2&lDyes\"\r\n    size: 27\r\n    fillItem:\r\n      material: BLACK_STAINED_GLASS_PANE\r\n      name: \" \"\r\n    buttons:\r\n      goBack:\r\n        slot: 22\r\n      previousPage:\r\n        slot: 21\r\n      nextPage:\r\n        slot: 23\r\n    items:\r\n      1:\r\n        type: item\r\n        item:\r\n          material: BLACK_DYE\r\n          quantity: 16\r\n        buyPrice: 80\r\n        sellPrice: 15\r\n        slot: 0\r\n      2:\r\n        type: item\r\n        item:\r\n          material: RED_DYE\r\n          quantity: 16\r\n        buyPrice: 80\r\n        sellPrice: 15\r\n        slot: 1\r\n      3:\r\n        type: item\r\n        item:\r\n          material: GREEN_DYE\r\n          quantity: 16\r\n        buyPrice: 80\r\n        sellPrice: 15\r\n        slot: 2\r\n      4:\r\n        type: item\r\n        item:\r\n          material: BROWN_DYE\r\n          quantity: 16\r\n        buyPrice: 80\r\n        sellPrice: 15\r\n        slot: 3\r\n      5:\r\n        type: item\r\n        item:\r\n          material: BLUE_DYE\r\n          quantity: 16\r\n        buyPrice: 80\r\n        sellPrice: 15\r\n        slot: 4\r\n      6:\r\n        type: item\r\n        item:\r\n          material: PURPLE_DYE\r\n          quantity: 16\r\n        buyPrice: 80\r\n        sellPrice: 15\r\n        slot: 5\r\n      7:\r\n        type: item\r\n        item:\r\n          material: CYAN_DYE\r\n          quantity: 16\r\n        buyPrice: 80\r\n        sellPrice: 15\r\n        slot: 6\r\n      8:\r\n        type: item\r\n        item:\r\n          material: LIGHT_GRAY_DYE\r\n          quantity: 16\r\n        buyPrice: 80\r\n        sellPrice: 15\r\n        slot: 7\r\n      9:\r\n        type: item\r\n        item:\r\n          material: GRAY_DYE\r\n          quantity: 16\r\n        buyPrice: 80\r\n        sellPrice: 15\r\n        slot: 8\r\n      10:\r\n        type: item\r\n        item:\r\n          material: PINK_DYE\r\n          quantity: 16\r\n        buyPrice: 80\r\n        sellPrice: 15\r\n        slot: 9\r\n      11:\r\n        type: item\r\n        item:\r\n          material: LIME_DYE\r\n          quantity: 16\r\n        buyPrice: 80\r\n        sellPrice: 15\r\n        slot: 10\r\n      12:\r\n        type: item\r\n        item:\r\n          material: YELLOW_DYE\r\n          quantity: 16\r\n        buyPrice: 10\r\n        sellPrice: 5\r\n        slot: 11\r\n      13:\r\n        type: item\r\n        item:\r\n          material: LIGHT_BLUE_DYE\r\n          quantity: 16\r\n        buyPrice: 80\r\n        sellPrice: 15\r\n        slot: 12\r\n      14:\r\n        type: item\r\n        item:\r\n          material: MAGENTA_DYE\r\n          quantity: 16\r\n        buyPrice: 80\r\n        sellPrice: 15\r\n        slot: 13\r\n      15:\r\n        type: item\r\n        item:\r\n          material: ORANGE_DYE\r\n          quantity: 16\r\n        buyPrice: 80\r\n        sellPrice: 15\r\n        slot: 14\r\n      16:\r\n        type: item\r\n        item:\r\n          material: WHITE_DYE\r\n          quantity: 16\r\n        buyPrice: 80\r\n        sellPrice: 15\r\n        slot: 15\r\n  drops:\r\n    name: \"&9&lMob drops\"\r\n    size: 27\r\n    fillItem:\r\n      material: BLACK_STAINED_GLASS_PANE\r\n      name: \" \"\r\n    buttons:\r\n      goBack:\r\n        slot: 22\r\n      previousPage:\r\n        slot: 21\r\n      nextPage:\r\n        slot: 23\r\n    items:\r\n      1:\r\n        type: item\r\n        item:\r\n          material: ROTTEN_FLESH\r\n          quantity: 1\r\n        buyPrice: 6.25\r\n        sellPrice: 0.4\r\n        slot: 0\r\n      2:\r\n        type: item\r\n        item:\r\n          material: BONE\r\n          quantity: 1\r\n        buyPrice: 12\r\n        sellPrice: 0.4\r\n        slot: 1\r\n      3:\r\n        type: item\r\n        item:\r\n          material: GUNPOWDER\r\n          quantity: 1\r\n        buyPrice: 22.5\r\n        sellPrice: 1.1\r\n        slot: 2\r\n      4:\r\n        type: item\r\n        item:\r\n          material: STRING\r\n          quantity: 1\r\n        buyPrice: 6.25\r\n        sellPrice: 0.45\r\n        slot: 3\r\n      5:\r\n        type: item\r\n        item:\r\n          material: SPIDER_EYE\r\n          quantity: 1\r\n        buyPrice: 10.5\r\n        sellPrice: 3.25\r\n        slot: 4\r\n      6:\r\n        type: item\r\n        item:\r\n          material: SLIME_BALL\r\n          quantity: 1\r\n        buyPrice: 45\r\n        sellPrice: 1.2\r\n        slot: 5\r\n      7:\r\n        type: item\r\n        item:\r\n          material: PRISMARINE_CRYSTALS\r\n          quantity: 1\r\n        buyPrice: 3.5\r\n        sellPrice: 0.65\r\n        slot: 6\r\n      8:\r\n        type: item\r\n        item:\r\n          material: BLAZE_ROD\r\n          quantity: 1\r\n        buyPrice: 27.5\r\n        sellPrice: 1.15\r\n        slot: 7\r\n      9:\r\n        type: item\r\n        item:\r\n          material: MAGMA_CREAM\r\n          quantity: 1\r\n        buyPrice: 65\r\n        sellPrice: 0.6\r\n        slot: 8\r\n      10:\r\n        type: item\r\n        item:\r\n          material: GHAST_TEAR\r\n          quantity: 1\r\n        buyPrice: 65\r\n        sellPrice: 20\r\n        slot: 9\r\n      11:\r\n        type: item\r\n        item:\r\n          material: LEATHER\r\n          quantity: 1\r\n        buyPrice: 6.25\r\n        sellPrice: 1.25\r\n        slot: 10\r\n      12:\r\n        type: item\r\n        item:\r\n          material: RABBIT_HIDE\r\n          quantity: 1\r\n        buyPrice: 2\r\n        sellPrice: 0.55\r\n        slot: 11\r\n      13:\r\n        type: item\r\n        item:\r\n          material: INK_SAC\r\n          quantity: 1\r\n        buyPrice: 11.5\r\n        sellPrice: 1.4\r\n        slot: 12\r\n      14:\r\n        type: item\r\n        item:\r\n          material: FEATHER\r\n          quantity: 1\r\n        buyPrice: 5.75\r\n        sellPrice: 1.1\r\n        slot: 13\r\n      15:\r\n        type: item\r\n        item:\r\n          material: EGG\r\n          quantity: 1\r\n        buyPrice: 11.5\r\n        sellPrice: 0.55\r\n        slot: 14\r\n      16:\r\n        type: item\r\n        item:\r\n          material: NETHER_STAR\r\n          quantity: 1\r\n        buyPrice: 400000\r\n        sellPrice: -1\r\n        slot: 15\r\n      17:\r\n        type: item\r\n        item:\r\n          material: ARROW\r\n          quantity: 1\r\n        buyPrice: 10.5\r\n        sellPrice: 0.05\r\n        slot: 16\r\n      18:\r\n        type: item\r\n        item:\r\n          material: SNOWBALL\r\n          quantity: 1\r\n        buyPrice: 2\r\n        sellPrice: 0.44\r\n        slot: 17\r\n  spawners:\r\n    name: \"&e&lspawners\"\r\n    size: 27\r\n    fillItem:\r\n      material: BLACK_STAINED_GLASS_PANE\r\n      name: \" \"\r\n    buttons:\r\n      goBack:\r\n        slot: 22\r\n      previousPage:\r\n        slot: 21\r\n      nextPage:\r\n        slot: 23\r\n    items:\r\n      1:\r\n        type: item\r\n        item:\r\n          material: SPAWNER\r\n          mob: CHICKEN\r\n          name: \"&eChicken Spawner\"\r\n          quantity: 1\r\n        buyPrice: 1000000\r\n        sellPrice: -1\r\n        slot: 0\r\n      2:\r\n        type: item\r\n        item:\r\n          material: SPAWNER\r\n          mob: SHEEP\r\n          name: \"&eSheep Spawner\"\r\n          quantity: 1\r\n        buyPrice: 1000000\r\n        sellPrice: -1\r\n        slot: 1\r\n      3:\r\n        type: item\r\n        item:\r\n          material: SPAWNER\r\n          mob: PIG\r\n          name: \"&ePig Spawner\"\r\n          quantity: 1\r\n        buyPrice: 1000000\r\n        sellPrice: -1\r\n        slot: 2\r\n      4:\r\n        type: item\r\n        item:\r\n          material: SPAWNER\r\n          mob: SPIDER\r\n          name: \"&eSpider Spawner\"\r\n          quantity: 1\r\n        buyPrice: 1000000\r\n        sellPrice: -1\r\n        slot: 3\r\n      5:\r\n        type: item\r\n        item:\r\n          material: SPAWNER\r\n          mob: ZOMBIE\r\n          name: \"&eZombie Spawner\"\r\n          quantity: 1\r\n        buyPrice: 1000000\r\n        sellPrice: -1\r\n        slot: 4\r\n      6:\r\n        type: item\r\n        item:\r\n          material: SPAWNER\r\n          mob: SKELETON\r\n          name: \"&eSkeleton Spawner\"\r\n          quantity: 1\r\n        buyPrice: 1000000\r\n        sellPrice: -1\r\n        slot: 5\r\n      7:\r\n        type: item\r\n        item:\r\n          material: SPAWNER\r\n          mob: COW\r\n          name: \"&eCow Spawner\"\r\n          quantity: 1\r\n        buyPrice: 1000000\r\n        sellPrice: -1\r\n        slot: 6\r\n      8:\r\n        type: item\r\n        item:\r\n          material: SPAWNER\r\n          mob: CREEPER\r\n          name: \"&eCreeper Spawner\"\r\n          quantity: 1\r\n        buyPrice: 1000000\r\n        sellPrice: -1\r\n        slot: 7\r\n      9:\r\n        type: item\r\n        item:\r\n          material: SPAWNER\r\n          mob: SLIME\r\n          name: \"&eSlime Spawner\"\r\n          quantity: 1\r\n        buyPrice: 1000000\r\n        sellPrice: -1\r\n        slot: 8\r\n      10:\r\n        type: item\r\n        item:\r\n          material: SPAWNER\r\n          mob: GUARDIAN\r\n          name: \"&eGuardian Spawner\"\r\n          quantity: 1\r\n        buyPrice: 1000000\r\n        sellPrice: -1\r\n        slot: 12\r\n      11:\r\n        type: item\r\n        item:\r\n          material: SPAWNER\r\n          mob: ENDERMAN\r\n          name: \"&eEnderman Spawner\"\r\n          quantity: 1\r\n        buyPrice: 1000000\r\n        sellPrice: -1\r\n        slot: 13\r\n      12:\r\n        type: item\r\n        item:\r\n          material: SPAWNER\r\n          mob: CAVE_SPIDER\r\n          name: \"&eCave Spider Spawner\"\r\n          quantity: 1\r\n        buyPrice: 1000000\r\n        sellPrice: -1\r\n        slot: 14\r\n  wool:\r\n    name: \"&f&lWool\"\r\n    size: 36\r\n    fillItem:\r\n      material: BLACK_STAINED_GLASS_PANE\r\n      name: \" \"\r\n    buttons:\r\n      goBack:\r\n        slot: 31\r\n      previousPage:\r\n        slot: 30\r\n      nextPage:\r\n        slot: 32\r\n    items:\r\n      1:\r\n        type: item\r\n        item:\r\n          material: white_wool\r\n          quantity: 16\r\n        buyPrice: 16\r\n        sellPrice: 6\r\n        slot: 1\r\n      2:\r\n        type: item\r\n        item:\r\n          material: orange_wool\r\n          quantity: 16\r\n        buyPrice: 16\r\n        sellPrice: 6\r\n        slot: 2\r\n      3:\r\n        type: item\r\n        item:\r\n          material: magenta_wool\r\n          quantity: 16\r\n        buyPrice: 16\r\n        sellPrice: 6\r\n        slot: 3\r\n      4:\r\n        type: item\r\n        item:\r\n          material: light_blue_wool\r\n          quantity: 16\r\n        buyPrice: 16\r\n        sellPrice: 6\r\n        slot: 4\r\n      5:\r\n        type: item\r\n        item:\r\n          material: yellow_wool\r\n          quantity: 16\r\n        buyPrice: 16\r\n        sellPrice: 6\r\n        slot: 5\r\n      6:\r\n        type: item\r\n        item:\r\n          material: lime_wool\r\n          quantity: 16\r\n        buyPrice: 16\r\n        sellPrice: 6\r\n        slot: 6\r\n      7:\r\n        type: item\r\n        item:\r\n          material: pink_wool\r\n          quantity: 16\r\n        buyPrice: 16\r\n        sellPrice: 6\r\n        slot: 7\r\n      8:\r\n        type: item\r\n        item:\r\n          material: gray_wool\r\n          quantity: 16\r\n        buyPrice: 16\r\n        sellPrice: 6\r\n        slot: 10\r\n      9:\r\n        type: item\r\n        item:\r\n          material: light_gray_wool\r\n          quantity: 16\r\n        buyPrice: 16\r\n        sellPrice: 6\r\n        slot: 11\r\n      10:\r\n        type: item\r\n        item:\r\n          material: cyan_wool\r\n          quantity: 16\r\n        buyPrice: 16\r\n        sellPrice: 6\r\n        slot: 12\r\n      11:\r\n        type: item\r\n        item:\r\n          material: purple_wool\r\n          quantity: 16\r\n        buyPrice: 16\r\n        sellPrice: 6\r\n        slot: 13\r\n      12:\r\n        type: item\r\n        item:\r\n          material: blue_wool\r\n          quantity: 16\r\n        buyPrice: 16\r\n        sellPrice: 6\r\n        slot: 14\r\n      13:\r\n        type: item\r\n        item:\r\n          material: brown_wool\r\n          quantity: 16\r\n        buyPrice: 16\r\n        sellPrice: 6\r\n        slot: 15\r\n      14:\r\n        type: item\r\n        item:\r\n          material: green_wool\r\n          quantity: 16\r\n        buyPrice: 16\r\n        sellPrice: 6\r\n        slot: 16\r\n      15:\r\n        type: item\r\n        item:\r\n          material: red_wool\r\n          quantity: 16\r\n        buyPrice: 16\r\n        sellPrice: 6\r\n        slot: 21\r\n      16:\r\n        type: item\r\n        item:\r\n          material: black_wool\r\n          quantity: 16\r\n        buyPrice: 16\r\n        sellPrice: 6\r\n        slot: 23\r\n  redstone:\r\n    name: \"&c&lRedstone\"\r\n    size: 45\r\n    fillItem:\r\n      material: BLACK_STAINED_GLASS_PANE\r\n      name: \" \"\r\n    buttons:\r\n      goBack:\r\n        slot: 40\r\n      previousPage:\r\n        slot: 39\r\n      nextPage:\r\n        slot: 41\r\n    items:\r\n      1:\r\n        type: item\r\n        item:\r\n          material: REDSTONE\r\n          quantity: 1\r\n        buyPrice: 10.5\r\n        sellPrice: 0.5\r\n        slot: 0\r\n      2:\r\n        type: item\r\n        item:\r\n          material: REDSTONE_BLOCK\r\n          quantity: 1\r\n        buyPrice: 94.5\r\n        sellPrice: 4.0\r\n        slot: 1\r\n      3:\r\n        type: item\r\n        item:\r\n          material: STONE_BUTTON\r\n          quantity: 1\r\n        buyPrice: 12\r\n        sellPrice: 0.5\r\n        slot: 2\r\n      4:\r\n        type: item\r\n        item:\r\n          material: OAK_BUTTON\r\n          quantity: 1\r\n        buyPrice: 2.5\r\n        sellPrice: 0.1\r\n        slot: 3\r\n      5:\r\n        type: item\r\n        item:\r\n          material: SPRUCE_BUTTON\r\n          quantity: 1\r\n        buyPrice: 2.5\r\n        sellPrice: 0.1\r\n        slot: 4\r\n      6:\r\n        type: item\r\n        item:\r\n          material: BIRCH_BUTTON\r\n          quantity: 1\r\n        buyPrice: 2.5\r\n        sellPrice: 0.1\r\n        slot: 5\r\n      7:\r\n        type: item\r\n        item:\r\n          material: JUNGLE_BUTTON\r\n          quantity: 1\r\n        buyPrice: 2.5\r\n        sellPrice: 0.1\r\n        slot: 6\r\n      8:\r\n        type: item\r\n        item:\r\n          material: ACACIA_BUTTON\r\n          quantity: 1\r\n        buyPrice: 2.5\r\n        sellPrice: 0.1\r\n        slot: 7\r\n      9:\r\n        type: item\r\n        item:\r\n          material: DARK_OAK_BUTTON\r\n          quantity: 1\r\n        buyPrice: 2.5\r\n        sellPrice: 0.1\r\n        slot: 8\r\n      10:\r\n        type: item\r\n        item:\r\n          material: LEVER\r\n          quantity: 1\r\n        buyPrice: 2.5\r\n        sellPrice: 0.1\r\n        slot: 9\r\n      11:\r\n        type: item\r\n        item:\r\n          material: STONE_PRESSURE_PLATE\r\n          quantity: 1\r\n        buyPrice: 2.5\r\n        sellPrice: 0.1\r\n        slot: 10\r\n      12:\r\n        type: item\r\n        item:\r\n          material: OAK_PRESSURE_PLATE\r\n          quantity: 1\r\n        buyPrice: 2.5\r\n        sellPrice: 0.1\r\n        slot: 11\r\n      13:\r\n        type: item\r\n        item:\r\n          material: SPRUCE_PRESSURE_PLATE\r\n          quantity: 1\r\n        buyPrice: 2.5\r\n        sellPrice: 0.1\r\n        slot: 12\r\n      14:\r\n        type: item\r\n        item:\r\n          material: BIRCH_PRESSURE_PLATE\r\n          quantity: 1\r\n        buyPrice: 2.5\r\n        sellPrice: 0.1\r\n        slot: 13\r\n      15:\r\n        type: item\r\n        item:\r\n          material: JUNGLE_PRESSURE_PLATE\r\n          quantity: 1\r\n        buyPrice: 2.5\r\n        sellPrice: 0.1\r\n        slot: 14\r\n      16:\r\n        type: item\r\n        item:\r\n          material: ACACIA_PRESSURE_PLATE\r\n          quantity: 1\r\n        buyPrice: 2.5\r\n        sellPrice: 0.1\r\n        slot: 15\r\n      17:\r\n        type: item\r\n        item:\r\n          material: DARK_OAK_PRESSURE_PLATE\r\n          quantity: 1\r\n        buyPrice: 2.5\r\n        sellPrice: 0.1\r\n        slot: 16\r\n      18:\r\n        type: item\r\n        item:\r\n          material: LIGHT_WEIGHTED_PRESSURE_PLATE\r\n          quantity: 1\r\n        buyPrice: 460\r\n        sellPrice: 12\r\n        slot: 17\r\n      19:\r\n        type: item\r\n        item:\r\n          material: HEAVY_WEIGHTED_PRESSURE_PLATE\r\n          quantity: 1\r\n        buyPrice: 255\r\n        sellPrice: 13.5\r\n        slot: 18\r\n      20:\r\n        type: item\r\n        item:\r\n          material: REDSTONE_TORCH\r\n          quantity: 1\r\n        buyPrice: 2\r\n        sellPrice: 0.1\r\n        slot: 19\r\n      21:\r\n        type: item\r\n        item:\r\n          material: DISPENSER\r\n          quantity: 1\r\n        buyPrice: 30\r\n        sellPrice: 0.5\r\n        slot: 20\r\n      22:\r\n        type: item\r\n        item:\r\n          material: DROPPER\r\n          quantity: 1\r\n        buyPrice: 25\r\n        sellPrice: 0.5\r\n        slot: 21\r\n      23:\r\n        type: item\r\n        item:\r\n          material: OBSERVER\r\n          quantity: 1\r\n        buyPrice: 45\r\n        sellPrice: 1.5\r\n        slot: 22\r\n      24:\r\n        type: item\r\n        item:\r\n          material: DAYLIGHT_DETECTOR\r\n          quantity: 1\r\n        buyPrice: 30\r\n        sellPrice: 3.0\r\n        slot: 23\r\n      25:\r\n        type: item\r\n        item:\r\n          material: REDSTONE_LAMP\r\n          quantity: 1\r\n        buyPrice: 25\r\n        sellPrice: 1.5\r\n        slot: 24\r\n      26:\r\n        type: item\r\n        item:\r\n          material: REPEATER\r\n          quantity: 1\r\n        buyPrice: 50\r\n        sellPrice: 1.5\r\n        slot: 25\r\n      27:\r\n        type: item\r\n        item:\r\n          material: COMPARATOR\r\n          quantity: 1\r\n        buyPrice: 75\r\n        sellPrice: 2.5\r\n        slot: 26\r\n      28:\r\n        type: item\r\n        item:\r\n          material: TNT\r\n          quantity: 1\r\n        buyPrice: 12\r\n        sellPrice: 0.5\r\n        slot: 27\r\n      29:\r\n        type: item\r\n        item:\r\n          material: NOTE_BLOCK\r\n          quantity: 1\r\n        buyPrice: 50\r\n        sellPrice: 2.5\r\n        slot: 28\r\n      30:\r\n        type: item\r\n        item:\r\n          material: PISTON\r\n          quantity: 1\r\n        buyPrice: 100\r\n        sellPrice: 2.5\r\n        slot: 29\r\n      31:\r\n        type: item\r\n        item:\r\n          material: STICKY_PISTON\r\n          quantity: 1\r\n        buyPrice: 150\r\n        sellPrice: 4.5\r\n        slot: 30\r\n  brewing:\r\n    name: \"&4&lBrewing\"\r\n    size: 36\r\n    fillItem:\r\n      material: BLACK_STAINED_GLASS_PANE\r\n      name: \" \"\r\n    buttons:\r\n      goBack:\r\n        slot: 31\r\n      previousPage:\r\n        slot: 30\r\n      nextPage:\r\n        slot: 32\r\n    items:\r\n      1:\r\n        type: item\r\n        item:\r\n          material: BREWING_STAND\r\n          quantity: 1\r\n        buyPrice: 150\r\n        sellPrice: 0\r\n        slot: 0\r\n      2:\r\n        type: item\r\n        item:\r\n          material: BLAZE_POWDER\r\n          quantity: 1\r\n        buyPrice: 3.5\r\n        sellPrice: 1\r\n        slot: 1\r\n      3:\r\n        type: item\r\n        item:\r\n          material: DRAGON_BREATH\r\n          quantity: 1\r\n        buyPrice: 350\r\n        sellPrice: 10\r\n        slot: 2\r\n      4:\r\n        type: item\r\n        item:\r\n          material: GOLDEN_CARROT\r\n          quantity: 1\r\n        buyPrice: 350\r\n        sellPrice: 10\r\n        slot: 3\r\n      5:\r\n        type: item\r\n        item:\r\n          material: NETHER_WART\r\n          quantity: 1\r\n        buyPrice: 22.5\r\n        sellPrice: 2\r\n        slot: 4\r\n      6:\r\n        type: item\r\n        item:\r\n          material: GLOWSTONE_DUST\r\n          quantity: 1\r\n        buyPrice: 130\r\n        sellPrice: 15\r\n        slot: 5\r\n      7:\r\n        type: item\r\n        item:\r\n          material: RABBIT_FOOT\r\n          quantity: 1\r\n        buyPrice: 10\r\n        sellPrice: 2.5\r\n        slot: 6\r\n      8:\r\n        type: item\r\n        item:\r\n          material: GUNPOWDER\r\n          quantity: 1\r\n        buyPrice: 22.5\r\n        sellPrice: 1.1\r\n        slot: 7\r\n      9:\r\n        type: item\r\n        item:\r\n          material: GLISTERING_MELON_SLICE\r\n          quantity: 1\r\n        buyPrice: 22.5\r\n        sellPrice: 1.1\r\n        slot: 8\r\n      10:\r\n        type: item\r\n        item:\r\n          material: GHAST_TEAR\r\n          quantity: 1\r\n        buyPrice: 65\r\n        sellPrice: 20\r\n        slot: 9\r\n      11:\r\n        type: item\r\n        item:\r\n          material: SLIME_BALL\r\n          quantity: 1\r\n        buyPrice: 45\r\n        sellPrice: 1.2\r\n        slot: 10\r\n      12:\r\n        type: item\r\n        item:\r\n          material: SUGAR\r\n          quantity: 1\r\n        buyPrice: 6\r\n        sellPrice: 0.75\r\n        slot: 11\r\n      13:\r\n        type: item\r\n        item:\r\n          material: REDSTONE\r\n          quantity: 1\r\n        buyPrice: 10.5\r\n        sellPrice: 0.5\r\n        slot: 12\r\n      14:\r\n        type: item\r\n        item:\r\n          material: PHANTOM_MEMBRANE\r\n          quantity: 1\r\n        buyPrice: 40\r\n        sellPrice: 2.9\r\n        slot: 13\r\n      15:\r\n        type: item\r\n        item:\r\n          material: PUFFERFISH\r\n          quantity: 1\r\n        buyPrice: 5\r\n        sellPrice: 0.5\r\n        slot: 14\r\n      16:\r\n        type: item\r\n        item:\r\n          material: MAGMA_CREAM\r\n          quantity: 1\r\n        buyPrice: 65\r\n        sellPrice: 0.6\r\n        slot: 15\r\n      17:\r\n        type: item\r\n        item:\r\n          material: SPIDER_EYE\r\n          quantity: 1\r\n        buyPrice: 10.5\r\n        sellPrice: 3.25\r\n        slot: 16\r\n      18:\r\n        type: item\r\n        item:\r\n          material: FERMENTED_SPIDER_EYE\r\n          quantity: 1\r\n        buyPrice: 10.5\r\n        sellPrice: 3.25\r\n        slot: 17\r\n      19:\r\n        type: item\r\n        item:\r\n          material: TURTLE_HELMET\r\n          quantity: 1\r\n        buyPrice: 13.2\r\n        sellPrice: 1.65\r\n        slot: 22",
    "YaraRule": [
        "enable_org32",
        "core_keywords"
    ]
}