{
    "scrape_url": "https://scrape.pastebin.com/api_scrape_item.php?i=90TutHwD",
    "full_url": "https://pastebin.com/90TutHwD",
    "date": "1594885575",
    "key": "90TutHwD",
    "size": 156,
    "expire": "0",
    "title": "a.lua",
    "syntax": "lua",
    "user": "",
    "filename": "90TutHwD",
    "pasteid": "90TutHwD",
    "pastesite": "pastebin.com",
    "@timestamp": "2020-07-16T07:46:15",
    "MD5": "f4c82906c0f9754b1023f2d30613b3ce",
    "SHA256": "d4d22886513e1368215df7687dc3c83187cd3e3109dd041df7883ae9e12caac4",
    "raw_paste": "turtle.refuel()\r\nfor j=1,3 do\r\n\r\nfor i=1,10 do\r\n    turtle.digDown()\r\n    turtle.forward()\r\nend\r\nfor i=1,10 do\r\n    turtle.back()\r\nend\r\nturtle.down()\r\n\r\nend",
    "YaraRule": [
        "enable_org32",
        "core_keywords"
    ]
}