{
    "scrape_url": "https://scrape.pastebin.com/api_scrape_item.php?i=9nVRx4aW",
    "full_url": "https://pastebin.com/9nVRx4aW",
    "date": "1594677588",
    "key": "9nVRx4aW",
    "size": 15557,
    "expire": "0",
    "title": "",
    "syntax": "javascript",
    "user": "",
    "filename": "9nVRx4aW",
    "pasteid": "9nVRx4aW",
    "pastesite": "pastebin.com",
    "@timestamp": "2020-07-13T21:59:48",
    "MD5": "49ee08e728c08f17736b6525c1048305",
    "SHA256": "ca5670d193e32de6e195848ce86e60e678a5b086c1a9d2555f35c4934040cfb8",
    "raw_paste": "<template>\r\n  <div class=\"registro\">\r\n    <Banner\r\n      banner__titulo=\"Registro habitaci\u00f3n\"\r\n      banner__subTitulo=\"Registra las habitaciones del hostal indicando los detalles\"\r\n    />\r\n    <div class=\"container mt--5\">\r\n      <div class=\"row justify-content-center\">\r\n        <div class=\"col-md-10\">\r\n          <div class=\"card shadow border-0 p-4 mb-5\">\r\n            <div class=\"body\">\r\n              <div class=\"row\">\r\n                <div class=\"col-md-6\">\r\n                  <h3 class=\"mb-4 mt-2\">\r\n                    Informaci\u00f3n de la habitaci\u00f3n\r\n                  </h3>\r\n                  <div class=\"form-row\">\r\n                    <label for>\r\n                      <p>Piso de la habitaci\u00f3n:</p>\r\n                    </label>\r\n                    <!-- Empiezan botones donde se seleccionan los pisos , est\u00e1n iniciados como variables en data para as\u00ed poder en el push\r\n              identificar cual fue el piso que se seleccion\u00f3-->\r\n                    <div class=\"piso\">\r\n                      <a\r\n                        class=\"button\"\r\n                        v-on:click=\"pisoHandler(1)\"\r\n                        :class=\"{ active: pisoSelected === 1 }\"\r\n                      >\r\n                        <p>\r\n                          1\r\n                        </p>\r\n                      </a>\r\n                      <a\r\n                        class=\"button\"\r\n                        v-on:click=\"pisoHandler(2)\"\r\n                        :class=\"{ active: pisoSelected === 2 }\"\r\n                      >\r\n                        <p>\r\n                          2\r\n                        </p>\r\n                      </a>\r\n                      <a\r\n                        class=\"button\"\r\n                        v-on:click=\"pisoHandler(3)\"\r\n                        :class=\"{ active: pisoSelected === 3 }\"\r\n                      >\r\n                        <p>\r\n                          3\r\n                        </p>\r\n                      </a>\r\n                      <a\r\n                        class=\"button\"\r\n                        v-on:click=\"pisoHandler(4)\"\r\n                        :class=\"{ active: pisoSelected === 4 }\"\r\n                      >\r\n                        <p>\r\n                          4\r\n                        </p>\r\n                      </a>\r\n                    </div>\r\n                    <!-- Terminan los botones para seleccionar piso-->\r\n\r\n                    <!-- Empieza form para ingresar nombre de la habitaci\u00f3n -->\r\n                  </div>\r\n                  <div class=\"form-row\">\r\n                    <label for>\r\n                      <p>Nombre de la habitaci\u00f3n:</p>\r\n                    </label>\r\n                    <div class=\"nhabitacion form-group col-md-4\">\r\n                      <base-input\r\n                        min=\"100\"\r\n                        class=\"textbox\"\r\n                        type=\"number\"\r\n                        placeholder=\"Ejemplo: 105\"\r\n                        v-model=\"numHabitacion\"\r\n                      ></base-input>\r\n                    </div>\r\n                  </div>\r\n                  <!-- Termina form ingreso habitaci\u00f3n -->\r\n\r\n                  <!--Empieza form para ingresar el precio -->\r\n                  <div class=\"inputprecio form-row\">\r\n                    <label for class=\"ptitulo\">\r\n                      <p>Precio:</p>\r\n                    </label>\r\n                    <div class=\"form-group col-md-4\">\r\n                      <base-input\r\n                        class=\"textbox\"\r\n                        type=\"number\"\r\n                        min=\"0\"\r\n                        placeholder=\"Ejemplo: 50.000\"\r\n                        v-model=\"precio\"\r\n                      ></base-input>\r\n                    </div>\r\n                  </div>\r\n                  <!--Termina form para ingresar precio -->\r\n\r\n                  <!--Empieza form para el ingreso de la descripci\u00f3n -->\r\n                  <div class=\"inputdescrip form-row\">\r\n                    <label class=\"dtitulo\" for>Descripci\u00f3n:</label>\r\n                    <div class=\"descripcion form-group col-md-5\">\r\n                      <textarea\r\n                        class=\"textbox form-control\"\r\n                        id=\"caja\"\r\n                        rows=\"3\"\r\n                        placeholder=\"Ejemplo:Habitaci\u00f3n de 2 dormitorios...\"\r\n                        v-model=\"descripcion\"\r\n                        required\r\n                      ></textarea>\r\n                    </div>\r\n                  </div>\r\n                </div>\r\n                <!-- Terminan form descripci\u00f3n -->\r\n\r\n                <div class=\"col-md-6 camas\">\r\n                  <h3 class=\"mb-4 mt-2\">Cantidad de camas y tipos</h3>\r\n                  <div class=\"descripCama mb-2\">\r\n                    <div class=\"descripCama_item\">\r\n                      <p>Total camas: {{ cantCamas }}</p>\r\n                    </div>\r\n                    <div class=\"descripCama_item\">\r\n                      <p>Capacidad: {{ capacidad }}</p>\r\n                    </div>\r\n                    <div class=\"descripCama_item\">\r\n                      <button class=\"button\" v-on:click=\"Limpiar\">\r\n                        Limpiar\r\n                      </button>\r\n                    </div>\r\n                  </div>\r\n                  <div class=\"form-row\">\r\n                    <label for>Simple</label>\r\n                    <div class=\"form-group col-md-4 simple\">\r\n                      <fieldset>\r\n                        <integer-plusminus\r\n                          v-model=\"simple\"\r\n                          class=\"simple\"\r\n                          :min=\"0\"\r\n                          :max=\"4\"\r\n                          :increment-aria-label=\"'increase by 1'\"\r\n                          :decrement-aria-label=\"'decrease by 1'\"\r\n                        ></integer-plusminus>\r\n                      </fieldset>\r\n                    </div>\r\n                    <label for>Doble</label>\r\n                    <div class=\"form-group col-md-4\">\r\n                      <fieldset>\r\n                        <integer-plusminus\r\n                          v-model=\"doble\"\r\n                          class=\"doble\"\r\n                          :min=\"0\"\r\n                          :max=\"2\"\r\n                          :increment-aria-label=\"'increase by 1'\"\r\n                          :decrement-aria-label=\"'decrease by 1'\"\r\n                        ></integer-plusminus>\r\n                      </fieldset>\r\n                    </div>\r\n                    <label for>Ba\u00f1os</label>\r\n                    <div class=\"form-group col-md-4\">\r\n                      <fieldset>\r\n                        <integer-plusminus\r\n                          style=\"margin-left:2px;\"\r\n                          v-model=\"ba\u00f1os\"\r\n                          :min=\"1\"\r\n                          :max=\"3\"\r\n                          :value=\"0\"\r\n                          :increment-aria-label=\"'increase by 1'\"\r\n                          :decrement-aria-label=\"'decrease by 1'\"\r\n                        ></integer-plusminus>\r\n                      </fieldset>\r\n                    </div>\r\n                    <div\r\n                      class=\"botones-confir w-100 mt-5 d-flex justify-content-center\"\r\n                    >\r\n                      <button class=\"button cancelar\" v-on:click=\"Cancelar\">\r\n                        <i class=\"fas fa-trash-alt\"></i> Cancelar\r\n                      </button>\r\n                      <button\r\n                        class=\"button confirmar\"\r\n                        style=\"background-color:rgb(103, 221, 103);\"\r\n                        v-on:click=\"Guardar\"\r\n                      >\r\n                        <i class=\"fas fa-plus\"></i>\r\n                        Agregar\r\n                      </button>\r\n                    </div>\r\n                  </div>\r\n                </div>\r\n              </div>\r\n            </div>\r\n          </div>\r\n        </div>\r\n      </div>\r\n    </div>\r\n  </div>\r\n</template>\r\n<script>\r\nimport Banner from \"../../components/Banner\";\r\nimport Vue from \"vue\";\r\nimport { IntegerPlusminus } from \"../../main\";\r\nexport default {\r\n  components: {\r\n    Banner,\r\n    IntegerPlusminus,\r\n  },\r\n  name: \"Validacion\",\r\n  data() {\r\n    return {\r\n      numHabitacion: null,\r\n      descripcion: \"\",\r\n      simple: 0,\r\n      doble: 0,\r\n      ba\u00f1os: 1,\r\n      precio: null,\r\n      datos: [],\r\n      pisoSelected: 0,\r\n      cantCamas: 0,\r\n      capacidad: 0,\r\n      habitacionesExistentes: [],\r\n    };\r\n  },\r\n  created() {\r\n    this.$api.find({ resource: \"habitaciones\" }).then((response) => {\r\n      this.habitacionesExistentes = response.data.map(\r\n        (habitacion) => habitacion.habitacion_id\r\n      );\r\n      console.log(this.habitacionesExistentes);\r\n    });\r\n  },\r\n  watch: {\r\n    simple: function(val) {\r\n      this.cantCamas = val + this.doble;\r\n      this.capacidad = val + this.doble * 2;\r\n    },\r\n    doble: function(val) {\r\n      this.cantCamas = this.simple + val;\r\n      this.capacidad = this.simple + val * 2;\r\n    },\r\n  },\r\n  methods: {\r\n    pisoHandler: function(pisoSelected) {\r\n      console.log(pisoSelected);\r\n      this.pisoSelected = pisoSelected;\r\n    },\r\n    Guardar() {\r\n      var self = this;\r\n      this.pisoSelected;\r\n      console.log(this.descripcion.length);\r\n      const habitacionYaExiste = self.habitacionesExistentes.find(\r\n        (id) => id === parseInt(self.numHabitacion)\r\n      );\r\n      console.log(habitacionYaExiste);\r\n      //Si piso seleccionado menor a 1, error\r\n      if (this.pisoSelected < 1) {\r\n        self.$swal({\r\n          icon: \"error\",\r\n          title: \"Error\",\r\n          text: \"Debes elegir un piso\",\r\n        });\r\n        //Si el nombre de la habitaci\u00f3n es menor a 100 y mayor a 499, error\r\n      } else if (this.numHabitacion < 100 || this.numHabitacion > 499) {\r\n        self.$swal({\r\n          icon: \"error\",\r\n          title: \"Error\",\r\n          text: \"El Nombre de la habitaci\u00f3n debe ser una cifra entre 100 y 410\",\r\n        });\r\n        //Si el largo de la descripci\u00f3n es menor que 50, error\r\n      } else if (habitacionYaExiste) {\r\n        self.$swal({\r\n          icon: \"error\",\r\n          title: \"Error\",\r\n          text: \"La habitaci\u00f3n ya existe\",\r\n        });\r\n      } else if (this.precio < 1) {\r\n        self.$swal({\r\n          icon: \"error\",\r\n          title: \"Error\",\r\n          text: \"La habitaci\u00f3n debe tener un precio asignado\",\r\n        });\r\n        //Si el largo de la descripci\u00f3n es menor que 50, error\r\n      } else if (this.descripcion.length < 50) {\r\n        self.$swal({\r\n          icon: \"error\",\r\n          title: \"Error\",\r\n          text: \"Debe agregar una descripci\u00f3n de almenos 50 car\u00e1cteres\",\r\n        });\r\n        //Si una de las habitaciones, sea simple o doble , no tiene 1, error\r\n      } else if (this.simple === 0 && this.doble === 0) {\r\n        self.$swal({\r\n          icon: \"error\",\r\n          title: \"Error\",\r\n          text:\r\n            \"La habitaci\u00f3n tiene que tener almenos una cama, independiente del tipo\",\r\n        });\r\n      } else {\r\n        // Se guarda en el array datos, la informaci\u00f3n de cada variable\r\n        console.log(\"est\u00e1 validado\");\r\n        this.cantCamas = this.simple + this.doble;\r\n        this.capacidad = this.simple + this.doble * 2;\r\n        this.$api\r\n          .create({\r\n            resource: \"habitaciones\",\r\n            data: {\r\n              habitacion_id: this.numHabitacion,\r\n              tipo_cama_tipo_cama_id: 1,\r\n              n_camas: this.cantCamas,\r\n              n_banios: this.ba\u00f1os,\r\n              n_habitacion: this.numHabitacion,\r\n              descripcion: this.descripcion,\r\n              piso: this.pisoSelected,\r\n              estado: 1,\r\n              precio: this.precio,\r\n              capacidad: this.capacidad,\r\n              simple: this.simple,\r\n              doble: this.doble,\r\n            },\r\n          })\r\n          .then((response) => console.log(response));\r\n        //Mensaje de creaci\u00f3n correcta de la habitaci\u00f3n\r\n        self.$swal({\r\n          icon: \"success\",\r\n          title: \"Habitaci\u00f3n creada\",\r\n          text: \"\u00a1Habitaci\u00f3n creada exitosamente!\",\r\n        });\r\n        //reseteo variables\r\n        this.pisoSelected = 0;\r\n        this.descripcion = \"\";\r\n        this.simple = 0;\r\n        this.doble = 0;\r\n        this.precio = 9;\r\n        this.numHabitacion = 0;\r\n      }\r\n    },\r\n    Limpiar() {\r\n      this.pisoSelected = 0;\r\n      this.descripcion = \"\";\r\n      this.simple = 0;\r\n      this.doble = 0;\r\n      this.sillon = 0;\r\n      this.precio = 9;\r\n      this.numHabitacion = 0;\r\n    },\r\n    Cancelar() {\r\n      this.$swal({\r\n        title: \"\u00bfEst\u00e1s seguro?\",\r\n        text: \"Volver\u00e1s a la vista anterior sin guardar la habitaci\u00f3n\",\r\n        icon: \"warning\",\r\n        showCancelButton: true,\r\n        confirmButtonText: \"Continuar\",\r\n        cancelButtonText: \"Cancelar\",\r\n        showCloseButton: true,\r\n        showLoaderOnConfirm: true,\r\n      }).then((result) => {\r\n        if (result.value) {\r\n          this.$router.push({\r\n            path: \"Habitaciones\",\r\n          });\r\n        } else {\r\n          this.$swal(\r\n            \"Cancelado\",\r\n            \"Puedes seguir creando una habitaci\u00f3n\",\r\n            \"info\"\r\n          );\r\n        }\r\n      });\r\n    },\r\n  },\r\n};\r\n</script>\r\n<style lang=\"scss\" scoped>\r\n@import url(\"https://fonts.googleapis.com/css2?family=Quicksand:wght@500;700&display=swap\");\r\n\r\n.registro {\r\n  .card {\r\n    font-family: \"Quicksand\", sans-serif;\r\n    border-radius: 12px;\r\n    padding: 2.5%;\r\n    border: 1px solid rgb(212, 212, 212) !important;\r\n    .camas {\r\n      button {\r\n        width: 30px !important;\r\n        padding: 0 !important;\r\n        height: 30px !important;\r\n        border-radius: 5px !important;\r\n        background-color: white;\r\n        border: 1px solid rgb(190, 190, 190);\r\n      }\r\n    }\r\n\r\n    .piso {\r\n      margin-left: 9%;\r\n      overflow-y: auto;\r\n      .active {\r\n        background-color: rgb(233, 233, 233);\r\n        border: 1px solid rgb(190, 190, 190);\r\n        box-shadow: none;\r\n      }\r\n    }\r\n    .piso > a {\r\n      cursor: pointer;\r\n      width: 30px;\r\n      height: 30px;\r\n      float: left;\r\n      background: rgb(255, 255, 255);\r\n      margin-right: 15px;\r\n      margin-left: 7px;\r\n      border-radius: 5px !important;\r\n      background-color: white;\r\n      border: 1px solid rgb(190, 190, 190);\r\n      box-shadow: 0px 3px 6px #00000029;\r\n      p {\r\n        color: black;\r\n        font-size: 14px;\r\n        margin-bottom: 0%;\r\n        text-align: center;\r\n        margin-top: 3px;\r\n      }\r\n    }\r\n    .inputprecio {\r\n      margin-top: -5%;\r\n      .ptitulo {\r\n        margin-left: 33%;\r\n      }\r\n      .textbox {\r\n        width: 155%;\r\n        margin-left: 8%;\r\n      }\r\n    }\r\n    .nhabitacion {\r\n      .textbox {\r\n        width: 155%;\r\n        margin-left: 6%;\r\n      }\r\n    }\r\n    .inputdescrip {\r\n      margin-top: -5%;\r\n      .dtitulo {\r\n        margin-left: 24%;\r\n      }\r\n      .textbox {\r\n        width: 123%;\r\n        margin-left: 4%;\r\n      }\r\n    }\r\n    .botones-confir {\r\n      .button {\r\n        width: 30% !important;\r\n        height: 40px !important;\r\n        margin-left: 15px;\r\n        border-radius: 20px !important;\r\n        .active {\r\n          border: none;\r\n        }\r\n      }\r\n      button:focus {\r\n        outline: none;\r\n      }\r\n    }\r\n    .descripCama {\r\n      display: grid;\r\n      grid-template-columns: repeat(3, 1fr);\r\n      grid-gap: 4px;\r\n      .descripCama_item {\r\n        display: inline-grid;\r\n        p {\r\n        }\r\n\r\n        .button {\r\n          width: 70px !important;\r\n        }\r\n      }\r\n    }\r\n  }\r\n}\r\n</style>",
    "YaraRule": [
        "db_connection"
    ]
}