{
    "scrape_url": "https://scrape.pastebin.com/api_scrape_item.php?i=9yvGHX7u",
    "full_url": "https://pastebin.com/9yvGHX7u",
    "date": "1594754970",
    "key": "9yvGHX7u",
    "size": 40769,
    "expire": "0",
    "title": "dxgchbkjn",
    "syntax": "json",
    "user": "Khalifff",
    "filename": "9yvGHX7u",
    "pasteid": "9yvGHX7u",
    "pastesite": "pastebin.com",
    "@timestamp": "2020-07-14T19:29:30",
    "MD5": "5bf7193578cec1510abdc6e8aea7b20a",
    "SHA256": "2e75fa9a24c8740f2231776056c966f021a8357230b9ebd45bdbbb3e108314b3",
    "raw_paste": "{\r\n  \r\n\"Iklan\": [\r\n    {\r\n      \"pengaturan_iklan\" : \"1\",\r\n      \"interval_intertitial\": 3,\r\n      \"intertitial_splash\":\"0\",\r\n\r\n      \"pub_id\":\"pub-7114364650660683\",\r\n      \"admob_app_id\":\"ca-app-pub-7114364650660683~8149060635\",\r\n      \"intertitial_admob\":\"ca-app-pub-7114364650660683/5476004684\",\r\n      \"native_admob\":\"ca-app-pub-7114364650660683/1536759676\",\r\n      \"reward_admob\":\"ca-app-pub-7114364650660683/9223678006\",\r\n      \r\n      \"status\":\"0\",\r\n      \"link_redirect\":\"https://play.google.com/store/apps/details?id=com.genon.premiumqrcode\",\r\n\r\n      \"deskripsi_update\":\"Please update the application to the latest version to get additional features.\",\r\n      \"version_json\": 2,\r\n      \r\n      \"startappid\":\"0\",\r\n      \r\n      \"id_inmobi\":\"x\",\r\n      \"inmobi_inter\":0,\r\n      \"inmobi_banner\":0,\r\n\r\n      \"reward_id_unity\":\"0\",\r\n      \"palace_id_unity\":\"x\",\r\n\r\n      \"fan_inter\":\"0\",\r\n      \"fan_banner_native\":\"0\",\r\n\r\n      \"more_app\":\"https://play.google.com/store/apps/developer?id=Genon\"\r\n\r\n\r\n    }\r\n  ],\r\n  \"Categories\": [\r\n    {\r\n      \"id\": 1,\r\n      \"nama\": \"7 Rules\",\r\n      \"gambar\": \"https://1.bp.blogspot.com/-EgHl8SyFm4c/XujRu5L2adI/AAAAAAAAAug/Llobq5CxPTg_Be3kHQ52_XxRzDcI-jSHgCLcBGAsYHQ/s1600/seven%2Brules.jpg\"\r\n     \r\n    },\r\n    {\r\n      \"id\": 2,\r\n      \"nama\": \"Conversation\",\r\n      \"gambar\": \"https://1.bp.blogspot.com/-WetgcncItm4/XujSGD5br5I/AAAAAAAAAuo/zknAzOZCM2Ej4feUJ0If07Pvgtudf7dsgCLcBGAsYHQ/s1600/conversation.jpg\"\r\n     \r\n    },\r\n    {\r\n      \"id\": 3,\r\n      \"nama\": \"Mini Story\",\r\n      \"gambar\": \"https://1.bp.blogspot.com/-o3nV5XOsICo/XujSfUjxl5I/AAAAAAAAAuw/Xs5wSfMTZIsLcxXJX22uf_k20TihoUCvwCLcBGAsYHQ/s1600/easy-stories-podcast-cover.jpg\"\r\n    \r\n    },\r\n        {\r\n      \"id\": 4,\r\n      \"nama\": \"Vocabulary\",\r\n      \"gambar\": \"https://1.bp.blogspot.com/-RvCSygGNqBw/XujStTcduDI/AAAAAAAAAu0/CUl03bw_nHcvem5MUnGnP2br0-v42ZL3gCLcBGAsYHQ/s1600/vocab.jpg\"\r\n    \r\n    },\r\n     {\r\n      \"id\": 5,\r\n      \"nama\": \"Article\",\r\n      \"gambar\": \"https://1.bp.blogspot.com/-7kqhWyEpriU/XujS53mnWvI/AAAAAAAAAu8/61he8-9i4kofim8y2m5e3xXJ0J6hvQPAgCLcBGAsYHQ/s1600/article.png\"\r\n    \r\n    },\r\n     {\r\n      \"id\": 6,\r\n      \"nama\": \"General\",\r\n      \"gambar\": \"https://1.bp.blogspot.com/-MRIs6K0rHL4/XujUF561gzI/AAAAAAAAAvY/_ELczbHtnwAqlp2HdabA6-wtZQiF6ItQACLcBGAsYHQ/s1600/general.png\"\r\n    \r\n    },\r\n    {\r\n      \"id\": 7,\r\n      \"nama\": \"Slang\",\r\n      \"gambar\": \"https://1.bp.blogspot.com/-KjQAoQZKWHQ/XujTt3grT_I/AAAAAAAAAvQ/-gtSS011aeU-CRmjJXBgDnxm3ZGtCYObgCLcBGAsYHQ/s1600/slang.jpg\"\r\n    \r\n    },\r\n    {\r\n      \"id\": 8,\r\n      \"nama\": \"The Effortless English Show\",\r\n      \"gambar\": \"https://1.bp.blogspot.com/-htQrTtHVD2U/XvdScHFAVqI/AAAAAAAAAxs/S97PAlDd1kAL8uNC4MTwgrhH026nlx7hQCLcBGAsYHQ/s1600/1589300697_maxresdefault.jpg\"\r\n    \r\n    },\r\n    {\r\n      \"id\": 9,\r\n      \"nama\": \"Podcast\",\r\n      \"gambar\": \"https://1.bp.blogspot.com/-YRyaYepHOdk/XvgOhuMgXuI/AAAAAAAAAx4/bl81PcfWhXUPYHGrw0HRYa_Naf5GcAVVQCLcBGAsYHQ/s1600/podcast.jpg\"\r\n    \r\n    }\r\n  ],\r\n  \"Mainkan\": [\r\n    {\r\n      \"no\": 7,\r\n      \"idmp3\": \"7\",\r\n      \"nama_aut\": \"7 Rules\",\r\n      \"Judul\": \"Rule 1\",\r\n      \"url_mp3\": \"http://hwcdn.libsyn.com/p/9/f/b/9fbb438e6fd1813c/Rule1_EE.mp3?c_id=3633206&cs_id=3633206&expiration=1592299429&hwt=90cb846112a950b6a526fad468f3d69c\",\r\n      \"lirik\": \"https://effortlessenglish001.blogspot.com/2020/06/rule-1_16.html\"  \r\n      },\r\n    {\r\n       \"no\": 6,\r\n      \"idmp3\": \"6\",\r\n      \"nama_aut\": \"7 Rules\",\r\n     \"Judul\": \"Rule 2\",\r\n      \"url_mp3\": \"http://hwcdn.libsyn.com/p/3/9/f/39fcf9595b7bcf6e/Rule_2_EE.mp3?c_id=3633248&cs_id=3633248&expiration=1592309813&hwt=28c298e3d148458b0d86fd07d91f4f50\",\r\n      \"lirik\": \"https://effortlessenglish001.blogspot.com/2020/06/rule-2.html\"\r\n    },\r\n    {\r\n        \"no\": 5,\r\n      \"idmp3\": \"5\",\r\n      \"nama_aut\": \"7 Rules\",\r\n      \"Judul\": \"Rule 3\",\r\n      \"url_mp3\": \"http://hwcdn.libsyn.com/p/0/8/3/08352fd7b2936093/rule3_ee.mp3?c_id=3633306&cs_id=3633306&expiration=1592310048&hwt=8408d950679e5b816029d6ebd470a7d0\",\r\n      \"lirik\": \"https://effortlessenglish001.blogspot.com/2020/06/rule-3.html\" \r\n        \r\n    },\r\n    {\r\n        \"no\": 4,\r\n      \"idmp3\": \"4\",\r\n      \"nama_aut\": \"7 Rules\",\r\n      \"Judul\": \"Rule 4\",\r\n      \"url_mp3\": \"http://hwcdn.libsyn.com/p/b/c/a/bca5f40ded2c5cad/rule4_ee.mp3?c_id=3633375&cs_id=3633375&expiration=1592310020&hwt=4adc4850336ed30e4dad60bb21d1cd99\",\r\n      \"lirik\": \"https://effortlessenglish001.blogspot.com/2020/06/rule-4_16.html\"\r\n    },\r\n     {\r\n        \"no\": 3,\r\n      \"idmp3\": \"3\",\r\n      \"nama_aut\": \"7 Rules\",\r\n      \"Judul\": \"Rule 5\",\r\n      \"url_mp3\": \"http://hwcdn.libsyn.com/p/e/d/d/edd7fd63c7c483e6/RULE5EE.mp3?c_id=3633400&cs_id=3633400&expiration=1592310093&hwt=59622d7d82e8b89309741a7994bb398c\",\r\n      \"lirik\": \"https://effortlessenglish001.blogspot.com/2020/06/rule-5.html\"    \r\n         \r\n     },\r\n     {\r\n        \"no\": 2,\r\n      \"idmp3\": \"2\",\r\n      \"nama_aut\": \"7 Rules\",\r\n      \"Judul\": \"Rule 6\",\r\n      \"url_mp3\": \"http://hwcdn.libsyn.com/p/d/9/1/d91fd89477507d6e/rule6EE.mp3?c_id=3633426&cs_id=3633426&expiration=1592310383&hwt=9bba07a77f0202994ebdb58fb76b010a\",\r\n      \"lirik\": \"https://effortlessenglish001.blogspot.com/2020/06/rule-6.html\"   \r\n     },\r\n     {\r\n        \"no\": 1,\r\n      \"idmp3\": \"1\",\r\n      \"nama_aut\": \"7 Rules\",\r\n      \"Judul\": \"Rule 7\",\r\n      \"url_mp3\": \"http://hwcdn.libsyn.com/p/f/7/2/f72eb0c24dad0714/rule7EE.mp3?c_id=3633430&cs_id=3633430&expiration=1592310515&hwt=6020271016e6008d398a2c1a44006b6f\",\r\n      \"lirik\": \"https://effortlessenglish001.blogspot.com/2020/06/rule-7.html\" \r\n         \r\n     },\r\n     {\r\n        \"no\": 8,\r\n      \"idmp3\": \"8\",\r\n      \"nama_aut\": \"Conversation\",\r\n      \"Judul\": \"Real Conversation Lessons\",\r\n      \"url_mp3\": \"http://hwcdn.libsyn.com/p/2/7/9/279030c760ba7326/New_Real_Conversation_Lessons.mp3?c_id=1940739&cs_id=1940739&expiration=1592310255&hwt=4dd815928ed28bd01b81e5e66f26eabc\",\r\n      \"lirik\": \"\"    \r\n     },\r\n     {\r\n        \"no\": 9,\r\n      \"idmp3\": \"9\",\r\n      \"nama_aut\": \"Conversation\",\r\n      \"Judul\": \"Tiffani Home 1\",\r\n      \"url_mp3\": \"http://hwcdn.libsyn.com/p/a/7/b/a7ba8b0a4cacffc9/Tiffany_Home_1.mp3?c_id=1940579&cs_id=1940579&expiration=1592310521&hwt=5d9d970853b38901aa4197676ca92e7e\",\r\n      \"lirik\": \"\"      \r\n     },\r\n     {\r\n        \"no\": 10,\r\n      \"idmp3\": \"10\",\r\n      \"nama_aut\": \"Conversation\",\r\n      \"Judul\": \"Tiffany Home 2\",\r\n      \"url_mp3\": \"http://hwcdn.libsyn.com/p/d/7/1/d718cc9741afe8ee/Tiffany_Home_2.mp3?c_id=1940419&cs_id=1940419&expiration=1592310557&hwt=a5a696dcc933df62a560bf5b07c8f21d\",\r\n      \"lirik\": \"\"      \r\n     },\r\n     {\r\n        \"no\": 11,\r\n      \"idmp3\": \"11\",\r\n      \"nama_aut\": \"Conversation\",\r\n      \"Judul\": \"Chat With Kristin\",\r\n      \"url_mp3\": \"http://hwcdn.libsyn.com/p/b/0/3/b0333c0453af045b/Chat_With_Kristin_Re_Veg.mp3?c_id=1940410&cs_id=1940410&expiration=1592310644&hwt=1bb1fa6662be5e6fb5abe1e88f2d0a95\",\r\n      \"lirik\": \"\"      \r\n     },\r\n     {\r\n        \"no\": 12,\r\n      \"idmp3\": \"12\",\r\n      \"nama_aut\": \"Conversation\",\r\n      \"Judul\": \"Chris Home 1\",\r\n      \"url_mp3\": \"http://hwcdn.libsyn.com/p/a/0/f/a0f5ee28bd15e3fc/Chris_Home_1.mp3?c_id=1940564&cs_id=1940564&expiration=1592311764&hwt=001570d4e37beb3288eb67468acadea3\",\r\n      \"lirik\": \"\"      \r\n     },\r\n     {\r\n        \"no\": 13,\r\n      \"idmp3\": \"13\",\r\n      \"nama_aut\": \"Conversation\",\r\n      \"Judul\": \"Chris Home 2\",\r\n      \"url_mp3\": \"http://hwcdn.libsyn.com/p/5/e/d/5edd73fa32b28d20/Chris_Home_2.mp3?c_id=1940562&cs_id=1940562&expiration=1592311553&hwt=762bd79fa2e949ea3acadd14855227d8\",\r\n      \"lirik\": \"\"      \r\n     },\r\n     {\r\n        \"no\": 14,\r\n      \"idmp3\": \"14\",\r\n      \"nama_aut\": \"Conversation\",\r\n      \"Judul\": \"Nate In Japan Correction\",\r\n      \"url_mp3\": \"http://hwcdn.libsyn.com/p/7/6/d/76d3e43f71fb1fff/Nate_In_Japan-Correction.mp3?c_id=1940063&cs_id=1940063&expiration=1592311356&hwt=ff937caa5c4d499ec88fb227567e83f4\",\r\n      \"lirik\": \"\"      \r\n     },\r\n     {\r\n        \"no\": 15,\r\n      \"idmp3\": \"15\",\r\n      \"nama_aut\": \"Conversation\",\r\n      \"Judul\": \"Pronunciation AJ and Steve\",\r\n      \"url_mp3\": \"http://hwcdn.libsyn.com/p/1/6/2/1625a8eba5aa2fb5/Pronunciation_AJ_and_Steve.mp3?c_id=1940001&cs_id=1940001&expiration=1592311694&hwt=c2836ae94d0b382e2fcb2f768ee53b06\",\r\n      \"lirik\": \"\"      \r\n     },\r\n     {\r\n        \"no\": 16,\r\n      \"idmp3\": \"16\",\r\n      \"nama_aut\": \"Mini Story\",\r\n      \"Judul\": \"Our Universal Journey\",\r\n      \"url_mp3\": \"http://hwcdn.libsyn.com/p/1/7/d/17d145cad6ab9c3b/Our_Universal_Journey_Mini-.mp3?c_id=1940178&cs_id=1940178&expiration=1592311748&hwt=a6d0de8d6a18a5c1caddfe1bc1198edf\",\r\n      \"lirik\": \"\"      \r\n     },\r\n          {\r\n        \"no\": 17,\r\n      \"idmp3\": \"17\",\r\n      \"nama_aut\": \"Mini Story\",\r\n      \"Judul\": \"Storytelling Mini Story\",\r\n      \"url_mp3\": \"http://hwcdn.libsyn.com/p/3/a/a/3aa30a22e8b67d99/Storytelling_Mini-Story.mp3?c_id=1940376&cs_id=1940376&expiration=1592311775&hwt=d3e1a8e2a6d90c02e5fcba3bce9e6e5d\",\r\n      \"lirik\": \"\"      \r\n     },\r\n               {\r\n        \"no\": 18,\r\n      \"idmp3\": \"18\",\r\n      \"nama_aut\": \"Mini Story\",\r\n      \"Judul\": \"Ninja Teacher\",\r\n      \"url_mp3\": \"http://hwcdn.libsyn.com/p/d/9/0/d900200e3a8f65d9/Ninja_Teacher.mp3?c_id=1941085&cs_id=1941085&expiration=1592313417&hwt=e4c037e02a41e69e18a15ec78450f684\",\r\n      \"lirik\": \"\"      \r\n     },\r\n     {\r\n        \"no\": 19,\r\n      \"idmp3\": \"19\",\r\n      \"nama_aut\": \"Vocabulary\",\r\n      \"Judul\": \"Why Grammar Is Bad Vocab\",\r\n      \"url_mp3\": \"http://hwcdn.libsyn.com/p/7/b/d/7bd2f4885b4522db/Why_Grammar_Is_Bad-Vocab.mp3?c_id=1940156&cs_id=1940156&expiration=1592313107&hwt=557d22149045d8ec27535f07af418372\",\r\n      \"lirik\": \"\"      \r\n     },\r\n     {\r\n        \"no\": 20,\r\n      \"idmp3\": \"20\",\r\n      \"nama_aut\": \"Vocabulary\",\r\n      \"Judul\": \"Violence Vocab\",\r\n      \"url_mp3\": \"http://hwcdn.libsyn.com/p/0/5/b/05b800aa7a77a13b/Violence-Vocab.mp3?c_id=1940125&cs_id=1940125&expiration=1592312596&hwt=a7b4c90f94a7d43441ec2b8c7a16ccf3\",\r\n      \"lirik\": \"\"      \r\n     },\r\n      {\r\n        \"no\": 21,\r\n      \"idmp3\": \"21\",\r\n      \"nama_aut\": \"Vocabulary\",\r\n      \"Judul\": \"Inspiration Vocab\",\r\n      \"url_mp3\": \"http://hwcdn.libsyn.com/p/8/6/c/86cf54ecf1b70024/Inspiration-Vocab.mp3?c_id=1940117&cs_id=1940117&expiration=1592313412&hwt=9141a2133edbd63fbef3daf45d979813\",\r\n      \"lirik\": \"\"      \r\n     },\r\n     {\r\n        \"no\": 22,\r\n      \"idmp3\": \"22\",\r\n      \"nama_aut\": \"Vocabulary\",\r\n      \"Judul\": \"Remaining Friends Vocab\",\r\n      \"url_mp3\": \"http://hwcdn.libsyn.com/p/e/8/6/e869f51a5721e180/Remaining_Friends-Vocab.mp3?c_id=1940106&cs_id=1940106&expiration=1592312717&hwt=61b244a08966806329296c6a4113cc5b\",\r\n      \"lirik\": \"\"      \r\n     },\r\n     {\r\n        \"no\": 23,\r\n      \"idmp3\": \"23\",\r\n      \"nama_aut\": \"Vocabulary\",\r\n      \"Judul\": \"Alan Watts Intel Vocab\",\r\n      \"url_mp3\": \"http://hwcdn.libsyn.com/p/1/3/5/135ced737844801d/Alan_Watts_Intel-_Vocab.mp3?c_id=1940081&cs_id=1940081&expiration=1592312880&hwt=8721a740b82390bd896e9689b994d073\",\r\n      \"lirik\": \"\"      \r\n     },\r\n          {\r\n        \"no\": 24,\r\n      \"idmp3\": \"24\",\r\n      \"nama_aut\": \"Article\",\r\n      \"Judul\": \"Use Focal Skills\",\r\n      \"url_mp3\": \"http://hwcdn.libsyn.com/p/0/7/b/07b6f482714a905d/Use_Focal_Skills.mp3?c_id=1940305&cs_id=1940305&expiration=1592314147&hwt=8ce08509fde9e6c6d855722796b6b7e5\",\r\n      \"lirik\": \"\"      \r\n     },\r\n       {\r\n        \"no\": 25,\r\n      \"idmp3\": \"25\",\r\n      \"nama_aut\": \"Article\",\r\n      \"Judul\": \"Learn Like a Child\",\r\n      \"url_mp3\": \"http://hwcdn.libsyn.com/p/d/b/3/db3d80da272d02f0/Learn_Like_a_Child.mp3?c_id=1940296&cs_id=1940296&expiration=1592313613&hwt=7d976b40140673a93a4cb5d7442232df\",\r\n      \"lirik\": \"\"      \r\n     },\r\n     {\r\n        \"no\": 26,\r\n      \"idmp3\": \"26\",\r\n      \"nama_aut\": \"Article\",\r\n      \"Judul\": \"Mind Maps\",\r\n      \"url_mp3\": \"http://hwcdn.libsyn.com/p/f/b/2/fb2a131d04e3f384/Mind_Maps.mp3?c_id=1940201&cs_id=1940201&expiration=1592312858&hwt=1b596ffd923f354f9f80f1a6d6a638e7\",\r\n      \"lirik\": \"\"      \r\n     },\r\n\t{\r\n        \"no\": 27,\r\n      \"idmp3\": \"27\",\r\n      \"nama_aut\": \"Article\",\r\n      \"Judul\": \"New Years Resolutions\",\r\n      \"url_mp3\": \"http://hwcdn.libsyn.com/p/4/f/1/4f1c449f27a2da94/New_Years_Resolutions.mp3?c_id=1940197&cs_id=1940197&expiration=1592312775&hwt=9df10e0fd3756603ebdc45a4252c7874\",\r\n      \"lirik\": \"\"      \r\n     },\r\n     \t{\r\n        \"no\": 28,\r\n      \"idmp3\": \"28\",\r\n      \"nama_aut\": \"Article\",\r\n      \"Judul\": \"Cafe Puccini\",\r\n      \"url_mp3\": \"http://hwcdn.libsyn.com/p/8/3/d/83d5be703d40882e/Cafe_Puccini.mp3?c_id=1940189&cs_id=1940189&expiration=1592312877&hwt=d170267668a4d1bbe62881ac3e4d0361\",\r\n      \"lirik\": \"\"      \r\n     },\r\n     \t{\r\n        \"no\": 29,\r\n      \"idmp3\": \"29\",\r\n      \"nama_aut\": \"Article\",\r\n      \"Judul\": \"No Pain No Gain\",\r\n      \"url_mp3\": \"http://hwcdn.libsyn.com/p/f/3/f/f3f94ec07d839098/No_Pain_No_Gain.mp3?c_id=1940292&cs_id=1940292&expiration=1592313026&hwt=3197365d18ce7bbcee91373ed2388adf\",\r\n      \"lirik\": \"\"      \r\n     },\r\n     \t{\r\n        \"no\": 30,\r\n      \"idmp3\": \"30\",\r\n      \"nama_aut\": \"Article\",\r\n      \"Judul\": \"Our Universal Journey\",\r\n      \"url_mp3\": \"http://hwcdn.libsyn.com/p/e/0/2/e02dd3833da478ea/Our_Universal_Journey.mp3?c_id=1940169&cs_id=1940169&expiration=1592313035&hwt=38430c3327ccf7e1057954965e3522f0\",\r\n      \"lirik\": \"\"      \r\n     },\r\n     \t{\r\n        \"no\": 31,\r\n      \"idmp3\": \"31\",\r\n      \"nama_aut\": \"Article\",\r\n      \"Judul\": \"Effortless English Vision\",\r\n      \"url_mp3\": \"http://hwcdn.libsyn.com/p/2/a/c/2ac09b91b77025b3/Effortless_English_Vision.mp3?c_id=1940057&cs_id=1940057&expiration=1592313789&hwt=c9e0fe416703babc9410a1ee990bb06d\",\r\n      \"lirik\": \"\"      \r\n     },\r\n          \t{\r\n        \"no\": 32,\r\n      \"idmp3\": \"32\",\r\n      \"nama_aut\": \"General\",\r\n      \"Judul\": \"English Mastery Formula\",\r\n      \"url_mp3\": \"http://hwcdn.libsyn.com/p/a/3/b/a3b7a1d949f9b444/English_Mastery_Formula.mp3?c_id=1940943&cs_id=1940943&expiration=1592313485&hwt=a2e99c2da9b3057c254ced4ad9014cec\",\r\n      \"lirik\": \"\"      \r\n     },\r\n    {\r\n        \"no\": 33,\r\n      \"idmp3\": \"33\",\r\n      \"nama_aut\": \"General\",\r\n      \"Judul\": \"Learn English Naturally\",\r\n      \"url_mp3\": \"http://hwcdn.libsyn.com/p/4/3/e/43ea612d5e162c33/Learn_English_Naturally.mp3?c_id=1940895&cs_id=1940895&expiration=1592313510&hwt=15886d8748815dfd9fe70cb858ed8654\",\r\n      \"lirik\": \"\"      \r\n     },\r\n      {\r\n        \"no\": 34,\r\n      \"idmp3\": \"34\",\r\n      \"nama_aut\": \"General\",\r\n      \"Judul\": \"The Best Investment\",\r\n      \"url_mp3\": \"http://hwcdn.libsyn.com/p/b/9/b/b9b7d81b9a2e35ce/The_Best_Investment.mp3?c_id=1940730&cs_id=1940730&expiration=1592313799&hwt=f5bb6b97e9d40072816f5b5a0af81bb2\",\r\n      \"lirik\": \"\"      \r\n     },\r\n    {\r\n        \"no\": 35,\r\n      \"idmp3\": \"35\",\r\n      \"nama_aut\": \"General\",\r\n      \"Judul\": \"Subconscious Learning\",\r\n      \"url_mp3\": \"http://hwcdn.libsyn.com/p/4/c/3/4c3a8fac53cfe539/Subconscious_Learning.mp3?c_id=1940775&cs_id=1940775&expiration=1592313507&hwt=e13f20b0e9070d1163d3cf8b23b07e38\",\r\n      \"lirik\": \"\"      \r\n     },\r\n\t{\r\n        \"no\": 36,\r\n      \"idmp3\": \"36\",\r\n      \"nama_aut\": \"General\",\r\n      \"Judul\": \"Super Fast\",\r\n      \"url_mp3\": \"http://hwcdn.libsyn.com/p/4/d/f/4df1e62f2a15d440/Super_Fast.mp3?c_id=1940741&cs_id=1940741&expiration=1592313580&hwt=30ef33651dbfce0e765d3b88abc80045\",\r\n      \"lirik\": \"\"      \r\n     },\r\n     \t{\r\n        \"no\": 37,\r\n      \"idmp3\": \"37\",\r\n      \"nama_aut\": \"General\",\r\n      \"Judul\": \"English Learning Psychology\",\r\n      \"url_mp3\": \"http://hwcdn.libsyn.com/p/c/5/b/c5bd5c9eda7ef662/English_Learning_Psychology.mp3?c_id=1940724&cs_id=1940724&expiration=1592313829&hwt=b9ab2e024f96121f071a17a5003f8a9d\",\r\n      \"lirik\": \"\"      \r\n     },\r\n     \t{\r\n        \"no\": 38,\r\n      \"idmp3\": \"38\",\r\n      \"nama_aut\": \"General\",\r\n      \"Judul\": \"You Need Emotion\",\r\n      \"url_mp3\": \"http://hwcdn.libsyn.com/p/0/6/9/0692a23cb30902a0/You_Need_Emotion.mp3?c_id=1940669&cs_id=1940669&expiration=1592313686&hwt=3f8c3a6a83237cee003cdc13f509d264\",\r\n      \"lirik\": \"\"      \r\n     },\r\n     \t{\r\n        \"no\": 39,\r\n      \"idmp3\": \"39\",\r\n      \"nama_aut\": \"General\",\r\n      \"Judul\": \"Top 5 English Learning Mistakes\",\r\n      \"url_mp3\": \"http://hwcdn.libsyn.com/p/e/d/e/ede5c26175703f1d/Top_5_English_Learning_Mistakes.mp3?c_id=1940656&cs_id=1940656&expiration=1592313861&hwt=e041d061d84614acef6162859e10bf02\",\r\n      \"lirik\": \"\"      \r\n     },\r\n          \t{\r\n        \"no\": 40,\r\n      \"idmp3\": \"40\",\r\n      \"nama_aut\": \"General\",\r\n      \"Judul\": \"Learn English with MP3 Players\",\r\n      \"url_mp3\": \"http://hwcdn.libsyn.com/p/9/1/8/91860ea2753509ff/Learn_English_With_MP3_Players.mp3?c_id=1940703&cs_id=1940703&expiration=1592313688&hwt=667aa881d9de79d7830aa39bf956a5be\",\r\n      \"lirik\": \"\"      \r\n     },\r\n      \t{\r\n        \"no\": 41,\r\n      \"idmp3\": \"41\",\r\n      \"nama_aut\": \"General\",\r\n      \"Judul\": \"New Free Report English Trauma\",\r\n      \"url_mp3\": \"http://hwcdn.libsyn.com/p/3/2/8/328152cd1a992ce9/New_Free_Report_English_Trauma.mp3?c_id=1940615&cs_id=1940615&expiration=1592313741&hwt=e38ca8332d2c0cdce67c6880ca686137\",\r\n      \"lirik\": \"\"      \r\n     },\r\n           \t{\r\n        \"no\": 42,\r\n      \"idmp3\": \"42\",\r\n      \"nama_aut\": \"General\",\r\n      \"Judul\": \"Fun In Osaka\",\r\n      \"url_mp3\": \"http://hwcdn.libsyn.com/p/6/a/e/6ae06feaf73eec0f/Fun_In_Osaka.mp3?c_id=1940614&cs_id=1940614&expiration=1592313824&hwt=a48b402d49168fe8f5c5401fabf34a62\",\r\n      \"lirik\": \"\"      \r\n     },\r\n     \t{\r\n        \"no\": 43,\r\n      \"idmp3\": \"43\",\r\n      \"nama_aut\": \"General\",\r\n      \"Judul\": \"American Accent Training\",\r\n      \"url_mp3\": \"http://hwcdn.libsyn.com/p/c/c/d/ccd50e51010009fe/American_Accent_Training.mp3?c_id=1940513&cs_id=1940513&expiration=1592314065&hwt=b0610c987a352dca2b25494b65f2d4a2\",\r\n      \"lirik\": \"\"      \r\n     },\r\n     \t{\r\n        \"no\": 44,\r\n      \"idmp3\": \"44\",\r\n      \"nama_aut\": \"General\",\r\n      \"Judul\": \"Passion Is Important\",\r\n      \"url_mp3\": \"http://hwcdn.libsyn.com/p/f/c/6/fc67c5130fea8098/Passion_Is_Important.mp3?c_id=1940468&cs_id=1940468&expiration=1592314023&hwt=7bc28ee402d8cff113a6487f7ae6011a\",\r\n      \"lirik\": \"\"      \r\n     },\r\n     \t{\r\n        \"no\": 45,\r\n      \"idmp3\": \"45\",\r\n      \"nama_aut\": \"General\",\r\n      \"Judul\": \"Perfection\",\r\n      \"url_mp3\": \"http://hwcdn.libsyn.com/p/d/a/b/dabd1d21e850fa90/Perfection.mp3?c_id=1940348&cs_id=1940348&expiration=1592314629&hwt=a7b7f72b7d6b709e6219b15cd8103d82\",\r\n      \"lirik\": \"\"      \r\n     },\r\n     \t{\r\n        \"no\": 46,\r\n      \"idmp3\": \"46\",\r\n      \"nama_aut\": \"Slang\",\r\n      \"Judul\": \"Its My Life\",\r\n      \"url_mp3\": \"http://hwcdn.libsyn.com/p/1/1/8/11833e5ca07aed00/ItsMyLife.mp3?c_id=4760019&cs_id=4760019&destination_id=17069&expiration=1592316429&hwt=c3e3236cbe7ba082a326a8d9ae5b589a\",\r\n      \"lirik\": \"\"      \r\n     },\r\n     \t{\r\n        \"no\": 47,\r\n      \"idmp3\": \"47\",\r\n      \"nama_aut\": \"Slang\",\r\n      \"Judul\": \"Slang Podcast\",\r\n      \"url_mp3\": \"http://hwcdn.libsyn.com/p/4/2/8/428577a69556815c/Slang_Podcast.mp3?c_id=1940600&cs_id=1940600&destination_id=17069&expiration=1592314837&hwt=3b453567161fe6a3ba34bdd4d1626700\",\r\n      \"lirik\": \"\"      \r\n     },\r\n          \t{\r\n        \"no\": 48,\r\n      \"idmp3\": \"48\",\r\n      \"nama_aut\": \"Slang\",\r\n      \"Judul\": \"Kick Ass With English\",\r\n      \"url_mp3\": \"http://hwcdn.libsyn.com/p/2/6/f/26f327796582d6c2/Kick_Ass_With_English.mp3?c_id=1940518&cs_id=1940518&destination_id=17069&expiration=1592315016&hwt=97febc5df152b39235eec2ef4020764f\",\r\n      \"lirik\": \"\"      \r\n     },\r\n               \t{\r\n        \"no\": 49,\r\n      \"idmp3\": \"49\",\r\n      \"nama_aut\": \"Slang\",\r\n      \"Judul\": \"Have A Blast\",\r\n      \"url_mp3\": \"http://hwcdn.libsyn.com/p/b/a/2/ba23dc5edcedc0b0/Have_A_Blast.mp3?c_id=1940342&cs_id=1940342&destination_id=17069&expiration=1592315738&hwt=e7636d3c61f35da2217c1b7e64b3406a\",\r\n      \"lirik\": \"\"      \r\n     },\r\n        \t{\r\n        \"no\": 50,\r\n      \"idmp3\": \"50\",\r\n      \"nama_aut\": \"Slang\",\r\n      \"Judul\": \"Watcha Wanna Do\",\r\n      \"url_mp3\": \"http://hwcdn.libsyn.com/p/9/5/1/9519bc30c5c6e369/WatchaWannaDo.mp3?c_id=1940333&cs_id=1940333&destination_id=17069&expiration=1592316179&hwt=d6e904a1468d57f8a45eaaed3c1d6e11\",\r\n      \"lirik\": \"\"      \r\n     },\r\n\t{\r\n        \"no\": 51,\r\n      \"idmp3\": \"51\",\r\n      \"nama_aut\": \"Slang\",\r\n      \"Judul\": \"Get A Grip!\",\r\n      \"url_mp3\": \"http://hwcdn.libsyn.com/p/4/2/4/4241d36eed91f37f/Get_A_Grip.mp3?c_id=1940340&cs_id=1940340&destination_id=17069&expiration=1593266282&hwt=5ad0b2d6c99ea5a9a33280249166b944\",\r\n      \"lirik\": \"\"      \r\n     }  ,\r\n\t{\r\n        \"no\": 52,\r\n      \"idmp3\": \"52\",\r\n      \"nama_aut\": \"Slang\",\r\n      \"Judul\": \"Rip-off\",\r\n      \"url_mp3\": \"http://hwcdn.libsyn.com/p/b/9/5/b958d6531312f2a3/Rip-off.mp3?c_id=1940329&cs_id=1940329&destination_id=17069&expiration=1593266508&hwt=2af6df4ce296d7b7eaa971f7bcdddeb0\",\r\n      \"lirik\": \"\"      \r\n     },\r\n    { \r\n\t\"no\": 53,\r\n      \"idmp3\": \"53\",\r\n      \"nama_aut\": \"Slang\",\r\n      \"Judul\": \"Shit!\",\r\n      \"url_mp3\": \"http://hwcdn.libsyn.com/p/8/1/a/81acfd2d7298e1f5/Shit.mp3?c_id=1940321&cs_id=1940321&destination_id=17069&expiration=1593266098&hwt=76dc1939c821f98f456083d344089a13\",\r\n      \"lirik\": \"\"      \r\n     } ,\r\n\t     { \r\n\t\"no\": 54,\r\n      \"idmp3\": \"54\",\r\n      \"nama_aut\": \"Slang\",\r\n      \"Judul\": \"Bunk\",\r\n      \"url_mp3\": \"http://hwcdn.libsyn.com/p/6/3/3/633071381ef66216/Bunk.mp3?c_id=1940318&cs_id=1940318&destination_id=17069&expiration=1593266172&hwt=383eaa779973abe35b805968216414f4\",\r\n      \"lirik\": \"\"      \r\n     },\r\n\t{ \r\n\t\"no\": 55,\r\n      \"idmp3\": \"55\",\r\n      \"nama_aut\": \"Slang\",\r\n      \"Judul\": \"What's Up\",\r\n      \"url_mp3\": \"http://hwcdn.libsyn.com/p/7/8/e/78e6fe7bc936a864/Whats_Up.mp3?c_id=1940316&cs_id=1940316&destination_id=17069&expiration=1593266446&hwt=619811f4cd4bab6751c578522059cdb1\",\r\n      \"lirik\": \"\"      \r\n     } ,\r\n\t \t{ \r\n\t\"no\": 56,\r\n      \"idmp3\": \"56\",\r\n      \"nama_aut\": \"Slang\",\r\n      \"Judul\": \"I'm Down With English\",\r\n      \"url_mp3\": \"http://hwcdn.libsyn.com/p/4/f/6/4f6835a3706bca1a/Down.mp3?c_id=1940311&cs_id=1940311&destination_id=17069&expiration=1593266350&hwt=5542e84aff3a688a3f6b2b2a5453cf9b\",\r\n      \"lirik\": \"\"      \r\n     } ,\r\n\t{ \r\n\t\"no\": 57,\r\n      \"idmp3\": \"57\",\r\n      \"nama_aut\": \"The Effortless English Show\",\r\n      \"Judul\": \"Learn English with Dave Rubin and Dr Haidt\",\r\n      \"url_mp3\": \"http://hwcdn.libsyn.com/p/0/b/3/0b3fd5620fc563bb/Learn-English-With-Dave-Rubin-Dr-Haidt.mp3?c_id=14445683&cs_id=14445683&destination_id=17069&expiration=1593270124&hwt=7f71ad09958b29511554a10265bdeaee\",\r\n      \"lirik\": \"\"      \r\n     }  ,\r\n\t \t{ \r\n\t\"no\": 58,\r\n      \"idmp3\": \"58\",\r\n      \"nama_aut\": \"The Effortless English Show\",\r\n      \"Judul\": \"Attitude of Gratitude\",\r\n      \"url_mp3\": \"http://hwcdn.libsyn.com/p/2/7/8/2780c0cb9c16a0d7/Attitude-Of-Gratitude-Show.mp3?c_id=11590899&cs_id=11590899&destination_id=17069&expiration=1593268549&hwt=577bc65e06cdf6dcf24b0759983c66a2\",\r\n      \"lirik\": \"\"      \r\n     } ,\r\n\t{ \r\n\t\"no\": 59,\r\n      \"idmp3\": \"59\",\r\n      \"nama_aut\": \"The Effortless English Show\",\r\n      \"Judul\": \"Learn English Over 50\",\r\n      \"url_mp3\": \"http://hwcdn.libsyn.com/p/5/1/d/51d3f9bd77be9787/English-Over-50.mp3?c_id=10107935&cs_id=10107935&destination_id=17069&expiration=1593267462&hwt=42843d3e376e93b8100d8b1a4e2df0d2\",\r\n      \"lirik\": \"\"      \r\n     } ,\r\n\t \t{ \r\n\t\"no\": 60,\r\n      \"idmp3\": \"60\",\r\n      \"nama_aut\": \"The Effortless English Show\",\r\n      \"Judul\": \"Kenny Peavy\",\r\n      \"url_mp3\": \"http://hwcdn.libsyn.com/p/5/a/2/5a26cfc8dbb6e4fb/KennyPeavy.mp3?c_id=9937392&cs_id=9937392&destination_id=17069&expiration=1593268370&hwt=4245ab776b4a57e441c92169e290cd2f\",\r\n      \"lirik\": \"\"      \r\n     },             \r\n   \t{ \r\n\t\"no\": 61,\r\n      \"idmp3\": \"61\",\r\n      \"nama_aut\": \"The Effortless English Show\",\r\n      \"Judul\": \"Decisions Change Your Life\",\r\n      \"url_mp3\": \"http://hwcdn.libsyn.com/p/7/6/3/763b66a7356527dd/Decisions_Change_Your_Life.mp3?c_id=8773092&cs_id=8773092&destination_id=17069&expiration=1593269569&hwt=83bbe30d4382dd01c491e00ba45b5915\",\r\n      \"lirik\": \"\"      \r\n     }  ,\r\n     {\r\n\t \t\"no\": 62,\r\n      \"idmp3\": \"62\",\r\n      \"nama_aut\": \"The Effortless English Show\",\r\n      \"Judul\": \"Great Teachers and Tutors\",\r\n      \"url_mp3\": \"http://hwcdn.libsyn.com/p/8/2/c/82cf77ea86a41e21/Great_Teachers_and_Tutors.mp3?c_id=8772975&cs_id=8772975&destination_id=17069&expiration=1593271024&hwt=3992ab35f820420eabc003365706d463\",\r\n      \"lirik\": \"\"      \r\n     } ,\r\n\t      {\r\n\t \t\"no\": 63,\r\n      \"idmp3\": \"63\",\r\n      \"nama_aut\": \"The Effortless English Show\",\r\n      \"Judul\": \"Boldly Go and Learn\",\r\n      \"url_mp3\": \"http://hwcdn.libsyn.com/p/2/a/6/2a684926630c811d/Boldly_Go_And_Learn.mp3?c_id=8550511&cs_id=8550511&destination_id=17069&expiration=1593270988&hwt=233959bffd5c8a9610b5b1868ccffbb1\",\r\n      \"lirik\": \"\"      \r\n     }  ,\r\n\t{\r\n\t \t\"no\": 64,\r\n      \"idmp3\": \"64\",\r\n      \"nama_aut\": \"The Effortless English Show\",\r\n      \"Judul\": \"Danger, Fear, and Initiative\",\r\n      \"url_mp3\": \"http://hwcdn.libsyn.com/p/2/0/2/2028ac4e676a0435/Danger_Fear_Initiative.mp3?c_id=8499438&cs_id=8499438&destination_id=17069&expiration=1593270746&hwt=2b669820220c74bb00c0581384e4b1d3\",\r\n      \"lirik\": \"\"      \r\n     } ,\r\n\t \t{\r\n\t \t\"no\": 66,\r\n      \"idmp3\": \"66\",\r\n      \"nama_aut\": \"The Effortless English Show\",\r\n      \"Judul\": \"Audiobooks and Books\",\r\n      \"url_mp3\": \"http://hwcdn.libsyn.com/p/8/7/9/87907b046ad974ee/Audiobooks_and_English.mp3?c_id=8254280&cs_id=8254280&destination_id=17069&expiration=1593268674&hwt=e0b77790a157a47388f75811233bab32\",\r\n      \"lirik\": \"\"      \r\n     } ,\r\n\t \t \t{\r\n\t \t\"no\": 67,\r\n      \"idmp3\": \"67\",\r\n      \"nama_aut\": \"The Effortless English Show\",\r\n      \"Judul\": \"Sacrifice, Risk, and Success\",\r\n      \"url_mp3\": \"http://hwcdn.libsyn.com/p/3/8/2/3823e396a0c099c4/Sacrifice-Risk-Success-AJ-Hoge.mp3?c_id=7743422&cs_id=7743422&destination_id=17069&expiration=1593269910&hwt=fc3b3d02958f4bc8d62151210d95f5ba\",\r\n      \"lirik\": \"\"      \r\n     }    ,\r\n\t \t \t \t{\r\n\t \t\"no\": 68,\r\n      \"idmp3\": \"68\",\r\n      \"nama_aut\": \"The Effortless English Show\",\r\n      \"Judul\": \"How To Learn Effortlessly\",\r\n      \"url_mp3\": \"http://hwcdn.libsyn.com/p/3/5/3/353dfac64a774cbd/How_To_Learn_Effortlessly.mp3?c_id=7672876&cs_id=7672876&destination_id=17069&expiration=1593269792&hwt=c3297c296f05a99b3a27f65843b175e0\",\r\n      \"lirik\": \"\"      \r\n     },\r\n{\r\n\t \t\"no\": 69,\r\n      \"idmp3\": \"69\",\r\n      \"nama_aut\": \"The Effortless English Show\",\r\n      \"Judul\": \"Learning Momentum and Inertia\",\r\n      \"url_mp3\": \"http://hwcdn.libsyn.com/p/3/e/d/3ed09e35a05b02b6/Learning_Momentum_and_Inertia.mp3?c_id=7646386&cs_id=7646386&destination_id=17069&expiration=1593270190&hwt=706a85e19e5499c4799605ef07ab7656\",\r\n      \"lirik\": \"\"      \r\n     } ,\r\n\t {\r\n\t \t\"no\": 70,\r\n      \"idmp3\": \"70\",\r\n      \"nama_aut\": \"The Effortless English Show\",\r\n      \"Judul\": \"Choosing An English School or Class\",\r\n      \"url_mp3\": \"http://hwcdn.libsyn.com/p/a/4/0/a408fa5e48b0eb91/Choose-An-English-Class-or-School.mp3?c_id=7545264&cs_id=7545264&destination_id=17069&expiration=1593270134&hwt=a9710374fc8ccb673959aee7cefe8100\",\r\n      \"lirik\": \"\"      \r\n     }  ,\r\n\t \t {\r\n\t \t\"no\": 71,\r\n      \"idmp3\": \"71\",\r\n      \"nama_aut\": \"The Effortless English Show\",\r\n      \"Judul\": \"Low Motivation Solution\",\r\n      \"url_mp3\": \"http://hwcdn.libsyn.com/p/8/7/9/879860c595d992fa/Low-Motivation-Solution.mp3?c_id=7534072&cs_id=7534072&destination_id=17069&expiration=1593270411&hwt=6d583bde448eb3ebb49b7a6e082022df\",\r\n      \"lirik\": \"\"      \r\n     },\r\n\t  {\r\n\t \t\"no\": 72,\r\n      \"idmp3\": \"72\",\r\n      \"nama_aut\": \"The Effortless English Show\",\r\n      \"Judul\": \"Fear Of Mistakes\",\r\n      \"url_mp3\": \"http://hwcdn.libsyn.com/p/0/7/c/07c406bd3b15663c/Fear-Of-Mistakes.mp3?c_id=7512842&cs_id=7512842&destination_id=17069&expiration=1593271347&hwt=761c653fc3724d4c8f5305747cef73f2\",\r\n      \"lirik\": \"\"      \r\n     } ,\r\n\t \t  {\r\n\t \t\"no\": 73,\r\n      \"idmp3\": \"73\",\r\n      \"nama_aut\": \"The Effortless English Show\",\r\n      \"Judul\": \"English Frustrations and Challenges\",\r\n      \"url_mp3\": \"http://hwcdn.libsyn.com/p/f/2/5/f259798fce486066/English-Frustrations-and-Challenges.mp3?c_id=7357438&cs_id=7357438&destination_id=17069&expiration=1593271175&hwt=6440adc6331c30afb2e0c0dc389123d5\",\r\n      \"lirik\": \"\"      \r\n     }  ,\r\n\t \t \t  {\r\n\t \t\"no\": 74,\r\n      \"idmp3\": \"74\",\r\n      \"nama_aut\": \"The Effortless English Show\",\r\n      \"Judul\": \"How To Create Confidence\",\r\n      \"url_mp3\": \"http://hwcdn.libsyn.com/p/c/2/7/c27f1e0b3f4dae66/How-to-Create-Confidence.mp3?c_id=7261351&cs_id=7261351&destination_id=17069&expiration=1593271175&hwt=6f95c5931f89cd83cf4326ef67ba4c13\",\r\n      \"lirik\": \"\"      \r\n     } ,\r\n\t  {\r\n\t \t\"no\": 75,\r\n      \"idmp3\": \"75\",\r\n      \"nama_aut\": \"The Effortless English Show\",\r\n      \"Judul\": \"The Silent Period and Listening\",\r\n      \"url_mp3\": \"http://hwcdn.libsyn.com/p/6/3/e/63e641e5ebe1a213/Listening-and-The-Silent-Period.mp3?c_id=7237970&cs_id=7237970&destination_id=17069&expiration=1593273000&hwt=36cfe355ad53c75b3eb46ada2d809305\",\r\n      \"lirik\": \"\"      \r\n     }  ,\r\n\t \t  {\r\n\t \t\"no\": 76,\r\n      \"idmp3\": \"76\",\r\n      \"nama_aut\": \"The Effortless English Show\",\r\n      \"Judul\": \"Using Stories To Learn English\",\r\n      \"url_mp3\": \"http://hwcdn.libsyn.com/p/0/c/d/0cd12ceed6e193e4/Using-Stories-To-Learn-English.mp3?c_id=7217843&cs_id=7217843&destination_id=17069&expiration=1593272241&hwt=f2c92226379e81a2547889abe51bb416\",\r\n      \"lirik\": \"\"      \r\n     }  ,\r\n\t \t \t  {\r\n\t \t\"no\": 77,\r\n      \"idmp3\": \"77\",\r\n      \"nama_aut\": \"The Effortless English Show\",\r\n      \"Judul\": \"English Public Speaking\",\r\n      \"url_mp3\": \"http://hwcdn.libsyn.com/p/d/5/0/d506f8ed8c19418e/English-Public-Speaking.mp3?c_id=7191526&cs_id=7191526&destination_id=17069&expiration=1593271771&hwt=0bfda11c88f4323933377d93e0cc86dd\",\r\n      \"lirik\": \"\"      \r\n     } ,\r\n\t {\r\n\t \t\"no\": 78,\r\n      \"idmp3\": \"78\",\r\n      \"nama_aut\": \"The Effortless English Show\",\r\n      \"Judul\": \"Vocabulary: Active and Passive and Learning Faster\",\r\n      \"url_mp3\": \"http://hwcdn.libsyn.com/p/d/a/6/da68b6d25b0f7fee/Vocabulary-Active-Passive-Learning.mp3?c_id=7167539&cs_id=7167539&destination_id=17069&expiration=1593299873&hwt=e1b011162d29cfead6126dbd019d5d4b\",\r\n      \"lirik\": \"\"      \r\n     }  ,\r\n\t \t {\r\n\t \t\"no\": 79,\r\n      \"idmp3\": \"79\",\r\n      \"nama_aut\": \"The Effortless English Show\",\r\n      \"Judul\": \"Secrets To Effortless Language Learning\",\r\n      \"url_mp3\": \"http://hwcdn.libsyn.com/p/2/2/7/227d81065c4ba58f/Making-English-Language-Learning-Effortless-Steve-Kaufman.mp3?c_id=7144501&cs_id=7144501&destination_id=17069&expiration=1593300411&hwt=6bab530e41c2da90ca3f92d8c5564073\",\r\n      \"lirik\": \"\"      \r\n     }   ,\r\n\t \t \t {\r\n\t \t\"no\": 80,\r\n      \"idmp3\": \"80\",\r\n      \"nama_aut\": \"The Effortless English Show\",\r\n      \"Judul\": \"Improve English Writing and Reading\",\r\n      \"url_mp3\": \"http://hwcdn.libsyn.com/p/d/6/2/d628cdfc04aa9f4a/Reading-and-Writing-Theresa-Snyder-The-Effortless-English-Show.mp3?c_id=7118154&cs_id=7118154&destination_id=17069&expiration=1593300407&hwt=16d586cc1fdb6abda0ed3f28d3406a0e\",\r\n      \"lirik\": \"\"      \r\n     } ,\r\n\t{\r\n\t \t\"no\": 81,\r\n      \"idmp3\": \"81\",\r\n      \"nama_aut\": \"The Effortless English Show\",\r\n      \"Judul\": \"Episode 12: Mistakes When Speaking, Guest: Georgiana\",\r\n      \"url_mp3\": \"http://hwcdn.libsyn.com/p/1/2/f/12f89e609f113d04/The-Effortless-English-Show-Episode-12.mp3?c_id=7047988&cs_id=7047988&destination_id=17069&expiration=1593301071&hwt=79417ed44d83d44ecc7318a01986882f\",\r\n      \"lirik\": \"\"      \r\n     },\r\n\t \t{\r\n\t \t\"no\": 82,\r\n      \"idmp3\": \"82\",\r\n      \"nama_aut\": \"The Effortless English Show\",\r\n      \"Judul\": \"Episode 11: The Effortless English Show\",\r\n      \"url_mp3\": \"http://hwcdn.libsyn.com/p/6/2/d/62daa32c509f11ed/The-Effortless-English-Show-Episode-11.mp3?c_id=7023807&cs_id=7023807&destination_id=17069&expiration=1593302908&hwt=c36de12bafb71a9ad28e0e4faa2749f8\",\r\n      \"lirik\": \"\"      \r\n     } ,\r\n\t \t \t{\r\n\t \t\"no\": 83,\r\n      \"idmp3\": \"83\",\r\n      \"nama_aut\": \"The Effortless English Show\",\r\n      \"Judul\": \"Episode 10: The Effortless English Show\",\r\n      \"url_mp3\": \"http://hwcdn.libsyn.com/p/d/0/f/d0fd6777f523bbe9/The-Effortless-English-Show-Birthday-Episode.mp3?c_id=6998211&cs_id=6998211&destination_id=17069&expiration=1593302986&hwt=f41e43a90b9f3e02ed2838713c0c0ffe\",\r\n      \"lirik\": \"\"      \r\n     }   ,\r\n\t \t \t \t{\r\n\t \t\"no\": 84,\r\n      \"idmp3\": \"84\",\r\n      \"nama_aut\": \"The Effortless English Show\",\r\n      \"Judul\": \"Episode 9: The Effortless English Show\",\r\n      \"url_mp3\": \"http://hwcdn.libsyn.com/p/1/b/1/1b1e9af9098dc9e9/The-Effortless-English-Show-Episode-09.mp3?c_id=6931221&cs_id=6931221&destination_id=17069&expiration=1593301623&hwt=2500708de0d4adea7464a78b038dfac1\",\r\n      \"lirik\": \"\"      \r\n     } ,\r\n\t\t{\r\n\t \t\"no\": 85,\r\n      \"idmp3\": \"85\",\r\n      \"nama_aut\": \"The Effortless English Show\",\r\n      \"Judul\": \"Episode 8: The Effortless English Show\",\r\n      \"url_mp3\": \"http://hwcdn.libsyn.com/p/2/c/0/2c054e30c8068fd6/The-Effortless-English-Show-Episode-8b.mp3?c_id=6909698&cs_id=6909698&destination_id=17069&expiration=1593301866&hwt=3fac9f59b2af84235e8cf718c6dcdcff\",\r\n      \"lirik\": \"\"      \r\n     } ,\r\n\t \t\t{\r\n\t \t\"no\": 86,\r\n      \"idmp3\": \"86\",\r\n      \"nama_aut\": \"The Effortless English Show\",\r\n      \"Judul\": \"Episode 7: The Effortless English Show\",\r\n      \"url_mp3\": \"http://hwcdn.libsyn.com/p/c/4/3/c43f5bbaf74b7946/The-Effortless-English-Show-Episode-7.mp3?c_id=6846463&cs_id=6846463&destination_id=17069&expiration=1593300878&hwt=1a7e5ef83cd98abe0b3dea12f2358c43\",\r\n      \"lirik\": \"\"      \r\n     },\r\n\t \t \t\t{\r\n\t \t\"no\": 87,\r\n      \"idmp3\": \"87\",\r\n      \"nama_aut\": \"The Effortless English Show\",\r\n      \"Judul\": \"Episode 6: The Effortless English Show\",\r\n      \"url_mp3\": \"http://hwcdn.libsyn.com/p/d/f/4/df481c4c67dd16c4/The-Effortless-English-Show-Episode-6.mp3?c_id=6821953&cs_id=6821953&destination_id=17069&expiration=1593304010&hwt=80eafaf0ed3f5a6123173e35967f7a73\",\r\n      \"lirik\": \"\"      \r\n     } ,\r\n\t \t \t \t\t{\r\n\t \t\"no\": 88,\r\n      \"idmp3\": \"88\",\r\n      \"nama_aut\": \"The Effortless English Show\",\r\n      \"Judul\": \"Episode 5: The Effortless English Show\",\r\n      \"url_mp3\": \"http://hwcdn.libsyn.com/p/a/5/7/a5706bde5cad1e7f/The-Effortless-English-Show-Episode-5.mp3?c_id=6772977&cs_id=6772977&destination_id=17069&expiration=1593305246&hwt=a000d5466307f1f3f796d7a325ad58ee\",\r\n      \"lirik\": \"\"      \r\n     }  ,\r\n     {\r\n\t \t \t\"no\": 89,\r\n      \"idmp3\": \"89\",\r\n      \"nama_aut\": \"The Effortless English Show\",\r\n      \"Judul\": \"Episode 4: The Effortless English Show\",\r\n      \"url_mp3\": \"http://hwcdn.libsyn.com/p/a/7/3/a73190f99d0c7085/The-Effortless-English-Show-Season-1-Episode-4.mp3?c_id=6697266&cs_id=6697266&destination_id=17069&expiration=1593305688&hwt=1d9096965cdf06817317008ce46d9f3e\",\r\n      \"lirik\": \"\"      \r\n     } ,\r\n\t      {\r\n\t \t \t\"no\": 90,\r\n      \"idmp3\": \"90\",\r\n      \"nama_aut\": \"The Effortless English Show\",\r\n      \"Judul\": \"Episode 3: The Effortless English Show\",\r\n      \"url_mp3\": \"http://hwcdn.libsyn.com/p/1/d/3/1d3ef35fa4a2554a/The-Effortless-English-Show-Season-1-Episode-3.mp3?c_id=6661598&cs_id=6661598&destination_id=17069&expiration=1593304438&hwt=be843249e362c21ee01fed2a82517e71\",\r\n      \"lirik\": \"\"      \r\n     } ,\r\n\t \t      {\r\n\t \t \t\"no\": 91,\r\n      \"idmp3\": \"91\",\r\n      \"nama_aut\": \"The Effortless English Show\",\r\n      \"Judul\": \"Episode 2: The Effortless English Show\",\r\n      \"url_mp3\": \"http://hwcdn.libsyn.com/p/f/9/c/f9cb5d7d808238bf/The-Effortless-English-Show-Episode-2.mp3?c_id=6622038&cs_id=6622038&destination_id=17069&expiration=1593304204&hwt=c56b868113d7930821be946b9d8ffdc4\",\r\n      \"lirik\": \"\"      \r\n     }    ,\r\n\t{\r\n\t \t \t\"no\": 92,\r\n      \"idmp3\": \"92\",\r\n      \"nama_aut\": \"The Effortless English Show\",\r\n      \"Judul\": \"Episode 1: The Effortless English Show\",\r\n      \"url_mp3\": \"http://hwcdn.libsyn.com/p/f/5/0/f50eab8343790808/The-Effortless-English-Show-Episode-1.mp3?c_id=6595895&cs_id=6595895&destination_id=17069&expiration=1593303018&hwt=e010212c83adbb6dd76976ae8ac6d217\",\r\n      \"lirik\": \"\"      \r\n     },\r\n\t{\r\n\t  \"no\": 93,\r\n      \"idmp3\": \"93\",\r\n      \"nama_aut\": \"Podcast\",\r\n      \"Judul\": \"Podcast Returns\",\r\n      \"url_mp3\": \"http://hwcdn.libsyn.com/p/c/6/4/c645e2d2b61f34bd/PodcastReturns.mp3?c_id=4336104&cs_id=4336104&expiration=1593315901&hwt=e57d60cd0cc2b84fef5fc233575cec97\",\r\n      \"lirik\": \"\"      \r\n     },\r\n\t{\r\n\t  \"no\": 94,\r\n      \"idmp3\": \"94\",\r\n      \"nama_aut\": \"Podcast\",\r\n      \"Judul\": \"Pronunciation Culture\",\r\n      \"url_mp3\": \"http://hwcdn.libsyn.com/p/d/0/5/d0598b7aa8cd594e/Pronunciation-Culture.mp3?c_id=4336239&cs_id=4336239&expiration=1593316952&hwt=2cdaae58715615af30738d8318aea145\",\r\n      \"lirik\": \"\"      \r\n     },\r\n\t{\r\n\t  \"no\": 95,\r\n      \"idmp3\": \"95\",\r\n      \"nama_aut\": \"Podcast\",\r\n      \"Judul\": \"Pioneer Asher\",\r\n      \"url_mp3\": \"http://hwcdn.libsyn.com/p/1/8/c/18c97bd627fc25da/Pioneer-Asher.mp3?c_id=4383800&cs_id=4383800&expiration=1593316867&hwt=465f619dab98e60d90f56b74bbb0624a\",\r\n      \"lirik\": \"\"      \r\n     },\r\n\t{\r\n\t  \"no\": 96,\r\n      \"idmp3\": \"96\",\r\n      \"nama_aut\": \"Podcast\",\r\n      \"Judul\": \"Strange Brains\",\r\n      \"url_mp3\": \"http://hwcdn.libsyn.com/p/1/8/c/18cb204c88b5dd59/StrangeBrains.mp3?c_id=4411978&cs_id=4411978&expiration=1593316714&hwt=15733fa8184f5afdf44a92dec3fdd89f\",\r\n      \"lirik\": \"\"      \r\n     },\r\n\t{\r\n\t  \"no\": 97,\r\n      \"idmp3\": \"97\",\r\n      \"nama_aut\": \"Podcast\",\r\n      \"Judul\": \"Speaking Engine\",\r\n      \"url_mp3\": \"http://hwcdn.libsyn.com/p/c/7/8/c78923e46e06f4ba/EnglishSpeakingEngine.mp3?c_id=4432828&cs_id=4432828&expiration=1593316801&hwt=a536dbf200ada0856f44466aa6545cfd\",\r\n      \"lirik\": \"\"      \r\n     },\r\n\t{\r\n\t  \"no\": 98,\r\n      \"idmp3\": \"98\",\r\n      \"nama_aut\": \"Podcast\",\r\n      \"Judul\": \"News English Sport\",\r\n      \"url_mp3\": \"http://hwcdn.libsyn.com/p/7/e/0/7e016cb7ef489649/News1-EngIsSport.mp3?c_id=4491256&cs_id=4491256&expiration=1593316815&hwt=cd82f5d7c546f367bf4e491a7cfc9d1a\",\r\n      \"lirik\": \"\"      \r\n     },  \r\n\t{\r\n\t  \"no\": 99,\r\n      \"idmp3\": \"99\",\r\n      \"nama_aut\": \"Podcast\",\r\n      \"Judul\": \"News Coach Players\",\r\n      \"url_mp3\": \"http://hwcdn.libsyn.com/p/4/f/1/4f1d02aaa907e5a7/News2-CoachPlayers.mp3?c_id=4644121&cs_id=4644121&expiration=1593316761&hwt=77c8dcdad4a01e606605f2089996bc9a\",\r\n      \"lirik\": \"\"      \r\n     },\r\n\t{\r\n\t  \"no\": 100,\r\n      \"idmp3\": \"100\",\r\n      \"nama_aut\": \"Podcast\",\r\n      \"Judul\": \"Its My Life\",\r\n      \"url_mp3\": \"http://hwcdn.libsyn.com/p/1/1/8/11833e5ca07aed00/ItsMyLife.mp3?c_id=4760019&cs_id=4760019&expiration=1593317037&hwt=e1bb03b30c52d1a5b5f78715025428f8\",\r\n      \"lirik\": \"\"      \r\n     },\r\n\t{\r\n\t  \"no\": 101,\r\n      \"idmp3\": \"101\",\r\n      \"nama_aut\": \"Podcast\",\r\n      \"Judul\": \"Business English Audio\",\r\n      \"url_mp3\": \"http://hwcdn.libsyn.com/p/1/5/f/15fa5ac9d8b36aa6/Business-English-Audio-1.mp3?c_id=5453178&cs_id=5453178&expiration=1593316421&hwt=d8a9ad42f22a0079e62b7f6d2c093a65\",\r\n      \"lirik\": \"\"      \r\n     } ,\r\n\t{\r\n\t  \"no\": 102,\r\n      \"idmp3\": \"102\",\r\n      \"nama_aut\": \"Podcast\",\r\n      \"Judul\": \"English Psychology Not Linguistics\",\r\n      \"url_mp3\": \"http://hwcdn.libsyn.com/p/f/5/f/f5fe6e23bf0896fb/English-Psychology-Not-Linguistics.mp3?c_id=5494648&cs_id=5494648&expiration=1593317410&hwt=abb3420213d5ed260a91f4b11bcb7c3f\",\r\n      \"lirik\": \"\"      \r\n     },\r\n\t \t{\r\n\t  \"no\": 103,\r\n      \"idmp3\": \"103\",\r\n      \"nama_aut\": \"Podcast\",\r\n      \"Judul\": \"Public Speaking Story\",\r\n      \"url_mp3\": \"http://hwcdn.libsyn.com/p/8/3/4/83428cdbcf50b654/Public-Speaking-Story.mp3?c_id=5502837&cs_id=5502837&expiration=1593316492&hwt=8fda68a43d53152c5cab88edfec320cc\",\r\n      \"lirik\": \"\"      \r\n     },\r\n\t \t{\r\n\t  \"no\": 104,\r\n      \"idmp3\": \"104\",\r\n      \"nama_aut\": \"Podcast\",\r\n      \"Judul\": \"Business Action Certainty Meditation\",\r\n      \"url_mp3\": \"http://hwcdn.libsyn.com/p/1/d/5/1d57e85e7a4327a0/Business-Action-Certainty-Meditation.mp3?c_id=5551167&cs_id=5551167&expiration=1593317397&hwt=cab10be24c0a7cf539228f9ca9afef35\",\r\n      \"lirik\": \"\"      \r\n     },\r\n\t \t{\r\n\t  \"no\": 105,\r\n      \"idmp3\": \"105\",\r\n      \"nama_aut\": \"Podcast\",\r\n      \"Judul\": \"Teleseminar\",\r\n      \"url_mp3\": \"http://hwcdn.libsyn.com/p/2/3/3/233c876db0c22cd2/EffEngTeleseminarJune2013.mp3?c_id=5757090&cs_id=5757090&expiration=1593326005&hwt=2a3ef8e3ab1abee3451df8673da6eaeb\",\r\n      \"lirik\": \"\"      \r\n     },\r\n\t \t{\r\n\t  \"no\": 106,\r\n      \"idmp3\": \"106\",\r\n      \"nama_aut\": \"Podcast\",\r\n      \"Judul\": \"English Presentations Conversation\",\r\n      \"url_mp3\": \"http://hwcdn.libsyn.com/p/3/b/f/3bf92399b4443543/EnglishPresentationsConversation.mp3?c_id=5766931&cs_id=5766931&expiration=1593316174&hwt=921fd5fb871b1fb645456449614aa018\",\r\n      \"lirik\": \"\"      \r\n     },\r\n\t \t{\r\n\t  \"no\": 107,\r\n      \"idmp3\": \"107\",\r\n      \"nama_aut\": \"Podcast\",\r\n      \"Judul\": \"Babies Know Best\",\r\n      \"url_mp3\": \"http://hwcdn.libsyn.com/p/8/0/9/8095e4c995c32454/Babies-Know-Best.mp3?c_id=5804448&cs_id=5804448&expiration=1593317036&hwt=a314075c1d2076fc20603a0c1adcce40\",\r\n      \"lirik\": \"\"      \r\n     }\r\n                  \r\n    \r\n  ]\r\n}",
    "YaraRule": [
        "enable_org32",
        "core_keywords"
    ]
}