{
    "scrape_url": "https://scrape.pastebin.com/api_scrape_item.php?i=aCkmjJge",
    "full_url": "https://pastebin.com/aCkmjJge",
    "date": "1594673465",
    "key": "aCkmjJge",
    "size": 83012,
    "expire": "0",
    "title": "",
    "syntax": "postgresql",
    "user": "",
    "filename": "aCkmjJge",
    "pasteid": "aCkmjJge",
    "pastesite": "pastebin.com",
    "@timestamp": "2020-07-13T20:51:05",
    "MD5": "a54aecc6e02371b2934af6a50101136a",
    "SHA256": "32dc6cc9508f9146ee13867e74f8e0452ab30de289ce2e3a552ea9d20810e111",
    "raw_paste": "--Adiciona novos atributos a sele\u00e7\u00e3o de produtos\r\ninsert into product_attributes values (8, 'B', true, 8, 4), (9, 'Cu', true, 9, 4),(10, 'Mn', true, 10, 4),(11, 'Fe', true, 11, 4),(12, 'Zn', true, 12, 4);\r\n\r\n--Atualiza o nome dos tipos de produto\r\nupdate product_types set name = 'Corretivos' where id = 1;\r\nupdate product_types set alias = 'corretivos' where id = 1;\r\nupdate product_types set name = 'Fertilizantes' where id = 3;\r\nupdate product_types set alias = 'fertilizantes' where id = 3;\r\n\r\n\r\n---- Altera pest stages para pheno stages\r\nALTER TABLE pest_stages RENAME TO pheno_stages;\r\nALTER TABLE pheno_stages DROP CONSTRAINT pest_stages_culture_id_foreign;\r\nALTER TABLE pheno_stages ADD CONSTRAINT pest_stages_culture_id_foreign FOREIGN KEY (culture_id) REFERENCES cultures (id);\r\n\r\n--Agendas de Campo\r\n\r\nCREATE TABLE treatment_types\r\n(\r\n  id serial,\r\n  name text NOT NULL,\r\n  created_at timestamp(0) without time zone,\r\n  updated_at timestamp(0) without time zone,\r\n  CONSTRAINT treatment_types_pkey PRIMARY KEY (id)\r\n)\r\nWITH (\r\n  OIDS=FALSE\r\n);\r\n\r\n------\r\nCREATE TABLE handle_soil_types\r\n(\r\n  id serial,\r\n  name text NOT NULL,\r\n  created_at timestamp(0) without time zone,\r\n  updated_at timestamp(0) without time zone,\r\n  CONSTRAINT handle_soil_types_pkey PRIMARY KEY (id)\r\n)\r\nWITH (\r\n  OIDS=FALSE\r\n);\r\n\r\n-------\r\n\r\nCREATE TABLE planting_materials (\r\n    id serial,\r\n    name text NOT NULL,\r\n    created_at timestamp(0) without time zone,\r\n    updated_at timestamp(0) without time zone,\r\n    culture_id integer NOT NULL,\r\n    CONSTRAINT planting_materials_pkey PRIMARY KEY (id),\r\n    CONSTRAINT planting_materials_culture_id_foreign FOREIGN KEY (culture_id)\r\n    REFERENCES cultures (id) MATCH SIMPLE\r\n    ON UPDATE NO ACTION ON DELETE NO ACTION\r\n) WITH (\r\n    OIDS=FALSE\r\n);\r\n\r\n------\r\n\r\nCREATE TABLE agendas\r\n(\r\n  id serial,\r\n  field_id bigint NOT NULL,\r\n  treatment_type_id integer,\r\n  handle_soil_type_id integer NOT NULL,\r\n  planting_material_id integer,\r\n  culture_id integer NOT NULL,\r\n  treatment_date date,\r\n  handle_soil_date date,\r\n  planting_date date NOT NULL,\r\n  emergence_date date NOT NULL,\r\n  pp_planting double precision NOT NULL,\r\n  pp_emergence double precision NOT NULL,\r\n  cicle integer,\r\n  spacing double precision NOT NULL,\r\n  speed double precision,\r\n  operator text,\r\n  harvest_date date,\r\n  productivity integer,\r\n  loss_perc double precision,\r\n  humidity double precision,\r\n  pms double precision,\r\n  impurities double precision,\r\n  created_at timestamp(0) without time zone,\r\n  updated_at timestamp(0) without time zone,\r\n  created_by integer NOT NULL,\r\n  updated_by integer,\r\n  CONSTRAINT agendas_pkey PRIMARY KEY (id),\r\n  CONSTRAINT agendas_created_by_foreign FOREIGN KEY (created_by)\r\n      REFERENCES users (id) MATCH SIMPLE\r\n      ON UPDATE NO ACTION ON DELETE CASCADE,\r\n  CONSTRAINT agendas_culture_id_foreign FOREIGN KEY (culture_id)\r\n      REFERENCES cultures (id) MATCH SIMPLE\r\n      ON UPDATE NO ACTION ON DELETE NO ACTION,\r\n  CONSTRAINT agendas_field_id_foreign FOREIGN KEY (field_id)\r\n      REFERENCES fields (id) MATCH SIMPLE\r\n      ON UPDATE NO ACTION ON DELETE CASCADE,\r\n  CONSTRAINT agendas_handle_soil_type_id_foreign FOREIGN KEY (handle_soil_type_id)\r\n      REFERENCES handle_soil_types (id) MATCH SIMPLE\r\n      ON UPDATE NO ACTION ON DELETE NO ACTION,\r\n  CONSTRAINT agendas_planting_material_id_foreign FOREIGN KEY (planting_material_id)\r\n      REFERENCES planting_materials (id) MATCH SIMPLE\r\n      ON UPDATE NO ACTION ON DELETE NO ACTION,\r\n  CONSTRAINT agendas_treatment_type_id_foreign FOREIGN KEY (treatment_type_id)\r\n      REFERENCES treatment_types (id) MATCH SIMPLE\r\n      ON UPDATE NO ACTION ON DELETE NO ACTION\r\n)\r\nWITH (\r\n  OIDS=FALSE\r\n);\r\n\r\n-----\r\nALTER TABLE pheno_stages ADD CONSTRAINT IF NOT EXISTS pheno_stages_id_unique UNIQUE (id);\r\n\r\nCREATE TABLE agenda_applications\r\n(\r\n  id serial,\r\n  agenda_id bigint NOT NULL,\r\n  pheno_stage_id integer NOT NULL,\r\n  name text NOT NULL,\r\n  operator text NOT NULL,\r\n  performed_at date NOT NULL,\r\n  CONSTRAINT agenda_applications_pkey PRIMARY KEY (id),\r\n  CONSTRAINT agenda_applications_agenda_id_foreign FOREIGN KEY (agenda_id)\r\n      REFERENCES agendas (id) MATCH SIMPLE\r\n      ON UPDATE NO ACTION ON DELETE CASCADE,\r\n  CONSTRAINT agenda_applications_pheno_stage_id_foreign FOREIGN KEY (pheno_stage_id)\r\n      REFERENCES pheno_stages (id) MATCH SIMPLE\r\n      ON UPDATE NO ACTION ON DELETE CASCADE\r\n)\r\nWITH (\r\n  OIDS=FALSE\r\n);\r\n\r\n-----\r\n\r\nCREATE TABLE agenda_products\r\n(\r\n  id serial,\r\n  agenda_id bigint NOT NULL,\r\n  application_id bigint,\r\n  type_id integer NOT NULL,\r\n  applied_at date,\r\n  name text NOT NULL,\r\n  dosage double precision NOT NULL,\r\n  price double precision NOT NULL,\r\n  created_at timestamp(0) without time zone,\r\n  updated_at timestamp(0) without time zone,\r\n  CONSTRAINT agenda_products_pkey PRIMARY KEY (id),\r\n  CONSTRAINT agenda_products_agenda_id_foreign FOREIGN KEY (agenda_id)\r\n      REFERENCES agendas (id) MATCH SIMPLE\r\n      ON UPDATE NO ACTION ON DELETE CASCADE,\r\n  CONSTRAINT agenda_products_application_id_foreign FOREIGN KEY (application_id)\r\n      REFERENCES agenda_applications (id) MATCH SIMPLE\r\n      ON UPDATE NO ACTION ON DELETE CASCADE\r\n)\r\nWITH (\r\n  OIDS=FALSE\r\n);\r\n\r\n--treatment types\r\nINSERT INTO treatment_types VALUES (1, 'On Farm', NULL, NULL);\r\nINSERT INTO treatment_types VALUES (2, 'TSI', NULL, NULL);\r\n\r\n--handle_soil_types\r\nINSERT INTO handle_soil_types (id, name, created_at, updated_at) VALUES (1, 'Gradagem', NULL, NULL);\r\nINSERT INTO handle_soil_types (id, name, created_at, updated_at) VALUES (2, 'Subsolagem', NULL, NULL);\r\nINSERT INTO handle_soil_types (id, name, created_at, updated_at) VALUES (3, 'Outro', NULL, NULL);\r\nINSERT INTO handle_soil_types (id, name, created_at, updated_at) VALUES (4, 'N\u00e3o Fez', NULL, NULL);\r\n\r\n--users \r\nALTER TABLE users ADD COLUMN john_deere_token TEXT;\r\n\r\n--crop\r\nALTER TABLE crops ADD COLUMN expired_at date null;\r\nUPDATE crops SET expired_at = created_at + interval '1 year';\r\n\r\n\r\n\r\n\r\nupdate cultures set name = 'Citros' where name = 'Citr\u00fas';\r\n\r\n--Novas Culturas\r\ninsert into cultures (id, name) VALUES \r\n(15, 'Amendoim'),\r\n(16, 'Batata'),\r\n(17, 'Cevada'),\r\n(18, 'Gergelim');\r\n\r\n--planting_materials\r\n\r\n--Soja\r\ninsert into planting_materials (culture_id, name) VALUES (1, '59 MS 01 IPRO');\r\ninsert into planting_materials (culture_id, name) VALUES (1, '5D6215 IPRO');\r\ninsert into planting_materials (culture_id, name) VALUES (1, '5D634 RR');\r\ninsert into planting_materials (culture_id, name) VALUES (1, '5G7315');\r\ninsert into planting_materials (culture_id, name) VALUES (1, '5G8015 IPRO');\r\ninsert into planting_materials (culture_id, name) VALUES (1, '60 MS 01 IPRO');\r\ninsert into planting_materials (culture_id, name) VALUES (1, '62MS00 RR');\r\ninsert into planting_materials (culture_id, name) VALUES (1, '71MF00 RR');\r\ninsert into planting_materials (culture_id, name) VALUES (1, '75MF00 RR');\r\ninsert into planting_materials (culture_id, name) VALUES (1, '76MS00 IPRO');\r\ninsert into planting_materials (culture_id, name) VALUES (1, '82MS00 IPRO');\r\ninsert into planting_materials (culture_id, name) VALUES (1, '84186RSF IPRO');\r\ninsert into planting_materials (culture_id, name) VALUES (1, 'ADV 4317 IPRO');\r\ninsert into planting_materials (culture_id, name) VALUES (1, 'ADV 4341 IPRO');\r\ninsert into planting_materials (culture_id, name) VALUES (1, 'ADV 4672 IPRO');\r\ninsert into planting_materials (culture_id, name) VALUES (1, 'ADV 4681 IPRO');\r\ninsert into planting_materials (culture_id, name) VALUES (1, 'ADV 4766 IPRO');\r\ninsert into planting_materials (culture_id, name) VALUES (1, 'ADV 4779 IPRO');\r\ninsert into planting_materials (culture_id, name) VALUES (1, 'AG 6500');\r\ninsert into planting_materials (culture_id, name) VALUES (1, 'AG 6525');\r\ninsert into planting_materials (culture_id, name) VALUES (1, 'AG 6565');\r\ninsert into planting_materials (culture_id, name) VALUES (1, 'AMS TIBAGI RR');\r\ninsert into planting_materials (culture_id, name) VALUES (1, 'ANITA RR');\r\ninsert into planting_materials (culture_id, name) VALUES (1, 'ANRR 77051');\r\ninsert into planting_materials (culture_id, name) VALUES (1, 'ANRR 84024');\r\ninsert into planting_materials (culture_id, name) VALUES (1, 'ANRR 85509');\r\ninsert into planting_materials (culture_id, name) VALUES (1, 'ANSC 75136');\r\ninsert into planting_materials (culture_id, name) VALUES (1, 'ANSC 79020');\r\ninsert into planting_materials (culture_id, name) VALUES (1, 'ANSC 83022');\r\ninsert into planting_materials (culture_id, name) VALUES (1, 'ANSC 89109');\r\ninsert into planting_materials (culture_id, name) VALUES (1, 'ANSC 93101');\r\ninsert into planting_materials (culture_id, name) VALUES (1, 'ANTA 82');\r\ninsert into planting_materials (culture_id, name) VALUES (1, 'AS 3570 IPRO');\r\ninsert into planting_materials (culture_id, name) VALUES (1, 'AS 3575 IPRO');\r\ninsert into planting_materials (culture_id, name) VALUES (1, 'AS 3590 IPRO');\r\ninsert into planting_materials (culture_id, name) VALUES (1, 'AS 3610 IPRO');\r\ninsert into planting_materials (culture_id, name) VALUES (1, 'AS 3680 IPRO');\r\ninsert into planting_materials (culture_id, name) VALUES (1, 'AS 3730 IPRO');\r\ninsert into planting_materials (culture_id, name) VALUES (1, 'AS 3797 IPRO');\r\ninsert into planting_materials (culture_id, name) VALUES (1, 'AS 3810 IPRO');\r\ninsert into planting_materials (culture_id, name) VALUES (1, 'AS 3820 IPRO');\r\ninsert into planting_materials (culture_id, name) VALUES (1, 'AS 3850 IPRO');\r\ninsert into planting_materials (culture_id, name) VALUES (1, 'AV MAMBA RR');\r\ninsert into planting_materials (culture_id, name) VALUES (1, 'BG 4290');\r\ninsert into planting_materials (culture_id, name) VALUES (1, 'BG 4377');\r\ninsert into planting_materials (culture_id, name) VALUES (1, 'BG 4668');\r\ninsert into planting_materials (culture_id, name) VALUES (1, 'BG 4781 IPRO');\r\ninsert into planting_materials (culture_id, name) VALUES (1, 'BG 4786');\r\ninsert into planting_materials (culture_id, name) VALUES (1, 'BG 5860 IPRO');\r\ninsert into planting_materials (culture_id, name) VALUES (1, 'BG4184');\r\ninsert into planting_materials (culture_id, name) VALUES (1, 'BMX ALVO RR');\r\ninsert into planting_materials (culture_id, name) VALUES (1, 'BMX APOLO RR');\r\ninsert into planting_materials (culture_id, name) VALUES (1, 'BMX ATIVA RR');\r\ninsert into planting_materials (culture_id, name) VALUES (1, 'BMX BONUS IPRO');\r\ninsert into planting_materials (culture_id, name) VALUES (1, 'BMX BRAVA RR');\r\ninsert into planting_materials (culture_id, name) VALUES (1, 'BMX CERTA IPRO');\r\ninsert into planting_materials (culture_id, name) VALUES (1, 'BMX CLASSE RR');\r\ninsert into planting_materials (culture_id, name) VALUES (1, 'BMX COMPACTA IPRO');\r\ninsert into planting_materials (culture_id, name) VALUES (1, 'BMX DELTA IPRO');\r\ninsert into planting_materials (culture_id, name) VALUES (1, 'BMX DESAFIO RR');\r\ninsert into planting_materials (culture_id, name) VALUES (1, 'BMX DOMINIO IPRO');\r\ninsert into planting_materials (culture_id, name) VALUES (1, 'BMX ENERGIA RR');\r\ninsert into planting_materials (culture_id, name) VALUES (1, 'BMX EXTRA IPRO');\r\ninsert into planting_materials (culture_id, name) VALUES (1, 'BMX EXTREMA IPRO');\r\ninsert into planting_materials (culture_id, name) VALUES (1, 'BMX FIBRA IPRO');\r\ninsert into planting_materials (culture_id, name) VALUES (1, 'BMX FLECHA IPRO');\r\ninsert into planting_materials (culture_id, name) VALUES (1, 'BMX FOCO IPRO');\r\ninsert into planting_materials (culture_id, name) VALUES (1, 'BMX FORCA RR');\r\ninsert into planting_materials (culture_id, name) VALUES (1, 'BMX FORTE RR');\r\ninsert into planting_materials (culture_id, name) VALUES (1, 'BMX FURIA RR');\r\ninsert into planting_materials (culture_id, name) VALUES (1, 'BMX GARRA IPRO');\r\ninsert into planting_materials (culture_id, name) VALUES (1, 'BMX ICONE IPRO');\r\ninsert into planting_materials (culture_id, name) VALUES (1, 'BMX LANCA IPRO');\r\ninsert into planting_materials (culture_id, name) VALUES (1, 'BMX MAGNA RR');\r\ninsert into planting_materials (culture_id, name) VALUES (1, 'BMX OPUS IPRO');\r\ninsert into planting_materials (culture_id, name) VALUES (1, 'BMX PONTA IPRO');\r\ninsert into planting_materials (culture_id, name) VALUES (1, 'BMX POTENCIA RR');\r\ninsert into planting_materials (culture_id, name) VALUES (1, 'BMX POWER IPRO');\r\ninsert into planting_materials (culture_id, name) VALUES (1, 'BMX PRISMA IPRO');\r\ninsert into planting_materials (culture_id, name) VALUES (1, 'BMX RACA RR');\r\ninsert into planting_materials (culture_id, name) VALUES (1, 'BMX RAIO IPRO');\r\ninsert into planting_materials (culture_id, name) VALUES (1, 'BMX TORNADO RR');\r\ninsert into planting_materials (culture_id, name) VALUES (1, 'BMX TURBO RR');\r\ninsert into planting_materials (culture_id, name) VALUES (1, 'BMX ULTRA IPRO');\r\ninsert into planting_materials (culture_id, name) VALUES (1, 'BMX UNICA IPRO');\r\ninsert into planting_materials (culture_id, name) VALUES (1, 'BMX VALENTE RR');\r\ninsert into planting_materials (culture_id, name) VALUES (1, 'BMX VANGUARDA IPRO');\r\ninsert into planting_materials (culture_id, name) VALUES (1, 'BMX VELOZ RR');\r\ninsert into planting_materials (culture_id, name) VALUES (1, 'BMX VORAZ IPRO');\r\ninsert into planting_materials (culture_id, name) VALUES (1, 'BMX ZEUS IPRO');\r\ninsert into planting_materials (culture_id, name) VALUES (1, 'BRS 1001 IPRO');\r\ninsert into planting_materials (culture_id, name) VALUES (1, 'BRS 1003 IPRO');\r\ninsert into planting_materials (culture_id, name) VALUES (1, 'BRS 1007 IPRO');\r\ninsert into planting_materials (culture_id, name) VALUES (1, 'BRS 232');\r\ninsert into planting_materials (culture_id, name) VALUES (1, 'BRS 284');\r\ninsert into planting_materials (culture_id, name) VALUES (1, 'BRS 317');\r\ninsert into planting_materials (culture_id, name) VALUES (1, 'BRS 359 RR');\r\ninsert into planting_materials (culture_id, name) VALUES (1, 'BRS 360 RR');\r\ninsert into planting_materials (culture_id, name) VALUES (1, 'BRS 378');\r\ninsert into planting_materials (culture_id, name) VALUES (1, 'BRS 388 RR');\r\ninsert into planting_materials (culture_id, name) VALUES (1, 'BRS 399 RR');\r\ninsert into planting_materials (culture_id, name) VALUES (1, 'BRS 511');\r\ninsert into planting_materials (culture_id, name) VALUES (1, 'BRS 5601 RR');\r\ninsert into planting_materials (culture_id, name) VALUES (1, 'BRS 5804 RR');\r\ninsert into planting_materials (culture_id, name) VALUES (1, 'BRS 5980 IPRO');\r\ninsert into planting_materials (culture_id, name) VALUES (1, 'BRS 611');\r\ninsert into planting_materials (culture_id, name) VALUES (1, 'BRS 6970 IPRO');\r\ninsert into planting_materials (culture_id, name) VALUES (1, 'BRS 6980');\r\ninsert into planting_materials (culture_id, name) VALUES (1, 'BRS 706 IPRO');\r\ninsert into planting_materials (culture_id, name) VALUES (1, 'BRS 713 IPRO');\r\ninsert into planting_materials (culture_id, name) VALUES (1, 'BRS 7170 IPRO');\r\ninsert into planting_materials (culture_id, name) VALUES (1, 'BRS 7270 IPRO');\r\ninsert into planting_materials (culture_id, name) VALUES (1, 'BRS 729 IPRO');\r\ninsert into planting_materials (culture_id, name) VALUES (1, 'BRS 7380 RR');\r\ninsert into planting_materials (culture_id, name) VALUES (1, 'BRS 7460 RR');\r\ninsert into planting_materials (culture_id, name) VALUES (1, 'BRS 7470 IPRO');\r\ninsert into planting_materials (culture_id, name) VALUES (1, 'BRS 752');\r\ninsert into planting_materials (culture_id, name) VALUES (1, 'BRS 7570 IPRO');\r\ninsert into planting_materials (culture_id, name) VALUES (1, 'BRS 760 RR');\r\ninsert into planting_materials (culture_id, name) VALUES (1, 'BRS 7680 RR');\r\ninsert into planting_materials (culture_id, name) VALUES (1, 'BRS 7780 IPRO');\r\ninsert into planting_materials (culture_id, name) VALUES (1, 'BRS 7960');\r\ninsert into planting_materials (culture_id, name) VALUES (1, 'BRS 7980');\r\ninsert into planting_materials (culture_id, name) VALUES (1, 'BRS 811 RR');\r\ninsert into planting_materials (culture_id, name) VALUES (1, 'BRS 8170 IPRO');\r\ninsert into planting_materials (culture_id, name) VALUES (1, 'BRS 820 RR');\r\ninsert into planting_materials (culture_id, name) VALUES (1, 'BRS 8280 RR');\r\ninsert into planting_materials (culture_id, name) VALUES (1, 'BRS 8360');\r\ninsert into planting_materials (culture_id, name) VALUES (1, 'BRS 8381');\r\ninsert into planting_materials (culture_id, name) VALUES (1, 'BRS 8560 RR');\r\ninsert into planting_materials (culture_id, name) VALUES (1, 'BRS 8581');\r\ninsert into planting_materials (culture_id, name) VALUES (1, 'BRS 8781 RR');\r\ninsert into planting_materials (culture_id, name) VALUES (1, 'BRS 9180 IPRO');\r\ninsert into planting_materials (culture_id, name) VALUES (1, 'BRS 9383 IPRO');\r\ninsert into planting_materials (culture_id, name) VALUES (1, 'BRS CONQUISTA');\r\ninsert into planting_materials (culture_id, name) VALUES (1, 'BRS PEROLA');\r\ninsert into planting_materials (culture_id, name) VALUES (1, 'BRS RAIMUNDA');\r\ninsert into planting_materials (culture_id, name) VALUES (1, 'BRS SAMBAIBA RR');\r\ninsert into planting_materials (culture_id, name) VALUES (1, 'BRS VALIOSA RR');\r\ninsert into planting_materials (culture_id, name) VALUES (1, 'BRSMG 810C');\r\ninsert into planting_materials (culture_id, name) VALUES (1, 'BRSMG 810C');\r\ninsert into planting_materials (culture_id, name) VALUES (1, 'BRUNA IPRO');\r\ninsert into planting_materials (culture_id, name) VALUES (1, 'BS 2606 IPRO');\r\ninsert into planting_materials (culture_id, name) VALUES (1, 'Brasmax Olimpo IPRO');\r\ninsert into planting_materials (culture_id, name) VALUES (1, 'Brasmax Origem IPRO');\r\ninsert into planting_materials (culture_id, name) VALUES (1, 'C 2830 IPRO');\r\ninsert into planting_materials (culture_id, name) VALUES (1, 'C 2834 IPRO');\r\ninsert into planting_materials (culture_id, name) VALUES (1, 'C 4383');\r\ninsert into planting_materials (culture_id, name) VALUES (1, 'CD 202');\r\ninsert into planting_materials (culture_id, name) VALUES (1, 'CD 202 IPRO');\r\ninsert into planting_materials (culture_id, name) VALUES (1, 'CD 202 RR');\r\ninsert into planting_materials (culture_id, name) VALUES (1, 'CD 206');\r\ninsert into planting_materials (culture_id, name) VALUES (1, 'CD 206 RR');\r\ninsert into planting_materials (culture_id, name) VALUES (1, 'CD 208');\r\ninsert into planting_materials (culture_id, name) VALUES (1, 'CD 214 RR');\r\ninsert into planting_materials (culture_id, name) VALUES (1, 'CD 215');\r\ninsert into planting_materials (culture_id, name) VALUES (1, 'CD 215 RR');\r\ninsert into planting_materials (culture_id, name) VALUES (1, 'CD 219 RR');\r\ninsert into planting_materials (culture_id, name) VALUES (1, 'CD 221');\r\ninsert into planting_materials (culture_id, name) VALUES (1, 'CD 224 STS');\r\ninsert into planting_materials (culture_id, name) VALUES (1, 'CD 226 RR');\r\ninsert into planting_materials (culture_id, name) VALUES (1, 'CD 231 RR');\r\ninsert into planting_materials (culture_id, name) VALUES (1, 'CD 233 RR');\r\ninsert into planting_materials (culture_id, name) VALUES (1, 'CD 234 RR');\r\ninsert into planting_materials (culture_id, name) VALUES (1, 'CD 235 RR');\r\ninsert into planting_materials (culture_id, name) VALUES (1, 'CD 236 RR STS');\r\ninsert into planting_materials (culture_id, name) VALUES (1, 'CD 237 RR');\r\ninsert into planting_materials (culture_id, name) VALUES (1, 'CD 238 RR');\r\ninsert into planting_materials (culture_id, name) VALUES (1, 'CD 239 RR');\r\ninsert into planting_materials (culture_id, name) VALUES (1, 'CD 241 RR');\r\ninsert into planting_materials (culture_id, name) VALUES (1, 'CD 249 RR STS');\r\ninsert into planting_materials (culture_id, name) VALUES (1, 'CD 250 RR STS');\r\ninsert into planting_materials (culture_id, name) VALUES (1, 'CD 251 RR');\r\ninsert into planting_materials (culture_id, name) VALUES (1, 'CD 252 STS');\r\ninsert into planting_materials (culture_id, name) VALUES (1, 'CD 2585 RR');\r\ninsert into planting_materials (culture_id, name) VALUES (1, 'CD 2630 RR STS');\r\ninsert into planting_materials (culture_id, name) VALUES (1, 'CD 2644 IPRO');\r\ninsert into planting_materials (culture_id, name) VALUES (1, 'CD 266');\r\ninsert into planting_materials (culture_id, name) VALUES (1, 'CD 2687 RR');\r\ninsert into planting_materials (culture_id, name) VALUES (1, 'CD 2694 IPRO');\r\ninsert into planting_materials (culture_id, name) VALUES (1, 'CD 2700 IPRO');\r\ninsert into planting_materials (culture_id, name) VALUES (1, 'CD 2720 IPRO');\r\ninsert into planting_materials (culture_id, name) VALUES (1, 'CD 2728 IPRO');\r\ninsert into planting_materials (culture_id, name) VALUES (1, 'CD 2730 IPRO');\r\ninsert into planting_materials (culture_id, name) VALUES (1, 'CD 2737 RR');\r\ninsert into planting_materials (culture_id, name) VALUES (1, 'CD 2750 IPRO');\r\ninsert into planting_materials (culture_id, name) VALUES (1, 'CD 2820 IPRO');\r\ninsert into planting_materials (culture_id, name) VALUES (1, 'CD 2851 IPRO');\r\ninsert into planting_materials (culture_id, name) VALUES (1, 'CD 2857 RR');\r\ninsert into planting_materials (culture_id, name) VALUES (1, 'CG 65 RR');\r\ninsert into planting_materials (culture_id, name) VALUES (1, 'CG 67 RR');\r\ninsert into planting_materials (culture_id, name) VALUES (1, 'CG 7464 RR');\r\ninsert into planting_materials (culture_id, name) VALUES (1, 'CG 7665 RR');\r\ninsert into planting_materials (culture_id, name) VALUES (1, 'CG 8166 RR');\r\ninsert into planting_materials (culture_id, name) VALUES (1, 'CG ARAGUAIA RR');\r\ninsert into planting_materials (culture_id, name) VALUES (1, 'CG FORTUNA RR');\r\ninsert into planting_materials (culture_id, name) VALUES (1, 'CG MAPITOBAPA RR');\r\ninsert into planting_materials (culture_id, name) VALUES (1, 'CG NITRO');\r\ninsert into planting_materials (culture_id, name) VALUES (1, 'CG PRODUTIVA RR');\r\ninsert into planting_materials (culture_id, name) VALUES (1, 'CG ROBUSTA RR');\r\ninsert into planting_materials (culture_id, name) VALUES (1, 'CG SPEED');\r\ninsert into planting_materials (culture_id, name) VALUES (1, 'CG VIGOR RR');\r\ninsert into planting_materials (culture_id, name) VALUES (1, 'CM 422 MILAGROSA');\r\ninsert into planting_materials (culture_id, name) VALUES (1, 'CZ 0121 LL');\r\ninsert into planting_materials (culture_id, name) VALUES (1, 'CZ 0525 LL');\r\ninsert into planting_materials (culture_id, name) VALUES (1, 'CZ 0767 RY');\r\ninsert into planting_materials (culture_id, name) VALUES (1, 'CZ 0848 LL');\r\ninsert into planting_materials (culture_id, name) VALUES (1, 'CZ 1332 LL');\r\ninsert into planting_materials (culture_id, name) VALUES (1, 'CZ 15B92 IPRO');\r\ninsert into planting_materials (culture_id, name) VALUES (1, 'CZ 1623 LL');\r\ninsert into planting_materials (culture_id, name) VALUES (1, 'CZ 16B39 LL');\r\ninsert into planting_materials (culture_id, name) VALUES (1, 'CZ 1787 RY');\r\ninsert into planting_materials (culture_id, name) VALUES (1, 'CZ 1845 LL');\r\ninsert into planting_materials (culture_id, name) VALUES (1, 'CZ 2312 LL');\r\ninsert into planting_materials (culture_id, name) VALUES (1, 'CZ 2474 RY');\r\ninsert into planting_materials (culture_id, name) VALUES (1, 'CZ 2510 LL');\r\ninsert into planting_materials (culture_id, name) VALUES (1, 'CZ 26B42 IPRO');\r\ninsert into planting_materials (culture_id, name) VALUES (1, 'CZ 26B77 IPRO');\r\ninsert into planting_materials (culture_id, name) VALUES (1, 'CZ 2788 RY');\r\ninsert into planting_materials (culture_id, name) VALUES (1, 'CZ 2810 LL');\r\ninsert into planting_materials (culture_id, name) VALUES (1, 'CZ 2915 LL');\r\ninsert into planting_materials (culture_id, name) VALUES (1, 'CZ 3060 RY');\r\ninsert into planting_materials (culture_id, name) VALUES (1, 'CZ 3233 LL');\r\ninsert into planting_materials (culture_id, name) VALUES (1, 'CZ 3383 RY');\r\ninsert into planting_materials (culture_id, name) VALUES (1, 'CZ 3443 LL');\r\ninsert into planting_materials (culture_id, name) VALUES (1, 'CZ 3560 RY');\r\ninsert into planting_materials (culture_id, name) VALUES (1, 'CZ 36B31 IPRO');\r\ninsert into planting_materials (culture_id, name) VALUES (1, 'CZ 36B60 LL');\r\ninsert into planting_materials (culture_id, name) VALUES (1, 'CZ 36B80 RR');\r\ninsert into planting_materials (culture_id, name) VALUES (1, 'CZ 3737 LL');\r\ninsert into planting_materials (culture_id, name) VALUES (1, 'CZ 37B19 LL');\r\ninsert into planting_materials (culture_id, name) VALUES (1, 'CZ 37B22 IPRO');\r\ninsert into planting_materials (culture_id, name) VALUES (1, 'CZ 37B43 IPRO');\r\ninsert into planting_materials (culture_id, name) VALUES (1, 'CZ 3841 LL');\r\ninsert into planting_materials (culture_id, name) VALUES (1, 'CZ 3945 LL');\r\ninsert into planting_materials (culture_id, name) VALUES (1, 'CZ 3991 RT');\r\ninsert into planting_materials (culture_id, name) VALUES (1, 'CZ 3991 RY');\r\ninsert into planting_materials (culture_id, name) VALUES (1, 'CZ 4044 LL');\r\ninsert into planting_materials (culture_id, name) VALUES (1, 'CZ 4105 LL');\r\ninsert into planting_materials (culture_id, name) VALUES (1, 'CZ 4181 RY');\r\ninsert into planting_materials (culture_id, name) VALUES (1, 'CZ 4540 LL');\r\ninsert into planting_materials (culture_id, name) VALUES (1, 'CZ 4656 RY');\r\ninsert into planting_materials (culture_id, name) VALUES (1, 'CZ 4748 LL');\r\ninsert into planting_materials (culture_id, name) VALUES (1, 'CZ 47B90 IPRO');\r\ninsert into planting_materials (culture_id, name) VALUES (1, 'CZ 4818 LL');\r\ninsert into planting_materials (culture_id, name) VALUES (1, 'CZ 4898 RY');\r\ninsert into planting_materials (culture_id, name) VALUES (1, 'CZ 48B32 IPRO');\r\ninsert into planting_materials (culture_id, name) VALUES (1, 'CZ 48B41 RR');\r\ninsert into planting_materials (culture_id, name) VALUES (1, 'CZ 48B50 LL');\r\ninsert into planting_materials (culture_id, name) VALUES (1, 'CZ 48B71 RR');\r\ninsert into planting_materials (culture_id, name) VALUES (1, 'CZ 48B79 LL');\r\ninsert into planting_materials (culture_id, name) VALUES (1, 'CZ 4959 RY');\r\ninsert into planting_materials (culture_id, name) VALUES (1, 'CZ 5147 LL');\r\ninsert into planting_materials (culture_id, name) VALUES (1, 'CZ 5150 LL');\r\ninsert into planting_materials (culture_id, name) VALUES (1, 'CZ 5225 LL');\r\ninsert into planting_materials (culture_id, name) VALUES (1, 'CZ 5242 LL');\r\ninsert into planting_materials (culture_id, name) VALUES (1, 'CZ 5295 RY');\r\ninsert into planting_materials (culture_id, name) VALUES (1, 'CZ 5375 RY');\r\ninsert into planting_materials (culture_id, name) VALUES (1, 'CZ 5445 LL');\r\ninsert into planting_materials (culture_id, name) VALUES (1, 'CZ 5515 LL');\r\ninsert into planting_materials (culture_id, name) VALUES (1, 'CZ 5727 LL');\r\ninsert into planting_materials (culture_id, name) VALUES (1, 'CZ 58B28 IPRO');\r\ninsert into planting_materials (culture_id, name) VALUES (1, 'CZ 58B61 IPRO');\r\ninsert into planting_materials (culture_id, name) VALUES (1, 'CZ 58B81 RR');\r\ninsert into planting_materials (culture_id, name) VALUES (1, 'CZ 5907 IPRO');\r\ninsert into planting_materials (culture_id, name) VALUES (1, 'CZ 5947 LL');\r\ninsert into planting_materials (culture_id, name) VALUES (1, 'CZ 6060 RY');\r\ninsert into planting_materials (culture_id, name) VALUES (1, 'CZ 6109 LL');\r\ninsert into planting_materials (culture_id, name) VALUES (1, 'CZ 6205 RR');\r\ninsert into planting_materials (culture_id, name) VALUES (1, 'CZ 6316 LL');\r\ninsert into planting_materials (culture_id, name) VALUES (1, 'CZ 6505 RR');\r\ninsert into planting_materials (culture_id, name) VALUES (1, 'CZ 6515 LL');\r\ninsert into planting_materials (culture_id, name) VALUES (1, 'CZ 6806IPRO');\r\ninsert into planting_materials (culture_id, name) VALUES (1, 'CZ 7007 LL');\r\ninsert into planting_materials (culture_id, name) VALUES (1, 'CZ 7070 RY');\r\ninsert into planting_materials (culture_id, name) VALUES (1, 'CZ 7132 LL');\r\ninsert into planting_materials (culture_id, name) VALUES (1, 'DM 53i54 IPRO');\r\ninsert into planting_materials (culture_id, name) VALUES (1, 'DM 54i52 IPRO');\r\ninsert into planting_materials (culture_id, name) VALUES (1, 'DM 57i52 IPRO');\r\ninsert into planting_materials (culture_id, name) VALUES (1, 'DM 5958 IPRO');\r\ninsert into planting_materials (culture_id, name) VALUES (1, 'DM 6.2i RR');\r\ninsert into planting_materials (culture_id, name) VALUES (1, 'DM 60i62 IPRO');\r\ninsert into planting_materials (culture_id, name) VALUES (1, 'DM 61i59 IPRO');\r\ninsert into planting_materials (culture_id, name) VALUES (1, 'DM 6262 IPRO');\r\ninsert into planting_materials (culture_id, name) VALUES (1, 'DM 62R63 IPRO');\r\ninsert into planting_materials (culture_id, name) VALUES (1, 'DM 6458 IPRO');\r\ninsert into planting_materials (culture_id, name) VALUES (1, 'DM 6563 IPRO');\r\ninsert into planting_materials (culture_id, name) VALUES (1, 'DM 65i59 IPRO');\r\ninsert into planting_materials (culture_id, name) VALUES (1, 'DM 66i68 IPRO');\r\ninsert into planting_materials (culture_id, name) VALUES (1, 'DM 68i69 IPRO');\r\ninsert into planting_materials (culture_id, name) VALUES (1, 'DM 73i75 IPRO');\r\ninsert into planting_materials (culture_id, name) VALUES (1, 'DM 75i74 IPRO');\r\ninsert into planting_materials (culture_id, name) VALUES (1, 'DM 75i76 IPRO');\r\ninsert into planting_materials (culture_id, name) VALUES (1, 'DM 80i79 IPRO');\r\ninsert into planting_materials (culture_id, name) VALUES (1, 'DM 81i84 IPRO');\r\ninsert into planting_materials (culture_id, name) VALUES (1, 'DM 82i78 IPRO');\r\ninsert into planting_materials (culture_id, name) VALUES (1, 'DS 5916 IPRO');\r\ninsert into planting_materials (culture_id, name) VALUES (1, 'DS 6217 IPRO');\r\ninsert into planting_materials (culture_id, name) VALUES (1, 'DS6017 IPRO');\r\ninsert into planting_materials (culture_id, name) VALUES (1, 'DS7417 IPRO');\r\ninsert into planting_materials (culture_id, name) VALUES (1, 'EMGOPA 313');\r\ninsert into planting_materials (culture_id, name) VALUES (1, 'FPS ANTARES RR');\r\ninsert into planting_materials (culture_id, name) VALUES (1, 'FPS IGUACU RR');\r\ninsert into planting_materials (culture_id, name) VALUES (1, 'FPS JUPITER RR');\r\ninsert into planting_materials (culture_id, name) VALUES (1, 'FTR 1154 RR');\r\ninsert into planting_materials (culture_id, name) VALUES (1, 'FTR 1156 IPRO');\r\ninsert into planting_materials (culture_id, name) VALUES (1, 'FTR 1157 RR');\r\ninsert into planting_materials (culture_id, name) VALUES (1, 'FTR 1186 IPRO');\r\ninsert into planting_materials (culture_id, name) VALUES (1, 'FTR 1192 IPRO');\r\ninsert into planting_materials (culture_id, name) VALUES (1, 'FTR 2050 IPRO');\r\ninsert into planting_materials (culture_id, name) VALUES (1, 'FTR 2155 RR');\r\ninsert into planting_materials (culture_id, name) VALUES (1, 'FTR 2161 RR');\r\ninsert into planting_materials (culture_id, name) VALUES (1, 'FTR 2182 IPRO');\r\ninsert into planting_materials (culture_id, name) VALUES (1, 'FTR 2557 RR');\r\ninsert into planting_materials (culture_id, name) VALUES (1, 'FTR 2660 IPRO');\r\ninsert into planting_materials (culture_id, name) VALUES (1, 'FTR 2949 IPRO');\r\ninsert into planting_materials (culture_id, name) VALUES (1, 'FTR 3156 IPRO');\r\ninsert into planting_materials (culture_id, name) VALUES (1, 'FTR 3165 IPRO');\r\ninsert into planting_materials (culture_id, name) VALUES (1, 'FTR 3178 IPRO');\r\ninsert into planting_materials (culture_id, name) VALUES (1, 'FTR 3179 IPRO');\r\ninsert into planting_materials (culture_id, name) VALUES (1, 'FTR 3180 IPRO');\r\ninsert into planting_materials (culture_id, name) VALUES (1, 'FTR 3185 IPRO');\r\ninsert into planting_materials (culture_id, name) VALUES (1, 'FTR 3191 IPRO');\r\ninsert into planting_materials (culture_id, name) VALUES (1, 'FTR 3366 IPRO ');\r\ninsert into planting_materials (culture_id, name) VALUES (1, 'FTR 3757 IPRO');\r\ninsert into planting_materials (culture_id, name) VALUES (1, 'FTR 3848 IPRO');\r\ninsert into planting_materials (culture_id, name) VALUES (1, 'FTR 4153 IPRO');\r\ninsert into planting_materials (culture_id, name) VALUES (1, 'FTR 4160 IPRO');\r\ninsert into planting_materials (culture_id, name) VALUES (1, 'FTR 4179 IPRO');\r\ninsert into planting_materials (culture_id, name) VALUES (1, 'FTR 4180 IPRO');\r\ninsert into planting_materials (culture_id, name) VALUES (1, 'FTR 4181 IPRO');\r\ninsert into planting_materials (culture_id, name) VALUES (1, 'FTR 4182 IPRO');\r\ninsert into planting_materials (culture_id, name) VALUES (1, 'FTR 4280 IPRO');\r\ninsert into planting_materials (culture_id, name) VALUES (1, 'FTR 4465 IPRO');\r\ninsert into planting_materials (culture_id, name) VALUES (1, 'FTR 4959 IPRO');\r\ninsert into planting_materials (culture_id, name) VALUES (1, 'FTS 2178');\r\ninsert into planting_materials (culture_id, name) VALUES (1, 'FTS 3190 IPRO');\r\ninsert into planting_materials (culture_id, name) VALUES (1, 'FTS 4183 IPRO');\r\ninsert into planting_materials (culture_id, name) VALUES (1, 'FTS 4188');\r\ninsert into planting_materials (culture_id, name) VALUES (1, 'FTS 4288 IPRO');\r\ninsert into planting_materials (culture_id, name) VALUES (1, 'FTS ATHENA RR');\r\ninsert into planting_materials (culture_id, name) VALUES (1, 'FTS CAMPO MOURAO RR');\r\ninsert into planting_materials (culture_id, name) VALUES (1, 'FTS CAMPO NOVO RR');\r\ninsert into planting_materials (culture_id, name) VALUES (1, 'FTS FENIX');\r\ninsert into planting_materials (culture_id, name) VALUES (1, 'FTS GALANTE RR');\r\ninsert into planting_materials (culture_id, name) VALUES (1, 'FTS GRACIOSA RR');\r\ninsert into planting_materials (culture_id, name) VALUES (1, 'FTS MASTER RR');\r\ninsert into planting_materials (culture_id, name) VALUES (1, 'FTS PARAGOMINAS');\r\ninsert into planting_materials (culture_id, name) VALUES (1, 'FTS TRIUNFO RR');\r\ninsert into planting_materials (culture_id, name) VALUES (1, 'FTS URUCUI RR');\r\ninsert into planting_materials (culture_id, name) VALUES (1, 'GB 874 RR');\r\ninsert into planting_materials (culture_id, name) VALUES (1, 'GMX CANCHEIRO RR');\r\ninsert into planting_materials (culture_id, name) VALUES (1, 'GMX GUAPO RR');\r\ninsert into planting_materials (culture_id, name) VALUES (1, 'GMX GURI RR');\r\ninsert into planting_materials (culture_id, name) VALUES (1, 'GMX REDOMAO RR');\r\ninsert into planting_materials (culture_id, name) VALUES (1, 'GMX XIRU RR');\r\ninsert into planting_materials (culture_id, name) VALUES (1, 'GNZ 550S RR');\r\ninsert into planting_materials (culture_id, name) VALUES (1, 'GNZ 660S RR');\r\ninsert into planting_materials (culture_id, name) VALUES (1, 'GNZ 721S RR');\r\ninsert into planting_materials (culture_id, name) VALUES (1, 'GP 5917 RR');\r\ninsert into planting_materials (culture_id, name) VALUES (1, 'GUAIA 6510 RR');\r\ninsert into planting_materials (culture_id, name) VALUES (1, 'GUAIA 7379 IPRO');\r\ninsert into planting_materials (culture_id, name) VALUES (1, 'GUAIA 7487 RR');\r\ninsert into planting_materials (culture_id, name) VALUES (1, 'HBK LL4953');\r\ninsert into planting_materials (culture_id, name) VALUES (1, 'HBK LL 4653');\r\ninsert into planting_materials (culture_id, name) VALUES (1, 'HBK LL 4950');\r\ninsert into planting_materials (culture_id, name) VALUES (1, 'HBK RY 4721');\r\ninsert into planting_materials (culture_id, name) VALUES (1, 'HBK RY 5221');\r\ninsert into planting_materials (culture_id, name) VALUES (1, 'HBK RY 7523');\r\ninsert into planting_materials (culture_id, name) VALUES (1, 'HO AMAMBAY IPRO');\r\ninsert into planting_materials (culture_id, name) VALUES (1, 'HO APAUE IPRO');\r\ninsert into planting_materials (culture_id, name) VALUES (1, 'HO APORE IPRO');\r\ninsert into planting_materials (culture_id, name) VALUES (1, 'HO CHOPIM IPRO');\r\ninsert into planting_materials (culture_id, name) VALUES (1, 'HO CORUMBA IPRO');\r\ninsert into planting_materials (culture_id, name) VALUES (1, 'HO CRISTALINO IPRO');\r\ninsert into planting_materials (culture_id, name) VALUES (1, 'HO CRIXA IPRO');\r\ninsert into planting_materials (culture_id, name) VALUES (1, 'HO IGUACU IPRO');\r\ninsert into planting_materials (culture_id, name) VALUES (1, 'HO JACUTINGA IPRO');\r\ninsert into planting_materials (culture_id, name) VALUES (1, 'HO JAURU IPRO');\r\ninsert into planting_materials (culture_id, name) VALUES (1, 'HO JAVAES IPRO');\r\ninsert into planting_materials (culture_id, name) VALUES (1, 'HO JURUENA IPRO');\r\ninsert into planting_materials (culture_id, name) VALUES (1, 'HO MAMOR\u00c9 IPRO');\r\ninsert into planting_materials (culture_id, name) VALUES (1, 'HO MARACAI IPRO ');\r\ninsert into planting_materials (culture_id, name) VALUES (1, 'HO PARANAIBA IPRO');\r\ninsert into planting_materials (culture_id, name) VALUES (1, 'HO PIRAPO IPRO');\r\ninsert into planting_materials (culture_id, name) VALUES (1, 'HO TERERE IPRO');\r\ninsert into planting_materials (culture_id, name) VALUES (1, 'ICS 7019');\r\ninsert into planting_materials (culture_id, name) VALUES (1, 'IGRA 545 RR');\r\ninsert into planting_materials (culture_id, name) VALUES (1, 'IGRA 626 RR');\r\ninsert into planting_materials (culture_id, name) VALUES (1, 'IGRA 645 RR');\r\ninsert into planting_materials (culture_id, name) VALUES (1, 'IMA 80118 RR');\r\ninsert into planting_materials (culture_id, name) VALUES (1, 'IMA 84114 RR');\r\ninsert into planting_materials (culture_id, name) VALUES (1, 'INT 6300 RR');\r\ninsert into planting_materials (culture_id, name) VALUES (1, 'LDC 5.9 RR');\r\ninsert into planting_materials (culture_id, name) VALUES (1, 'LDC 6.0 RR');\r\ninsert into planting_materials (culture_id, name) VALUES (1, 'LDC 6.9IPRO');\r\ninsert into planting_materials (culture_id, name) VALUES (1, 'LG 60150 IPRO');\r\ninsert into planting_materials (culture_id, name) VALUES (1, 'LG 60158 IPRO');\r\ninsert into planting_materials (culture_id, name) VALUES (1, 'LG 60162 IPRO');\r\ninsert into planting_materials (culture_id, name) VALUES (1, 'LG 60163 IPRO');\r\ninsert into planting_materials (culture_id, name) VALUES (1, 'LG 60174 IPRO');\r\ninsert into planting_materials (culture_id, name) VALUES (1, 'LG 60177 IPRO');\r\ninsert into planting_materials (culture_id, name) VALUES (1, 'LG 60180 IPRO');\r\ninsert into planting_materials (culture_id, name) VALUES (1, 'LG 60184 IPRO');\r\ninsert into planting_materials (culture_id, name) VALUES (1, 'M 5410 IPRO');\r\ninsert into planting_materials (culture_id, name) VALUES (1, 'M 5705 IPRO');\r\ninsert into planting_materials (culture_id, name) VALUES (1, 'M 5730 IPRO');\r\ninsert into planting_materials (culture_id, name) VALUES (1, 'M 5838 IPRO');\r\ninsert into planting_materials (culture_id, name) VALUES (1, 'M 5892 IPRO');\r\ninsert into planting_materials (culture_id, name) VALUES (1, 'M 5917 IPRO');\r\ninsert into planting_materials (culture_id, name) VALUES (1, 'M 5947 IPRO');\r\ninsert into planting_materials (culture_id, name) VALUES (1, 'M 6210 IPRO');\r\ninsert into planting_materials (culture_id, name) VALUES (1, 'M 6211IPRO');\r\ninsert into planting_materials (culture_id, name) VALUES (1, 'M 6410 IPRO');\r\ninsert into planting_materials (culture_id, name) VALUES (1, 'M 6952 IPRO');\r\ninsert into planting_materials (culture_id, name) VALUES (1, 'M 6972 IPRO');\r\ninsert into planting_materials (culture_id, name) VALUES (1, 'M 7110 IPRO');\r\ninsert into planting_materials (culture_id, name) VALUES (1, 'M 7198 IPRO');\r\ninsert into planting_materials (culture_id, name) VALUES (1, 'M 7639 RR');\r\ninsert into planting_materials (culture_id, name) VALUES (1, 'M 7739 IPRO');\r\ninsert into planting_materials (culture_id, name) VALUES (1, 'M 8133 IPRO');\r\ninsert into planting_materials (culture_id, name) VALUES (1, 'M 8210 IPRO');\r\ninsert into planting_materials (culture_id, name) VALUES (1, 'M 8330 IPRO');\r\ninsert into planting_materials (culture_id, name) VALUES (1, 'M 8349 IPRO');\r\ninsert into planting_materials (culture_id, name) VALUES (1, 'M 8372 IPRO');\r\ninsert into planting_materials (culture_id, name) VALUES (1, 'M 8473 IPRO');\r\ninsert into planting_materials (culture_id, name) VALUES (1, 'M 8527 RR');\r\ninsert into planting_materials (culture_id, name) VALUES (1, 'M 8615 IPRO');\r\ninsert into planting_materials (culture_id, name) VALUES (1, 'M 8644 IPRO');\r\ninsert into planting_materials (culture_id, name) VALUES (1, 'M 8766 RR');\r\ninsert into planting_materials (culture_id, name) VALUES (1, 'M 8808 IPRO');\r\ninsert into planting_materials (culture_id, name) VALUES (1, 'M 8866');\r\ninsert into planting_materials (culture_id, name) VALUES (1, 'M 8867 RR');\r\ninsert into planting_materials (culture_id, name) VALUES (1, 'M 9056 RR');\r\ninsert into planting_materials (culture_id, name) VALUES (1, 'M 9144 RR');\r\ninsert into planting_materials (culture_id, name) VALUES (1, 'M-SOY 7900');\r\ninsert into planting_materials (culture_id, name) VALUES (1, 'M-SOY 8757');\r\ninsert into planting_materials (culture_id, name) VALUES (1, 'M-SOY 9350');\r\ninsert into planting_materials (culture_id, name) VALUES (1, 'MS 6.3 IPRO');\r\ninsert into planting_materials (culture_id, name) VALUES (1, 'NA 5959 IPRO');\r\ninsert into planting_materials (culture_id, name) VALUES (1, 'NA 7337 RR');\r\ninsert into planting_materials (culture_id, name) VALUES (1, 'NA 8500');\r\ninsert into planting_materials (culture_id, name) VALUES (1, 'NA 8572');\r\ninsert into planting_materials (culture_id, name) VALUES (1, 'NS 4823 RR');\r\ninsert into planting_materials (culture_id, name) VALUES (1, 'NS 5000 IPRO');\r\ninsert into planting_materials (culture_id, name) VALUES (1, 'NS 5106 IPRO');\r\ninsert into planting_materials (culture_id, name) VALUES (1, 'NS 5258 RR');\r\ninsert into planting_materials (culture_id, name) VALUES (1, 'NS 5445 IPRO');\r\ninsert into planting_materials (culture_id, name) VALUES (1, 'NS 5727 IPRO');\r\ninsert into planting_materials (culture_id, name) VALUES (1, 'NS 5858');\r\ninsert into planting_materials (culture_id, name) VALUES (1, 'NS 5909 RR');\r\ninsert into planting_materials (culture_id, name) VALUES (1, 'NS 5959 IPRO');\r\ninsert into planting_materials (culture_id, name) VALUES (1, 'NS 5960 RR');\r\ninsert into planting_materials (culture_id, name) VALUES (1, 'NS 6006 IPRO');\r\ninsert into planting_materials (culture_id, name) VALUES (1, 'NS 6209 RR');\r\ninsert into planting_materials (culture_id, name) VALUES (1, 'NS 6248 RR');\r\ninsert into planting_materials (culture_id, name) VALUES (1, 'NS 6390 IPRO');\r\ninsert into planting_materials (culture_id, name) VALUES (1, 'NS 6483 RR');\r\ninsert into planting_materials (culture_id, name) VALUES (1, 'NS 6535 IPRO');\r\ninsert into planting_materials (culture_id, name) VALUES (1, 'NS 6601 IPRO');\r\ninsert into planting_materials (culture_id, name) VALUES (1, 'NS 6700 IPRO');\r\ninsert into planting_materials (culture_id, name) VALUES (1, 'NS 6767 RR');\r\ninsert into planting_materials (culture_id, name) VALUES (1, 'NS 6823 IPRO');\r\ninsert into planting_materials (culture_id, name) VALUES (1, 'NS 6823 RR');\r\ninsert into planting_materials (culture_id, name) VALUES (1, 'NS 6828 IPRO');\r\ninsert into planting_materials (culture_id, name) VALUES (1, 'NS 6906 IPRO');\r\ninsert into planting_materials (culture_id, name) VALUES (1, 'NS 6909 IPRO');\r\ninsert into planting_materials (culture_id, name) VALUES (1, 'NS 7000 IPRO');\r\ninsert into planting_materials (culture_id, name) VALUES (1, 'NS 7002');\r\ninsert into planting_materials (culture_id, name) VALUES (1, 'NS 7007 IPRO');\r\ninsert into planting_materials (culture_id, name) VALUES (1, 'NS 7200 RR');\r\ninsert into planting_materials (culture_id, name) VALUES (1, 'NS 7202 IPRO');\r\ninsert into planting_materials (culture_id, name) VALUES (1, 'NS 7209 IPRO');\r\ninsert into planting_materials (culture_id, name) VALUES (1, 'NS 7227 RR');\r\ninsert into planting_materials (culture_id, name) VALUES (1, 'NS 7237 IPRO');\r\ninsert into planting_materials (culture_id, name) VALUES (1, 'NS 7300 IPRO');\r\ninsert into planting_materials (culture_id, name) VALUES (1, 'NS 7338 IPRO');\r\ninsert into planting_materials (culture_id, name) VALUES (1, 'NS 7399 IPRO');\r\ninsert into planting_materials (culture_id, name) VALUES (1, 'NS 7447 IPRO');\r\ninsert into planting_materials (culture_id, name) VALUES (1, 'NS 7490 RR');\r\ninsert into planting_materials (culture_id, name) VALUES (1, 'NS 7497 RR');\r\ninsert into planting_materials (culture_id, name) VALUES (1, 'NS 7505 IPRO');\r\ninsert into planting_materials (culture_id, name) VALUES (1, 'NS 7667 IPRO');\r\ninsert into planting_materials (culture_id, name) VALUES (1, 'NS 7670 RR');\r\ninsert into planting_materials (culture_id, name) VALUES (1, 'NS 7700 IPRO');\r\ninsert into planting_materials (culture_id, name) VALUES (1, 'NS 7709 IPRO');\r\ninsert into planting_materials (culture_id, name) VALUES (1, 'NS 7780 IPRO');\r\ninsert into planting_materials (culture_id, name) VALUES (1, 'NS 7901');\r\ninsert into planting_materials (culture_id, name) VALUES (1, 'NS 8094 RR');\r\ninsert into planting_materials (culture_id, name) VALUES (1, 'NS 8270');\r\ninsert into planting_materials (culture_id, name) VALUES (1, 'NS 8300 PRO');\r\ninsert into planting_materials (culture_id, name) VALUES (1, 'NS 8338 IPRO');\r\ninsert into planting_materials (culture_id, name) VALUES (1, 'NS 8383 RR');\r\ninsert into planting_materials (culture_id, name) VALUES (1, 'NS 8393 RR');\r\ninsert into planting_materials (culture_id, name) VALUES (1, 'NS 8399 IPRO');\r\ninsert into planting_materials (culture_id, name) VALUES (1, 'NS 8400 IPRO');\r\ninsert into planting_materials (culture_id, name) VALUES (1, 'NS 8490 RR');\r\ninsert into planting_materials (culture_id, name) VALUES (1, 'NS 8693 RR');\r\ninsert into planting_materials (culture_id, name) VALUES (1, 'NT 1478SP');\r\ninsert into planting_materials (culture_id, name) VALUES (1, 'NT 1479MX');\r\ninsert into planting_materials (culture_id, name) VALUES (1, 'P 95R51');\r\ninsert into planting_materials (culture_id, name) VALUES (1, 'P 95R90 IPRO');\r\ninsert into planting_materials (culture_id, name) VALUES (1, 'P 95R95 IPRO');\r\ninsert into planting_materials (culture_id, name) VALUES (1, 'P 95Y21');\r\ninsert into planting_materials (culture_id, name) VALUES (1, 'P 95Y52');\r\ninsert into planting_materials (culture_id, name) VALUES (1, 'P 95Y72');\r\ninsert into planting_materials (culture_id, name) VALUES (1, 'P 96Y90 RR');\r\ninsert into planting_materials (culture_id, name) VALUES (1, 'P 97R21');\r\ninsert into planting_materials (culture_id, name) VALUES (1, 'P 97R22 IPRO');\r\ninsert into planting_materials (culture_id, name) VALUES (1, 'P 97R50 IPRO');\r\ninsert into planting_materials (culture_id, name) VALUES (1, 'P 97R73');\r\ninsert into planting_materials (culture_id, name) VALUES (1, 'P 97Y07');\r\ninsert into planting_materials (culture_id, name) VALUES (1, 'P 98C81');\r\ninsert into planting_materials (culture_id, name) VALUES (1, 'P 98R35 IPRO');\r\ninsert into planting_materials (culture_id, name) VALUES (1, 'P 98Y01 IPRO');\r\ninsert into planting_materials (culture_id, name) VALUES (1, 'P 98Y11');\r\ninsert into planting_materials (culture_id, name) VALUES (1, 'P 98Y12');\r\ninsert into planting_materials (culture_id, name) VALUES (1, 'P 98Y20 IPRO');\r\ninsert into planting_materials (culture_id, name) VALUES (1, 'P 98Y21 IPRO');\r\ninsert into planting_materials (culture_id, name) VALUES (1, 'P 98Y30 RR');\r\ninsert into planting_materials (culture_id, name) VALUES (1, 'P 98Y31 IPRO');\r\ninsert into planting_materials (culture_id, name) VALUES (1, 'P 98Y51');\r\ninsert into planting_materials (culture_id, name) VALUES (1, 'P 98Y52');\r\ninsert into planting_materials (culture_id, name) VALUES (1, 'P 98Y70');\r\ninsert into planting_materials (culture_id, name) VALUES (1, 'P 98Y71');\r\ninsert into planting_materials (culture_id, name) VALUES (1, 'P 99R03');\r\ninsert into planting_materials (culture_id, name) VALUES (1, 'P 99R09');\r\ninsert into planting_materials (culture_id, name) VALUES (1, 'P98R41');\r\ninsert into planting_materials (culture_id, name) VALUES (1, 'PINTADO');\r\ninsert into planting_materials (culture_id, name) VALUES (1, 'PP 7500 IPRO');\r\ninsert into planting_materials (culture_id, name) VALUES (1, 'PP 8201 IPRO');\r\ninsert into planting_materials (culture_id, name) VALUES (1, 'Produza IPRO');\r\ninsert into planting_materials (culture_id, name) VALUES (1, 'RA 5715 IPRO');\r\ninsert into planting_materials (culture_id, name) VALUES (1, 'RK 5813 RR');\r\ninsert into planting_materials (culture_id, name) VALUES (1, 'RK 6210 IPRO');\r\ninsert into planting_materials (culture_id, name) VALUES (1, 'RK 6316 IPRO');\r\ninsert into planting_materials (culture_id, name) VALUES (1, 'RK 6719 IPRO');\r\ninsert into planting_materials (culture_id, name) VALUES (1, 'RK 6813 RR');\r\ninsert into planting_materials (culture_id, name) VALUES (1, 'RK 7214 IPRO');\r\ninsert into planting_materials (culture_id, name) VALUES (1, 'RK 7518 IPRO');\r\ninsert into planting_materials (culture_id, name) VALUES (1, 'RK 7814 IPRO');\r\ninsert into planting_materials (culture_id, name) VALUES (1, 'RK 8115 IPRO');\r\ninsert into planting_materials (culture_id, name) VALUES (1, 'RK 8307 RR');\r\ninsert into planting_materials (culture_id, name) VALUES (1, 'RK 8317 IPRO');\r\ninsert into planting_materials (culture_id, name) VALUES (1, 'RMO 5885 RR');\r\ninsert into planting_materials (culture_id, name) VALUES (1, 'RMO 6001 RR');\r\ninsert into planting_materials (culture_id, name) VALUES (1, 'SEMPRE 8230 IPRO');\r\ninsert into planting_materials (culture_id, name) VALUES (1, 'SOJAPAR R 19');\r\ninsert into planting_materials (culture_id, name) VALUES (1, 'SOJAPAR R24');\r\ninsert into planting_materials (culture_id, name) VALUES (1, 'SOJAPAR R34');\r\ninsert into planting_materials (culture_id, name) VALUES (1, 'SOY PESO RR');\r\ninsert into planting_materials (culture_id, name) VALUES (1, 'ST 620 IPRO');\r\ninsert into planting_materials (culture_id, name) VALUES (1, 'ST 644 IPRO');\r\ninsert into planting_materials (culture_id, name) VALUES (1, 'ST 693 IPRO');\r\ninsert into planting_materials (culture_id, name) VALUES (1, 'ST 719 LL');\r\ninsert into planting_materials (culture_id, name) VALUES (1, 'ST 721 IPRO');\r\ninsert into planting_materials (culture_id, name) VALUES (1, 'ST 729 LL');\r\ninsert into planting_materials (culture_id, name) VALUES (1, 'ST 777 IPRO');\r\ninsert into planting_materials (culture_id, name) VALUES (1, 'ST 797 IPRO');\r\ninsert into planting_materials (culture_id, name) VALUES (1, 'ST 804 IPRO');\r\ninsert into planting_materials (culture_id, name) VALUES (1, 'ST 815 RR');\r\ninsert into planting_materials (culture_id, name) VALUES (1, 'ST 820 RR');\r\ninsert into planting_materials (culture_id, name) VALUES (1, 'ST 830 IPRO');\r\ninsert into planting_materials (culture_id, name) VALUES (1, 'ST 845 IPRO');\r\ninsert into planting_materials (culture_id, name) VALUES (1, 'ST 860 RR');\r\ninsert into planting_materials (culture_id, name) VALUES (1, 'ST 879 LL');\r\ninsert into planting_materials (culture_id, name) VALUES (1, 'ST 920 RR');\r\ninsert into planting_materials (culture_id, name) VALUES (1, 'SW ATRIA RR');\r\ninsert into planting_materials (culture_id, name) VALUES (1, 'SW BRIZA RR');\r\ninsert into planting_materials (culture_id, name) VALUES (1, 'SW GURIA RR');\r\ninsert into planting_materials (culture_id, name) VALUES (1, 'SYN 1059 RR');\r\ninsert into planting_materials (culture_id, name) VALUES (1, 'SYN 1080 RR');\r\ninsert into planting_materials (culture_id, name) VALUES (1, 'SYN 1152 RR');\r\ninsert into planting_materials (culture_id, name) VALUES (1, 'SYN 1157 RR');\r\ninsert into planting_materials (culture_id, name) VALUES (1, 'SYN 1158 RR');\r\ninsert into planting_materials (culture_id, name) VALUES (1, 'SYN 1161 RR');\r\ninsert into planting_materials (culture_id, name) VALUES (1, 'SYN 1163 RR');\r\ninsert into planting_materials (culture_id, name) VALUES (1, 'SYN 1180 RR');\r\ninsert into planting_materials (culture_id, name) VALUES (1, 'SYN 1182 RR');\r\ninsert into planting_materials (culture_id, name) VALUES (1, 'SYN 1183 RR');\r\ninsert into planting_materials (culture_id, name) VALUES (1, 'SYN 1190 RR');\r\ninsert into planting_materials (culture_id, name) VALUES (1, 'SYN 1257 RR');\r\ninsert into planting_materials (culture_id, name) VALUES (1, 'SYN 1281 RR');\r\ninsert into planting_materials (culture_id, name) VALUES (1, 'SYN 1285 RR');\r\ninsert into planting_materials (culture_id, name) VALUES (1, 'SYN 13561 IPRO');\r\ninsert into planting_materials (culture_id, name) VALUES (1, 'SYN 1359S IPRO');\r\ninsert into planting_materials (culture_id, name) VALUES (1, 'SYN 13610 IPRO');\r\ninsert into planting_materials (culture_id, name) VALUES (1, 'SYN 1366 IPRO');\r\ninsert into planting_materials (culture_id, name) VALUES (1, 'SYN 1366C IPRO');\r\ninsert into planting_materials (culture_id, name) VALUES (1, 'SYN 13671 IPRO');\r\ninsert into planting_materials (culture_id, name) VALUES (1, 'SYN 13840 IPRO');\r\ninsert into planting_materials (culture_id, name) VALUES (1, 'SYN 1561 IPRO');\r\ninsert into planting_materials (culture_id, name) VALUES (1, 'SYN 1562 IPRO');\r\ninsert into planting_materials (culture_id, name) VALUES (1, 'SYN 15630 IPRO');\r\ninsert into planting_materials (culture_id, name) VALUES (1, 'SYN 15640 IPRO');\r\ninsert into planting_materials (culture_id, name) VALUES (1, 'SYN 1585 IPRO');\r\ninsert into planting_materials (culture_id, name) VALUES (1, 'SYN 1657 IPRO');\r\ninsert into planting_materials (culture_id, name) VALUES (1, 'SYN 1665 IPRO');\r\ninsert into planting_materials (culture_id, name) VALUES (1, 'SYN 1686 IPRO');\r\ninsert into planting_materials (culture_id, name) VALUES (1, 'SYN 1687 IPRO');\r\ninsert into planting_materials (culture_id, name) VALUES (1, 'SYN 1785 IPRO');\r\ninsert into planting_materials (culture_id, name) VALUES (1, 'SYN 3358 RR');\r\ninsert into planting_materials (culture_id, name) VALUES (1, 'SYN 9070 RR');\r\ninsert into planting_materials (culture_id, name) VALUES (1, 'SYN 9074 RR');\r\ninsert into planting_materials (culture_id, name) VALUES (1, 'SYN 9078 RR');\r\ninsert into planting_materials (culture_id, name) VALUES (1, 'SYN V-MAX RR');\r\ninsert into planting_materials (culture_id, name) VALUES (1, 'SYN V-TOP RR');\r\ninsert into planting_materials (culture_id, name) VALUES (1, 'TEC 6702 IPRO');\r\ninsert into planting_materials (culture_id, name) VALUES (1, 'TEC 7021 IPRO');\r\ninsert into planting_materials (culture_id, name) VALUES (1, 'TEC 7022 IPRO');\r\ninsert into planting_materials (culture_id, name) VALUES (1, 'TEC 7022 IPRO');\r\ninsert into planting_materials (culture_id, name) VALUES (1, 'TEC 7548 IPRO');\r\ninsert into planting_materials (culture_id, name) VALUES (1, 'TEC 7548 IPRO');\r\ninsert into planting_materials (culture_id, name) VALUES (1, 'TEC 7849 IPRO');\r\ninsert into planting_materials (culture_id, name) VALUES (1, 'TMG 1067 RR');\r\ninsert into planting_materials (culture_id, name) VALUES (1, 'TMG 115 RR');\r\ninsert into planting_materials (culture_id, name) VALUES (1, 'TMG 1174 RR');\r\ninsert into planting_materials (culture_id, name) VALUES (1, 'TMG 1175 RR');\r\ninsert into planting_materials (culture_id, name) VALUES (1, 'TMG 1176 RR');\r\ninsert into planting_materials (culture_id, name) VALUES (1, 'TMG 1179 RR');\r\ninsert into planting_materials (culture_id, name) VALUES (1, 'TMG 1180 RR');\r\ninsert into planting_materials (culture_id, name) VALUES (1, 'TMG 1182 RR');\r\ninsert into planting_materials (culture_id, name) VALUES (1, 'TMG 1187 RR');\r\ninsert into planting_materials (culture_id, name) VALUES (1, 'TMG 1188 RR');\r\ninsert into planting_materials (culture_id, name) VALUES (1, 'TMG 123 RR');\r\ninsert into planting_materials (culture_id, name) VALUES (1, 'TMG 1264 RR');\r\ninsert into planting_materials (culture_id, name) VALUES (1, 'TMG 1266 RR');\r\ninsert into planting_materials (culture_id, name) VALUES (1, 'TMG 127 RR');\r\ninsert into planting_materials (culture_id, name) VALUES (1, 'TMG 1288 RR');\r\ninsert into planting_materials (culture_id, name) VALUES (1, 'TMG 132 RR');\r\ninsert into planting_materials (culture_id, name) VALUES (1, 'TMG 133 RR');\r\ninsert into planting_materials (culture_id, name) VALUES (1, 'TMG 1759 RR');\r\ninsert into planting_materials (culture_id, name) VALUES (1, 'TMG 2158 IPRO');\r\ninsert into planting_materials (culture_id, name) VALUES (1, 'TMG 2173 IPRO');\r\ninsert into planting_materials (culture_id, name) VALUES (1, 'TMG 2179 IPRO');\r\ninsert into planting_materials (culture_id, name) VALUES (1, 'TMG 2181 IPRO');\r\ninsert into planting_materials (culture_id, name) VALUES (1, 'TMG 2182 IPRO');\r\ninsert into planting_materials (culture_id, name) VALUES (1, 'TMG 2183 IPRO');\r\ninsert into planting_materials (culture_id, name) VALUES (1, 'TMG 2185 IPRO');\r\ninsert into planting_materials (culture_id, name) VALUES (1, 'TMG 2187 IPRO');\r\ninsert into planting_materials (culture_id, name) VALUES (1, 'TMG 2286 IPRO');\r\ninsert into planting_materials (culture_id, name) VALUES (1, 'TMG 2378 IPRO');\r\ninsert into planting_materials (culture_id, name) VALUES (1, 'TMG 2379 IPRO');\r\ninsert into planting_materials (culture_id, name) VALUES (1, 'TMG 2381 IPRO');\r\ninsert into planting_materials (culture_id, name) VALUES (1, 'TMG 2383 IPRO');\r\ninsert into planting_materials (culture_id, name) VALUES (1, 'TMG 4182');\r\ninsert into planting_materials (culture_id, name) VALUES (1, 'TMG 4185');\r\ninsert into planting_materials (culture_id, name) VALUES (1, 'TMG 4190');\r\ninsert into planting_materials (culture_id, name) VALUES (1, 'TMG 4377');\r\ninsert into planting_materials (culture_id, name) VALUES (1, 'TMG 7060 IPRO');\r\ninsert into planting_materials (culture_id, name) VALUES (1, 'TMG 7061 IPRO');\r\ninsert into planting_materials (culture_id, name) VALUES (1, 'TMG 7062 IPRO');\r\ninsert into planting_materials (culture_id, name) VALUES (1, 'TMG 7063 IPRO');\r\ninsert into planting_materials (culture_id, name) VALUES (1, 'TMG 7067 IPRO');\r\ninsert into planting_materials (culture_id, name) VALUES (1, 'TMG 7161 RR');\r\ninsert into planting_materials (culture_id, name) VALUES (1, 'TMG 7188 RR');\r\ninsert into planting_materials (culture_id, name) VALUES (1, 'TMG 7260 IPRO');\r\ninsert into planting_materials (culture_id, name) VALUES (1, 'TMG 7262 RR');\r\ninsert into planting_materials (culture_id, name) VALUES (1, 'TMG 7363 RR');\r\ninsert into planting_materials (culture_id, name) VALUES (1, 'TMG 7662 RR');\r\ninsert into planting_materials (culture_id, name) VALUES (1, 'TUCUNARE');\r\ninsert into planting_materials (culture_id, name) VALUES (1, 'W 712 RR');\r\ninsert into planting_materials (culture_id, name) VALUES (1, 'W 787 RR');\r\ninsert into planting_materials (culture_id, name) VALUES (1, 'W 791 RR');\r\ninsert into planting_materials (culture_id, name) VALUES (1, 'W 799 RR');\r\ninsert into planting_materials (culture_id, name) VALUES (1, 'W 842 RR');\r\ninsert into planting_materials (culture_id, name) VALUES (1, 'W 870');\r\ninsert into planting_materials (culture_id, name) VALUES (1, 'W 875 RR');\r\ninsert into planting_materials (culture_id, name) VALUES (1, 'W 888 CV');\r\ninsert into planting_materials (culture_id, name) VALUES (1, 'neo 680 IPRO');\r\ninsert into planting_materials (culture_id, name) VALUES (1, 'neo 710 IPRO');\r\ninsert into planting_materials (culture_id, name) VALUES (1, 'neo 740 IPRO');\r\ninsert into planting_materials (culture_id, name) VALUES (1, 'neo 750 IPRO');\r\n\r\n--Milho\r\ninsert into planting_materials (culture_id, name) VALUES (4, '2A401PW');\r\ninsert into planting_materials (culture_id, name) VALUES (4, '2A401RR');\r\ninsert into planting_materials (culture_id, name) VALUES (4, '2A510PW');\r\ninsert into planting_materials (culture_id, name) VALUES (4, '2B433PW');\r\ninsert into planting_materials (culture_id, name) VALUES (4, '2B688PW');\r\ninsert into planting_materials (culture_id, name) VALUES (4, '2B688RR');\r\ninsert into planting_materials (culture_id, name) VALUES (4, '2B810PW');\r\ninsert into planting_materials (culture_id, name) VALUES (4, '30F35');\r\ninsert into planting_materials (culture_id, name) VALUES (4, '30F35R');\r\ninsert into planting_materials (culture_id, name) VALUES (4, '30F35VYHR');\r\ninsert into planting_materials (culture_id, name) VALUES (4, '30F53');\r\ninsert into planting_materials (culture_id, name) VALUES (4, '30F53R');\r\ninsert into planting_materials (culture_id, name) VALUES (4, '30F53VYH');\r\ninsert into planting_materials (culture_id, name) VALUES (4, '30F53VYHR');\r\ninsert into planting_materials (culture_id, name) VALUES (4, '30S31');\r\ninsert into planting_materials (culture_id, name) VALUES (4, '30S31VYH');\r\ninsert into planting_materials (culture_id, name) VALUES (4, '30S31VYHR');\r\ninsert into planting_materials (culture_id, name) VALUES (4, '32R22VYH');\r\ninsert into planting_materials (culture_id, name) VALUES (4, '32R22VYHR');\r\ninsert into planting_materials (culture_id, name) VALUES (4, '32R22YHR');\r\ninsert into planting_materials (culture_id, name) VALUES (4, 'B2360PW');\r\ninsert into planting_materials (culture_id, name) VALUES (4, 'B2401PWU');\r\ninsert into planting_materials (culture_id, name) VALUES (4, 'B2410PWU');\r\ninsert into planting_materials (culture_id, name) VALUES (4, 'B2418VYHR');\r\ninsert into planting_materials (culture_id, name) VALUES (4, 'B2433PWU');\r\ninsert into planting_materials (culture_id, name) VALUES (4, 'B2510PWU');\r\ninsert into planting_materials (culture_id, name) VALUES (4, 'B2612PWU');\r\ninsert into planting_materials (culture_id, name) VALUES (4, 'B2620PWU');\r\ninsert into planting_materials (culture_id, name) VALUES (4, 'B2688PWU');\r\ninsert into planting_materials (culture_id, name) VALUES (4, 'B2702VYHR');\r\ninsert into planting_materials (culture_id, name) VALUES (4, 'B2730VYH');\r\ninsert into planting_materials (culture_id, name) VALUES (4, 'B2782PWU');\r\ninsert into planting_materials (culture_id, name) VALUES (4, 'B2810PWU');\r\ninsert into planting_materials (culture_id, name) VALUES (4, 'B2828');\r\ninsert into planting_materials (culture_id, name) VALUES (4, 'B2856VYHR');\r\ninsert into planting_materials (culture_id, name) VALUES (4, 'BG7037VYH');\r\ninsert into planting_materials (culture_id, name) VALUES (4, 'BG7049');\r\ninsert into planting_materials (culture_id, name) VALUES (4, 'BG7318');\r\ninsert into planting_materials (culture_id, name) VALUES (4, 'BG7318R');\r\ninsert into planting_materials (culture_id, name) VALUES (4, 'BG7318VYH');\r\ninsert into planting_materials (culture_id, name) VALUES (4, 'BG7318YH');\r\ninsert into planting_materials (culture_id, name) VALUES (4, 'BG7640R');\r\ninsert into planting_materials (culture_id, name) VALUES (4, 'BG7640VYH');\r\ninsert into planting_materials (culture_id, name) VALUES (4, 'CD3410PW');\r\ninsert into planting_materials (culture_id, name) VALUES (4, 'CD3612PW');\r\ninsert into planting_materials (culture_id, name) VALUES (4, 'CD3612RR');\r\ninsert into planting_materials (culture_id, name) VALUES (4, 'P3340VYHR');\r\ninsert into planting_materials (culture_id, name) VALUES (4, 'P3380HR');\r\ninsert into planting_materials (culture_id, name) VALUES (4, 'P3380R');\r\ninsert into planting_materials (culture_id, name) VALUES (4, 'P3456');\r\ninsert into planting_materials (culture_id, name) VALUES (4, 'P3456R');\r\ninsert into planting_materials (culture_id, name) VALUES (4, 'P3565PWU');\r\ninsert into planting_materials (culture_id, name) VALUES (4, 'P3646');\r\ninsert into planting_materials (culture_id, name) VALUES (4, 'P3646YHR');\r\ninsert into planting_materials (culture_id, name) VALUES (4, 'P3707VYH');\r\ninsert into planting_materials (culture_id, name) VALUES (4, 'P3754PWU');\r\ninsert into planting_materials (culture_id, name) VALUES (4, 'P3898');\r\ninsert into planting_materials (culture_id, name) VALUES (4, 'P4285');\r\ninsert into planting_materials (culture_id, name) VALUES (4, 'P4285R');\r\ninsert into planting_materials (culture_id, name) VALUES (4, 'P4285VYHR');\r\ninsert into planting_materials (culture_id, name) VALUES (4, 'P4285YHR');\r\ninsert into planting_materials (culture_id, name) VALUES (4, 'Ferox Viptera');\r\ninsert into planting_materials (culture_id, name) VALUES (4, 'Ferox Viptera 3');\r\ninsert into planting_materials (culture_id, name) VALUES (4, 'F\u00f3rmula');\r\ninsert into planting_materials (culture_id, name) VALUES (4, 'F\u00f3rmula Viptera 2');\r\ninsert into planting_materials (culture_id, name) VALUES (4, 'F\u00f3rmula Viptera');\r\ninsert into planting_materials (culture_id, name) VALUES (4, 'Impacto');\r\ninsert into planting_materials (culture_id, name) VALUES (4, 'Impacto Viptera 3');\r\ninsert into planting_materials (culture_id, name) VALUES (4, 'Maximus');\r\ninsert into planting_materials (culture_id, name) VALUES (4, 'Maximus Viptera 3');\r\ninsert into planting_materials (culture_id, name) VALUES (4, 'NK422 VIP3 (SYN422 VIP3)');\r\ninsert into planting_materials (culture_id, name) VALUES (4, 'NK555 VIP3 (SYN555 VIP3)');\r\ninsert into planting_materials (culture_id, name) VALUES (4, 'StatusTG');\r\ninsert into planting_materials (culture_id, name) VALUES (4, 'Status Viptera 3');\r\ninsert into planting_materials (culture_id, name) VALUES (4, 'Supremo');\r\ninsert into planting_materials (culture_id, name) VALUES (4, 'Supremo Viptera');\r\ninsert into planting_materials (culture_id, name) VALUES (4, 'Supremo Viptera 3');\r\ninsert into planting_materials (culture_id, name) VALUES (4, 'Syn422 Vip3');\r\ninsert into planting_materials (culture_id, name) VALUES (4, 'Syn488 Vip3');\r\ninsert into planting_materials (culture_id, name) VALUES (4, 'AS 1551');\r\ninsert into planting_materials (culture_id, name) VALUES (4, 'AS 1555');\r\ninsert into planting_materials (culture_id, name) VALUES (4, 'AS 1581');\r\ninsert into planting_materials (culture_id, name) VALUES (4, 'AS 1590');\r\ninsert into planting_materials (culture_id, name) VALUES (4, 'AS 1598');\r\ninsert into planting_materials (culture_id, name) VALUES (4, 'AS 1633');\r\ninsert into planting_materials (culture_id, name) VALUES (4, 'AS 1656');\r\ninsert into planting_materials (culture_id, name) VALUES (4, 'AS 1677');\r\ninsert into planting_materials (culture_id, name) VALUES (4, 'AS 1770');\r\ninsert into planting_materials (culture_id, name) VALUES (4, 'AS 1777');\r\ninsert into planting_materials (culture_id, name) VALUES (4, 'AS 1780');\r\ninsert into planting_materials (culture_id, name) VALUES (4, 'AS 1820');\r\ninsert into planting_materials (culture_id, name) VALUES (4, 'AS 1844');\r\ninsert into planting_materials (culture_id, name) VALUES (4, 'AS 1850');\r\ninsert into planting_materials (culture_id, name) VALUES (4, 'AS 1868');\r\ninsert into planting_materials (culture_id, name) VALUES (4, 'AS 1575');\r\ninsert into planting_materials (culture_id, name) VALUES (4, 'AS 1596');\r\ninsert into planting_materials (culture_id, name) VALUES (4, 'AS 1666');\r\ninsert into planting_materials (culture_id, name) VALUES (4, 'AS 1730');\r\ninsert into planting_materials (culture_id, name) VALUES (4, 'AS 1757');\r\n\r\n\r\n-- Lista de Pragas\r\n\r\n--Feij\u00e3o\r\ninsert into pests (culture_id, name, scientific_name) VALUES (2, 'Lagarta-rosca', ' ');\r\ninsert into pests (culture_id, name, scientific_name) VALUES (2, 'Lagarta-elasmo', ' ');\r\ninsert into pests (culture_id, name, scientific_name) VALUES (2, 'Vaquinha-verde-amarela', ' ');\r\ninsert into pests (culture_id, name, scientific_name) VALUES (2, 'Lagarta falsa-medideira', ' ');\r\ninsert into pests (culture_id, name, scientific_name) VALUES (2, 'Mosca-branca', ' ');\r\ninsert into pests (culture_id, name, scientific_name) VALUES (2, 'Broca-das-axilas', ' ');\r\ninsert into pests (culture_id, name, scientific_name) VALUES (2, 'Tamandu\u00e1-da-soja', ' ');\r\ninsert into pests (culture_id, name, scientific_name) VALUES (2, 'Lagarta-das-vagens', ' ');\r\ninsert into pests (culture_id, name, scientific_name) VALUES (2, 'Lagarta-helicoverpa', ' ');\r\n\r\n--Algod\u00e3o\r\ninsert into pests (culture_id, name, scientific_name) VALUES (12, 'Bicudo do algodoeiro', ' ');\r\ninsert into pests (culture_id, name, scientific_name) VALUES (12, 'Curuquer\u00ea do algodoeiro', ' ');\r\ninsert into pests (culture_id, name, scientific_name) VALUES (12, 'Lagarta das ma\u00e7as', ' ');\r\ninsert into pests (culture_id, name, scientific_name) VALUES (12, 'Lagarta rosada', ' ');\r\ninsert into pests (culture_id, name, scientific_name) VALUES (12, 'Lagarta-do-cartucho (Spodoptera f.)', ' ');\r\ninsert into pests (culture_id, name, scientific_name) VALUES (12, 'Lagarta-rosca', ' ');\r\ninsert into pests (culture_id, name, scientific_name) VALUES (12, 'Mosca-branca', ' ');\r\ninsert into pests (culture_id, name, scientific_name) VALUES (12, 'Percevejo rajado', ' ');\r\ninsert into pests (culture_id, name, scientific_name) VALUES (12, 'Percevejo-castanho', ' ');\r\ninsert into pests (culture_id, name, scientific_name) VALUES (12, 'Percevejo-manchador', ' ');\r\ninsert into pests (culture_id, name, scientific_name) VALUES (12, 'Pulg\u00e3o do algodoeiro', ' ');\r\ninsert into pests (culture_id, name, scientific_name) VALUES (12, 'Tripes', ' ');\r\ninsert into pests (culture_id, name, scientific_name) VALUES (12, 'Broca da raiz', ' ');\r\ninsert into pests (culture_id, name, scientific_name) VALUES (12, 'Percevjo castanho da raiz', ' ');\r\ninsert into pests (culture_id, name, scientific_name) VALUES (12, 'Lagarta falsa-medideira', ' ');\r\n\r\n\r\n--Arroz\r\ninsert into pests (culture_id, name, scientific_name) VALUES (3, 'Lagarta-elasmo', ' ');\r\ninsert into pests (culture_id, name, scientific_name) VALUES (3, 'Cascudo-preto', ' ');\r\ninsert into pests (culture_id, name, scientific_name) VALUES (3, 'Pulg\u00e3o da raiz', ' ');\r\ninsert into pests (culture_id, name, scientific_name) VALUES (3, 'Pulga do arroz', ' ');\r\ninsert into pests (culture_id, name, scientific_name) VALUES (3, 'Lagarta da folha (Spodoptera f.)', ' ');\r\ninsert into pests (culture_id, name, scientific_name) VALUES (3, 'Lagarta boiadeira', ' ');\r\ninsert into pests (culture_id, name, scientific_name) VALUES (3, 'Bicheira da raiz', ' ');\r\ninsert into pests (culture_id, name, scientific_name) VALUES (3, 'Broca do colmo', ' ');\r\ninsert into pests (culture_id, name, scientific_name) VALUES (3, 'Percevejo do colmo', ' ');\r\ninsert into pests (culture_id, name, scientific_name) VALUES (3, 'Percevejo do gr\u00e3o', ' ');\r\n\r\n--Aveia\r\ninsert into pests (culture_id, name, scientific_name) VALUES (14, 'Cor\u00f3 do trigo', ' ');\r\ninsert into pests (culture_id, name, scientific_name) VALUES (14, 'Pulg\u00e3o da aveia', ' ');\r\ninsert into pests (culture_id, name, scientific_name) VALUES (14, 'Lagarta do trigo', ' ');\r\ninsert into pests (culture_id, name, scientific_name) VALUES (14, 'Grilo', ' ');\r\ninsert into pests (culture_id, name, scientific_name) VALUES (14, 'Lagarta-enroladeira', ' ');\r\ninsert into pests (culture_id, name, scientific_name) VALUES (14, 'Mosca-branca', ' ');\r\ninsert into pests (culture_id, name, scientific_name) VALUES (14, 'Cigarrinha-verde', ' ');\r\ninsert into pests (culture_id, name, scientific_name) VALUES (14, 'Sa\u00favas', ' ');\r\n\r\n-- Caf\u00e9\r\ninsert into pests (culture_id, name, scientific_name) VALUES (7, 'Broca do caf\u00e9', ' ');\r\ninsert into pests (culture_id, name, scientific_name) VALUES (7, 'Cigarra do cafeeiro', ' ');\r\ninsert into pests (culture_id, name, scientific_name) VALUES (7, 'Cochonilha farinhenta', ' ');\r\ninsert into pests (culture_id, name, scientific_name) VALUES (7, 'Cochonilha de placa', ' ');\r\ninsert into pests (culture_id, name, scientific_name) VALUES (7, 'Lagarta dos cafezais', ' ');\r\ninsert into pests (culture_id, name, scientific_name) VALUES (7, 'Lagarta rosca', ' ');\r\ninsert into pests (culture_id, name, scientific_name) VALUES (7, 'Bicho mineiro', ' ');\r\ninsert into pests (culture_id, name, scientific_name) VALUES (7, '\u00c1caro da leprose', ' ');\r\ninsert into pests (culture_id, name, scientific_name) VALUES (7, '\u00c1carro vermelho', ' ');\r\ninsert into pests (culture_id, name, scientific_name) VALUES (7, 'Lagarta mede palmo', ' ');\r\ninsert into pests (culture_id, name, scientific_name) VALUES (7, 'Broca dos ramos', ' ');\r\n\r\n--Cana de A\u00e7\u00facar\r\ninsert into pests (culture_id, name, scientific_name) VALUES (5, 'Lagarta-elasmo', ' ');\r\ninsert into pests (culture_id, name, scientific_name) VALUES (5, 'Cigarrinha-da-cana', ' ');\r\ninsert into pests (culture_id, name, scientific_name) VALUES (5, 'Bicudo-da-cana', ' ');\r\ninsert into pests (culture_id, name, scientific_name) VALUES (5, 'Broca-da-cana', ' ');\r\ninsert into pests (culture_id, name, scientific_name) VALUES (5, 'Cupim', ' ');\r\ninsert into pests (culture_id, name, scientific_name) VALUES (5, 'Formiga cortadeira', ' ');\r\ninsert into pests (culture_id, name, scientific_name) VALUES (5, 'Cor\u00f3s', ' ');\r\ninsert into pests (culture_id, name, scientific_name) VALUES (5, 'Percevejo-castanho', ' ');\r\ninsert into pests (culture_id, name, scientific_name) VALUES (5, 'Besouro Migdolus', ' ');\r\n\r\n--Citros\r\ninsert into pests (culture_id, name, scientific_name) VALUES (8, '\u00c1caro da ferrugem', ' ');\r\ninsert into pests (culture_id, name, scientific_name) VALUES (8, '\u00c1caro branco', ' ');\r\ninsert into pests (culture_id, name, scientific_name) VALUES (8, '\u00c1caro vermelho', ' ');\r\ninsert into pests (culture_id, name, scientific_name) VALUES (8, 'Cochonilha ort\u00e9zia', ' ');\r\ninsert into pests (culture_id, name, scientific_name) VALUES (8, 'Larva minadora', ' ');\r\ninsert into pests (culture_id, name, scientific_name) VALUES (8, 'Broca das laranjeiras', ' ');\r\ninsert into pests (culture_id, name, scientific_name) VALUES (8, 'Mosca-das-frutas', ' ');\r\ninsert into pests (culture_id, name, scientific_name) VALUES (8, '\u00c1caro da leprose dos citros', ' ');\r\ninsert into pests (culture_id, name, scientific_name) VALUES (8, 'Mosca-branca', ' ');\r\ninsert into pests (culture_id, name, scientific_name) VALUES (8, 'Pulg\u00e3o preto', ' ');\r\ninsert into pests (culture_id, name, scientific_name) VALUES (8, 'Cochonilha verde', ' ');\r\ninsert into pests (culture_id, name, scientific_name) VALUES (8, 'Cochonilha cabe\u00e7a-de-prego', ' ');\r\ninsert into pests (culture_id, name, scientific_name) VALUES (8, 'Cigarrinha', ' ');\r\n\r\n--Milheto\r\ninsert into pests (culture_id, name, scientific_name) VALUES (11, 'Lagarta elasmo', ' ');\r\ninsert into pests (culture_id, name, scientific_name) VALUES (11, 'Broca da cana-de-a\u00e7\u00facar', ' ');\r\ninsert into pests (culture_id, name, scientific_name) VALUES (11, 'Lagarta do cartucho', ' ');\r\ninsert into pests (culture_id, name, scientific_name) VALUES (11, 'Pulg\u00e3o verde', ' ');\r\ninsert into pests (culture_id, name, scientific_name) VALUES (11, 'Percevejo verde', ' ');\r\ninsert into pests (culture_id, name, scientific_name) VALUES (11, 'Lagarta da espiga', ' ');\r\ninsert into pests (culture_id, name, scientific_name) VALUES (11, 'Vaquinha verde e amarela', ' ');\r\ninsert into pests (culture_id, name, scientific_name) VALUES (11, 'Curuquer\u00ea dos capinzais', ' ');\r\ninsert into pests (culture_id, name, scientific_name) VALUES (11, 'Percevejo das gram\u00edneas', ' ');\r\ninsert into pests (culture_id, name, scientific_name) VALUES (11, 'Cor\u00f3 p\u00e3o de galinha', ' ');\r\ninsert into pests (culture_id, name, scientific_name) VALUES (11, 'Larva arame', ' ');\r\n\r\n--Pastagem\r\ninsert into pests (culture_id, name, scientific_name) VALUES (6, 'Cochonilha da pastagem', ' ');\r\ninsert into pests (culture_id, name, scientific_name) VALUES (6, 'Lagarta dos capinzais', ' ');\r\ninsert into pests (culture_id, name, scientific_name) VALUES (6, 'Formiga desfolhadora', ' ');\r\ninsert into pests (culture_id, name, scientific_name) VALUES (6, 'Cigarrinha das pastagens', ' ');\r\ninsert into pests (culture_id, name, scientific_name) VALUES (6, 'Cupim', ' ');\r\n\r\n--Soja\r\ninsert into pests (culture_id, name, scientific_name) VALUES (1, 'Broca-das-axilas', ' ');\r\ninsert into pests (culture_id, name, scientific_name) VALUES (1, 'Broca-da-vagem', ' ');\r\ninsert into pests (culture_id, name, scientific_name) VALUES (1, 'Burrinho', ' ');\r\ninsert into pests (culture_id, name, scientific_name) VALUES (1, 'Cascudinho-verde', ' ');\r\ninsert into pests (culture_id, name, scientific_name) VALUES (1, 'Cor\u00f3-da-soja', ' ');\r\ninsert into pests (culture_id, name, scientific_name) VALUES (1, 'Formiga-cortadeira', ' ');\r\ninsert into pests (culture_id, name, scientific_name) VALUES (1, 'Gafanhoto', ' ');\r\ninsert into pests (culture_id, name, scientific_name) VALUES (1, 'Lagarta-cabe\u00e7a-de-f\u00f3sforo', ' ');\r\ninsert into pests (culture_id, name, scientific_name) VALUES (1, 'Lagarta-da-soja', ' ');\r\ninsert into pests (culture_id, name, scientific_name) VALUES (1, 'Lagarta-da-vagem (Spodoptera eridania)', ' ');\r\ninsert into pests (culture_id, name, scientific_name) VALUES (1, 'Lagarta-da-vagem (Spodoptera cosmioides)', ' ');\r\ninsert into pests (culture_id, name, scientific_name) VALUES (1, 'Lagarta-elasmo', ' ');\r\ninsert into pests (culture_id, name, scientific_name) VALUES (1, 'Lagarta-enroladeira', ' ');\r\ninsert into pests (culture_id, name, scientific_name) VALUES (1, 'Lagarta-falsa-medideira', ' ');\r\ninsert into pests (culture_id, name, scientific_name) VALUES (1, 'Lagarta-medideira', ' ');\r\ninsert into pests (culture_id, name, scientific_name) VALUES (1, 'Lagarta-do-cartucho (Spodoptera frugiperda)', ' ');\r\ninsert into pests (culture_id, name, scientific_name) VALUES (1, 'Lagarta-rosca', ' ');\r\ninsert into pests (culture_id, name, scientific_name) VALUES (1, 'Mosca-branca', ' ');\r\ninsert into pests (culture_id, name, scientific_name) VALUES (1, 'Percevejo-asa-preta', ' ');\r\ninsert into pests (culture_id, name, scientific_name) VALUES (1, 'Percevejo-barriga-verde', ' ');\r\ninsert into pests (culture_id, name, scientific_name) VALUES (1, 'Percevejo-castanho', ' ');\r\ninsert into pests (culture_id, name, scientific_name) VALUES (1, 'Percevejo-formig\u00e3o', ' ');\r\ninsert into pests (culture_id, name, scientific_name) VALUES (1, 'Percevejo-marrom', ' ');\r\ninsert into pests (culture_id, name, scientific_name) VALUES (1, 'Percevejo-verde', ' ');\r\ninsert into pests (culture_id, name, scientific_name) VALUES (1, 'Percevejo-verde-pequeno', ' ');\r\ninsert into pests (culture_id, name, scientific_name) VALUES (1, 'Tamandu\u00e1-da-soja', ' ');\r\ninsert into pests (culture_id, name, scientific_name) VALUES (1, 'Torr\u00e3ozinho', ' ');\r\ninsert into pests (culture_id, name, scientific_name) VALUES (1, 'Tripes', ' ');\r\ninsert into pests (culture_id, name, scientific_name) VALUES (1, 'Vaquinha-verde-amarela', ' ');\r\ninsert into pests (culture_id, name, scientific_name) VALUES (1, 'Vaquinha-preta-e-amarela', ' ');\r\n\r\n--Sorgo\r\ninsert into pests (culture_id, name, scientific_name) VALUES (10, 'Larva-arame', ' ');\r\ninsert into pests (culture_id, name, scientific_name) VALUES (10, 'Cor\u00f3', ' ');\r\ninsert into pests (culture_id, name, scientific_name) VALUES (10, 'Brocas-do-colmo', ' ');\r\ninsert into pests (culture_id, name, scientific_name) VALUES (10, 'Lagarta-elasmo', ' ');\r\ninsert into pests (culture_id, name, scientific_name) VALUES (10, 'Broca-da-cana-de-a\u00e7\u00facar', ' ');\r\ninsert into pests (culture_id, name, scientific_name) VALUES (10, 'Pulg\u00e3o-verde', ' ');\r\ninsert into pests (culture_id, name, scientific_name) VALUES (10, 'Pulg\u00e3o-do-milho', ' ');\r\ninsert into pests (culture_id, name, scientific_name) VALUES (10, 'Lagarta-do-cartucho (Spodoptera f.)', ' ');\r\ninsert into pests (culture_id, name, scientific_name) VALUES (10, 'Curuquer\u00ea-dos-capinzais', ' ');\r\ninsert into pests (culture_id, name, scientific_name) VALUES (10, 'Mosca-do-sorgo', ' ');\r\ninsert into pests (culture_id, name, scientific_name) VALUES (10, 'Lagarta-da-espiga (Helicoverpa z.)', ' ');\r\ninsert into pests (culture_id, name, scientific_name) VALUES (10, 'Percevejo-barriga-verde', ' ');\r\n\r\n--Trigo \r\ninsert into pests (culture_id, name, scientific_name) VALUES (13, 'Lagarta Spodoptera', ' ');\r\ninsert into pests (culture_id, name, scientific_name) VALUES (13, 'Pulg\u00e3o da folha do trigo', ' ');\r\ninsert into pests (culture_id, name, scientific_name) VALUES (13, 'Pulg\u00e3o do colmo', ' ');\r\ninsert into pests (culture_id, name, scientific_name) VALUES (13, 'Pulg\u00e3o da espiga do trigo', ' ');\r\ninsert into pests (culture_id, name, scientific_name) VALUES (13, 'Cor\u00f3 do trigo', ' ');\r\ninsert into pests (culture_id, name, scientific_name) VALUES (13, 'Pulg\u00e3o da aveia', ' ');\r\ninsert into pests (culture_id, name, scientific_name) VALUES (13, 'Lagarta do trigo', ' ');\r\ninsert into pests (culture_id, name, scientific_name) VALUES (13, 'Grilo', ' ');\r\ninsert into pests (culture_id, name, scientific_name) VALUES (13, 'Lagarta-enroladeira', ' ');\r\ninsert into pests (culture_id, name, scientific_name) VALUES (13, 'Mosca-branca', ' ');\r\ninsert into pests (culture_id, name, scientific_name) VALUES (13, 'Cigarrinha-verde', ' ');\r\ninsert into pests (culture_id, name, scientific_name) VALUES (13, 'Sa\u00favas', ' ');\r\n\r\n--Amendoim\r\ninsert into pests (culture_id, name, scientific_name) VALUES (15, 'Tripes-do-prateamento', ' ');\r\ninsert into pests (culture_id, name, scientific_name) VALUES (15, 'Lagarta-do-pesco\u00e7o-vermelho', ' ');\r\ninsert into pests (culture_id, name, scientific_name) VALUES (15, 'Lagarta-da-soja', ' ');\r\ninsert into pests (culture_id, name, scientific_name) VALUES (15, 'Lagarta-marrom (Spodoptera spp.)', ' ');\r\ninsert into pests (culture_id, name, scientific_name) VALUES (15, 'Percevejo-preto', ' ');\r\ninsert into pests (culture_id, name, scientific_name) VALUES (15, 'Percevejo-castanho', ' ');\r\ninsert into pests (culture_id, name, scientific_name) VALUES (15, 'Vaquinha-verde-amarela', ' ');\r\ninsert into pests (culture_id, name, scientific_name) VALUES (15, 'Lagarta-rosca', ' ');\r\ninsert into pests (culture_id, name, scientific_name) VALUES (15, 'Lagarta-elasmo', ' ');\r\ninsert into pests (culture_id, name, scientific_name) VALUES (15, 'Cigarrinha-verde', ' ');\r\ninsert into pests (culture_id, name, scientific_name) VALUES (15, 'Gafanhoto', ' ');\r\ninsert into pests (culture_id, name, scientific_name) VALUES (15, 'Curuquer\u00ea-dos-capinzais', ' ');\r\ninsert into pests (culture_id, name, scientific_name) VALUES (15, 'Lagarta-da-teia', ' ');\r\n\r\n--Batata\r\ninsert into pests (culture_id, name, scientific_name) VALUES (16, 'Vaquinha-verde-amarela', ' ');\r\ninsert into pests (culture_id, name, scientific_name) VALUES (16, 'Mosca-minadora', ' ');\r\ninsert into pests (culture_id, name, scientific_name) VALUES (16, 'Tra\u00e7a', ' ');\r\ninsert into pests (culture_id, name, scientific_name) VALUES (16, 'Cigarrinha', ' ');\r\ninsert into pests (culture_id, name, scientific_name) VALUES (16, 'Lagarta rosca', ' ');\r\ninsert into pests (culture_id, name, scientific_name) VALUES (16, 'Vaquinha-da-batata', ' ');\r\ninsert into pests (culture_id, name, scientific_name) VALUES (16, 'Mosca-branca', ' ');\r\ninsert into pests (culture_id, name, scientific_name) VALUES (16, 'Cochonilha branca', ' ');\r\ninsert into pests (culture_id, name, scientific_name) VALUES (16, 'Lagarta Spodoptera spp.', ' ');\r\n\r\n--Cevada \r\ninsert into pests (culture_id, name, scientific_name) VALUES (17, 'Pulg\u00e3o', ' ');\r\ninsert into pests (culture_id, name, scientific_name) VALUES (17, 'Lagarta-do-trigo', ' ');\r\ninsert into pests (culture_id, name, scientific_name) VALUES (17, 'Cor\u00f3-do-trigo', ' ');\r\ninsert into pests (culture_id, name, scientific_name) VALUES (17, 'Cor\u00f3-das-pastagens', ' ');\r\n\r\n--Gergelim\r\ninsert into pests (culture_id, name, scientific_name) VALUES (18, 'Lagarta-enroladeira', ' ');\r\ninsert into pests (culture_id, name, scientific_name) VALUES (18, 'Pulg\u00e3o', ' ');\r\ninsert into pests (culture_id, name, scientific_name) VALUES (18, 'Mosca-branca', ' ');\r\ninsert into pests (culture_id, name, scientific_name) VALUES (18, 'Cigarrinha-verde', ' ');\r\ninsert into pests (culture_id, name, scientific_name) VALUES (18, 'Sa\u00favas', ' ');",
    "YaraRule": [
        "db_structure"
    ]
}