{
    "scrape_url": "https://scrape.pastebin.com/api_scrape_item.php?i=afrzHiBG",
    "full_url": "https://pastebin.com/afrzHiBG",
    "date": "1594714373",
    "key": "afrzHiBG",
    "size": 10433,
    "expire": "0",
    "title": "",
    "syntax": "php",
    "user": "",
    "filename": "afrzHiBG",
    "pasteid": "afrzHiBG",
    "pastesite": "pastebin.com",
    "@timestamp": "2020-07-14T08:12:53",
    "MD5": "5c850815d23d91e2c2edfbaf3f20378e",
    "SHA256": "9e422030e2da1e7fe1673278aa81eaaa010cad4ac5ecd6b7a50fea36380de55f",
    "raw_paste": "<?php\r\n\r\nrequire_once 'config.php';\r\n\r\nclass vk\r\n{\r\n\r\n    public static function call($method, $params = [], $token = false, $debug = false)\r\n    {\r\n        $curl = curl_init('https://api.vk.com/method/' . $method . '?access_token=' . ($token ? $token : TOKEN) . '&v=' . API);\r\n        curl_setopt_array($curl, [\r\n            CURLOPT_POST => true,\r\n            CURLOPT_POSTFIELDS => $params,\r\n            CURLOPT_RETURNTRANSFER => true,\r\n            CURLOPT_CONNECTTIMEOUT => 15\r\n        ]);\r\n        $response = json_decode(curl_exec($curl), true);\r\n        curl_close($curl);\r\n        return $debug ? $response : $response['response'];\r\n    }\r\n\r\n    public static function send($text, $peer_id = false, $attachments = [])\r\n    {\r\n        if (!$peer_id) global $peer_id;\r\n        if (is_array($text)) $text = json_encode($text, JSON_UNESCAPED_UNICODE);\r\n        if (!strlen($text) and count($attachments)) $text = \" \";\r\n        while (strlen($text)) {\r\n            $id = vk::call('messages.send',\r\n                [\r\n                    'random_id' => 0,\r\n                    'peer_id' => $peer_id,\r\n                    'message' => mb_substr(self::setVars($text), 0, 4096),\r\n                    'attachment' => implode(',', $attachments),\r\n                    'disable_mentions' => 1,\r\n                ]);\r\n            $text = mb_substr($text, 4096);\r\n        }\r\n        return $id;\r\n    }\r\n\r\n    public static function sendKeyboard($text, $peer_id = false, $attachments = [], $keyboard = [])\r\n    {\r\n        if (!$peer_id) global $peer_id;\r\n        while (strlen($text)) {\r\n            $id = vk::call('messages.send',\r\n                [\r\n                    'random_id' => 0,\r\n                    'peer_id' => $peer_id,\r\n                    'message' => mb_substr(self::setVars($text), 0, 4096),\r\n                    'attachment' => implode(',', $attachments),\r\n                    'disable_mentions' => 1,\r\n                    'keyboard' => json_encode($keyboard, JSON_UNESCAPED_UNICODE)\r\n                ]);\r\n            $text = mb_substr($text, 4096);\r\n        }\r\n        return $id;\r\n    }\r\n\r\n    public static function getBtn($label, $color, $payload)\r\n    {\r\n        return [\r\n            'action' => [\r\n                'type' => 'text',\r\n                'payload' => json_encode($payload, JSON_UNESCAPED_UNICODE),\r\n                'label' => self::setVars($label)],\r\n            'color' => $color\r\n        ];\r\n    }\r\n\r\n    public static function getUrlBtn($label, $url)\r\n    {\r\n        return [\r\n            'action' => [\r\n                'type' => 'open_link',\r\n                'payload' => json_encode([\r\n                    'url' => $url\r\n                ], JSON_UNESCAPED_UNICODE),\r\n                'link' => $url,\r\n                'label' => self::setVars($label)]\r\n        ];\r\n    }\r\n\r\n    public static function getAppButton($label, $app_id, $hash = \"\", $owner_id = null)\r\n    {\r\n        return [\r\n            'action' => [\r\n                'type' => 'open_app',\r\n                'payload' => json_encode([\r\n                    'app_id' => $app_id\r\n                ], JSON_UNESCAPED_UNICODE),\r\n                'app_id' => $app_id,\r\n                'hash' => $hash,\r\n                'owner_id' => $owner_id,\r\n                'label' => self::setVars($label)]\r\n        ];\r\n    }\r\n\r\n    public static function getCallbackBtn($label, $payload)\r\n    {\r\n        return [\r\n            'action' => [\r\n                'type' => 'callback',\r\n                'payload' => json_encode($payload, JSON_UNESCAPED_UNICODE),\r\n                'label' => self::setVars($label)]\r\n        ];\r\n    }\r\n\r\n    public static function upload($file, $peer_id = false, $try = false)\r\n    {\r\n        if ($peer_id === false) global $peer_id;\r\n        $server = vk::call('photos.getMessagesUploadServer', ['peer_id' => $peer_id])['upload_url'];\r\n        $ch = curl_init($server);\r\n        curl_setopt_array($ch, [\r\n            CURLOPT_RETURNTRANSFER => true,\r\n            CURLOPT_POST => true,\r\n            CURLOPT_POSTFIELDS => [\r\n                'photo' => new CURLfile(realpath($file))\r\n            ]\r\n        ]);\r\n        $data = json_decode(curl_exec($ch), true);\r\n        curl_close($ch);\r\n        $d1 = vk::call('photos.saveMessagesPhoto', ['server' => $data['server'], 'hash' => $data['hash'], 'photo' => $data['photo']])[0];\r\n        if ($d1['id'] or $try == 2) {\r\n            return \"photo\" . $d1['owner_id'] . \"_\" . $d1['id'];\r\n        } else {\r\n            if ($try == 1) {\r\n                return self::upload($file, 0, 2);\r\n            } else {\r\n                global $user_id;\r\n                return self::upload($file, $user_id, 1);\r\n            }\r\n        }\r\n    }\r\n\r\n    public static function uploadVM($file, $peer_id = false, $try = false)\r\n    {\r\n        if ($peer_id === false) global $peer_id;\r\n        $server = vk::call('docs.getMessagesUploadServer', ['peer_id' => $peer_id, 'type' => 'audio_message'])['upload_url'];\r\n        $ch = curl_init($server);\r\n        curl_setopt_array($ch, [\r\n            CURLOPT_RETURNTRANSFER => true,\r\n            CURLOPT_POST => true,\r\n            CURLOPT_POSTFIELDS => [\r\n                'file' => new CURLfile(realpath($file))\r\n            ]\r\n        ]);\r\n        $data = json_decode(curl_exec($ch), true);\r\n        curl_close($ch);\r\n        $d1 = vk::call('docs.save', ['file' => $data['file']])['audio_message'];\r\n        if ($d1[\"id\"] or $try == 2) {\r\n            return \"doc\" . $d1[\"owner_id\"] . \"_\" . $d1[\"id\"];\r\n        } else {\r\n            if ($try == 1) {\r\n                return self::uploadVM($file, 0, 2);\r\n            } else {\r\n                global $user_id;\r\n                return self::uploadVM($file, $user_id, 1);\r\n            }\r\n        }\r\n    }\r\n\r\n    public static function getName($user_id, $name_case = \"nom\")\r\n    {\r\n        if ($user_id > 0) {\r\n            $name = self::call('users.get',\r\n                [\r\n                    'name_case' => $name_case,\r\n                    'user_ids' => $user_id,\r\n                ])[0];\r\n            return $name['first_name'] . \" \" . $name['last_name'];\r\n        } else {\r\n            $name = self::call('groups.getById',\r\n                [\r\n                    'group_ids' => -$user_id,\r\n                ])[0]['name'];\r\n            return $name ? $name : \"\u0421\u043e\u043e\u0431\u0449\u0435\u0441\u0442\u0432\u043e\";\r\n        }\r\n    }\r\n\r\n    public static function getMiniature($user_id, $size = 100)\r\n    {\r\n        {\r\n            if ($user_id > 0) {\r\n                $userinfo = self::call('users.get',\r\n                    [\r\n                        'user_ids' => $user_id,\r\n                        'fields' => 'photo_' . $size\r\n                    ]);\r\n            } else {\r\n                $userinfo = self::call('groups.getById',\r\n                    [\r\n                        'group_ids' => -$user_id,\r\n                        'fields' => 'photo_' . $size\r\n                    ]);\r\n            }\r\n            return $userinfo[0]['photo_' . $size];\r\n        }\r\n    }\r\n\r\n    public static function sendSticker($sticker, $peer_id = false)\r\n    {\r\n        if (!$peer_id) global $peer_id;\r\n        return self::call('messages.send',\r\n            [\r\n                'random_id' => 0,\r\n                'peer_id' => $peer_id,\r\n                'sticker_id' => $sticker,\r\n            ]);\r\n    }\r\n\r\n    public static function setVars($text)\r\n    {\r\n        return strtr($text, [\r\n            '<<' => \"\u00ab\",\r\n            '>>' => \"\u00bb\",\r\n            '--' => \"\u2013\"\r\n        ]);\r\n    }\r\n\r\n    public static function cc($url)\r\n    {\r\n        return self::call('utils.getShortLink', [\r\n            'url' => $url\r\n        ])['short_url'];\r\n    }\r\n\r\n    public static function screenName($user_id)\r\n    {\r\n        if ($user_id > 0) {\r\n            $name = self::call('users.get',\r\n                [\r\n                    'user_ids' => $user_id,\r\n                    'fields' => 'screen_name',\r\n                ])[0]['screen_name'];\r\n            return $name ? $name : \"id\" . $user_id;\r\n        } else {\r\n            $name = self::call('groups.getById',\r\n                [\r\n                    'group_ids' => -$user_id,\r\n                    'fields' => 'screen_name',\r\n                ])[0]['screen_name'];\r\n            return $name ? $name : \"club\" . -$user_id;\r\n        }\r\n    }\r\n\r\n    public static function sendEvent($event_data)\r\n    {\r\n        global $event_id, $peer_id, $user_id;\r\n        if ($event_data['text']) $text = self::setVars($event_data['text']); else $text = false;\r\n        if ($event_id and ($text === false or mb_strlen($text) < 90)) {\r\n            if ($text) $event_data['text'] = $text;\r\n            return self::call('messages.sendMessageEventAnswer', [\r\n                'event_id' => $event_id,\r\n                'user_id' => $user_id,\r\n                'peer_id' => $peer_id,\r\n                'event_data' => json_encode($event_data, JSON_UNESCAPED_UNICODE)]);\r\n        } else {\r\n            switch ($event_data['type']) {\r\n                case 'show_snackbar':\r\n                    return self::send($event_data['text']);\r\n                    break;\r\n                case 'open_link':\r\n                    return self::sendKeyboard(\"[Legacy \u0440\u0435\u0436\u0438\u043c] \u041d\u0430\u0436\u043c\u0438\u0442\u0435 \u043d\u0430 \u043a\u043d\u043e\u043f\u043a\u0443 \u0434\u043b\u044f \u043f\u0435\u0440\u0435\u0445\u043e\u0434\u0430 \u043f\u043e \u0441\u0441\u044b\u043b\u043a\u0435\", false, [], [\r\n                        'inline' => true,\r\n                        'buttons' => [\r\n                            [self::getUrlBtn(\"\u0421\u0441\u044b\u043b\u043a\u0430\", $event_data['link'])]\r\n                        ]\r\n                    ]);\r\n                    break;\r\n                case 'open_app':\r\n                    return self::sendKeyboard(\"[Legacy \u0440\u0435\u0436\u0438\u043c] \u041d\u0430\u0436\u043c\u0438\u0442\u0435 \u043d\u0430 \u043a\u043d\u043e\u043f\u043a\u0443 \u0434\u043b\u044f \u043f\u0435\u0440\u0435\u0445\u043e\u0434\u0430 \u0432 \u043f\u0440\u0438\u043b\u043e\u0436\u0435\u043d\u0438\u0435\", false, [], [\r\n                        'inline' => true,\r\n                        'buttons' => [\r\n                            [self::getAppButton(\"\u041e\u0442\u043a\u0440\u044b\u0442\u044c\", $event_data['app_id'], $event_data['hash'], $event_data['owner_id'])]\r\n                        ]\r\n                    ]);\r\n                    break;\r\n            }\r\n        }\r\n    }\r\n}\r\n\r\nclass event_data\r\n{\r\n\r\n    public static function snackbar($text)\r\n    {\r\n        return [\r\n            'type' => 'show_snackbar',\r\n            'text' => $text\r\n        ];\r\n    }\r\n\r\n    public static function link($url)\r\n    {\r\n        return [\r\n            'type' => 'open_link',\r\n            'link' => $url\r\n        ];\r\n    }\r\n\r\n    public static function app($app_id, $hash = \"\")\r\n    {\r\n        return [\r\n            'type' => 'open_app',\r\n            'app_id' => $app_id,\r\n            'hash' => $hash\r\n        ];\r\n    }\r\n}",
    "YaraRule": [
        "enable_org32",
        "core_keywords"
    ]
}