{
    "scrape_url": "https://scrape.pastebin.com/api_scrape_item.php?i=c8nfMRAv",
    "full_url": "https://pastebin.com/c8nfMRAv",
    "date": "1594906766",
    "key": "c8nfMRAv",
    "size": 4476,
    "expire": "1597498766",
    "title": "",
    "syntax": "c",
    "user": "",
    "filename": "c8nfMRAv",
    "pasteid": "c8nfMRAv",
    "pastesite": "pastebin.com",
    "@timestamp": "2020-07-16T13:39:26",
    "MD5": "6f07e35be96fa043f1788ab36f35b3bc",
    "SHA256": "34c59fdb9cfbad8b6e38be3a2ef88c87b67887950dc0d77a96aaf3037dd9e45c",
    "raw_paste": "1.1.1 GPIO Adresse bekommen\r\n\r\n//Berechnung und R\u00fcckgabe der Anfangsadresse zu einzelnen GPIO Bl\u00f6cken\r\n\r\nGPIO_TypeDef *get_gpio_address(unsigned int gpioNumber) \r\n{\r\n\treturn\t(GPIO_TypeDef*) //Typecast in einen GPIO Datentyp\r\n\t\t\t(0x40000000U + 0x00020000U\t//Basisadresse (Offset zu GPIO A)\r\n\t\t\t+ 0x400U //Abstand eine GPIO Blocks zum N\u00e4chsten\r\n\t\t\t* gpioNumber); //Nummer des entsprechenden GPIO Blocks\r\n\t\t\t\t\t\t//(0=A, 1=B, 2=C,... usw.)\r\n}\r\n\r\n\r\n1.1.2 Output Initialisierung\r\n\r\n//Initialisieren eines einzelnen Pins in einem bestimmten Port als Output\r\n\r\nvoid init_port_output(int gpioNumber, int pinNumber)\r\n{\r\n\tRCC->AHB1ENR |= (1<<gpioNumber); //Clock aktivieren\r\n\tget_gpio_address(gpioNumber)->MODER |= 0b01<<(2*pinNumber); \t//Port auf Output \r\n\t\t\t\t\t\t\t\t\t\tsetzen\r\n}\r\n\r\n\r\n1.1.3 LED schalten\r\n\r\n//Methode zum Einschalten einer bestimmten LED\r\n\r\nvoid blink_led_on(int gpioNumber, int pinNumber)\r\n{\r\n\tGPIO_TypeDef *gpio = get_gpio_address(gpioNumber);\r\n\tgpio->BSRR = 1<<(16+pinNumber);\r\n}\r\n\r\n\r\n//Methode zum Ausschalten einer bestimmten LED\r\n\r\nvoid blink_led_off(int gpioNumber, int pinNumber)\r\n{\r\n\tGPIO_TypeDef *gpio = get_gpio_address(gpioNumber);\r\n\tgpio->BSRR = 1<<(pinNumber);\r\n}\r\n\r\n1.2 Mehrere Pins initialisieren\r\n\r\n//Methode zum Initialisieren mehrerer Pins als Output auf einem bestimmten Port\r\n\r\nvoid configure_ports_output(int gpioNumber, uint16_t pinMask)\r\n{\r\n\t//gpioNumber gibt an, auf welchem Port initialisiert werden soll\r\n\r\n\t//pinMask gibt an, welche Pins initialisiert werden sollen\r\n\t//Gesetze Bits geben an, dass der entsprechende Pin initialisiert werden soll\r\n\t//Zu Anfang entspricht das unterste Bit dem Pin 0, beide fortlaufend steigend\r\n\r\n\tunsigned int pinPosition = 0; //Z\u00e4hler der die aktuell zu initialisierende \r\n\t\t\t\t\t\tPinposition angibt\r\n\r\n\twhile(pinMask)\r\n\t{\r\n\t\tif(pinMask & 1) //Pr\u00fcfung ob unterstes Bit in der Maske gesetzt ist\r\n\t\t{\r\n\t\t\tinit_port_output(gpioNumber, pinPosition); //Pin Initialisierung \r\n\t\t\t\t\t\t\t\t\t\tals Output\r\n\t\t}\r\n\t\tpinMask >>= 1; //Bitverschiebung um eins nach rechts auf der PinMaske\r\n\t\tpinPosition++; //Z\u00e4hler der aktuellen Pinposition um eins erh\u00f6hen\r\n\t}\r\n\t//Die Bits auf der Pinmaske werden solange nach rechts geschoben, bis keines \r\n\tmehr gesetzt ist\r\n\t//Somit erh\u00f6ht sich die Pinzuordnung des untersten Bits in der Maske nach jedem \r\n\tDurchlauf um eins\r\n\t//Gleichzeitig wird der Pinpositionsz\u00e4hler erh\u00f6ht, der bei der Port-\r\n\tInitialisierung den entsprechenden Pin angibt\r\n}\r\n\r\n\r\n1.3 Virtueller Port\r\n\r\n//Initialisierung aller vorhandenen LEDs\r\n\r\nvoid virtual_led_init()\r\n{\r\n\t//Init LEDs Port F \r\n\tconfigure_ports_output(5,(1<<10)|(1<<9)|(1<<8)|(1<<7)|(1<<6));\r\n\r\n\t//Init LEDs Port I\r\n\tconfigure_ports_output(8,(1<<0)|(1<<1)|(1<<2));\r\n}\r\n\r\n\r\n\r\n\r\n//Virtueller Port zur einfacheren Ansteuerung einzelner LEDs\r\n\r\nvoid virtual_led_port(uint8_t vport)\r\n{\r\n\t//vport ist ein Bitmuster, welches die Board LEDs in physikalischer Anordnung \r\n\twiederspiegelt\r\n\t//gesetzte Bits in vport repr\u00e4sentieren einzuschaltende LEDs\r\n\r\n\tGPIO_TypeDef *myGPIOI = get_gpio_address(8); //Adresszeiger GPIO I\r\n\tGPIO_TypeDef *myGPIOF = get_gpio_address(5); //Adresszeiger GPIO F\r\n\r\n\tuint16_t porti, portf, vporti, vportf; \r\n\r\n\t//Variable porti bekommt Inhalt des ODR-Registers GPIO I\r\n\t//Variable portf bekommt Inhalt des ODR-Registers GPIO F\r\n\t//Variable vporti bekommt aus vport isolierte Bits f\u00fcr den GPIO I\r\n\t//Variable vportf bekommt aus vport isolierte Bits f\u00fcr den GPIO F\r\n\r\n\tvport = ~vport;\t//Invertierung des eingehenden Bitmusters, da Board LEDs \r\n\t\t\t\tlow aktiv\r\n\t\r\n\tvporti = vport & 0xe0; //Isolierung der Bits 2^0...2^2 f\u00fcr Port I\r\n\tvporti >>= 5; //Verschiebung von den virtuellen (7,6,5) zu den realen (2,1,0) \r\n\t\t\tPinpositionen Port I\r\n\r\n\tvportf = vport & 0x1F; //Isolierung der Bits 2^6...2^10 f\u00fcr Port F\r\n\tvportf <<= 6; //Verschiebung von den virtuellen (4,3,2,1,0) zu den realen \r\n\t\t\t(10,9,8,7,6) Pinpositionen Port F\r\n\r\n\tporti = myGPIOI->ODR; //Kopie des ODR-Registers von GPIO I\r\n\tportf = myGPIOF->ODR; //Kopie des ODR-Registers von GPIO F\r\n\t\r\n\tporti &= ~(0x7); //L\u00f6schen aller f\u00fcr die LEDs relevanten Bits Port I\r\n\tportf &= ~(0x7C0); //L\u00f6schen aller f\u00fcr die LEDs relevanten Bits Port F\r\n\r\n\tmyGPIOI->ODR = porti | vporti; //Schreiben der Bits aus vporti ins ODR GPIO I\r\n\tmyGPIOF->ODR = portf | vportf; //Schreiben der Bits aus vportf ins ODR GPIO F\r\n\r\n\t//Das Erstellen eines virtuellen Ports fasst alle LEDs zusammen als w\u00e4ren sie \r\n\tauf einem Port angeschlossen\r\n\t//Abstraktionsebene, die Bedienung der LEDs erheblich erleichtert\r\n}",
    "YaraRule": [
        "enable_org32",
        "core_keywords"
    ]
}