{
    "scrape_url": "https://scrape.pastebin.com/api_scrape_item.php?i=CdjsPCLb",
    "full_url": "https://pastebin.com/CdjsPCLb",
    "date": "1594668592",
    "key": "CdjsPCLb",
    "size": 6038,
    "expire": "0",
    "title": "",
    "syntax": "bash",
    "user": "",
    "filename": "CdjsPCLb",
    "pasteid": "CdjsPCLb",
    "pastesite": "pastebin.com",
    "@timestamp": "2020-07-13T19:29:52",
    "MD5": "76317211ae59756e391f68f41588ff0d",
    "SHA256": "4a6b84d6471e5b227d65d5c14c3e628fb96c9ee8589d80a640a634290fc0339a",
    "raw_paste": "WARNING: clang-build-analyzer-1.2.0-10-g1f63465-r0 do_fetch: Failed to fetch URL git://github.com/aras-p/ClangBuildAnalyzer.git;protocol=https;nobranch=1;destsuffix=/var/fpwork/poleski/gnb/sdk5g/cache/bitbake_build_artifacts/NATIVE-gcc/build/tmp/work/clang-build-analyzer-1.2.0-10-g1f63465-r0/clang-build-analyzer-1.2.0-10-g1f63465, attempting MIRRORS if available\r\nERROR: clang-build-analyzer-1.2.0-10-g1f63465-r0 do_fetch: Fetcher failure: Fetch command export no_proxy=\",net.nokia.com,nsn-net.net\"; export PATH=\"/var/fpwork/poleski/gnb/sdk5g/integration/scripts:/var/fpwork/poleski/gnb/sdk5g/integration/bitbake/bin:/var/fpwork/poleski/gnb/sdk5g/prefix_root_NATIVE-gcc/usr/bin:/opt/ccache/x86_64/3.7.7/bin-wrapped:%{_binpath}:/opt/python3-certifi/noarch/2017.4.17.p362/bin:/opt/python3-chardet/noarch/3.0.4.p362/bin:/opt/python3-urllib3/noarch/1.21.1.p362/bin:/opt/python3-ujson/noarch/3.0.0.p362/bin:/opt/python3-pyyaml/noarch/5.3.p362/bin:/opt/python3-pylint/noarch/2.3.0.p362/bin:/opt/python3-pygit2/x86_64/0.28.2.p362/bin:/opt/python3-pandas/x86_64/0.25.1.p362/bin:/opt/python3-matplotlib/x86_64/3.0.2.p362/bin:/opt/python3-numpy/x86_64/1.15.1.p362/bin-wrapped:/opt/python3-kiwisolver/x86_64/1.0.1.p362/bin:/opt/python3-cycler/x86_64/0.10.0.p362/bin:/opt/python3-pyparsing/x86_64/2.2.0.p362/bin:/opt/python3-flake8/x86_64/3.7.7.p362/bin:/opt/python3-pyflakes/x86_64/2.1.1.p362/bin:/opt/python3-mccabe/x86_64/0.6.1.p362/bin:/opt/python3-entrypoints/x86_64/0.3.p362/bin:/opt/python3-fabric/x86_64/2.4.0.p362/bin:/opt/python3-invoke/noarch/1.2.0.p362/bin:/opt/python3-pyasn1/noarch/0.4.4.p362/bin:/opt/python3-pynacl/x86_64/1.2.1.p362/bin:/opt/python3-autopep8/x86_64/1.4.3.p362/bin:/opt/python3-pycodestyle/x86_64/2.5.0.p362/bin:/opt/python3-pep8/noarch/1.7.1.p362/bin:/opt/python3-setuptools/noarch/40.2.0.p362/bin-wrapped:/opt/python-yamllint/x86_64/1.15.0.p362/bin:/opt/python-pyyaml/x86_64/3.11.p362/bin:/opt/python-pathspec/x86_64/0.5.9.p362/bin:/opt/python-urllib3/noarch/1.21.1.p362/bin:/opt/python-unittest-xml-reporting/noarch/2.5.1.p362/bin:/opt/python-tabulate/noarch/0.8.3.p362/bin:/opt/python-ruamel-yaml/noarch/0.15.18.p362/bin:/opt/python-sysrsync/noarch/0.1.2.p362/bin:/opt/python-pytest/noarch/5.0.0.p362/bin:/opt/python-pyparsing/x86_64/2.2.0.p362/bin:/opt/python-wcwidth/noarch/0.1.7.p362/bin:/opt/python-more-itertools/noarch/7.1.0.p362/bin:/opt/python-py/noarch/1.6.0.p362/bin:/opt/python-zipp/noarch/0.5.1.p362/bin:/opt/python-importlib-metadata/noarch/0.18.p362/bin:/opt/python-pluggy/noarch/0.12.0.p362/bin:/opt/python-attrs/noarch/17.4.0.p362/bin:/opt/python-atomicwrites/noarch/1.3.0.p362/bin:/opt/python-patch/x86_64/1.16.p362/bin:/opt/python-mock/noarch/3.0.5.p362/bin:/opt/python-pbr/noarch/1.10.0.p362/bin:/opt/python-mysql-connector/noarch/8.0.16.p362/bin:/opt/python-isort/x86_64/4.3.21.p362/bin:/opt/python-coverage/x86_64/4.5.2.p362/bin:/opt/python-chardet/noarch/3.0.4.p362/bin:/opt/python-certifi/noarch/2017.4.17.p362/bin:/opt/gcovr/noarch/4.1/bin-wrapped:/opt/python-jinja2/x86_64/2.8.p351/bin:/opt/python-markupsafe/x86_64/0.23.p351/bin:/opt/python-setuptools/noarch/40.2.0.p362/bin-wrapped:/opt/pmd/noarch/6.9.0/bin-wrapped:/opt/pkg-config/x86_64/0.28/bin-wrapped:/opt/node_js/x86_64/4.8.7/bin-wrapped:/opt/ninja/x86_64/1.8.2/bin:/opt/libtool/x86_64/2.4.2/bin-wrapped:/opt/jq/x86_64/1.5/bin-wrapped:/opt/coverity/x86_64/2017.SP1/bin:/opt/cmake/x86_64/3.16.2/bin-wrapped:/opt/cloc/x86_64/1.80/bin:/opt/checkstyle/x86_64/8.1/bin-wrapped:/opt/catapult/x86_64/1.0/bin:/opt/automake/x86_64/1.15/bin:/opt/autoconf/x86_64/2.69/bin:/opt/apr-util/x86_64/1.5.1/bin-wrapped:/opt/apr/x86_64/1.4.6-6/bin-wrapped:/opt/antlr/noarch/4.7/bin-wrapped:/opt/ant/noarch/1.9.7/bin-wrapped:/opt/astyle/x86_64/2.03-3/bin-wrapped:/opt/valgrind/x86_64/3.15.0/bin-wrapped:/opt/tmux/x86_64/1.9a/bin-wrapped:/opt/texinfo/x86_64/5.1/bin-wrapped:/opt/tar/x86_64/1.32/bin-wrapped:/opt/subversion/x86_64/1.9.2/bin:/opt/sqlite/x86_64/3.7.15.2/bin-wrapped:/opt/shellcheck/x86_64/0.7.0/bin-wrapped:/opt/quilt/x86_64/0.64/bin:/opt/qemu/x86_64/2.4.0/bin-wrapped:/opt/python3/x86_64/3.6.2/bin-wrapped:/opt/python/x86_64/2.7.11/bin-wrapped:/opt/parallel/x86_64/20190222/bin-wrapped:/opt/maven/noarch/3.2.5p1/bin-wrapped:/opt/make/x86_64/4.2.1/bin:/opt/llvm/x86_64/9.0.0.g920a/bin:/opt/libevent/x86_64/2.0.21-3/bin-wrapped:/opt/j2se/x86_64/11.0.5/bin-wrapped:/opt/graphviz/x86_64/2.40.1/bin-wrapped:/opt/git/x86_64/2.24.1/bin:/opt/gdb/x86_64/8.1/bin-wrapped:/opt/gcc/x86_64/9.2.0a/bin:/opt/binutils/x86_64/2.32/bin:/opt/flexelint/x86_64/9.00k/bin-wrapped:/opt/erlang-otp/x86_64/20.2-1/bin-wrapped:/opt/elixir/x86_64/1.6.2/bin:/opt/doxygen/x86_64/1.8.9.1/bin-wrapped:/opt/chrpath/x86_64/0.16/bin-wrapped:/opt/asciidoctor-diagram/x86_64/1.5.9/bin:/opt/ruby/x86_64/2.3.1/bin-wrapped:/usr/lib64/ccache:/opt/EE_LinSEE/bin/:/opt/APTOdevel/bin:/usr/local/bin:/usr/bin:/usr/X11R6/bin:/opt/bin:/opt/UsageModel:/home/poleski/bin\"; export HOME=\"/home/poleski\"; LANG=C /usr/bin/env git -c core.fsyncobjectfiles=0 -c gc.auto=0 fetch -f --prune --progress https://github.com/aras-p/ClangBuildAnalyzer.git refs/*:refs/* failed with exit code 128, output:\r\nfatal: unable to access 'https://github.com/aras-p/ClangBuildAnalyzer.git/': Failed connect to github.com:443; Connection timed out\r\n\r\nERROR: clang-build-analyzer-1.2.0-10-g1f63465-r0 do_fetch: Function failed: Fetcher failure for URL: 'git://github.com/aras-p/ClangBuildAnalyzer.git;protocol=https;nobranch=1;destsuffix=/var/fpwork/poleski/gnb/sdk5g/cache/bitbake_build_artifacts/NATIVE-gcc/build/tmp/work/clang-build-analyzer-1.2.0-10-g1f63465-r0/clang-build-analyzer-1.2.0-10-g1f63465'. Unable to fetch URL from any source.\r\nERROR: Logfile of failure stored in: /var/fpwork/poleski/gnb/sdk5g/cache/bitbake_build_artifacts/NATIVE-gcc/build/tmp/work/clang-build-analyzer-1.2.0-10-g1f63465-r0/temp/log.do_fetch.41161\r\nERROR: Task (/var/fpwork/poleski/gnb/sdk5g/integration/meta-5g/recipes-tools/clang_build_analyzer/clang-build-analyzer_1.2.0-10-g1f63465.bb:do_fetch) failed with exit code '1'",
    "YaraRule": [
        "enable_org32",
        "core_keywords"
    ]
}