{
    "scrape_url": "https://scrape.pastebin.com/api_scrape_item.php?i=D02V5MVk",
    "full_url": "https://pastebin.com/D02V5MVk",
    "date": "1594910252",
    "key": "D02V5MVk",
    "size": 4666,
    "expire": "0",
    "title": "AckerbauV1",
    "syntax": "lua",
    "user": "drProfessorGTA",
    "filename": "D02V5MVk",
    "pasteid": "D02V5MVk",
    "pastesite": "pastebin.com",
    "@timestamp": "2020-07-16T14:37:32",
    "MD5": "c52730eaab33951a64daacd4ce69f94d",
    "SHA256": "fc8ec4a247835f1526f55ca9c85176d601328c953a0c9dd6fd20a096ba20c3ef",
    "raw_paste": "print(\"Programm zum Ackerbau gestartet!\")\r\n\r\nlocal FuelBagger = turtle.getFuelLevel()\r\n\r\nprint(\"Fuellstand Turtle: \",FuelBagger)\r\nif turtle.getFuelLevel() ~= \"unlimited\" and turtle.getFuelLevel() < 1 then\r\n\tfor t=1,16 do\r\n\t\tlocal data = turtle.getItemDetail()\r\n\r\n\t\tif data then\r\n\t\t  if data.name==\"minecraft:coal\" then\r\n\t\t\tturtle.refuel()\r\n\t\t\tprint(\"Treibstoff erkannt! Turtle betankt!\")\r\n\t\t\tlocal FuelBagger = turtle.getFuelLevel()\r\n\t\t\tprint(\"Fuellstand Turtle: \",FuelBagger)\r\n\t\t\tbreak\r\n\t\t  end\r\n\t\tend\r\n\t\t\r\n\t\tturtle.select(t)  \r\n\t\tif t==16 then\r\n\t\t\tprint(\"Treibstoff nicht erkannt! Benoetigt Kohle!\")\r\n\t\t\treturn\r\n\t\tend\r\n\tend\r\nend\r\n\r\nwrite(\"Geben Sie eine laenge ein: \")\r\nlange = io.read()\r\nwrite(\"Geben Sie eine breite ein: \")\r\nbreite = io.read()\r\n\r\nlocal lange2 = 0+lange\r\nlocal lange3 = lange2-1\r\nlocal breite2 = 0+breite\r\nlocal breite3 = breite2-1\r\n\r\nprint(\"Turtle gestartet!\")\r\n\r\nlocal flache = lange2*breite2\r\nlocal btreib = (2*lange2)*(2*breite2)\r\n\r\nprint(\"L*B = \",flache)\r\nprint(\"Treibstoff benoetigt: \",btreib)\r\n\r\n\r\n\r\nif turtle.getFuelLevel() ~= \"unlimited\" and turtle.getFuelLevel() < flache then\r\n\tfor t=1,16 do\r\n\t\tlocal data = turtle.getItemDetail()\r\n\r\n\t\tif data then\r\n\t\t  if data.name==\"minecraft:coal\" then\r\n\t\t\tturtle.refuel()\r\n\t\t\tprint(\"Treibstoff erkannt! Turtle betankt!\")\r\n\t\t\tlocal FuelBagger = turtle.getFuelLevel()\r\n\t\t\tprint(\"Fuellstand Turtle: \",FuelBagger)\r\n\t\t  end\r\n\t\tend\r\n\t\t\r\n\t\tturtle.select(t)\r\n\t\tif t==16 then\r\n\t\t\tbreak\r\n\t\tend\r\n\t\tif turtle.getFuelLevel() ~= \"unlimited\" and turtle.getFuelLevel() > flache then\r\n\t\t\tbreak\r\n\t\tend\r\n\tend\r\nend\r\nif turtle.getFuelLevel() ~= \"unlimited\" and turtle.getFuelLevel() < flache then\r\n\tlocal FuelBagger = turtle.getFuelLevel()\r\n\tprint(\"Fuellstand Turtle: \",FuelBagger)\r\n\tprint(\"Tankfuellung wird nicht komplett ausreichen!\")\r\n\twrite(\"Trotzdem starten? (yes/no): \")\r\n\tstart = io.read()\r\n\tif start==\"no\" then\r\n\t\treturn\r\n\tend\r\nend\r\nif turtle.getFuelLevel() ~= \"unlimited\" and turtle.getFuelLevel() > flache then\r\n\tlocal FuelBagger = turtle.getFuelLevel()\r\n\tprint(\"Fuellstand Turtle: \",FuelBagger)\r\n\tprint(\"Tankfuellung wird komplett ausreichen!\")\r\nend\r\n\r\ninventar=0\r\nt=0\r\nwhile t < 16 or inventar==16 do\r\n\tt=t+1\r\n\tturtle.select(t)\r\n\tlocal data = turtle.getItemDetail()\r\n\tif data then\r\n\t\tinventar=inventar+1\r\n\tend\r\n\tif inventar==16 then\r\n\t\tprint(\"Inventar voll! Bitte Inventar entleeren!\")\r\n\t\tinventar=0\r\n\t\tt=0\r\n\tend\r\nend\r\n\r\n\r\nprint(\"Turtle Ackerbau gestartet!\")\r\n\r\n\tfor b=1,breite2 do\r\n\t\r\n\t\tfor l=1,lange3 do\r\n\t\t\t\r\n\t\t\twhile turtle.detect()==true do\r\n\t\t\t\tturtle.dig()\r\n\t\t\t\tos.sleep(0.5)\r\n\t\t\tend\r\n\t\t\t\r\n\t\t\t\tturtle.dig()\r\n\t\t\t\tos.sleep(0.5)\r\n\t\t\t\tturtle.dig()\r\n\t\t\t\tos.sleep(0.5)\r\n\t\t\t\r\n\t\t\tturtle.forward()\r\n\t\t\t\r\n\t\t\twhile turtle.getFuelLevel() ~= \"unlimited\" and turtle.getFuelLevel() < 10 do\r\n\t\t\t\tfor t=1,16 do\r\n\t\t\t\t\tlocal data = turtle.getItemDetail()\r\n\r\n\t\t\t\t\tif data then\r\n\t\t\t\t\t  if data.name==\"minecraft:coal\" then\r\n\t\t\t\t\t\tturtle.refuel()\r\n\t\t\t\t\t\tprint(\"Treibstoff erkannt! Turtle betankt!\")\r\n\t\t\t\t\t\tlocal FuelBagger = turtle.getFuelLevel()\r\n\t\t\t\t\t\tprint(\"Fuellstand Turtle: \",FuelBagger)\r\n\t\t\t\t\t\tbreak\r\n\t\t\t\t\t  end\r\n\t\t\t\t\tend\r\n\t\t\t\t\t\r\n\t\t\t\t\tturtle.select(t)  \r\n\t\t\t\t\tif t==16 then\r\n\t\t\t\t\t\tprint(\"Kein Treibstoff! Bitte nachf\u00fcllen!\")\r\n\t\t\t\t\t\tbreak\r\n\t\t\t\t\tend\r\n\t\t\t\tend\r\n\t\t\tend\r\n\t\t\t\r\n\t\t\tinventar=0\r\n\t\t\tt=0\r\n\t\t\twhile t < 16 or inventar==16 do\r\n\t\t\t\tt=t+1\r\n\t\t\t\tturtle.select(t)\r\n\t\t\t\tlocal data = turtle.getItemDetail()\r\n\t\t\t\tif data then\r\n\t\t\t\t\tinventar=inventar+1\r\n\t\t\t\tend\r\n\t\t\t\tif inventar==16 then\r\n\t\t\t\t\tprint(\"Inventar voll! Bitte Inventar entleeren!\")\r\n\t\t\t\t\tinventar=0\r\n\t\t\t\t\tt=0\r\n\t\t\t\tend\r\n\t\t\tend\r\n\t\t\t\r\n\t\tend\r\n\t\t\r\n\t\t\t\r\n\t\tturtle.turnRight()\r\n\t\tturtle.turnRight()\r\n\t\r\n\t\tfor l=1,lange3 do\r\n\t\t\t\r\n\t\t\t\r\n\t\t\tturtle.forward()\r\n\t\t\t\r\n\t\t\twhile turtle.getFuelLevel() ~= \"unlimited\" and turtle.getFuelLevel() < 10 do\r\n\t\t\t\tfor t=1,16 do\r\n\t\t\t\t\tlocal data = turtle.getItemDetail()\r\n\r\n\t\t\t\t\tif data then\r\n\t\t\t\t\t  if data.name==\"minecraft:coal\" then\r\n\t\t\t\t\t\tturtle.refuel()\r\n\t\t\t\t\t\tprint(\"Treibstoff erkannt! Turtle betankt!\")\r\n\t\t\t\t\t\tlocal FuelBagger = turtle.getFuelLevel()\r\n\t\t\t\t\t\tprint(\"Fuellstand Turtle: \",FuelBagger)\r\n\t\t\t\t\t\tbreak\r\n\t\t\t\t\t  end\r\n\t\t\t\t\tend\r\n\t\t\t\t\t\r\n\t\t\t\t\tturtle.select(t)  \r\n\t\t\t\t\tif t==16 then\r\n\t\t\t\t\t\tprint(\"Kein Treibstoff! Bitte nachf\u00fcllen!\")\r\n\t\t\t\t\t\tbreak\r\n\t\t\t\t\tend\r\n\t\t\t\tend\r\n\t\t\tend\r\n\t\t\t\r\n\t\tend\r\n\t\t\r\n\t\t\r\n\t\tturtle.turnLeft()\r\n\t\tif turtle.detect()==true and b<breite2 then\r\n\t\t\tturtle.dig()\r\n\t\t\tos.sleep(0.5)\r\n\t\tend\r\n\t\tif b<breite2 then\r\n\t\t\tturtle.dig()\r\n\t\t\tos.sleep(0.5)\r\n\t\t\tturtle.dig()\r\n\t\t\tos.sleep(0.5)\r\n\t\tend\r\n\t\tif b<breite2 then\r\n\t\t\tturtle.forward()\r\n\t\tend\r\n\t\tturtle.turnLeft()\r\n\t\r\n\tend\r\n\t\r\n\tturtle.turnLeft()\r\n\t\r\n\t\tfor b=1,breite3 do\r\n\t\t\r\n\t\t\tturtle.forward()\r\n\t\t\r\n\t\tend\r\n\t\t\r\n\tturtle.turnRight()\r\n\r\nprint(\"Turtle Ackerbau beendet!\")",
    "YaraRule": [
        "enable_org32",
        "core_keywords"
    ]
}