{
    "scrape_url": "https://scrape.pastebin.com/api_scrape_item.php?i=Efx9Hcnq",
    "full_url": "https://pastebin.com/Efx9Hcnq",
    "date": "1594749488",
    "key": "Efx9Hcnq",
    "size": 7613,
    "expire": "0",
    "title": "",
    "syntax": "java",
    "user": "",
    "filename": "Efx9Hcnq",
    "pasteid": "Efx9Hcnq",
    "pastesite": "pastebin.com",
    "@timestamp": "2020-07-14T17:58:08",
    "MD5": "c36ff723a98842bbb14419d7210b6563",
    "SHA256": "4fc9bfd8c3e9553dcbe59cd6bcaa15e7a5896df3f6c2a7ec04baa3ecc266cc4d",
    "raw_paste": "package com.example.myapplication;\r\n\r\nimport androidx.appcompat.app.AppCompatActivity;\r\n\r\nimport android.annotation.SuppressLint;\r\nimport android.content.Intent;\r\nimport android.os.Bundle;\r\nimport android.view.View;\r\nimport android.widget.Button;\r\nimport android.widget.EditText;\r\nimport android.widget.ImageView;\r\nimport android.widget.LinearLayout;\r\nimport android.widget.SeekBar;\r\nimport android.widget.TextView;\r\n\r\nimport java.text.DecimalFormat;\r\n\r\npublic class MainActivity extends AppCompatActivity implements SeekBar.OnSeekBarChangeListener {\r\n\r\n    private TextView am, blank, dist, ave, mini, maxi, error;\r\n    private ImageView man, timer, turtle, cheetah;\r\n    private EditText editText;\r\n    private Button prev, next;\r\n    private LinearLayout upper, middle, bottom;\r\n    private int check_counter = 0;\r\n    private SeekBar sb;\r\n    private int days, flag = 0, counter = 0;\r\n    private double[] overall;\r\n\r\n    @Override\r\n    protected void onCreate(Bundle savedInstanceState) {\r\n        super.onCreate(savedInstanceState);\r\n        setContentView(R.layout.activity_main);\r\n        sb = findViewById(R.id.sb);\r\n        sb.setOnSeekBarChangeListener(this);\r\n        am = findViewById(R.id.am);\r\n        blank = findViewById(R.id.blank);\r\n        man = findViewById(R.id.man);\r\n        timer = findViewById(R.id.timer);\r\n        turtle = findViewById(R.id.turtle);\r\n        cheetah = findViewById(R.id.cheetah);\r\n        editText = findViewById(R.id.editText);\r\n        prev = findViewById(R.id.prev);\r\n        next = findViewById(R.id.next);\r\n        dist = findViewById(R.id.dist);\r\n        ave = findViewById(R.id.ave);\r\n        mini = findViewById(R.id.mini);\r\n        maxi = findViewById(R.id.maxi);\r\n        error = findViewById(R.id.error);\r\n        upper = findViewById(R.id.upper);\r\n        middle = findViewById(R.id.middle);\r\n        bottom = findViewById(R.id.bottom);\r\n        blank.setVisibility(View.INVISIBLE);\r\n        man.setVisibility(View.INVISIBLE);\r\n        timer.setVisibility(View.INVISIBLE);\r\n        turtle.setVisibility(View.INVISIBLE);\r\n        cheetah.setVisibility(View.INVISIBLE);\r\n        editText.setVisibility(View.INVISIBLE);\r\n        prev.setVisibility(View.INVISIBLE);\r\n        next.setVisibility(View.INVISIBLE);\r\n        dist.setVisibility(View.INVISIBLE);\r\n        ave.setVisibility(View.INVISIBLE);\r\n        mini.setVisibility(View.INVISIBLE);\r\n        maxi.setVisibility(View.INVISIBLE);\r\n        error.setVisibility(View.INVISIBLE);\r\n        sb.setMin(1);\r\n        sb.setMax(31);\r\n    }\r\n\r\n    public double distance() {\r\n        double sum = 0;\r\n        for (int i = 0; i < days; i++)\r\n            sum += overall[i];\r\n        return sum;\r\n    }\r\n\r\n    public double average() {\r\n        return distance()/(double)days;\r\n    }\r\n\r\n    public double min() {\r\n        double min = 100000;\r\n        for (int i = 0; i < days; i++) {\r\n            if (overall[i] < min)\r\n                min = overall[i];\r\n        }\r\n        return min;\r\n    }\r\n\r\n    public double max() {\r\n        double max = -1;\r\n        for (int i = 0; i < days; i++) {\r\n            if (overall[i] > max)\r\n                max = overall[i];\r\n        }\r\n        return max;\r\n    }\r\n\r\n    @Override\r\n    public void onProgressChanged(SeekBar seekBar, int progress, boolean fromUser) {\r\n        am.setText(String.valueOf(seekBar.getProgress()));\r\n    }\r\n\r\n    @Override\r\n    public void onStartTrackingTouch(SeekBar seekBar) { }\r\n\r\n    @Override\r\n    public void onStopTrackingTouch(SeekBar seekBar) { days = seekBar.getProgress(); }\r\n\r\n    @SuppressLint(\"ResourceAsColor\")\r\n    public void onClickCheck(View view) {\r\n        if (check_counter == 0) {\r\n            blank.setVisibility(View.VISIBLE);\r\n            editText.setVisibility(View.VISIBLE);\r\n            prev.setVisibility(View.VISIBLE);\r\n            next.setVisibility(View.VISIBLE);\r\n            sb.setEnabled(false);\r\n            check_counter++;\r\n        }\r\n        else if (check_counter == 1) {\r\n            for (int i = 0; i < days; i++) {\r\n                if (overall[i] == -1) {\r\n                    error.setVisibility(View.VISIBLE);\r\n                }\r\n                else {\r\n                    error.setVisibility(View.INVISIBLE);\r\n                    String dd = new DecimalFormat(\"#0.00\").format(distance());\r\n                    String aa = new DecimalFormat(\"#0.00\").format(average());\r\n                    String d = \"\u0412\u044b \u043f\u0440\u043e\u0431\u0435\u0436\u0430\u043b\u0438 \" + dd + \" \u043a\u043c. \u0437\u0430 \" + days + \" \u0434\u043d\u044f(-\u0435\u0439)!\";\r\n                    String a = \"\u0421\u0440\u0435\u0434\u043d\u044f\u044f \u0434\u0438\u0441\u0442\u0430\u043d\u0446\u0438\u044f: \" + aa + \" \u043a\u043c\";\r\n                    String mn = \"\u041a\u0440\u0430\u0442\u0447\u0430\u0439\u0448\u0430\u044f \u0434\u0438\u0441\u0442\u0430\u043d\u0446\u0438\u044f: \" + min() + \" \u043a\u043c\";\r\n                    String mx = \"\u041d\u0430\u0438\u0431\u043e\u043b\u044c\u0448\u0430\u044f \u0434\u0438\u0441\u0442\u0430\u043d\u0446\u0438\u044f: \" + max() + \" \u043a\u043c\";\r\n                    dist.setText(d);\r\n                    ave.setText(a);\r\n                    mini.setText(mn);\r\n                    maxi.setText(mx);\r\n                    dist.setVisibility(View.VISIBLE);\r\n                    ave.setVisibility(View.VISIBLE);\r\n                    mini.setVisibility(View.VISIBLE);\r\n                    maxi.setVisibility(View.VISIBLE);\r\n                    man.setVisibility(View.VISIBLE);\r\n                    timer.setVisibility(View.VISIBLE);\r\n                    turtle.setVisibility(View.VISIBLE);\r\n                    cheetah.setVisibility(View.VISIBLE);\r\n                }\r\n            }\r\n        }\r\n    }\r\n\r\n    public void onClickExit(View view) {\r\n        this.finish();\r\n        Intent intent = new Intent(Intent.ACTION_MAIN);\r\n        intent.addCategory(Intent.CATEGORY_HOME);\r\n        intent.setFlags(Intent.FLAG_ACTIVITY_NEW_TASK); startActivity(intent);\r\n    }\r\n\r\n    public void onClickNext(View view) {\r\n        if (flag == 0) {\r\n            overall = new double[days];\r\n            for (int i = 0; i < days; i++)\r\n                overall[i] = -1;\r\n            String current = \"\u0417\u0430 \" + (counter + 1) + \" \u0434\u0435\u043d\u044c \u0412\u044b \u043f\u0440\u043e\u0431\u0435\u0436\u0430\u043b\u0438\";\r\n            blank.setText(current);\r\n            flag = 1;\r\n        }\r\n        if (flag == 1) {\r\n            prev.setVisibility(View.VISIBLE);\r\n            overall[counter] = (editText.getText() == null) ? 0 : Double.parseDouble(editText.getText().toString());\r\n            counter++;\r\n            String current = \"\u0417\u0430 \" + (counter + 1) + \" \u0434\u0435\u043d\u044c \u0412\u044b \u043f\u0440\u043e\u0431\u0435\u0436\u0430\u043b\u0438\";\r\n            blank.setText(current);\r\n            if (counter == days) {\r\n                next.setVisibility(View.INVISIBLE);\r\n                current = \"\u0417\u0430 \" + counter + \" \u0434\u0435\u043d\u044c \u0412\u044b \u043f\u0440\u043e\u0431\u0435\u0436\u0430\u043b\u0438\";\r\n                blank.setText(current);\r\n                editText.setText(String.valueOf(overall[counter - 1]));\r\n                counter--;\r\n            }\r\n            else if (overall[counter] == -1) editText.setText(\"\");\r\n            else editText.setText(String.valueOf(overall[counter]));\r\n        }\r\n    }\r\n\r\n    public void onClickPrev(View view) {\r\n        if (counter == 1) {\r\n            prev.setVisibility(View.INVISIBLE);\r\n            String current = \"\u0417\u0430 \" + counter + \" \u0434\u0435\u043d\u044c \u0412\u044b \u043f\u0440\u043e\u0431\u0435\u0436\u0430\u043b\u0438\";\r\n            blank.setText(current);\r\n            editText.setText(String.valueOf(overall[counter - 1]));\r\n            overall[counter - 1] = (editText.getText() == null) ? 0 : Double.parseDouble(editText.getText().toString());\r\n            counter--;\r\n        }\r\n        else if (counter != days) {\r\n            next.setVisibility(View.VISIBLE);\r\n            String current = \"\u0417\u0430 \" + counter + \" \u0434\u0435\u043d\u044c \u0412\u044b \u043f\u0440\u043e\u0431\u0435\u0436\u0430\u043b\u0438\";\r\n            blank.setText(current);\r\n            editText.setText(String.valueOf(overall[counter - 1]));\r\n            overall[counter - 1] = (editText.getText() == null) ? 0 : Double.parseDouble(editText.getText().toString());\r\n            counter--;\r\n        }\r\n    }\r\n}",
    "YaraRule": [
        "enable_org32",
        "core_keywords"
    ]
}