{
    "scrape_url": "https://scrape.pastebin.com/api_scrape_item.php?i=EizGCvQH",
    "full_url": "https://pastebin.com/EizGCvQH",
    "date": "1594749601",
    "key": "EizGCvQH",
    "size": 35296,
    "expire": "0",
    "title": "Grimoire Changelog (v0.4)",
    "syntax": "html4strict",
    "user": "",
    "filename": "EizGCvQH",
    "pasteid": "EizGCvQH",
    "pastesite": "pastebin.com",
    "@timestamp": "2020-07-14T18:00:01",
    "MD5": "1c47653ec378ef2b434c77dec09642ca",
    "SHA256": "0c0106bbbb40fca7ec8b0734caff65ceba442a97d89317c64a00a76c9a94ef28",
    "raw_paste": "=New Items=\r\n==Spells==\r\nBiohazard\r\nBrand: Miseri\r\nRarity: Epic\r\nMana Cost: 2\r\nDamage: 0\r\nDescription:\r\nLeave toxic ground 4 tiles away that lasts 15 seconds. Applies 20 Poison when stepped on. \r\n\r\nEarthquake\r\nBrand: Hearth\r\nRarity: Epic\r\nMana Cost: 3\r\nDamage: 100\r\nDescription:\r\nAfter 0.5 seconds, hit all enemies and structures. Break all Cracked tiles. Anchor.\r\n\r\nEnergy Shield\r\nBrand: Convergence\r\nRarity: Legendary\r\nMana Cost: 1\r\nDamage: 0\r\nDescription:\r\nGain 5 Shield and 1 Defense for 6 seconds. Repeat for each point of Spell Power. \r\n\r\nFan of Knives\r\nBrand: Slashfik\r\nRarity: Epic\r\nMana Cost: 3\r\nDamage: 30 x 2\r\nDescription:\r\nLaunch a small column of knives twice. Add 2 Kunais to your deck. \r\n\r\nFlashbang\r\nBrand: Kinesys\r\nRarity: Rare\r\nMana Cost: 1\r\nDamage: 40\r\nDescription:\r\nDeal damage in a 3x3 area 4 tiles fwd and Slow targets for 6 seconds.\r\n\r\nHerald of Thunder\r\nBrand: Anima\r\nRarity: Legendary\r\nMana Cost: 3\r\nDamage: 10\r\nDescription:\r\nStrike a random enemy with thunder 10 times. For every 2 Spell Power, add a shot. \r\n\r\nHEX Turret\r\nBrand: Hexawan\r\nRarity: Cataclysm\r\nMana Cost: 5\r\nDamage: 250\r\nDescription:\r\nSummon a HEX Turret. After charging for 6 seconds, fires a huge beam for 300 dmg. Consume.\r\n\r\nHidden Power\r\nBrand: Doublelift\r\nRarity: Epic\r\nMana Cost: 0\r\nDamage: 0\r\nDescription:\r\nGain 0 to 2 Spell Power, Atk Dmg, and Defense. \r\n\r\nHollow Ring\r\nBrand: Hearth\r\nRarity: Epic\r\nMana Cost: 3\r\nDamage: 40\r\nDescription:\r\nCrack tiles in a circle 4 tiles away. \r\n\r\nHookshot\r\nBrand: Kinesys\r\nRarity: Epic\r\nMana Cost: 1\r\nDamage: 40\r\nDescription:\r\nFires a shot that pulls you and the target to each other. Anchor\r\n\r\nImpalement\r\nBrand: Kinesys\r\nRarity: Cataclysm\r\nMana Cost: 4\r\nDamage: 30 x 20\r\nDescription:\r\nHit the closest enemy for the duration. \r\n\r\nImprison\r\nBrand: Hearth\r\nRarity: Cataclysm\r\nMana Cost: 4\r\nDamage: 80\r\nDescription:\r\nBreak the outer tiles of the enemy field. Teleport targets to the center tiles. \r\n\r\nJudgment Cut\r\nBrand: Slashfik\r\nRarity: Epic\r\nMana Cost: 3\r\nDamage: 50 x Infinite\r\nDescription:\r\nHits random enemy tiles until you move. \r\n\r\nLightning Rod\r\nBrand: Anima\r\nRarity: Epic\r\nMana Cost: 1\r\nDamage: 0 x 1+X\r\nDescription:\r\nFire a thunderbolt at a random friendly tile. If it hits you, fire shots in 8 directions for 100 dmg. Repeat for every 4 Spell Power. \r\n\r\nLoch n' Load\r\nBrand: Miseri\r\nRarity: Legendary\r\nMana Cost: 2\r\nDamage: 0\r\nDescription:\r\nFires a slow shot that applies 2 Fragile. On hit, fire a shot that deals 80 dmg. \r\n\r\nNeurotoxin\r\nBrand: Miseri\r\nRarity: Cataclysm\r\nMana Cost: 3\r\nDamage: 0\r\nDescription:\r\nFire a shot that applies 300 Poison and gives 100 Defense for 6 seconds. Consume.\r\n\r\nOrbital Beam\r\nBrand: Hearth\r\nRarity: Epic\r\nMana Cost: 2\r\nDamage: 80\r\nDescription:\r\nSummon a Orbital Cannon that fires beams on enemies for 60 dmg and Break tiles. \r\n\r\nOvercharge\r\nBrand: Convergence\r\nRarity: Cataclysm\r\nMana Cost: 4\r\nDamage: 0\r\nDescription:\r\nGain 4 Max Mana and Mana Regen for 6 seconds. Lose 2 Mana Regen for 3 seconds afterwards. Consume.\r\n\r\nPower Dynamo\r\nBrand: Convergence\r\nRarity: Legendary\r\nMana Cost: 2\r\nDamage: 60\r\nDescription:\r\nSummon a Power Dynamo that gives 1 Spell Power to nearby Structures per 2 seconds. When destroyed, gain its Spell Power for 6 seconds. \r\n\r\nPower Ring\r\nBrand: Glimmer\r\nRarity: Epic\r\nMana Cost: 2\r\nDamage: 40\r\nDescription:\r\nDmg increases by 10 per second while in cast slot. \r\n\r\nReflect Charge\r\nBrand: Phalanx\r\nRarity: Legendary\r\nMana Cost: 3\r\nDamage: 40\r\nDescription:\r\nHit and push back all targets in front. You have Reflect during this spell. \r\n\r\nRelocate\r\nBrand: Kinesys\r\nRarity: Epic\r\nMana Cost: 1\r\nDamage: 0\r\nDescription:\r\nAfter 3 seconds, teleport a random enemy 4 tiles away from where you cast. Root target for 1 second. \r\n\r\nResolve\r\nBrand: Phalanx\r\nRarity: Cataclysm\r\nMana Cost: 2\r\nDamage: 0\r\nDescription:\r\nGain 40 Shield. Gain 3 Defense for every % of missing HP for 15 seconds. Consume.\r\n\r\nSaboteur\r\nBrand: Hexawan\r\nRarity: Rare\r\nMana Cost: 2\r\nDamage: 40\r\nDescription:\r\nDash fwd and drop a mine in front of you 3 times. Can walk on enemy tiles for 1.2 seconds. \r\n\r\nSentinel Wall\r\nBrand: Phalanx\r\nRarity: Legendary\r\nMana Cost: 3\r\nDamage: 20\r\nDescription:\r\nSummon a Sentinel Wall with a recharging Shield that blocks a wide area. \r\n\r\nShatterstorm\r\nBrand: Phalanx\r\nRarity: Legendary\r\nMana Cost: 3\r\nDamage: X\r\nDescription:\r\nGain 300 Shield over 4 seconds. Afterwards, lose all Shield and fire 8 projectiles that deal dmg equal to your Shield. \r\n\r\nStack\r\nBrand: Doublelift\r\nRarity: Legendary\r\nMana Cost: 2\r\nDamage: 0\r\nDescription:\r\nGain 2 Shield for each spell in your deck.\r\n\r\nStinger\r\nBrand: Miseri\r\nRarity: Epic\r\nMana Cost: 2\r\nDamage: 60\r\nDescription:\r\nDash and hit 2 tiles in front of you. If target is Poisoned, deal double dmg. Apply 20 Poison. \r\n\r\nTectonic Slam\r\nBrand: Hearth\r\nRarity: Legendary\r\nMana Cost: 3\r\nDamage: 120\r\nDescription:\r\nDeal damage in a large cone. On Flow, 40% chance to deal dmg in a smaller cone. \r\n\r\nTelefrag\r\nBrand: Kinesys\r\nRarity: Rare\r\nMana Cost: 0\r\nDamage: 20\r\nDescription:\r\nTeleport to the nearest enemy and deal dmg. Move on the enemy field for 0.5 second. \r\n\r\nTrick Toss\r\nBrand: Kinesys\r\nRarity: Legendary\r\nMana Cost: 1\r\nDamage: 40\r\nDescription:\r\nThrow a knife that bounces back. Catch it to return this to your deck. Add 1 Kunai to your deck. \r\n\r\nTundra\r\nBrand: Hearth\r\nRarity: Legendary\r\nMana Cost: 40\r\nDamage: 50 x 16\r\nDescription:\r\nHits all enemy tiles. If you have Flow, cast again and apply Frost. \r\n\r\nVortex\r\nBrand: Kinesys\r\nRarity: Legendary\r\nMana Cost: 3\r\nDamage: 40\r\nDescription:\r\nMove targets in a random direction 4 tiles in front of you for 5 seconds. \r\n\r\nWonder Wall\r\nBrand: Kinesys\r\nRarity: Epic\r\nMana Cost: 2\r\nDamage: 30\r\nDescription:\r\nCreate a veil 4 tiles away in a column that last 15 seconds. If you have Fragile, teleport targets to a random tile. Refreshes on hit with lower duration. \r\n\r\n==Artifacts==\r\nBlood Magic\r\nRarity: Legendary (Starting)\r\nDescription:\r\nRestore 3 Mana and lose 20% of your current HP on spell cast.\r\n\r\nBlitz\r\nRarity: Common\r\nDescription:\r\nGain 3 Spell Power for 8 seconds at the start of battle.\r\n\r\nCalibrator\r\nRarity: Epic (Starting)\r\nDescription:\r\nGain 2 Atk Dmg and lose 2 Spell Power when a spell hits an enemy.\r\n\r\nChaos Blade\r\nRarity: Legendary\r\nDescription:\r\nAdd 40% bonus dmg to weapons, but take 10% recoil dmg on hit.\r\n\r\nComm Link\r\nRarity: Epic (Starting)\r\nDescription:\r\nWhenever you summon something, allies gain 2 Spell Power and enemies lose 1 Defense around structures for 5 seconds.\r\n\r\nLucky Badge\r\nRarity: Common\r\nDescription:\r\n4% chance to block a hit\r\n\r\nOverclock Wrench\r\nRarity: Epic (Hazel only)\r\nDescription:\r\nReplace your weapon with the Overclock Wrench.\r\n\r\nImmortal Shell\r\nRarity: Epic\r\nDescription:\r\nYour summons are invincible for 3 seconds when they spawn.\r\n\r\nLodestone\r\nRarity: Epic\r\nDescription:\r\nRoot target for 2 seconds when a hit deals 150 or more dmg.\r\n\r\nTime-worn Sword\r\nRarity: \r\nDescription:\r\nGain 6 Atk Dmg. Lose 3 Spell Power.\r\n\r\nOlive Branch\r\nRarity: Rare\r\nDescription:\r\nYour and all enemies gain 80 Shield at the start of battle.\r\n\r\nPocket Mirror\r\nRarity: Epic\r\nDescription:\r\nGain 3 Reflect for 0.5 seconds when you Shuffle.\r\n\r\nRiptide\r\nRarity: Legendary\r\nDescription:\r\nYour spells kill enemies with less than 40 x Flow stacks HP on hit.\r\n\r\nCombat Adapter\r\nRarity: Legendary (Starting)\r\nDescription:\r\nReplaces your next weapon cast based on the most recent action. \r\n\r\nWrist Cannon\r\nRarity: Rare (Saffron only)\r\nDescription:\r\nReplace your weapon with the Wrist Cannon.\r\n\r\nSardonyx\r\nRarity: Legendary (Starting)\r\nDescription:\r\nGain 0.1 Mana Regen for each Cracked, Broken, and Flame tile.\r\n\r\nScrap Armor\r\nRarity: Common\r\nDescription:\r\nGain 40 Shield when you kill an enemy.\r\n\r\nSmorgasborg\r\nRarity: Epic\r\nDescription:\r\nGain 1 Atk Dmg, Spell Power, Defense, Mana, and Luck.\r\n\r\nPrism\r\nRarity: Legendary\r\nDescription:\r\nGain up to 3 Trinity on Trinity Cast.\r\n\r\nTri Scepter\r\nRarity: Epic\r\nDescription:\r\nOn Trinity Cast, you gain 3 Spell Power and all enemies lose 3 Spell Power for 6 seconds.\r\n\r\nCrescendo\r\nRarity: Epic (Starting)\r\nDescription:\r\nFire a shot that deals 10 dmg for each Flow stack when you Shuffle. \r\n\r\nWhetstone\r\nRarity: Rare\r\nDescription:\r\nGain 1 Atk Dmg for this battle after not moving for 1 second.\r\n\r\nWind Chime\r\nRarity: Epic\r\nDescription:\r\nGain 1 Trinity on Flow Cast.\r\n\r\n==Weapons==\r\nField Bracer v2 (Adaptive Saffron)\r\nMana Cost: 1\r\nDamage: 10 x 3\r\nCooldown: 0.5\r\nDescription: \r\nFires a volley of shots.\r\n(Frost) Shots create a 3x3 explosion for 5 dmg. 40% chance to apply Frost.\r\n(Poison) Deal bonus dmg equal to 10% of target's Poison.\r\n(Jam) Deal 5 bonus dmg per Jam cast\r\n(Summon) Fire shots from each structure.\r\n(Trinity) +10 dmg, 33% chance to gain Trinity on hit\r\n\r\nWrist Cannon (Artifact)\r\nMana Cost: 0\r\nDamage: 10\r\nCooldown: 0.5\r\nDescription: \r\nFires a shot that explodes on hit dealing 5 dmg.\r\n\r\nTether Shot (Sentry Reva)\r\nMana Cost: 1\r\nDamage: 20\r\nCooldown: 2\r\nDescription: \r\nFire a shot that Roots targets and yourself for 2 seconds on hit. Gain 40 Defense and 3 Reflect while Rooted. Gain 0.5 Mana on hit. \r\n\r\nM5 Monsoon (Heavy Gunner)\r\nMana Cost: 0\r\nDamage: 4 x X\r\nCooldown: 0.6\r\nDescription: Root for 0.6 sec then fire bullets rapidly until you move.\r\n\r\nIcy Ground (Shove Selicy)\r\nMana Cost: 1\r\nDamage: 20\r\nCooldown: 0.5\r\nDescription: \r\nCreate icy ground 4 tiles away that lasts 15 seconds. Move targets in a random direction on hit. \r\n\r\nSonic Relay (Relay Hazel)\r\nMana Cost: 1\r\nDamage: 30\r\nCooldown: 1\r\nDescription: \r\nThrow a structure that deals 10 dmg to itself and nearby targets. \r\n\r\nOverclock Wrench (Artifact)\r\nMana Cost: 0\r\nDamage: 0\r\nCooldown: 0.8\r\nDescription: \r\nHits one tile in front and leave a Flame on hit. Gives structures 20 Spell Power for 3 seconds. \r\n\r\nTerrarize (Disaster Terra)\r\nMana Cost: \r\nDamage: 40\r\nCooldown: 1\r\nDescription: \r\n3x3 explosion at a random enemy tile. Repeat if there is a Cracked, Broken, or Flame tile. \r\n\r\nShredder Shot (Marksman Shiso)\r\nMana Cost: 0\r\nDamage: 10\r\nCooldown: 0.4\r\nDescription: \r\nFire a shot that lowers target's Defense by 2. Gain 10 Spell Power and lose 10 Atk Dmg. Must deal at least 10 dmg to use. \r\n\r\nWaltz (Cadenza Violette)\r\nMana Cost: 1\r\nDamage: 0\r\nCooldown: 1\r\nDescription: \r\nCatch the notes to deal 10 dmg to a random enemy and restore 0.3 Mana. Repeats until you miss. Gain 1 Flow and deal triple dmg every 4th step. \r\n\r\nLife Steal (Blood Shopkeeper)\r\nMana Cost: 1\r\nDamage: 2 x X\r\nCooldown: 12\r\nDescription: \r\nHit targets 4 tiles away. Gain HP with each hit. Fire more shots with missing HP. Lose 10 Defense. 12 second cooldown. \r\n\r\n==Loadouts==\r\nAdaptive (Saffron)\r\nHP: 1200\r\nMana: 3\r\nMana Regen: 0.5\r\nMoney: 10\r\nWeapon: Wrist Bracer v2\r\nSpells:\r\n- Tri Rag\r\n- Amalgam\r\n- Skewer\r\n- Wall\r\nArtifacts:\r\n- Second Soul\r\n- Combat Adapter\r\n\r\nSentry (Reva)\r\nHP: 900\r\nMana: 3\r\nMana Regen: 0.4\r\nMoney: 10\r\nWeapon: Tether Shot\r\nSpells:\r\n- Earth Wyrm\r\n- Align\r\n- Flurry\r\n- Counter Strike\r\nArtifacts:\r\n- Virtue\r\n\r\nGunner (Heavy)\r\nHP: 1000\r\nMana: 2\r\nMana Regen: 0.3\r\nMoney: 20\r\nWeapon: M5 Monsoon\r\nSpells:\r\n- Flashbang\r\n- Entrench\r\nArtifacts:\r\n- Cover Fire\r\n\r\nShove (Selicy)\r\nHP: 1000\r\nMana: 3\r\nMana Regen: 0.5\r\nMoney: 10\r\nWeapon: Icy Ground\r\nSpells:\r\n- Ice Spikes\r\n- Upwind\r\n- Pull\r\n- Minefield\r\nArtifacts:\r\n- Roller Blades\r\n\r\nRelay (Hazel)\r\nHP: 1000\r\nMana: 3\r\nMana Regen: 0.5\r\nMoney: 10\r\nWeapon: Sonic Relay\r\nSpells:\r\n- Shotgun\r\n- Shard Toss\r\n- Turret Gun\r\n- Volley\r\nArtifacts:\r\n- Comm Link\r\n\r\nDisaster (Terra)\r\nHP: 1000\r\nMana: 3\r\nMana Regen: 0.4\r\nMoney: 10\r\nWeapon: Terrarize\r\nSpells:\r\n- Ember\r\n- Earthen Armor\r\n- Orbital Beam\r\n- Saboteur\r\nArtifacts:\r\n- Sardonyx\r\n\r\nMarksman (Shiso)\r\nHP: 800\r\nMana: 2\r\nMana Regen: 0.5\r\nMoney: 20\r\nWeapon: Shredder Shot\r\nSpells:\r\n- Swipe\r\n- Minnie Gun\r\n- Glaive\r\n- Claw Traps\r\nArtifacts:\r\n- Calibrator\r\n\r\nCadenza (Violette)\r\nHP: 900\r\nMana: 3\r\nMana Regen: 0.3\r\nMoney: 10\r\nWeapon: Waltz\r\nSpells:\r\n- Tremor\r\n- Tri Rag\r\n- Glassify\r\n- Undertow\r\nArtifacts:\r\n- Crescendo\r\n\r\nBlood (Shopkeeper)\r\nHP: 400\r\nMana: 1\r\nMana Regen: 0.5*\r\nMoney: 400\r\nWeapon: Life Steal\r\nSpells:\r\n- Hired Gun\r\n- Booster Shot\r\n- Bouncing Blade\r\n- Knife\r\nArtifacts:\r\n- Beret\r\n- Blood Magic\r\n\r\n=Changed items=\r\n==Spells==\r\nAcid Rain\r\n- Poison per hit: 20 -> 30\r\n\r\nAir Slash\r\n- Rarity: Rare -> Common\r\n- Damage: 40 -> 30\r\n- Projectile speed: 800 -> 400\r\nDamage is lowered, but slowing down the projectile makes hitting with the spell twice much more consistent.\r\n\r\nAlign\r\n- Rarity: Rare -> Common\r\n- Now Roots target for 1 second.\r\nIf the purpose of Align is to line up shots, adding Root lets it do that job much more effectively.\r\n\r\nAnubis\r\n- Mana Cost: 1 -> 2\r\n- Poison: 40 -> 50\r\nAnubis was too efficient, so it's been nerfed to be less of a no-brainer pick.\r\n\r\nBack Burner\r\n- Rarity: Rare -> Epic\r\n- Damage: 60 -> 30\r\n- On hit, projectile will spread flames in a fork.\r\nBack Burner is now one of the best spells for spreading fire. Hit a structure in your area for further coverage!\r\n\r\nBackstab\r\n- Shot duration: 2 -> 0.42\r\nThe shots will now not hit the rearmost row. Makes the spell less risky to use.\r\n\r\nBeacon\r\n- Brand: Hexawan -> Anima\r\n- Damage: 50 -> 80\r\n* Now matches the construct's HP\r\n- Construct attack speed: 3 -> 1.5\r\n- Beacon damage on hit: 10 -> 20\r\nBeacon's abysmal attack speed has been buffed to usable levels.\r\n\r\nBeam Crystals\r\n- Rarity: Rare -> Common\r\n- Construct attack delay: 0.4 -> 0.25\r\nSped up the Beam Crystal's attacks a bit to make it more consistent.\r\n\r\nBlade Bay\r\n- Construct HP: 80 -> 100\r\n- Damage: 50 -> 100\r\n* Now matches the construct's HP\r\n- Construct Dmg: 80 -> 60\r\n- Construct HP is no longer doubled when you have Fragile.\r\n- Now attacks every 2 seconds. (Still attacks when you Shuffle)\r\n- Shuffle attack now applies 1 Fragile.\r\nBlade Bay was useless by having its attack restricted to Shuffle. Now it's good on its own while still benefiting from Shuffle. The self-Fragile buff was removed because it didn't do much.\r\n\r\nBlade Rain\r\n- Blade duration: 4 -> 6\r\n- Removed Consume\r\nThe spell wasn't impressive enough to warrant one-time use.\r\n\r\nBladeskrieg\r\n- Blade duration: 4 -> 6\r\n- No longer Breaks tiles\r\n- Added Consume\r\nRemoving Break makes the spell much better to use. So much so that it needs a Consume.\r\n\r\nBlessing of Susano'o\r\n- Damage: 40 -> 60\r\n- Shields: 100 -> 120\r\nNot a bad spell, but pretty inefficient. Gave it more value to compensate.\r\n\r\nBlizzard\r\n- Rarity: Epic -> Legendary\r\n- Shots per wave: 6 -> 8\r\n- Number of waves: 8 -> 18\r\n- Time between shots: 0.2 -> 0.5\r\n- Added Consume\r\nIt's no Fimbulveter, but it's much more persistent. It's now less redundant when compared with Hailstorm.\r\n\r\nBombard\r\n- Damage: 200 -> 120\r\n- Now hits in a cross\r\n* Only the center tile is Cracked\r\nNow the spell can actually hit things.\r\n\r\nBooster Shot\r\n- Rarity: Rare -> Common\r\n- Mana Cost: 1 -> 0\r\n- Heal on first shot: 100 -> 80\r\n- First shot projectile speed: 400 -> 600\r\n- Second shot projectile speed: 600 -> 1000\r\nThe drawback was way too severe and not rewarding for a \"skillshot\". It has been buffed.\r\n\r\nBouncing Blade\r\n- Projectile speed: 400 -> 450\r\n- Blade duration: 4 -> 6\r\nThis is also a buff to Blade Rain and Bladeskrieg.\r\n\r\nBow Snipe\r\n- Rarity: Rare -> Epic\r\n\r\nBreakout\r\n- Rarity: Rare -> Common\r\n- Damage: 120 -> 140\r\n- Cast delay: 0.1 -> 0\r\n- No longer has Anchor\r\n- Now reduces target's Defense by 5 for 20 seconds.\r\nBreakout felt too outclassed by Shotgun as a melee range spell, so it's been buffed.\r\n\r\nCaltrops\r\n- Damage: 30 -> 40\r\n- Duration: 20 -> 15\r\n- No longer teleports targets while you have Fragile.\r\nWhile Caltrops is a cool spell, it was limiting design space a bit. The teleporting aspect is moved to a new spell. As consolidation, the damage has been buffed.\r\n\r\nCarpet Bomb\r\n- Mana Cost: 3 -> 2\r\n- Damage: 40 -> 50\r\n- Number of shots: 1 -> 2\r\n- Now aimed at random enemy instead of you\r\n- Removed chance to apply Flame on any tile\r\n- Now applies Flame on hit\r\nTried about 5 different versions and none of them worked properly. This is the best I can do.\r\n\r\nCastle\r\n- Damage: 50 -> 120\r\n* Now matches the construct's HP\r\n- Mana Cost: 5 -> 4\r\nWas too expensive to play before. It's cheaper now.\r\n\r\nCircuit\r\n- Duration: 2 -> 3\r\nDuration was way too low for what was basically a crappier Spirit Sword.\r\n\r\nClaw Traps\r\n- Number of shots: 2 -> 3\r\n- Duration: 7 -> 10\r\n- Damage: 0 -> 20\r\n- Now applies Slow for 8 seconds.\r\nClaw Trap was the worst Root spell, so it's been buffed to compete with the others.\r\n\r\nCold Snap\r\n- Rarity: Rare -> Common\r\n\r\nCounter Strike\r\n- Damage: 70 -> 60\r\n\r\nCross Turret\r\n- Now summoned with double HP if you have Fragile.\r\n- When the Cross Turret takes a hit for at least 50 damage, it fires again.\r\nMade the construct more interesting and with new synergies.\r\n\r\nEarth Wyrm\r\n- Projectile travel time: 0.7 -> 0.45\r\n- Grants 20 Defense while channeling\r\nFelt way too slow and hard to hit anything that wasn't immobile. It's been sped up and also grants some Defense while channeling as a bonus.\r\n\r\nEntangle\r\n- Rarity: Rare -> Epic\r\n- Damage: 20 -> 0\r\nWreath doesn't do damage while Entangle does for some reason?\r\n\r\nEntrench\r\n- Root duration: 2 -> 1.5\r\nMade the spell more practical in non-Fragile decks.\r\n\r\nEternity Cannon\r\n- Mana Cost: 3 -> 4\r\n- No longer gives Flow when cast.\r\nKeeping a chain of Eternity Cannons felt too easy for the reward, so it's been made less efficient.\r\n\r\nExcalibur\r\n- Mana Cost: 3 -> 2\r\n- Now drops the sword 3 tiles away (from 4)\r\n- Cast delay: 0.49 -> 0.35\r\n- Sword duration: 4 -> 6\r\nFelt a bit too undertuned for a niche synergy spell.\r\n\r\nEXPLOSION!\r\n- Deals additional damage equal to 25% of target's missing HP.\r\nStill has its uses with Sustain and Switchbait, but now this card isn't totally useless against bosses.\r\n\r\nFissure\r\n- Rarity: Rare -> Epic\r\n- Damage for above & below rows: 40 -> 60\r\n- Now Breaks tiles in front of you if you have Flow.\r\n\r\nFlat Earth\r\n- Now grants Shield instantly instead of throwing projectiles that gives Shield at you\r\n* Visuals sped up\r\nYou are now guaranteed to gain Shield from Flat Earth. Previously, you could not gain Shield if you moved from your spot when you cast the spell.\r\n\r\nFlamberge\r\n- Damage on target: 10 -> 40\r\n\r\nFling\r\n- Mana Cost: 1 -> 0\r\n- Added Consume\r\nFling's utility felt weak compared to the alternatives. Its effect is now stronger and giving it Consume helps with selectively thinning out cards from your deck.\r\n\r\nFocus\r\n- Rarity: Rare -> Epic\r\n- Mana Cost: 1 -> 2\r\n- Now freezes you for 1 second on cast.\r\nFocus has issues in that you can slap it on any build with zero problems. Now it's harder to get the benefits from it.\r\n\r\nFrostbolt, Frost Barrage\r\n- Damage: 40 -> 50\r\n* This change also affects other spells and artifacts that cast Frostbolt.\r\nThe base damage was a little too low and it wouldn't hurt to buffed other Frostbolt using things a little bit would it?.\r\n\r\nFury\r\n- Cast delay: 0.1 -> 0\r\n- Now has 100 base damage.\r\nMade the spell more worth its rarity.\r\n\r\nGambit\r\n- Mana Cost: 4 -> 3\r\nMade the spell more practical.\r\n\r\nGrail\r\n- Construct HP: 1 -> 2\r\n- Defense: 0 -> 999\r\nMade the grail slightly better at surviving to make it less cumbersome to use.\r\n\r\nGuillotine\r\n- Mana Cost: 4 -> 3\r\n\r\nGun Turret\r\n- Mana Cost: 3 -> 2\r\nA buff to mana cost to have it match other constructs (and to buff Build Hazel).\r\n\r\nHailstorm\r\n- Mana Cost: 4 -> 3\r\n- Damage: 10 -> 40\r\n\r\nHellfire\r\n- Now hits opponent's tiles twice.\r\n* This does not affect Boss Saffron.\r\nMade Hellfire a better trash clear spell to compensate for self-damage.\r\n\r\nHyper Beam\r\n- Now reduces Spell Power by 4 for 30 seconds (from 2 for the battle)\r\nHyper Beam's drawback felt somewhat negligible. It reduces Spell Power more, but it expires to compensate.\r\n\r\nIce Hockey\r\n- Duration: 5 -> 8\r\n\r\nIce Spikes\r\n- Rarity: Rare -> Common\r\n- Damage: 60 -> 70\r\n- Time between shots: 0.3 -> 0.2\r\n\r\nIncline\r\n- Brand: Convergence -> Glimmer\r\n- Rarity: Rare -> Common\r\n\r\nInnervate\r\n- Rarity: Epic -> Rare\r\n- Now restores 1 Mana on cast.\r\n\r\nIon Cannon\r\n- Damage: 100 -> 120\r\nSpell was a bit hard to land, so damage was buffed a little.\r\n\r\nIron Will\r\n- Rarity: Epic -> Rare\r\n\r\nJam Cannon\r\n- Mana Cost: 0 -> 1\r\n\r\nJam Slam\r\n- Rarity: Rare -> Legendary\r\n- Damage: 60 -> 50\r\n- Time between shots: 0.03 -> 0.05\r\n- Projectile travel time: 0.2 -> 0.35\r\n- Blast duration: 0 -> 0.15\r\nCompared to Jam Cannon, Jam Slam was too easy to scale. Damage was reduced and it now fires slower but to compensate the hitbox lingers longer.\r\n\r\nKnife\r\n- Rarity: Rare -> Common\r\n\r\nLaser Turret\r\n- Construct attack speed: 2 -> 1.5\r\n- Laser damage: 80 -> 70\r\n- Shots deal 10 more damage with each attack\r\nThe Laser Turret now gains power the longer you keep it alive. This helps justify its Consume tag.\r\n\r\nLast Letter\r\n- Damage (Non-Z version): 100 -> 125\r\n- Non-Z version now hits 3 tiles in front.\r\n- Z-version now refunds your mana cost.\r\nSome overall improvements to a niche and underpowered spell.\r\n\r\nLife Sword\r\n- Brand: Slashfik -> Convergence\r\n- Damage: 400 -> 250\r\n- Action type changed to match Step Slash\r\n- Removed Consume\r\n- Now removes HP instead of Max HP on cast\r\n- Now grants 1 Trinity\r\n- When Trinity is full, deal triple damage and lose 30 Max HP\r\nLife Sword is inflexible and still too costly. Now it has more range, more uses, and controllable resource loss.\r\n\r\nLimit Break\r\n- Rarity: Epic -> Legendary\r\n- Now reduces Mana Regen by 0.1 for 20 seconds.\r\n- Can no longer be cast if you have 0 Mana.\r\n- Added \"NoDoublecast\" tag\r\nLimit Break gets too ridiculous too quickly. It's still strong damage-wise, but it's now rarer and has more drawbacks.\r\n\r\nMana Lattice\r\n- Brand: Hexawan -> Convergence\r\n- Rarity: Rare -> Epic\r\n- Construct HP: 40 -> 60\r\n- Damage: 50 -> 60\r\n* Now matches the construct's HP\r\n- Construct now grants 0.3 Mana Regen for 1 second to nearby beings every second.\r\n- Construct now gives 0.5 Mana Regen for 4 seconds when destroyed.\r\nRedundant on Teardown Hazel and too weak for everyone else. Now has a niche of its own as a mana regenerator.\r\n\r\nMana Steal\r\n- Rarity: Common -> Rare\r\n- Mana Cost: 3 -> 2\r\n- Damage: 120 -> 70\r\n- Now grants 0.1 Mana Regen for 10 seconds on hit.\r\nMana Steal just wasn't very interesting and competed unfavorably with Boomerang. These changes should spice up the spell.\r\n\r\nMidnight\r\n- Mana Cost: 6 -> 5\r\nMade it slightly more affordable.\r\n\r\nMini Thunder\r\n- Now hits the same tile again for 5 damage for every 2 Spell Power you have.\r\nThunder spells didn't have a theme besides visuals. It now has a new gimmick where Thunder spells are enhanced by Spell Power.\r\n\r\nMine\r\n- Mana Cost: 2 -> 1\r\n- Damage: 250 -> 200\r\n- Duration: 12 -> 40\r\nWas extremely inconsistent against most enemies. Now it lasts a ridiculously long time so that the damage doesn't go to waste so easily.\r\n\r\nMinefield\r\n- Damage: 30 -> 40\r\n- Duration: 4.5 -> 6\r\nDamage felt too weak against anyone that isn't Terra.\r\n\r\nMonsoon\r\n- Projectile speed: 600 -> 400\r\nLike Air Slash, this change should make it hit twice reliably.\r\n\r\nOrbital Beam\r\n- Rarity: Rare -> Common\r\n- Shot travel duration: 0.6 -> 0.45\r\nMade the projectiles faster to make it easier to hit with.\r\n\r\nProphecy\r\n- Rarity: Epic -> Legendary\r\n- Damage: 200 -> 150\r\n- Now targets a random enemy column.\r\n- Shot delay: 6 -> 4\r\n- Now fires twice with 2 seconds in between shots\r\nWhat was once a meme spell is now an potent tile breaker and damage dealer (sometimes).\r\n\r\nRailgun\r\n- Damage: 50 -> 60\r\n- Mana Cost: 0 -> 1\r\n0-Mana 150 was too strong, even if it's technically 4 Mana later. 150 for 5 was a little too much, so the damage has been increased a bit.\r\n\r\nReflector\r\n- Duration: 0.6 -> 0.8\r\n\r\nResonate\r\n- Brand: Glimmer -> Hexawan\r\n- Rarity: Epic -> Rare\r\n- Damage: 50 -> 60\r\n- Now repeats if it destroys the construct.\r\nDamage was terrible and now it has synergy with constructs meant to be destroyed.\r\n\r\nRevenge\r\n- Projectile travel time: 0.3 -> 0.1\r\n\r\nRock Tomb\r\n- Damage: 100 -> 90\r\n- Shield on hit: 40 -> 30\r\n- Projectile travel time: 0.4 -> 0.25\r\n- Now targets the furthest enemy instead of random enemies.\r\n- No longer pierces Shield on Flow. Now removes Shield from targets on Flow.\r\nGiving enemies Shield and having only the spell pierce shields made the spell feel too weak.\r\n\r\nScavenge\r\n- Mana Cost: 2 -> 1\r\n- Kunais per consumed card: 1 -> 2\r\n- Added Consume\r\nThis reduces the number of Kunais you can get in longer fights, but its immediate value is improved.\r\n\r\nSera Cannon\r\n- Mana Cost: 2 -> 3\r\n- Projectile speed: 700 -> 500\r\n\r\nShattersaw\r\n- Rarity: Rare -> Common\r\n- Split projectile damage: 60 -> 80\r\n- Split projectile travel time: 0.4 -> 0.3\r\nBuffed the \"worst\" Glimmer card.\r\n\r\nShard Toss\r\n- Brand: Hexawan -> Anima\r\n- Will now explode even when destroyed\r\n- Explosions now apply 1 Frost\r\nThe spell had crappy delayed damage that was hard to land. It's now much more consistent and applies Frost.\r\n\r\nShotgun\r\n- Rarity: Common -> Rare\r\n- Damage: 100 -> 90\r\n- Now grants 1 Trinity.\r\n- Now makes you dash forward if Trinity is full.\r\nShotgun's damage has been nerfed to let other close range spells compete, but now it's got something extra...\r\n\r\nSidewinder\r\n- Projectile travel time: 0.4 -> 0.3\r\nSidewinder was already strong in construct builds, but now it can hit more consistently.\r\n\r\nSludge Bomb\r\n- Projectile travel time: 0.45 -> 0.3\r\nLike Orbital Beam, it's now easier to hit enemies with.\r\n\r\nStasis\r\n- Mana Cost: 2 -> 1\r\n- Shield gain: 999 -> 1000 \r\n- Shield is now lost over 2 seconds\r\n- Now removes Fragile, Frost, and half your Poison when cast\r\nMakes it better as a reactive defense spell and gives it a niche as a debuff remover.\r\n\r\nSteel Skin\r\n- Duration: 3 -> 4\r\n\r\nStep Slash\r\n- Rarity: Rare -> Common\r\n- Mana Cost: 2 -> 1\r\n- Damage: 80 -> 60\r\n- Recovery time (animation speed): 0.3 -> 0.15\r\n- No longer has Anchor\r\nRemoving Anchor now gives it synergy with melee range spells without relying on a specific Upgrade.\r\n\r\nStep Pierce\r\n- Rarity: Rare -> Common\r\n- Damage: 80 -> 100\r\n- Recovery time (animation speed): 0.3 -> 0.15\r\n- No longer has Anchor\r\nRemoving Anchor now gives it synergy with melee range spells without relying on a specific Upgrade.\r\n\r\nSweeper\r\n- Rarity: Rare -> Common\r\n- Damage: 60 -> 70\r\n\r\nSwitchbait\r\n- Number of shots: 2 -> 1\r\n- Projectile speed: 800 -> 600\r\n- Cast delay: 0 -> 0.15\r\n- Now has Anchor\r\nSwitchbait is interesting, but beyond broken with the right setup. Its power level has been decreased across the board.\r\n\r\nSword Row\r\n- Damage: 10 -> 40\r\nFelt too weak for 2 Mana and had no good upsides compared to Entangle/Wreath. Added a bit of damage to make it less bad.\r\n\r\nSwords of Light\r\n- Damage: 10 -> 40\r\n- Number of shots: 6 -> 10\r\nToo unreliable and a terrible Epic in general. Now it's more likely to actually hit something.\r\n\r\nThunder\r\n- Now strikes a random nearby tile for 40 dmg for every 2 Spell Power you have.\r\nThunder spells didn't have a theme besides visuals. It now has a new gimmick where Thunder spells are enhanced by Spell Power.\r\n\r\nThunderstorm\r\n- Damage: 50 -> 60\r\n- Now adds a shot for every 2 Spell Power you have.\r\nFelt too outclassed by Glitterstorm. Now it's marginally better on builds heavy on Spell Power.\r\n\r\nTile Fire\r\n- Damage: 120 -> 130\r\n- Tile break duration: 8 -> 6\r\n\r\nTractor Beam\r\n- Time between shots: 0.3 -> 0.2\r\n\r\nTri Force\r\n- Now also gives 3 Attack Damage on Trinity Cast\r\n\r\nTri Rag\r\n- Damage: 40 -> 50\r\n- Projectile speed: 500 -> 700\r\n\r\nTri Shot\r\n- Damage per shot: 60 -> 70\r\n- Projectile speed: 500 -> 700\r\nA small buff to the make the spell more competitive.\r\n\r\nTrisect\r\n- Focus: Doublelift -> Convergence\r\n\r\nTurret SD\r\n- Construct HP: 100 -> 120\r\nA slight buff to HP to increase its value.\r\n\r\nTwinferno\r\n- Rarity: Rare -> Common\r\n\r\nUndertow\r\n- Damage: 40 -> 50\r\n\r\nUnleash\r\n- Damage: 70 -> 50 + Max Mana * 15\r\nWas significantly outclassed by Limit Break. Now has more power to make it stronger in high Mana builds.\r\n\r\nUpwind\r\n- Damage: 50 -> 60\r\n\r\nVolley\r\n- Mana Cost: 1 -> 0\r\n- Damage: 100 -> 50\r\n- Cast delay: 0.3 -> 0.15\r\nWas too difficult to use. At 0 Mana, it's now much more flexible.\r\n\r\nVivisection\r\n- Now fires knives in a column.\r\n- Shot delay: 0.3 -> 0.4\r\n- Time between shots: 0.2 -> 0\r\n- Knives will not hit you if you have Fragile.\r\nMade an extremely awkward spell easier to use.\r\n\r\nWall\r\n- Rarity: Rare -> Common\r\n- Construct HP: 60 -> 80\r\nIt's a little better for body blocking now.\r\n\r\nWarpath\r\n- Rarity: Cataclysm -> Legendary\r\n- Damage per hit: 120 -> 140\r\n- Now also pushes targets back if you have Fragile.\r\n- Added \"NoStrafe\" tag\r\n* Prevents the spell from rolling No Anchor upgrade and have it deal way more damage than intended by mashing left\r\nNot a bad spell, just overvalued. Adding a push to the Fragile portion makes multiple hits much more consistent.\r\n\r\nWhirl\r\n- Rarity: Rare -> Common\r\n- Time between shots: 0.15 -> 0.12\r\nWhirl made you a sitting duck for too long to be worth it. It's faster now.\r\n\r\nWobble\r\n- Rarity: Rare -> Epic\r\n- Damage: 30 -> 15\r\n- Number of shots: 4 -> 8\r\n- Now fired 3 tiles in front.\r\nWobble is now even better at pushing enemies around.\r\n\r\nWreath\r\n- Rarity: Epic -> Rare\r\n\r\nZenith\r\n- Cast delay: 0.15 -> 0\r\nAccompanies the changes to step spells by removing the need for awkward pre-cast buffering.\r\n\r\n==Artifacts==\r\nAdamantium\r\n- Removed \"Starting\" tag\r\n* Now drops in-game\r\n\r\nAdrenaline\r\n- Now gives Haste for 4 seconds when you get hit\r\nThis artifact did nothing most of the time. While I couldn't make it trigger mid-battle, it has an additional effect.\r\n\r\nBeret\r\n- Now removes Money equal to damage taken.\r\n- When hit, you drop Money equal to 100% of damage taken (from 80%).\r\n* Some rounding may be present.\r\n- Pickups now give Money instead of HP.\r\nShopkeeper has way too many perks crammed into her. Her free 80% damage mitigation has been removed.\r\n\r\nBlue Blood\r\n- Rarity: Common -> Epic\r\nBlue Blood was OP due to its availability. It's now significantly rarer.\r\n\r\nCassidy's Scarf\r\n* HP Threshold: 200 -> 300\r\n* Now fills your Mana to full when activated\r\nMost of the time when this artifact went off you were sitting around doing nothing for most of it. Made the artifact more impactful.\r\n\r\nCold Pressed Juice\r\n- Heal on frost dmg: 20 -> 10\r\nBecame too easy to heal from the artifact after a certain point.\r\n\r\nCover Fire\r\n- Rarity: Epic -> Rare\r\n- Atk Damage: 5 -> 6\r\n\r\nDaffodil\r\n* Number of Removals: 2 -> 3\r\n\r\nDouble Edge\r\n* Now also grants 4 Attack Damage\r\n\r\nDouble Mint\r\n- Added \"NoDuplicate\" tag\r\nInfinite Frost was too cheesy and very likely not intended.\r\n\r\nDuel Disk\r\n- Rarity: Epic -> Legendary\r\n- Now adds 2 Jams to your deck when you Shuffle (from 1)\r\nInstant shuffle is really powerful, and Duel Disk felt not rare enough and didn't have enough drawback.\r\n\r\nFrostmail\r\n- Now also fires a Frostbolt every 8 seconds\r\nWhile strong, being limited to activating only when hit while debuffing you regardless made the item feel not beneficial enough.\r\n\r\nGlass Cannon\r\n- Fragile at start of battle: 1 -> 3\r\nGlass Cannon's drawback felt too miniscule.\r\n\r\nGrip Tape\r\n- No longer sets Kunai mana cost to 1\r\n- Now halves Kunai range (Shot duration 0.15 -> 0.05)\r\nAdding mana cost to Kunais was almost never worth it. Now it has a different drawback.\r\n\r\nHeart of Gold\r\n- Now gives 150 Max HP.\r\n- Defense: -5 -> -4\r\nMade the artifact more appealing to pick up if you have HP.\r\n\r\nHoning Edge\r\n- Atk Dmg: 2 -> 3\r\nGave an insignificant amount of stats for a niche stat. Its power has been increased.\r\n\r\nIce Floe\r\n- Flow on Frost damage: 1 -> 2\r\nAn extremely minor effect has been made less minor.\r\n\r\nKinetic Shield\r\n- Now grants 4 Shield over 2 seconds when hit (from 2 Shield when hit)\r\nThis artifact was not much better (or worse) than Undershirt. It's been buffed to be better. \r\n\r\nLilac\r\n* Number of Upgraders: 2 -> 3\r\n\r\nM1 Liofire, M2 Hunter Seeker\r\n- Now grants 0.2 Mana Regen\r\nSince I can't edit loadouts and make M3 Manafire lose regen, this is the next best option. This change should barely affect BH Gunner.\r\n\r\nManajam\r\n* Mana Regen: 0.3 -> 0.2\r\n* Number of Jams: 3 -> 2\r\nManajam was too efficient and completely solved Mana regen when gotten early. Its effect has been reduced.\r\n\r\nMother\r\n- Now halves your Flow stacks on Shuffle (rounded down)\r\nThe best Flow artifact, too good in fact. Its power level is nerfed to make room for scaling Flow effects.\r\n\r\nNinjutsu\r\n- Now has a 50% chance to add a Kunai to your deck\r\nJust plain broken. It has been nerfed so that other Kunai synergies can live.\r\n\r\nPet Fox\r\n- Damage: 80 -> 100\r\n- Poison: 20 -> 30\r\n* Previously applied 20 Poison on hit\r\nPower was a bit underwhelming on a Shuffle.\r\n\r\nPet Kitty\r\n- Damage per shot: 5 -> 10\r\n- Shots now have a 40% chance to apply Frost (from 100%).\r\nPet Kitty's was abnormally stronger than every other pets. Reducing its chance to Frost should lower its damage output.\r\n\r\nPet Liger\r\n- Damage: 140 -> 60\r\n- Now slashes every tile in front in a wide area (like Warpath)\r\nFor a Legendary, Pet Liger wasn't very strong. It should be much stronger now.\r\n\r\nPet Turtle\r\n- Shield per piece: 40 -> 30\r\n- Projectile travel time: 1 -> 1.2\r\n- Shield is now thrown at your location instead of a random tile.\r\nNow requires less scrambling around to grab the shields.\r\n\r\nRose\r\n- Atk Dmg: 4 -> 6\r\nSee Honing Edge.\r\n\r\nScales\r\n- Shields: 20 -> 25\r\n\r\nStimpack\r\n- Spell Power: 3 -> 4\r\nWas blatantly worse than other Spell Power artifacts, so it's been buffed.\r\n\r\nTrifrost\r\n- Rarity: Epic -> Rare\r\n\r\nUnicorn Bomb\r\n- Damage changed from 20 to 10% of target's HP\r\nBuff removal wasn't all that great, so the damage has been buffed.\r\n\r\nVaccine\r\n- Heal amount: 160 -> 120\r\n- Poison amount: 80 -> 60\r\nThis is a nerf to Aria Violette more than anything else.\r\n\r\n==Weapons==\r\nField Bracer (Saffron)\r\n- Damage: 2 -> 3\r\n\r\nReflector Gem (Reva)\r\n- Attack cooldown: 0.2 -> 0.4\r\n- Cast delay: 0 -> 0.15\r\n- Now has Anchor\r\nReva's reflector becomes too spammable once you get enough Mana Regen. Added a bit of cast time to make you actually commit to it.\r\n\r\nSnowpiercer (Snow Selicy)\r\n- Recovery time (animation speed): 0.1 -> 0.15\r\n- Damage per Frost: 80 -> 75\r\n- At 2 Frost stacks, applies 1 Frost instead of dealing bonus damage.\r\n* Basically, deal Frost damage (150) and restore 2 Mana at 2 stacks.\r\nSelicy's weapon now has proper synergy with artifacts that trigger on Frost damage.\r\n\r\nMech Wrench (Build Hazel)\r\n- Spell Power given to Constructs: 1 -> 2\r\n- Shield given to Constructs: 20 -> 25\r\nBy making each hit more effective, Build Hazel won't need to babysit her constructs as often.\r\n\r\nM1 Liofire\r\n- Now has a 20% chance to lower Defense by 1 for 15 seconds on hit.\r\n\r\nM2 Hunter Seeker\r\n- Attack cooldown: 0.12 -> 0.1\r\nWas already decent and low maintanence. Buffed just a little to keep up with other weapons.\r\n\r\nM3 Triwing (Bullethell Gunner)\r\n- Now gains bonus attacks based on weapon damage:\r\n* At 15+ Weapon Damage, 15% chance to fire a missile at a random enemy that deals half your weapon damage.\r\n* At 20+ Weapon Damage, fires shots above and below you.\r\n* At 25+ Weapon Damage, 20% to fire a bomb at a random enemy tile, dealing 10 bonus damage in a cross.\r\nBH Gunner buffs!\r\n\r\nGrace (Doubletime Violette)\r\n- Back Shield: 60 -> 40\r\n\r\nLynchpin (Execute Shiso)\r\n- Money on kill: 10 -> 9\r\n\r\nPayback (Shopkeeper)\r\n- Attack cooldown: 0.05 -> 0.12\r\n- Now removes 10 Money per shot instead of 10 HP\r\n- Pickup now gives 10 Money\r\n\r\n==Miscellaneous==\r\n- Changed tooltips for Venoshock, Skipper, Pet Fox, Luna, and Thermite.",
    "YaraRule": [
        "enable_org32",
        "core_keywords"
    ]
}