{
    "scrape_url": "https://scrape.pastebin.com/api_scrape_item.php?i=EPYAdvLi",
    "full_url": "https://pastebin.com/EPYAdvLi",
    "date": "1594910731",
    "key": "EPYAdvLi",
    "size": 171,
    "expire": "0",
    "title": "test",
    "syntax": "lua",
    "user": "",
    "filename": "EPYAdvLi",
    "pasteid": "EPYAdvLi",
    "pastesite": "pastebin.com",
    "@timestamp": "2020-07-16T14:45:31",
    "MD5": "345fe97cf4e3b95f4c4510f11f5e6a22",
    "SHA256": "50615f3b4693696317b5fd5cacb8efbb29f6a67af8c4183bd1420b109af72bd2",
    "raw_paste": "\r\nlocal c = \"sender=turtle\"\r\n\r\nlocal correct_response = http.post(\"https://sgfgfg.herokuapp.com/test.php\",c)\r\n\r\nprint(correct_response.readAll())\r\ncorrect_response.close()",
    "YaraRule": [
        "enable_org32",
        "core_keywords"
    ]
}