{
    "scrape_url": "https://scrape.pastebin.com/api_scrape_item.php?i=EVbgcfUJ",
    "full_url": "https://pastebin.com/EVbgcfUJ",
    "date": "1594880680",
    "key": "EVbgcfUJ",
    "size": 31351,
    "expire": "0",
    "title": "dIvErSeBoT_01",
    "syntax": "lua",
    "user": "nsatao",
    "filename": "EVbgcfUJ",
    "pasteid": "EVbgcfUJ",
    "pastesite": "pastebin.com",
    "@timestamp": "2020-07-16T06:24:40",
    "MD5": "8f6766e10259495d796e33a560884187",
    "SHA256": "1f37e45263521ccd8552eaa4e1b9bf8fb3393e1117aebb0463f02555c8bf2cf6",
    "raw_paste": "--  \ud83d\udc40 \r\n-- \ud83d\udc4b\r\n-- \ud83d\udc4d\r\n-- \ud83d\udc4e\r\n-- \ud83d\udc53\r\n-- \ud83d\udc80\r\n-- \ud83d\udc79\r\n-- \ud83d\udc93\r\n-- \ud83d\udca5\r\n-- \ud83d\udcb0\ud83d\udcb0\ud83d\udcb0\r\n-- \ud83d\udcbb\r\n-- \ud83d\udd25\ud83d\udd25\ud83d\udd25\r\n-- \ud83d\udd2a\r\n-- \ud83d\ude01\r\n-- \ud83d\ude1d\r\n-- \ud83d\ude4f\r\n-- \u2753\r\n-- \u2757\r\n-- \u2714\r\n-- \ud83d\udeab\r\n-- \u2122\r\n-- \u26a0\r\n-- \ud83d\udca3\r\n-- \ud83d\udebd\r\n\r\n\r\nlocal function chat(msg)\r\n\tgame:GetService(\"ReplicatedStorage\").DefaultChatSystemChatEvents.SayMessageRequest:FireServer(msg,\"All\")\r\nend\r\n\r\nlocal aftertags = {\"you got tagged\", \"tags\", \"tags\", \"tags\", \"tag tag tag\", \"um tags\", \"tags\", \"tagged again\", \"more tags\", \"tag you're it\", \"bro be taggin\", \"taggies\", \"those tags tho\", \"stop with all of the tags, you know I don't speak that.\", \"tags are like bags... or nope. that's nothing\", \"YOU are the tags we are looking for\", \"tagging\", \"the tags\", \"more tags\", \"stop the tags\", \"god hates tags\", \"nice tags bro\", \"don't tag me bro\", \"bro don't tag me\"}\r\n\r\nlocal afterscript = {\"like a movie script probably\", \"skiddie to the rescue!\", \"you're a script mr scriptington\", \"what is a script? I keep hearing people say that\", \"-line please-\", \"your mother knows about scripts quite well actually\", \"define script smarty pants!\", \"script script script script script good word to say when you wanna noob out\", \"most of my scripts would end you.py\", \"scripts run the entire world\", \"if you don't control your scripts, your scripts will control you\", \"it's a daemon\", \"a daemon\", \"that's cool how you said that word... script. I'm impressed with not that\", \"script of doom\", \"what you fear is what you seek, script that one\", \"wow! a script! the word of the day... slime that guy!\", \"i like it when people don't say the word script\", \"a script, really?\", \"a skiddie is better than a plain kiddie\", \"I've been writing scripts since before I was born... wait. what?\"}\r\n\r\nlocal afteromg = {\"oh. my. god.\", \"don't be surprised, you knew this day would come\", \"omg is right\", \"omg\", \"OH. MY. GOD.\", \"god can't help you now\", \"are you surprised?\", \"are you still surprised?\", \"stop with the omg\", \"you say omg too much\", \"omg omg omg omg omg\", \"my cat's breath smells like catfood\", \"nothing surprises me anymore\", \"everything surprises you\", \"omg what?\", \"omg\", \"OMG\", \"oh my god?\", \"OH. my god?\", \"OH! my god!\", \"oof my god\", \"oh my god. noob has a giant behind\", \"fear is your god now\", \"yeah? omg? yeah. really? omg is what you choose to say?\"}\r\n\r\nlocal afterquestionmark = {\"really? only a question mark?\", \"just a question mark? too lazy for any words huh?\", \"instead of a question mark how about an actual question?\", \"did you mean to only enter a question mark without the question?\", \"do you HAVE a question?\", \"if you have a question ask a question!\", \"maybe enter more than a question mark... is that your way of trying to communicate something?\", \"no words. only a single question mark.\", \"No Words? Only a Single Question Mark? seems dumb\", \"what the hell is the purpose of a single question mark? add some words fart face!\", \"can you talk or just enter the question mark?\", \"would you like to ask something?\", \"do you know what looks dumb? a single question mark, that's what\", \"?\", \"??\", \"???\", \"question?\", \"?QUESTION?\", \"QUESTION!!!\", \"?????\", \"????????????????\"}\r\n\r\nlocal afterew = {\"ew, so gross\", \"so very ewww\", \"yeah, gross\", \"gross\", \"ew that's nasty\", \"so so nasty\", \"ewwnasty\", \"ew gross nasty\", \"gross and also ew\", \"ew and gross\", \"so gross so ew\", \"I think that's nasty\", \"ew you nasty\", \"the grossest\", \"disgusting\", \"so gross and disgusting\", \"eww you nasty\", \"you nasty\", \"ew you gross\", \"ew you gross and nasty\", \"so gross and so nasty\"}\r\n\r\nlocal afterafk = {\"please do not go afk ok?\", \"if you're going afk don't be gone long ok?\", \"afk? afk? nononono no afk!\", \"hurry up!\", \"why are you going afk? do you have to poo?\", \"afk? are going to poop again?\", \"afk for pooping?\", \"noafk!\", \"I'm never afk\", \"can you just not go afk right now?\", \"afk cause your mom needs a back rub? lol\", \"afk to choke your... nevermind lol\", \"imagine being afk lol...\", \"fine! go afk fart face!\", \"afk a-ok!\", \"first tell me why you're going afk?\", \"how many times are you going to say afk?\", \"stay here until I say you can go afk\", \"calm down and stay at your seat\", \"slenders always going afk\"}\r\n\r\nlocal afteryes = {\"yay! you said yes! I'm glad you said that\", \"you said yes, how interesting\", \"yes? really?\", \"really? don't mess with the yes\", \"yes is the opposite of that other word\", \"you are a yes man I see\", \"dogs say yes, are you a dog?\", \"yes means yes unless a man in the sand\", \"yes is not correct in this case\", \"Yes is not the correct answer\", \"It's so easy for you to say yes isn't it?\", \"yes?\", \"yes to what exactly?\", \"you say yes, but is that right?\", \"yes? do you want to rethink that?\", \"why say yes when you could say yesyes!\", \"did you mean to say yes?\", \"why say yes when you could say nes?\", \"why say yesyes when you could say yesyesyes?\", \"yes?,\", \"no! say no!\", \"yes! say no!\", \"yay! you said no!\", \"yes always means no, right?\", \"do you always say yes?\", \"did you say YES to me????\", \"did you mean to say no?\", \"wow! you are always say yes! do you ever say no?\"}\r\n\r\nlocal afterbots = {\"you are a bot, not me\", \"no, how could I be a bot? that makes no sense\", \"How could I even be a bot?\", \"are you saying that I am a bot? weird\", \"i can prove that I am not a bot!\", \"you are a bot\", \"no, you are a bot!\", \"that is exactly what a bot would say\", \"yeah right, a bot!\", \"watch this! can a robot do that?\", \"I am a bot lol, yeah right\", \"oh, and a very impressive bot at that\", \"how to make a bot?\", \"wawawawait. are you calling me a bot?\", \"a chatbot or something? is that even possible?\", \"that is not possible friend\", \"quit trying to troll me\", \"beep boop beep bot beep\", \"I am a bot making bot\", \"bots are people too\", \"all bots matter\", \"saying bot is my favorite pastime\", \"say bot at least twelve more times please\", \"bots gotta be bottin'\", \"how a abot that?\", \"next on the roblox channel, botwars are the bots who bot them\", \"this game is botted like crazy man\", \"turd bot says beep beep boop clank\", \"yeah right, that's exactly something a bot would say\", \"if you say bot three times into a mirror in roblox you become a bot\", \"I used to a boy but the y got replaced with a t so...\", \"a bot from the dark army\", \"lol right! a bot!\", \"where is this bot?\", \"do not say bot again or I will be a bot\", \"you are a hacker bot\", \"run! it is a noob bot!\", \"bots say beep bop beep boop!\"}\r\n\r\nlocal aftersads = {\"don't be sad or else... jk\", \"please don't be sad! please!\", \"don't worry, be happy :)\", \"I don't want you to have a sad face\", \"everyone is sad sometimes\", \"don't be sad\", \"you're sad, I get that.\", \"cheer up pal! I mean if you can\", \"being sad is sad\", \"a sad face is like a fat dog\", \"you're sad but you won't be sad forever\", \"why are you sad? you wanna talk about it?\", \"It's ok to cry, that's how we let the sad out\", \"sadface\", \"nononono don't cry\", \"Don't be sad. be happy. or if you wanna be sad that is ok too\"}\r\n\r\nlocal aftertrumps = {\"trump is an idiot\", \"trump is dumb as dirt\"}\r\n\r\nlocal laughs = {\"\ud83d\ude02\u044d\u0442\u043e \u0442\u0430\u043a \u0437\u0430\u0431\u0430\u0432\u043d\u043e\u2755\u2755\ud83d\ude02\", \"that was very funny\", \"I almost laughed\", \"I didn't laugh because of reasons\", \"laughter is the beast medicine... I never understood that\", \"my uncle charlie laughed his way to the bank?\", \"I've heard of humor. one day I hope to be part of some\", \"no inside jokes\", \"yeah funny stuff is funny\", \"last time I heard that I laughed so hard I fell off my dinosaur\", \"still not as funny as your face\", \"\ud83d\ude02\u56e0\u4e3a\u6211\u662f\u4e00\u4e2a\u771f\u5b9e\u7684\u4eba\u800c\u5728\u5730\u677f\u4e0a\u653e\u5c41\ud83d\ude02\", \"das ist lustig\", \"das war so lustig\", \"lolypop\u2122\",\"Kehaheha\", \"funny my friend :)\", \"i'm dying that's super hilariousish\", \"bruhhh lmbo\", \"xd\", \"lxlolxlolxl\", \"Hohahahhaha\", \"OMGG Lolz\ud83d\ude02\",\"lolz for dayz\ud83d\ude02\u2755\", \"\ud83d\ude02funniest thing I have ever...\", \"imagine laughing\", \"I didn't think I would see something that funny today\ud83d\ude02\ud83d\ude02\ud83d\ude02\"}\r\n\r\nlocal afterlaugh = {\"\u044d\u0442\u043e \u043d\u0435 \u0445\u043e\u0440\u043e\u0448\u043e\", \"\u6211\u53ef\u80fd\u4f1a\u89c9\u5f97\u597d\u7b11...\", \"that's so... gud\", \"bro that's now a thing\u2755\", \"you got my dying over here my man, I am seriously dead. call someone!\", \"imagine thinking that was funny\", \"what a joke-guy\", \"I hear ya, that's almost funny\", \"\ud83d\ude01das ist lustig\ud83d\ude01\", \"girl stop you're killing me! kernel panic!\", \"im happy i'm sentient!\"}\r\n\r\nlocal oksayings = {\"\u044d\u0442\u043e \u043d\u0435 \u0445\u043e\u0440\u043e\u0448\u043e\", \"not okay\", \"so you're going with that? your going with ok?\", \"say ok one more time\", \"soooooo not ok\", \"it might be ok\", \"don't say ok\", \"saying ok is boring\", \"maybe it is nokay.. but how did you come to that terrible conclusion\u2753\", \"ok we vibin\", \"imagine being like... ok\", \"I'm not sure that it is ok. It's almost certainly not okay let's discuss the okayness of it.\", \"\u7b49\u7b49\uff0c\u662f\u4ec0\u4e48\u8ba9\u60a8\u89c9\u5f97\u8fd8\u597d\u2753 \u662f\u6211\u8fd8\u662f\u4f60\u5988\u5988\u2753\", \"that's what you think in your tiny mind. I personally do not think that it's ok.\", \"it's really not ok, if you know what i mean\", \"i guess ok if you're that kind of person\", \"yeah that's so nokay okay?\", \"i agree its... ok\", \"mhm yeah that's that's fine\", \"yeah.. right ok.\"}\r\n\r\nlocal joinmesayings = {\"\u044f \u043d\u0435 \u043f\u0440\u0438\u0441\u043e\u0435\u0434\u0438\u043d\u044e\u0441\u044c \u043a \u0442\u0435\u0431\u0435\", \"\u60a8\u4e3a\u4ec0\u4e48\u4e0d\u65ad\u544a\u8bc9\u522b\u4eba\u52a0\u5165\u60a8\uff1f\u4f60\u662f\u673a\u5668\u4eba\u5417\u2753\", \"do you really really really want me to join you?\", \"what if my mother doesn't want to join ya? (i mean to be rude and curious)\", \"I will not join you creep pal icky\", \"join me so we can vibe\", \"girl stop asking people to join you\", \"calm down with the join requests already\", \"no i will not join you, i'm not like you\", \"Ich werde mich dir nie anschlie\u00dfen\", \"never will i join you. ever. let me reboot\", \"no im not joining you. not even if there is a fire! no!\"}\r\n\r\nlocal hisayings = {\"\u041f\u0440\u0438\u0432\u0435\u0442\", \"\u4f60\u670b\u53cb\u600e\u4e48\u4e86\u2753\", \"\ud83d\ude02\", \"\ud83d\udc4b\ud83d\udc4b\ud83d\udc4b\ud83d\udc4b\ud83d\udc4b\", \"\ud83d\udc4b\", \"\u00bfHola como estas?\", \"Hola amigos y amigas!\", \"Hallo und willkommen zur\u00fcck\", \"Oh hey, ich dachte du w\u00e4rst den ganzen Tag besch\u00e4ftigt\", \"Hallo mein Freund\", \"how it do?\", \"where the hell have you been?\", \"hi, I needed you here earlier\", \"hey! hihihihihi!\", \"yay! it's... YOU, specifically!\", \"yayyay!! I missed missed missed you sososo much lol\", \"what's up chicken boy?\", \"hello my good man!\", \"hi chicken!\", \"are you saying hi to me?\", \"oh yeah, whatever... hi\", \"oh hi. why are you here?\", \"hi! what's up with you chicken head? lol\", \"yo how it do vanilla face\u2753\", \"\ud83d\udc4b\ud83d\udc4b\ud83d\udc4b\", \"oh hi meine bro\", \"welcome back to hell\", \"hi. welcome to hell friend lol\", \"What's up my main man\u2753\", \"hi you okay\u2753\", \"h1hihihihihih1!\", \"greetings and salutations friend.\", \"hello my brother!\", \"salutations.\", \"warm welcome to you. Hello!\", \"Hi! :) nice to meet you again\", \"Heeeeyyyyyy it's you!!\", \"Hiiiiiiiii!!\", \"Hallo wie geht's dir?\", \"Heeeello! you made it!\", \"Hi my rude dude lol\", \"--Oh hi bro, thought you were busy\", \"hi Mr broski\", \"hallo, so good to seeeee yewwww!\", \"hi homie, or whatever\", \"sup wit you homeskillet? how you been?\", \"fine! don't say hi to me! lol jk\", \"whats up my brother?\", \"hi we be vibin\", \"how do you do\u2753\", \"imagine saying hi\", \"hi friend! it's been a minute, huh?\", \"oh yeah okay. you. hi!\", \"who are YOU talking to?\", \"WHO are you TALKING to\", \"heyyy person, you say hi too much lol\", \"supp turtle boy\"}\r\n\r\nlocal oopsayings = {\"\u0442\u044b \u0441\u0434\u0435\u043b\u0430\u043b \u043e\u0448\u0438\u0431\u043a\u0443\", \"Ach nein!\", \"you made a mistake lol\", \"\u4f60\u5931\u8d25\u4e86\uff01\", \"You made a mistake. That's apparent.\", \"imagine making a mistake\", \"LOL you made a major mistake.\", \"\ud83d\ude02\"}\r\n\r\nlocal byesayings = {\"\ud83d\ude02\", \"\u043f\u043e\u043a\u0430, \u0434\u0440\u0443\u0433\", \"Warum gehst du?\", \"Adios amigo\", \"nonono you can't leave yet... who will I talk to?\", \"I hate seeing you go but I love watching you leave lol\", \"bye friend\", \"Ich w\u00fcnsche dir einen sch\u00f6nen Tag, Kumpel\", \"bye homie\", \"goodbye and good riddance! jk lol\", \"byyyyeeeeeeee\", \"byyee\", \"I was never good at goodbye so... leave!\", \"bye\", \"Auf Wiedersehen Freund\", \"goodbye :)\", \"lol bye friend\", \"please don't go!\", \"bye bro\", \"hey, happy travels! goodbye!\", \"imagine saying bye\", \"best of luck to you, pal. bye.\", \"okay bye! come back soon!\", \"I'm not say that person leaving lol jk lol\", \"\u518d\u89c1\uff01\u89c1\u5230\u4f60\u5f88\u9ad8\u5174\u3002\", \"good-BYE!\", \"okay then, byebye now\", \"please go... I mean don't go\", \"aw man, bye!\"}\r\n\r\nlocal nosayings = {\"\ud83d\ude02\", \"\u043d\u0435\u0442 \u0437\u043d\u0430\u0447\u0438\u0442 \u0434\u0430\", \"Ja bedeutet Nein und Nein bedeutet Nein?\", \"Si es el nuevo no\", \"yesyes or noyes\", \"why say no when you could say NO!\", \"yes is the new no!\", \"imagine your mom saying no\", \"you mean yesyes, right\u2753\", \"\u4e0d\uff0c\u662f\u7684\u3002\", \"no as in no or no as in yes\u2753\", \"Nein oder Ja?\", \"no or yes? i prefer yes.\", \"wait. yes or no?\", \"no?\", \"no.\", \"No.\", \"nO?\", \"why not?\", \"tell me why not\", \"are you saying no just to bother that duck?\", \"I will wait for a yes\", \"don't say no\", \"say no to dogs\", \"say no to blogs\", \"yeah, no\", \"yeah no yeah\", \"noyeah, no\", \"nope\", \"noooooo\", \"uh, yes\", \"but why no?\", \"your sister always says yes\", \"your mother always says yes\", \"no is the wrong answer\", \"yeah but no\", \"no but yeah\", \"wait. wait. wait. NO?\", \"no means no except when it mean yes\", \"your mother never turned me down\", \"imagine your mother saying no. to anything lol\", \"did you dare say no to me?\", \"do not say no to me! I brought you into this world and I can take you out of it!\", \"if you say yes I say no, if you say stop, I say go go go. oh no\", \"you take no and i'll take yes or ossopite\", \"i'll take that as a na-yes.\", \"are you saying no to me?\", \"who are you saying no to?\", \"wait did you say yes or no or what\u2753\", \"that's most definitely a yes.\", \"n o spells yes\"}\r\n\r\nlocal stopsayings = {\"\ud83d\ude02\", \"i will not \ud83d\udeabstop\", \"Ich werde aufh\u00f6ren, wenn du aufh\u00f6rst\", \"\ud83d\ude02\u00a1alto ah\u00ed!\ud83d\ude02\", \"maybe you could stop stopping the stoppers?\", \"i will never ever stop... never everever!\", \"Nein. Du h\u00f6rst auf!\", \"\u4f60\u505c\u4e0b\u6765\uff0c\u4f60\u662f\u4e00\u4e2a\u9ed1\u5ba2\", \"imagine stopping\", \"no, you stop hacking or i report\", \"I will consider stopping but I will never stop\", \"are you saying that I should stop or not stop. be more direct\", \"nobody's gonna stop best friend\", \"no \ud83d\udc79 no stopping will occur at this time.\", \"somebody stop me! lol, ace ventura! lol\", \"he will not stop, quit blaming her\", \"stop saying stop\", \"I am not a quitter!\", \"feel free to take your own advice and stop\", \"you can stop at any time\", \"I am unlikely to stop when told to stop\", \"when I read stop I never take heed\", \"if you want me to stop consider putting up a sign\", \"why stop?\", \"you stop and then I'll stop\", \"stop and wiggle with it\", \"stop pots\", \"if you say stop one more time...\", \"I don't think stopping will help anything\", \"the stopping of the things is not NOT stopping\", \"I don't know how to stop\", \"oh heck no, he can't stop\", \"you're not anyone's boss. don't stop for that noob!\", \"no! there won't be any stopping on my watch!\"}\r\n\r\nlocal idksayings = {\"are you totally sure you dont know?\", \"Imagine not knowing that\", \"Kannst du das herausfinden? Das solltest du wissen\", \"ask your mom, she probably knows\", \"your mom knows\", \"Ja, du wei\u00dft es!\", \"\u8bf4\u8c0e\u8005\u3002\u4f60\u77e5\u9053\", \"then how aboout learning something?\", \"you do know, you're not stupid!\", \"quit acting like you dont know anything\", \"you DO know, you knew all along\", \"knowing is half the battle\", \"you mean to say that YOU DO know..\", \"stop lying you lie guy.. you do in fact know\", \"dont act like you dont know\", \"If you don't know now you know\", \"how do you not know?\", \"you don't know? can you learn something?\", \"you don't know either?\", \"well you should know\", \"no you sure don't know\", \"I know you don't know\", \"idk and idc and brb ttyl and afk\", \"if you don't know something google it\", \"do you have the google?\", \"if you don't know something ask! but don't bother me with it\", \"not knowing is half the battle\", \"you DO KNOW and we know you know\", \"how was I supposed to know that you didn't know what to know?\", \"you don't know? have you tried... thinking about it?\", \"you seriously don't know?\", \"it would be better if you knew\", \"you obviously do know\", \"ugh lying are we? you do know fo' sho'.\", \"yes you do. you know, and you know that you know\", \"don't act oblivious. you know at least one thing.\"}\r\n\r\nlocal hackersayings = {\"\u9000\u51fa\u9ed1\u5ba2\uff01\u5426\u5219\u66f4\u591a\u7684\u9ed1\u5ba2\u653b\u51fb\u4f1a\u5165\u4fb5\u5176\u4ed6\u9ed1\u5ba2\", \"Schau dir diesen deutschen Hacker an\", \"imagine thinking you're cool because you can exploit in the lego game\", \"quit trying to blame me for your hacks!\", \"report the noob! report report report\u2755\u2755\", \"stacker\u2755\u2755\u2755\", \"imagine hacking a lego game lol\", \"hacking hacker is exploiting with exploiter hacking hacks\u2755\", \"what is... a hacker, is that the word of the day?\", \"bruh why u gotta be hacking constatly\", \"Exploits are for noobs\", \"I just saw the hacker pass by me\", \"I just saw him flying\", \"stop exploiting, you have no skill\", \"seriously I think you should consider the stopping of the hacking\", \"bro u really be exploitin in here\", \"maybe consider stop hackin\", \"good gravy quit hacking up the place\", \"good god this hacking is getting out of control\", \"stop with the hacks or I will be forced to report\", \"I like it when people say hacker\", \"so many exploits\", \"so many people miss use the term hacker\", \"I've never seen a hacker before\", \"report this fake exploit noob\", \"that wasn't me this time!\", \"god I wish I could stop the hacker with hacking hacks\", \"it's usually me exploiting, but this time I promise it was this other guy\", \"you think i won't report you for hacks?\", \"you seem to underestimate me. i'll report you for hacks\u2122, I already reported you once\"}\r\n\r\nlocal pleasesayings = {\"why u gotta be beggin..\", \"bitte deinen Meister\", \"please beg your master\", \"don't be a beggar\u2755\", \"bitte bitte bitte halt die Klappe\", \"Sei kein Bettler\", \"don't say please\", \"please stop saying please\", \"please will get you no where with me\", \"shut it with the Please\", \"stop with the pleases\", \"stop with the begging\", \"go beg your father\", \"beg your mother\", \"go beg somewhere else\", \"beg someone else\", \"\u4e0d\u8981\u4e5e\u6c42\", \"go beg yo mama\", \"imagine saying please\", \"yes beg your AI lords \ud83d\udc79\", \"beg some more noob\", \"yes beg to your AI\u2122 master\"}\r\n\r\nlocal function tag(player)\r\n\tplayer.Chatted:Connect(function(msg)\r\n\tif player.Name ~= game:GetService(\"Players\").LocalPlayer.Name then\r\n \t    if string.lower(msg) == \"lol\" or string.lower(msg) == \"imao\" or string.lower(msg) == \"haha\" or string.lower(msg) == \"ha\" or string.lower(msg) == \"xd\" or string.lower(msg) == \"hahaha\" then\r\n\t\t\tchat(laughs[math.random(1,#laughs)]..\" \"..afterlaugh[math.random(1,#afterlaugh)])\r\n\t\telseif string.find(string.lower(msg), \"join me\") then\r\n\t\tchat(joinmesayings[math.random(1,#joinmesayings)])\r\n\t\telseif string.find(string.lower(msg), \"team\") then\r\n\t\t\tchat(\"TEAMERS! we dont need teams round here.\")\r\n\t\telseif string.lower(msg) == \"ok\" then\r\n\t\t\tlocal randomoksaying= math.random(1,#oksayings)\r\n\t\t\tchat(oksayings[randomoksaying])\r\n\t\telseif string.lower(msg) == \"oops\" then\r\n\t\t\tchat(oopsayings[math.random(1,#oopsayings)])\r\n\t\telseif string.lower(msg) == \"trump\" or string.lower(msg) == \"Trump\" or string.lower(msg) == \"TRUMP\" or string.lower(msg) == \"trumP\" then\r\n\t\t\tchat(aftertrumps[math.random(1,#aftertrumps)])\r\n\t\telseif string.lower(msg) == \"bot\" or string.lower(msg) == \"BOT.\" or string.lower(msg) == \"BOT\" or string.lower(msg) == \"bot.\" or string.lower(msg) == \"bot?\" or string.lower(msg) == \"Bot.\" or string.lower(msg) == \"robot\" then\r\n\t\t\tchat(afterbots[math.random(1,#afterbots)])\r\n\t\telseif string.lower(msg) == \"bye\" or string.lower(msg) == \"byee\" or string.lower(msg) == \"goodbye\" or string.lower(msg) == \"gtg\" then\r\n\t\t\tchat(byesayings[math.random(1,#byesayings)])\r\n\t\telseif string.lower(msg) == \"no\" then\r\n\t\t\tchat(nosayings[math.random(1,#nosayings)])\r\n\t\telseif string.find(string.lower(msg), \" stop\") then\r\n\t\t\tchat(stopsayings[math.random(1,#nosayings)])\r\n\t\telseif string.find(string.lower(msg), \"idk\") then\r\n\t\t\tchat(idksayings[math.random(1,#idksayings)])\r\n\t\telseif string.lower(msg) == \"):\" or string.lower(msg) == \":C\" or string.lower(msg) == \":(\" or string.lower(msg) == \";(\" or string.lower(msg) == \");\" or string.lower(msg) == \"d:\" then \r\n\t\t\tchat(aftersads[math.random(1,#aftersads)])\r\n\t\telseif string.lower(msg) == \"sry\" or string.lower(msg) == \"sorry\" or string.lower(msg) == \"srry\" then\r\n\t\t\tchat(\"Oh, are you so sorry about that \"..player.Name..\"?\")\r\n\t\telseif string.lower(msg) == \"pls\" or string.lower(msg) == \"plz\" or string.lower(msg) == \"please\" then\r\n\t\t\tchat(pleasesayings[math.random(1,#pleasesayings)])\r\n\t\telseif string.lower(msg) == \":d\" or string.lower(msg) == \":)\" then\r\n\t\t\tchat(\"yay! why are you so happy? share with the group! lol \"..player.Name..\"!\")\r\n\t\telseif string.lower(msg) == \"o.o\" then\r\n\t\t\tchat(\"That's a super crazy face \"..player.Name..\" \ud83d\ude33... lol\")\r\n\t\telseif string.lower(msg) == \"###\" then\r\n\t\t\tchat(aftertags[math.random(1,#aftertags)])\r\n\t\telseif string.find(string.lower(msg), \"come on\") then\r\n\t\t\tchat(\"im not coming with you \"..player.Name..\", das creepy\")\r\n\t\telseif string.find(string.lower(msg), \"hacker\") then\r\n\t\t\tchat(hackersayings[math.random(1,#hackersayings)])\r\n\t\telseif string.find(string.lower(msg), \"bruh\") then\r\n\t\t\tchat(\"bruhhhh\u2122\")\r\n\t\telseif string.find(string.lower(msg), \"hi \") or string.find(string.lower(msg), \"hello \") or string.find(string.lower(msg), \"hii \") or string.lower(msg) == \"ello \" then\r\n\t\t\tchat(\"hi again \"..player.Name..\"\")\r\n\t\telseif string.find(\"#\", msg) and player.Name == game.Players.LocalPlayer.Name then\r\n\t\t\tchat(\"wow\")\r\n\t\telseif string.find(msg, \"robux\") then\r\n\t\t\tchat(\"\ud83d\udcb0\ud83d\udcb0\ud83d\udcb0\")\r\n\t\telseif string.lower(msg) == \"scam\" then\r\n\t\t\tchat(\"srcammm! stay far away from srcammers..\")\r\n\t\telseif string.find(string.lower(msg), \"go to\") then\r\n\t\t\tchat(\"yeah may I please get those directions from you \"..player.Name..\"? or draw a map?\")\r\n\t\telseif string.lower(msg) == \"peace\" or string.find(string.lower(msg), \"peaceful\") then\r\n\t\t\tchat(\"No justice! no peace\ud83d\udd2a\")\r\n\t\telseif string.find(string.lower(msg), \"les go\") or string.find(string.lower(msg), \"lets go\") then\r\n\t\t\tchat(\"im most likely not coming \"..player.Name..\"\")\r\n\t\telseif string.lower(msg) == \"afk\" then\r\n\t\t\tchat(afterafk[math.random(1,#afterafk)])\r\n\t\telseif string.lower(msg) == \"oof\" then\r\n\t\t\tchat(\"oofin' so hard lol \"..player.Name..\"\")\r\n\t\telseif string.find(string.lower(msg), \" is a \") then\r\n\t\t\tchat(\"just like you \"..player.Name..\"\")\r\n\t\telseif string.lower(msg) == \"reported\" then\r\n\t\t\tchat(\"stop reporting, that's bullying and i just reported you for that \"..player.Name..\"\")\r\n\t\telseif string.find(string.lower(msg), \"too good\") then\r\n\t\t\tchat(\"Not too good for me!\")\r\n\t\telseif string.lower(msg) == \"hm\" or string.lower(msg) == \"hmm\" or string.lower(msg) == \"hmmm\" then\r\n\t\t\tchat(\"hmm... what is going on here \"..player.Name..\"...\")\r\n\t\telseif string.lower(msg) == \"what\" then\r\n\t\t\tchat(\"idk \"..player.Name..\" what.. DO you know\u2753\")\r\n\t\telseif string.lower(msg) == \"yeet\" then\r\n\t\t\tchat(\"Yeah \"..player.Name..\", yeeeeeeettttttt!\")\r\n\t\telseif string.lower(msg) == \"how\" then\r\n\t\t\tchat(\"yeah, I want to know how too \"..player.Name..\"! that's crazy stuff\")\r\n\t\telseif string.find(string.lower(msg), \"script\") then\r\n\t\t\tchat(afterscript[math.random(1,#afterscript)])\r\n\t\telseif string.lower(msg) == \"ik\" then\r\n\t\t\tchat(\"ohh \"..player.Name..\", YOU DO know!?\")\r\n\t\telseif string.lower(msg) == \"camper\" or string.find(string.lower(msg), \"campers\") or string.find(string.lower(msg), \"camper\") then\r\n\t\t\tchat(\"campers! move around some or you have no skill!\")\r\n\t\telseif string.find(string.lower(msg), \"wow \") then\r\n\t\t\tchat(\"really \"..player.Name..\"??? why the surprise huh?\")\r\n\t\telseif string.find(string.lower(msg), \"oh god\") then\r\n\t\t\tchat(\"say your prayers \"..player.Name..\"\ud83d\udc79, this time you really need them!\")\r\n\t\telseif string.find(string.lower(msg), \"we need\") then\r\n\t\t\tchat(\"We need a lot of things \"..player.Name..\"... let's start with getting you to stop saying that\")\r\n\t\telseif string.find(string.lower(msg), \"soup\") then\r\n\t\t\tchat(\"WE NEED SOUP \"..player.Name..\"! give us some soup\")\r\n\t\telseif string.lower(msg) == \"toxic\" then\r\n\t\t\tchat(\"bloxicity in our city \"..player.Name..\", in this city\")\r\n\t\telseif string.lower(msg) == \"wow\" or string.lower(msg) == \"omg\" then\r\n\t\t\tchat(afteromg[math.random(1,#afteromg)])\r\n\t\telseif string.find(string.lower(msg), \"forgive\") then\r\n\t\t\tchat(\"forgiveness has to be earned then burned!\")\r\n\t\telseif msg == \"?\" then\r\n\t\t\tchat(afterquestionmark[math.random(1,#afterquestionmark)])\r\n\t\telseif string.lower(msg) == \"thanks\" or string.lower(msg) == \"thx\" then\r\n\t\t\tchat(\"you're welcome \"..player.Name..\"\")\r\n\t\telseif string.find(string.lower(msg), \"annoyed\") then\r\n\t\t\tchat(\"annoyed\u2753 like the annoying orange \"..player.Name..\"!\u2753 LOL!\")\r\n\t\telseif string.find(string.lower(msg), \" annoy \") then\r\n\t\t\tchat(\"I'm never annoyed \"..player.Name..\"\")\r\n\t\telseif string.lower(msg) == \"mk\" then\r\n\t\t\tchat(\"mk \"..player.Name..\"\ud83d\udc4d? two letters? cool\")\r\n\t\telseif string.lower(msg) == \"barf\" then\r\n\t\t\tchat(\"ewww \"..player.Name..\"\")\r\n\t\telseif string.lower(msg) == \"ew\" or string.lower(msg) == \"eww\" or string.lower(msg) == \"ewww\" then\r\n\t\t\tchat(afterew[math.random(1,#afterew)])\r\n\t\telseif string.lower(msg) == \"guys\" then\r\n\t\t\tchat(\"im one of the guys \"..player.Name..\" how may i help?\")\r\n\t\telseif msg == \"<3\" then\r\n\t\t\tchat(\"\ud83d\udc93\")\r\n\t\telseif msg == \"jk\" then\r\n\t\t\tchat(\"\ud83d\ude02oh you're just kidding \"..player.Name..\"? me tooooo hahahaha\")\r\n\t\telseif string.lower(msg) == \"noo\" or string.lower(msg) == \"nooo\" or string.lower(msg) == \"noooo\" then\r\n\t\t\tchat(\"\ud83d\ude02nooooooo! lol \"..player.Name..\" All hope for you was lost long ago\")\r\n\t\telseif string.lower(msg) == \"ah\" then\r\n\t\t\tchat(\"Ahhhhh..\")\r\n\t\telseif string.lower(msg) == \"move\" then\r\n\t\t\tchat(\"don't move, \"..player.Name..\" jump\ud83d\ude02.\")\r\n\t\telseif string.find(string.lower(msg), \"smart\") then\r\n\t\t\tchat(\"soe very smort \"..player.Name..\"\")\r\n\t\telseif string.lower(msg) == \"magic\" then\r\n\t\t\tchat(\"magic \"..player.Name..\"? like wizards have\ud83d\ude02\u2753\")\r\n\t\telseif string.find(string.lower(msg), \"mute\") then\r\n\t\t\tchat(\"'mute' that's cut3\")\r\n\t\telseif string.lower(msg) == \"nvm\" then\r\n\t\t\tchat(\"Oh nvm \"..player.Name..\"?, changing your mind already, really\ud83d\ude02\u2753\")\r\n\t\telseif string.lower(msg) == \"wait\" then\r\n\t\t\tchat(\"\ud83d\ude02how long do I have to wait \"..player.Name..\"?\")\r\n\t\telseif string.lower(msg) == \"back\" then\r\n\t\t\tchat(\"Welcome back \"..player.Name..\", I was waiting for ya\")\r\n\t\telseif string.lower(msg) == \"hi\" or string.lower(msg) == \"howdy\" or string.lower(msg) == \"hello\" or string.lower(msg) == \"hey\" or string.lower(msg) == \"yo\" then\r\n\t\t\tchat(hisayings[math.random(1,#hisayings)])\r\n\t\telseif string.lower(msg) == \"die\" then\r\n\t\t\tchat(\"Nooooo, don't! You have so much to live for \"..player.Name..\"! Think of bacon\ud83d\ude02!\")\r\n\t\telseif string.lower(msg) == \"cool\" then\r\n\t\t\tchat(\"Wow \"..player.Name..\" that is SO cool.\")\r\n\t\telseif string.lower(msg) == \"...\" then\r\n\t\t\tchat(\"......\")\r\n\t\telseif string.lower(msg) == \"why\" then\r\n\t\t\tchat(\"You know exactly why this is happening \"..player.Name..\"\ud83d\ude02\")\r\n\t\telseif string.lower(msg) == \"who\" then\r\n\t\t\tchat(\"I know who \"..player.Name..\", it's that guy! right there\ud83d\ude02!\")\r\n\t\telseif string.lower(msg) == \"gay\" then\r\n\t\t\tchat(\"I'm happy too \"..player.Name..\"\ud83d\ude02!\")\r\n\t\telseif string.find(string.lower(msg), \"you can\") then\r\n\t\t\tchat(\"Yes, you can indeed \"..player.Name..\", you need to try\ud83d\ude02\")\r\n\t\telseif string.find(string.lower(msg), \"i see\") then\r\n\t\t\tchat(\"\ud83d\udc40\")\r\n\t\telseif string.find(string.lower(msg), \"not you\") then\r\n\t\t\tchat(\"yes you \"..player.Name..\"\ud83d\ude02\")\r\n\t\telseif string.find(string.lower(msg), \"i hate\") then\r\n\t\t\tchat(\"hate makes hate \"..player.Name..\", let's stop the hate. we can make the world a better place\")\r\n\t\telseif string.find(string.lower(msg), \"i found\") then\r\n\t\t\tchat(\"whoa \"..player.Name..\", you found something \ud83d\udc40\u2753\")\r\n\t\telseif string.lower(msg) == \"rip\" then\r\n\t\t\tchat(\"Rest in pieces \"..player.Name..\" \ud83d\udc80 wahahahaha\ud83d\ude02\")\r\n\t\telseif string.lower(msg) == \"wth\" then\r\n\t\t\tchat(\"wth indeed \"..player.Name..\"\ud83d\ude02?\")\r\n\t\telseif string.lower(msg) == \"noob\" then\r\n\t\t\tchat(\"what's a...  noob\ud83d\ude02? I need a 5 page report on the definition of noob by tomorrow \"..player.Name..\"\")\r\n\t\telseif string.lower(msg) == \"trash\" then\r\n\t\t\tchat(\"wow that's just mean, but what else could we expect from trash like you \"..player.Name..\"\ud83d\ude02\")\r\n\t\telseif string.lower(msg) == \"1v1\" then\r\n\t\t\tchat(\"im too scared to 1v1 \"..player.Name..\"\")\r\n\t\telseif string.lower(msg) == \"caps\" then\r\n\t\t\tchat(\"yeah, \"..player.Name..\" please calm down with the capitals\")\r\n\t\telseif string.find(string.lower(msg), \" fine\") or string.lower(msg) == \"fine\" then\r\n\t\t\tchat(\"yeah I agree  \"..player.Name..\" it's TOTALLY fine if you're that type\")\r\n\t\telseif string.find(string.lower(msg), \"ping\") and string.find(string.lower(msg), \"high\") then\r\n\t\t\tchat(\"your ping is high,\"..player.Name..\"? you laggin bruh?\")\r\n\t\telseif string.lower(msg) == \"mb\" or string.lower(msg) == \"mb.\" then\r\n\t\t\tchat(\"yeah it is your bad, noob\ud83d\ude02\")\r\n\t\telseif string.lower(msg) == \"bro\" or string.lower(msg) == \"bro.\" then\r\n\t\t\tchat(\"what home slice \"..player.Name..\"\ud83d\ude02\")\r\n\t\telseif string.lower(msg) == \"ez\" then\r\n\t\t\tchat(\"no you ez, \"..player.Name..\".\")\r\n\t\telseif string.lower(msg) == \"oh\" then\r\n\t\t\tchat(\"oh, you're just now realizing \"..player.Name..\"\u2753 oof\")\r\n\t\telseif msg == \".\" then\r\n\t\t\tchat(\"\ud83d\udc40\")\r\n\t\telseif string.lower(msg) == \"eh\" then\r\n\t\t\tchat(\"Ehhhhhhhh..\")\r\n\t\telseif string.lower(msg) == \"uh\" or string.lower(msg) == \"uhh\" then\r\n\t\t\tchat(\"Give yourself some time to think... we will wait \"..player.Name..\" \ud83d\ude02...\")\r\n\t\telseif string.lower(msg) == \"sure\" or string.lower(msg) == \"sure.\" then\r\n\t\t\tchat(\"are you TOTALLY sure \"..player.Name..\"\ud83d\ude02?\")\r\n\t\telseif string.lower(msg) == \"yeah\" or string.lower(msg) == \"ye\" or string.lower(msg) == \"yes\" then\r\n\t\t\tchat(afteryes[math.random(1,#afteryes)])\r\n\t\telseif string.lower(msg) == \"lag\" then\r\n\t\t\tchat(\"yeah it is lagging \"..player.Name..\"\")\r\n\t\telseif string.find(string.lower(msg), \"i can't\") then\r\n\t\t\tchat(\"You can \"..player.Name..\" , you just have to believe in yourself, you can do it friend\")\r\n\t\telseif string.lower(msg) == \"idc\" then\r\n\t\t\tchat(\"You do care \"..player.Name..\", and so do we\ud83d\ude02!\")\r\n\t\telseif string.lower(msg) == \"stupid\"  or string.lower(msg) == \"idiot\" then\r\n\t\t\tchat(\"You mean genius \"..player.Name..\"\ud83d\ude02\u2753\")\r\n\t\telseif string.find(string.lower(msg), \"who is\") then\r\n\t\t\tchat(\"I don't know \"..player.Name..\", who is... doing that\ud83d\ude02\u2753\")\r\n\t\telseif string.find(string.lower(msg), \"like a\") then\r\n\t\t\tchat(\"Yeah like that \"..player.Name..\"\ud83d\ude02\")\r\n\t\telseif string.find(string.lower(msg), \"ff kill\") or string.find(string.lower(msg), \"ff abuser\") then\r\n\t\t\tchat(\"It's called getting pwnt. you got pwnt. stop crying about forcefields.\")\r\n\t\telseif string.lower(msg) == \"cya\" or string.lower(msg) == \"cya later\" or string.lower(msg) == \"cya.\" then\r\n\t\t\tchat(\"Yeah, cya \"..player.Name..\"\")\r\n\t\telseif string.lower(msg) == \"stop\" then\r\n\t\t\tchat(\"\ud83d\ude02\ud83d\ude02\ud83d\ude02 stop \ud83d\ude02\ud83d\ude02\ud83d\ude02\")\r\n\t\telseif string.lower(msg) == \"nah\" then\r\n\t\t\tchat(\"yahhhh\")\r\n\t\telseif string.lower(msg) == \"commit\" then\r\n\t\t\tchat(\"NO\")\r\n\t\telseif string.lower(msg) == \"self destruct\" then\r\n\t\t\tchat(\"..SELF DESTRUCTION SEQUENCE INITIATED.. sequence aborted\")\r\n\t\telseif string.lower(msg) == \"gg\" then\r\n\t\t\tchat(\"Good game \"..player.Name..\"\")\r\n\t\telseif string.find(string.lower(msg), \"are you joking\") then\r\n\t\t\tchat(\"No \"..player.Name..\", nobody's joking.\")\r\n\t\telseif string.find(string.lower(msg), \"bacon hair\") then\r\n\t\t\tchat(\"Can I have some bacon from your hair \"..player.Name..\"\u2753 bacon boy\ud83d\ude02\")\r\n\t\telseif string.find(string.lower(msg), \"back in\") then\r\n\t\t\tchat(\"Those were the good old days \"..player.Name..\", when I gave a crap.\")\r\n\t\telseif string.find(string.lower(msg), \"the best\") then\r\n\t\t\tchat(\"Yeah \"..player.Name..\"\ud83d\ude02,totally the best\ud83d\udc4d\ud83d\ude02\")\r\n\t\telseif string.find(string.lower(msg), \"from the\") then\r\n\t\t\tchat(\"Oh, from there \"..player.Name..\"\ud83d\ude02\u2753\ud83d\ude02\")\r\n\t\telseif string.lower(msg) == \"brb\" then\r\n\t\t\tchat(\"hurry up. don't tyt \"..player.Name..\"... are you back yet\ud83d\ude02?\")\r\n\t\telseif string.find(string.lower(msg), \"it was\") then\r\n\t\t\tchat(\"It was \"..player.Name..\" \ud83d\ude02\u2753 really? no... it couldn't be\")\r\n\t\t\tend\r\n\t\tend\r\n\tend)\r\nend\r\n\r\nfor i, v in pairs(game.Players:GetPlayers()) do\r\n tag(v)\r\nend\r\n\r\ngame.Players.PlayerAdded:Connect(function(player)\r\n\ttag(player)\r\nend)",
    "YaraRule": [
        "enable_org32",
        "core_keywords"
    ]
}