{
    "scrape_url": "https://scrape.pastebin.com/api_scrape_item.php?i=F3xNVqpC",
    "full_url": "https://pastebin.com/F3xNVqpC",
    "date": "1594717138",
    "key": "F3xNVqpC",
    "size": 13399,
    "expire": "1594720738",
    "title": "[OneStaff] Health and Safety",
    "syntax": "sql",
    "user": "",
    "filename": "F3xNVqpC",
    "pasteid": "F3xNVqpC",
    "pastesite": "pastebin.com",
    "@timestamp": "2020-07-14T08:58:58",
    "MD5": "4a3c4f6e6eb46c2cdc9862c8dc0b2bdc",
    "SHA256": "214455f9ad9bb0fab40d5779c03cce12e1e30a817b7e88fa4cea10e0962ded38",
    "raw_paste": "IF NOT EXISTS (\r\n\t\tSELECT 1\r\n\t\tFROM dbo.Lists\r\n\t\tWHERE ListName = 'Who is responsible for safety in the workplace?'\r\n\t\t)\r\nBEGIN\r\n\tDECLARE @ListValuesId INT;\r\n\tDECLARE @AnswerId INT;\r\n\r\n\tEXEC LIST_INSERT @AV_LISTNAME = N'Who is responsible for safety in the workplace?',\r\n\t\t@AV_DESCRIPTION = N'',\r\n\t\t@AV_CREATEDUSERID = 1,\r\n\t\t@AV_UPDATEDUSERID = 1,\r\n\t\t@AV_LISTID = @ListValuesId OUTPUT;\r\n\r\n\tEXEC LIST_VALUE_INSERT @AV_LISTID = @ListValuesId,\r\n\t\t@AV_VALUENAME = N'a. One Staff',\r\n\t\t@AV_DESCRIPTION = N'',\r\n\t\t@AV_CREATEDUSERID = 1,\r\n\t\t@AV_UPDATEDUSERID = 1;\r\n\r\n\tEXEC LIST_VALUE_INSERT @AV_LISTID = @ListValuesId,\r\n\t\t@AV_VALUENAME = N'b. Everyone',\r\n\t\t@AV_DESCRIPTION = N'',\r\n\t\t@AV_CREATEDUSERID = 1,\r\n\t\t@AV_UPDATEDUSERID = 1,\r\n\t\t@AV_LISTVALUEID = @AnswerId OUTPUT;-- Answer\r\n\r\n\tEXEC LIST_VALUE_INSERT @AV_LISTID = @ListValuesId,\r\n\t\t@AV_VALUENAME = N'c. The Supervisor',\r\n\t\t@AV_DESCRIPTION = N'',\r\n\t\t@AV_CREATEDUSERID = 1,\r\n\t\t@AV_UPDATEDUSERID = 1;\r\n\r\n\tEXEC LIST_VALUE_INSERT @AV_LISTID = @ListValuesId,\r\n\t\t@AV_VALUENAME = N'd. Only permanent employees',\r\n\t\t@AV_DESCRIPTION = N'',\r\n\t\t@AV_CREATEDUSERID = 1,\r\n\t\t@AV_UPDATEDUSERID = 1;\r\n\r\n\tUPDATE OneStaff.HealthSafetyQuestionare\r\n\tSET Question = @ListValuesId,\r\n\t\tAnswer = @AnswerId\r\n\tWHERE HealthSafetyQuestionareId = '1';\r\nEND\r\nGO\r\n\r\nIF NOT EXISTS (\r\n\t\tSELECT 1\r\n\t\tFROM dbo.Lists\r\n\t\tWHERE ListName = 'What is the most common cause of injuries?'\r\n\t\t)\r\nBEGIN\r\n\tDECLARE @ListValuesId INT;\r\n\tDECLARE @AnswerId INT;\r\n\r\n\tEXEC LIST_INSERT @AV_LISTNAME = N'What is the most common cause of injuries?',\r\n\t\t@AV_DESCRIPTION = N'',\r\n\t\t@AV_CREATEDUSERID = 1,\r\n\t\t@AV_UPDATEDUSERID = 1,\r\n\t\t@AV_LISTID = @ListValuesId OUTPUT;\r\n\r\n\tEXEC LIST_VALUE_INSERT @AV_LISTID = @ListValuesId,\r\n\t\t@AV_VALUENAME = N'a. Poor Housekeeping',\r\n\t\t@AV_DESCRIPTION = N'',\r\n\t\t@AV_CREATEDUSERID = 1,\r\n\t\t@AV_UPDATEDUSERID = 1,\r\n\t\t@AV_LISTVALUEID = @AnswerId OUTPUT;-- Answer\r\n\r\n\tEXEC LIST_VALUE_INSERT @AV_LISTID = @ListValuesId,\r\n\t\t@AV_VALUENAME = N'b. Electrocution',\r\n\t\t@AV_DESCRIPTION = N'',\r\n\t\t@AV_CREATEDUSERID = 1,\r\n\t\t@AV_UPDATEDUSERID = 1;\r\n\r\n\tEXEC LIST_VALUE_INSERT @AV_LISTID = @ListValuesId,\r\n\t\t@AV_VALUENAME = N'c. Pratical Jokes',\r\n\t\t@AV_DESCRIPTION = N'',\r\n\t\t@AV_CREATEDUSERID = 1,\r\n\t\t@AV_UPDATEDUSERID = 1;\r\n\r\n\tEXEC LIST_VALUE_INSERT @AV_LISTID = @ListValuesId,\r\n\t\t@AV_VALUENAME = N'd. Freak Accidents',\r\n\t\t@AV_DESCRIPTION = N'',\r\n\t\t@AV_CREATEDUSERID = 1,\r\n\t\t@AV_UPDATEDUSERID = 1;\r\n\r\n\tUPDATE OneStaff.HealthSafetyQuestionare\r\n\tSET Question = @ListValuesId,\r\n\t\tAnswer = @AnswerId\r\n\tWHERE HealthSafetyQuestionareId = '2';\r\nEND\r\nGO\r\n\r\nIF NOT EXISTS (\r\n\t\tSELECT 1\r\n\t\tFROM dbo.Lists\r\n\t\tWHERE ListName = 'Name 3 common types of hazards in the workplace:'\r\n\t\t)\r\nBEGIN\r\n\tDECLARE @ListValuesId INT;\r\n\tDECLARE @AnswerId INT;\r\n\r\n\tEXEC LIST_INSERT @AV_LISTNAME = N'Name 3 common types of hazards in the workplace:',\r\n\t\t@AV_DESCRIPTION = N'',\r\n\t\t@AV_CREATEDUSERID = 1,\r\n\t\t@AV_UPDATEDUSERID = 1,\r\n\t\t@AV_LISTID = @ListValuesId OUTPUT;\r\n\r\n\tEXEC LIST_VALUE_INSERT @AV_LISTID = @ListValuesId,\r\n\t\t@AV_VALUENAME = N'a. Working at heights',\r\n\t\t@AV_DESCRIPTION = N'',\r\n\t\t@AV_CREATEDUSERID = 1,\r\n\t\t@AV_UPDATEDUSERID = 1;\r\n\r\n\tEXEC LIST_VALUE_INSERT @AV_LISTID = @ListValuesId,\r\n\t\t@AV_VALUENAME = N'b. Moving vehicles',\r\n\t\t@AV_DESCRIPTION = N'',\r\n\t\t@AV_CREATEDUSERID = 1,\r\n\t\t@AV_UPDATEDUSERID = 1;\r\n\r\n\tEXEC LIST_VALUE_INSERT @AV_LISTID = @ListValuesId,\r\n\t\t@AV_VALUENAME = N'c. Manual handling',\r\n\t\t@AV_DESCRIPTION = N'',\r\n\t\t@AV_CREATEDUSERID = 1,\r\n\t\t@AV_UPDATEDUSERID = 1;\r\n\r\n\tEXEC LIST_VALUE_INSERT @AV_LISTID = @ListValuesId,\r\n\t\t@AV_VALUENAME = N'd. All of the above',\r\n\t\t@AV_DESCRIPTION = N'',\r\n\t\t@AV_CREATEDUSERID = 1,\r\n\t\t@AV_UPDATEDUSERID = 1,\r\n\t\t@AV_LISTVALUEID = @AnswerId OUTPUT;-- Answer\r\n\r\n\tUPDATE OneStaff.HealthSafetyQuestionare\r\n\tSET Question = @ListValuesId,\r\n\t\tAnswer = @AnswerId\r\n\tWHERE HealthSafetyQuestionareId = '3';\r\nEND\r\nGO\r\n\r\nIF NOT EXISTS (\r\n\t\tSELECT 1\r\n\t\tFROM dbo.Lists\r\n\t\tWHERE ListName = 'What is the best control in Hazard Management?'\r\n\t\t)\r\nBEGIN\r\n\tDECLARE @ListValuesId INT;\r\n\tDECLARE @AnswerId INT;\r\n\r\n\tEXEC LIST_INSERT @AV_LISTNAME = N'What is the best control in Hazard Management?',\r\n\t\t@AV_DESCRIPTION = N'',\r\n\t\t@AV_CREATEDUSERID = 1,\r\n\t\t@AV_UPDATEDUSERID = 1,\r\n\t\t@AV_LISTID = @ListValuesId OUTPUT;\r\n\r\n\tEXEC LIST_VALUE_INSERT @AV_LISTID = @ListValuesId,\r\n\t\t@AV_VALUENAME = N'a. Updating my Facebook status',\r\n\t\t@AV_DESCRIPTION = N'',\r\n\t\t@AV_CREATEDUSERID = 1,\r\n\t\t@AV_UPDATEDUSERID = 1;\r\n\r\n\tEXEC LIST_VALUE_INSERT @AV_LISTID = @ListValuesId,\r\n\t\t@AV_VALUENAME = N'b. Ignoring it',\r\n\t\t@AV_DESCRIPTION = N'',\r\n\t\t@AV_CREATEDUSERID = 1,\r\n\t\t@AV_UPDATEDUSERID = 1;\r\n\r\n\tEXEC LIST_VALUE_INSERT @AV_LISTID = @ListValuesId,\r\n\t\t@AV_VALUENAME = N'c. Elimination',\r\n\t\t@AV_DESCRIPTION = N'',\r\n\t\t@AV_CREATEDUSERID = 1,\r\n\t\t@AV_UPDATEDUSERID = 1,\r\n\t\t@AV_LISTVALUEID = @AnswerId OUTPUT;-- Answer\r\n\r\n\tEXEC LIST_VALUE_INSERT @AV_LISTID = @ListValuesId,\r\n\t\t@AV_VALUENAME = N'd. Using safety gear',\r\n\t\t@AV_DESCRIPTION = N'',\r\n\t\t@AV_CREATEDUSERID = 1,\r\n\t\t@AV_UPDATEDUSERID = 1;\r\n\r\n\tUPDATE OneStaff.HealthSafetyQuestionare\r\n\tSET Question = @ListValuesId,\r\n\t\tAnswer = @AnswerId\r\n\tWHERE HealthSafetyQuestionareId = '4';\r\nEND\r\nGO\r\n\r\nIF NOT EXISTS (\r\n\t\tSELECT 1\r\n\t\tFROM dbo.Lists\r\n\t\tWHERE ListName = 'What does PPE stand for?'\r\n\t\t)\r\nBEGIN\r\n\tDECLARE @ListValuesId INT;\r\n\tDECLARE @AnswerId INT;\r\n\r\n\tEXEC LIST_INSERT @AV_LISTNAME = N'What does PPE stand for?',\r\n\t\t@AV_DESCRIPTION = N'',\r\n\t\t@AV_CREATEDUSERID = 1,\r\n\t\t@AV_UPDATEDUSERID = 1,\r\n\t\t@AV_LISTID = @ListValuesId OUTPUT;\r\n\r\n\tEXEC LIST_VALUE_INSERT @AV_LISTID = @ListValuesId,\r\n\t\t@AV_VALUENAME = N'a. Personal Protective Equipment',\r\n\t\t@AV_DESCRIPTION = N'',\r\n\t\t@AV_CREATEDUSERID = 1,\r\n\t\t@AV_UPDATEDUSERID = 1,\r\n\t\t@AV_LISTVALUEID = @AnswerId OUTPUT;-- Answer\r\n\r\n\tEXEC LIST_VALUE_INSERT @AV_LISTID = @ListValuesId,\r\n\t\t@AV_VALUENAME = N'b. Purple People Eater',\r\n\t\t@AV_DESCRIPTION = N'',\r\n\t\t@AV_CREATEDUSERID = 1,\r\n\t\t@AV_UPDATEDUSERID = 1;\r\n\r\n\tEXEC LIST_VALUE_INSERT @AV_LISTID = @ListValuesId,\r\n\t\t@AV_VALUENAME = N'c. Performance Protection Equipment',\r\n\t\t@AV_DESCRIPTION = N'',\r\n\t\t@AV_CREATEDUSERID = 1,\r\n\t\t@AV_UPDATEDUSERID = 1;\r\n\r\n\tEXEC LIST_VALUE_INSERT @AV_LISTID = @ListValuesId,\r\n\t\t@AV_VALUENAME = N'd. Private Protection Equipment',\r\n\t\t@AV_DESCRIPTION = N'',\r\n\t\t@AV_CREATEDUSERID = 1,\r\n\t\t@AV_UPDATEDUSERID = 1;\r\n\r\n\tUPDATE OneStaff.HealthSafetyQuestionare\r\n\tSET Question = @ListValuesId,\r\n\t\tAnswer = @AnswerId\r\n\tWHERE HealthSafetyQuestionareId = '5';\r\nEND\r\nGO\r\n\r\nIF NOT EXISTS (\r\n\t\tSELECT 1\r\n\t\tFROM dbo.Lists\r\n\t\tWHERE ListName = 'When should you carry out a Hazard and Risk check?'\r\n\t\t)\r\nBEGIN\r\n\tDECLARE @ListValuesId INT;\r\n\tDECLARE @AnswerId INT;\r\n\r\n\tEXEC LIST_INSERT @AV_LISTNAME = N'When should you carry out a Hazard and Risk check?',\r\n\t\t@AV_DESCRIPTION = N'',\r\n\t\t@AV_CREATEDUSERID = 1,\r\n\t\t@AV_UPDATEDUSERID = 1,\r\n\t\t@AV_LISTID = @ListValuesId OUTPUT;\r\n\r\n\tEXEC LIST_VALUE_INSERT @AV_LISTID = @ListValuesId,\r\n\t\t@AV_VALUENAME = N'a. Once a week',\r\n\t\t@AV_DESCRIPTION = N'',\r\n\t\t@AV_CREATEDUSERID = 1,\r\n\t\t@AV_UPDATEDUSERID = 1;\r\n\r\n\tEXEC LIST_VALUE_INSERT @AV_LISTID = @ListValuesId,\r\n\t\t@AV_VALUENAME = N'b. Before you start a job',\r\n\t\t@AV_DESCRIPTION = N'',\r\n\t\t@AV_CREATEDUSERID = 1,\r\n\t\t@AV_UPDATEDUSERID = 1,\r\n\t\t@AV_LISTVALUEID = @AnswerId OUTPUT;-- Answer\r\n\r\n\tEXEC LIST_VALUE_INSERT @AV_LISTID = @ListValuesId,\r\n\t\t@AV_VALUENAME = N'c. At the end of the day',\r\n\t\t@AV_DESCRIPTION = N'',\r\n\t\t@AV_CREATEDUSERID = 1,\r\n\t\t@AV_UPDATEDUSERID = 1;\r\n\r\n\tEXEC LIST_VALUE_INSERT @AV_LISTID = @ListValuesId,\r\n\t\t@AV_VALUENAME = N'd. Never, its not your responsibilty',\r\n\t\t@AV_DESCRIPTION = N'',\r\n\t\t@AV_CREATEDUSERID = 1,\r\n\t\t@AV_UPDATEDUSERID = 1;\r\n\r\n\tUPDATE OneStaff.HealthSafetyQuestionare\r\n\tSET Question = @ListValuesId,\r\n\t\tAnswer = @AnswerId\r\n\tWHERE HealthSafetyQuestionareId = '6';\r\nEND\r\nGO\r\n\r\nIF NOT EXISTS (\r\n\t\tSELECT 1\r\n\t\tFROM dbo.Lists\r\n\t\tWHERE ListName = 'What should you do if you see hazard or incident?'\r\n\t\t)\r\nBEGIN\r\n\tDECLARE @ListValuesId INT;\r\n\tDECLARE @AnswerId INT;\r\n\r\n\tEXEC LIST_INSERT @AV_LISTNAME = N'What should you do if you see hazard or incident?',\r\n\t\t@AV_DESCRIPTION = N'',\r\n\t\t@AV_CREATEDUSERID = 1,\r\n\t\t@AV_UPDATEDUSERID = 1,\r\n\t\t@AV_LISTID = @ListValuesId OUTPUT;\r\n\r\n\tEXEC LIST_VALUE_INSERT @AV_LISTID = @ListValuesId,\r\n\t\t@AV_VALUENAME = N'a. Ignore it',\r\n\t\t@AV_DESCRIPTION = N'',\r\n\t\t@AV_CREATEDUSERID = 1,\r\n\t\t@AV_UPDATEDUSERID = 1;\r\n\r\n\tEXEC LIST_VALUE_INSERT @AV_LISTID = @ListValuesId,\r\n\t\t@AV_VALUENAME = N'b. Tell your mates',\r\n\t\t@AV_DESCRIPTION = N'',\r\n\t\t@AV_CREATEDUSERID = 1,\r\n\t\t@AV_UPDATEDUSERID = 1;\r\n\r\n\tEXEC LIST_VALUE_INSERT @AV_LISTID = @ListValuesId,\r\n\t\t@AV_VALUENAME = N'c. Pretend you didn''t notice it',\r\n\t\t@AV_DESCRIPTION = N'',\r\n\t\t@AV_CREATEDUSERID = 1,\r\n\t\t@AV_UPDATEDUSERID = 1;\r\n\r\n\tEXEC LIST_VALUE_INSERT @AV_LISTID = @ListValuesId,\r\n\t\t@AV_VALUENAME = N'd. Report it to your supervisor immediately and inform OneStaff',\r\n\t\t@AV_DESCRIPTION = N'',\r\n\t\t@AV_CREATEDUSERID = 1,\r\n\t\t@AV_UPDATEDUSERID = 1,\r\n\t\t@AV_LISTVALUEID = @AnswerId OUTPUT;-- Answer\r\n\r\n\tUPDATE OneStaff.HealthSafetyQuestionare\r\n\tSET Question = @ListValuesId,\r\n\t\tAnswer = @AnswerId\r\n\tWHERE HealthSafetyQuestionareId = '7';\r\nEND\r\nGO\r\n\r\nIF NOT EXISTS (\r\n\t\tSELECT 1\r\n\t\tFROM dbo.Lists\r\n\t\tWHERE ListName = 'Before every task you should'\r\n\t\t)\r\nBEGIN\r\n\tDECLARE @ListValuesId INT;\r\n\tDECLARE @AnswerId INT;\r\n\r\n\tEXEC LIST_INSERT @AV_LISTNAME = N'Before every task you should',\r\n\t\t@AV_DESCRIPTION = N'',\r\n\t\t@AV_CREATEDUSERID = 1,\r\n\t\t@AV_UPDATEDUSERID = 1,\r\n\t\t@AV_LISTID = @ListValuesId OUTPUT;\r\n\r\n\tEXEC LIST_VALUE_INSERT @AV_LISTID = @ListValuesId,\r\n\t\t@AV_VALUENAME = N'a. Stop Look Think',\r\n\t\t@AV_DESCRIPTION = N'',\r\n\t\t@AV_CREATEDUSERID = 1,\r\n\t\t@AV_UPDATEDUSERID = 1,\r\n\t\t@AV_LISTVALUEID = @AnswerId OUTPUT;-- Answer\r\n\r\n\tEXEC LIST_VALUE_INSERT @AV_LISTID = @ListValuesId,\r\n\t\t@AV_VALUENAME = N'b. Call Supervisor',\r\n\t\t@AV_DESCRIPTION = N'',\r\n\t\t@AV_CREATEDUSERID = 1,\r\n\t\t@AV_UPDATEDUSERID = 1;\r\n\r\n\tEXEC LIST_VALUE_INSERT @AV_LISTID = @ListValuesId,\r\n\t\t@AV_VALUENAME = N'c. Talk to my recruiter',\r\n\t\t@AV_DESCRIPTION = N'',\r\n\t\t@AV_CREATEDUSERID = 1,\r\n\t\t@AV_UPDATEDUSERID = 1;\r\n\r\n\tEXEC LIST_VALUE_INSERT @AV_LISTID = @ListValuesId,\r\n\t\t@AV_VALUENAME = N'd. Call a friend',\r\n\t\t@AV_DESCRIPTION = N'',\r\n\t\t@AV_CREATEDUSERID = 1,\r\n\t\t@AV_UPDATEDUSERID = 1;\r\n\r\n\tUPDATE OneStaff.HealthSafetyQuestionare\r\n\tSET Question = @ListValuesId,\r\n\t\tAnswer = @AnswerId\r\n\tWHERE HealthSafetyQuestionareId = '8';\r\nEND\r\nGO\r\n\r\nIF EXISTS (\r\n\t\tSELECT 1\r\n\t\tFROM dbo.ListValues\r\n\t\tWHERE ValueName = 'd. Report it to your supervisor immediately and in'\r\n\t\t)\r\nBEGIN\r\n\tUPDATE dbo.ListValues\r\n\tSET ValueName = 'd. Report it to your supervisor immediately and inform OneStaff'\r\n\tWHERE ValueName = 'd. Report it to your supervisor immediately and in'\r\nEND\r\nGO\r\n\r\nALTER PROCEDURE [OneStaff].[Portal_GetHealthSafetyQuestionare] (@ApplicantId INT)\r\nAS\r\n/*\r\n    History\r\n    001 - Ibnu Abbas 14/07/2020 - Add Select Answer Applicant\r\n*/\r\nBEGIN\r\n\t-- BEGIN CUSTOM 001 --\r\n\tDECLARE @Question1 INT,\r\n\t\t@Question2 INT,\r\n\t\t@Question3 INT,\r\n\t\t@Question4 INT,\r\n\t\t@Question5 INT,\r\n\t\t@Question6 INT,\r\n\t\t@Question7 INT,\r\n\t\t@Question8 INT,\r\n\t\t@Score DECIMAL(18, 2);\r\n\r\n\tSELECT @Question1 = Question1,\r\n\t\t@Question2 = Question2,\r\n\t\t@Question3 = Question3,\r\n\t\t@Question4 = Question4,\r\n\t\t@Question5 = Question5,\r\n\t\t@Question6 = Question6,\r\n\t\t@Question7 = Question7,\r\n\t\t@Question8 = Question8,\r\n\t\t@Score = Score\r\n\tFROM dbo.ApplicantSectorDefinedColumns\r\n\tWHERE ApplicantID = @ApplicantId\r\n\r\n\tIF (@Score IS NOT NULL)\r\n\tBEGIN\r\n\t\tIF OBJECT_ID('tempdb.dbo.##TempHealtSafety', 'U') IS NOT NULL\r\n\t\t\tDROP TABLE ##TempHealtSafety;\r\n\r\n\t\tCREATE TABLE ##TempHealtSafety (\r\n\t\t\tTempId INT IDENTITY PRIMARY KEY,\r\n\t\t\tId INT,\r\n\t\t\tQuestion NVARCHAR(200),\r\n\t\t\tAnswer INT,\r\n\t\t\tQuestionOrder INT,\r\n\t\t\tAnswerApplicant INT\r\n\t\t\t);\r\n\r\n\t\tINSERT INTO ##TempHealtSafety (\r\n\t\t\tId,\r\n\t\t\tQuestion,\r\n\t\t\tAnswer,\r\n\t\t\tQuestionOrder,\r\n\t\t\tAnswerApplicant\r\n\t\t\t)\r\n\t\tSELECT Has.Question AS Id,\r\n\t\t\tL.ListName AS Question,\r\n\t\t\tHas.Answer AS Answer,\r\n\t\t\tHas.QuestionOrder,\r\n\t\t\t0 AS AnswerApplicant\r\n\t\tFROM OneStaff.HealthSafetyQuestionare HAS\r\n\t\tINNER JOIN Lists L ON Has.Question = L.ListId\r\n\t\tORDER BY Has.QuestionOrder ASC\r\n\r\n\t\tDECLARE @RowCount INT = (\r\n\t\t\t\tSELECT count(*)\r\n\t\t\t\tFROM ##TempHealtSafety\r\n\t\t\t\t)\r\n\t\tDECLARE @CNT INT = 1\r\n\r\n\t\tWHILE @CNT <= @RowCount\r\n\t\tBEGIN\r\n\t\t\tDECLARE @AnsweredApplicant INT;\r\n\r\n\t\t\tIF @CNT = 1\r\n\t\t\tBEGIN\r\n\t\t\t\tSET @AnsweredApplicant = @Question1\r\n\t\t\tEND\r\n\t\t\tELSE IF @CNT = 2\r\n\t\t\tBEGIN\r\n\t\t\t\tSET @AnsweredApplicant = @Question2\r\n\t\t\tEND\r\n\t\t\tELSE IF @CNT = 3\r\n\t\t\tBEGIN\r\n\t\t\t\tSET @AnsweredApplicant = @Question3\r\n\t\t\tEND\r\n\t\t\tELSE IF @CNT = 4\r\n\t\t\tBEGIN\r\n\t\t\t\tSET @AnsweredApplicant = @Question4\r\n\t\t\tEND\r\n\t\t\tELSE IF @CNT = 5\r\n\t\t\tBEGIN\r\n\t\t\t\tSET @AnsweredApplicant = @Question5\r\n\t\t\tEND\r\n\t\t\tELSE IF @CNT = 6\r\n\t\t\tBEGIN\r\n\t\t\t\tSET @AnsweredApplicant = @Question6\r\n\t\t\tEND\r\n\t\t\tELSE IF @CNT = 7\r\n\t\t\tBEGIN\r\n\t\t\t\tSET @AnsweredApplicant = @Question7\r\n\t\t\tEND\r\n\t\t\tELSE IF @CNT = 8\r\n\t\t\tBEGIN\r\n\t\t\t\tSET @AnsweredApplicant = @Question8\r\n\t\t\tEND\r\n\r\n\t\t\tUPDATE ##TempHealtSafety\r\n\t\t\tSET AnswerApplicant = @AnsweredApplicant\r\n\t\t\tWHERE TempId = @CNT\r\n\r\n\t\t\tSET @CNT = @CNT + 1;\r\n\t\tEND\r\n\r\n\t\tSELECT *\r\n\t\tFROM ##TempHealtSafety\r\n\t\tORDER BY QuestionOrder DESC\r\n\tEND\r\n\tELSE\r\n\tBEGIN\r\n\t\tSELECT Has.Question AS Id,\r\n\t\t\tL.ListName AS Question,\r\n\t\t\tHas.Answer AS Answer,\r\n\t\t\tHas.QuestionOrder,\r\n\t\t\t0 AS AnswerApplicant\r\n\t\tFROM OneStaff.HealthSafetyQuestionare HAS\r\n\t\tINNER JOIN Lists L ON Has.Question = L.ListId\r\n\t\tORDER BY Has.QuestionOrder DESC\r\n\tEND\r\n\t\t\t-- END CUSTOM 001\r\nEND",
    "YaraRule": [
        "db_structure"
    ]
}