{
    "scrape_url": "https://scrape.pastebin.com/api_scrape_item.php?i=FDfPLqC3",
    "full_url": "https://pastebin.com/FDfPLqC3",
    "date": "1594881923",
    "key": "FDfPLqC3",
    "size": 79,
    "expire": "0",
    "title": "test.lua",
    "syntax": "lua",
    "user": "",
    "filename": "FDfPLqC3",
    "pasteid": "FDfPLqC3",
    "pastesite": "pastebin.com",
    "@timestamp": "2020-07-16T06:45:23",
    "MD5": "59ba6aade164d96156d716524f2abf1b",
    "SHA256": "a929fad01c1eeabaf8cb5d31a8d8c72d62e5444d8e801cf594adea769cbd2671",
    "raw_paste": "turtle.refuel()\r\nfor i=1,10 do\r\n    turtle.digDown()\r\n    turtle.forward()\r\nend",
    "YaraRule": [
        "enable_org32",
        "core_keywords"
    ]
}