{
    "scrape_url": "https://scrape.pastebin.com/api_scrape_item.php?i=fY5S8UV8",
    "full_url": "https://pastebin.com/fY5S8UV8",
    "date": "1594883920",
    "key": "fY5S8UV8",
    "size": 4852,
    "expire": "0",
    "title": "ComputerCraft/Plethora Laser Module Protection",
    "syntax": "lua",
    "user": "HenryTurkeyBrain",
    "filename": "fY5S8UV8",
    "pasteid": "fY5S8UV8",
    "pastesite": "pastebin.com",
    "@timestamp": "2020-07-16T07:18:40",
    "MD5": "d2ee7ad4b225c17430584bf9434fa0c8",
    "SHA256": "5745f2b4ba716b995bc9bfef1d48d3b9c97659804610cf257205bcf049e6f717",
    "raw_paste": "--[[\r\n    Laser Module Protection by HenryTurkeyBrain\r\n    Requirements: ComputerCraft and Plethora \r\n\r\n    When a laser is detected by this computer, it will use the laser's\r\n    relative position and velocity to find its initial position, assuming\r\n    it was fired from a manipulator with a laser. It will then fire back\r\n    at the manipulator to destroy it and prevent further damage.\r\n\r\n    If you have modified Plethora's default config file, please change\r\n    the LIFETIME variable accordingly\r\n\r\n    This program cannot protect against entities firing lasers. Additionally,\r\n    turtles may not always be hit, especially since they can move after firing a laser.\r\n    The program should be able to almost always recognize when a laser is fired from\r\n    a manipulator and not an entity, unless the entity is positioned very carefully\r\n    to confuse the system.\r\n\r\n    Requires a Mk II manipulator to be ABOVE computer where this is installed on, and to\r\n    have a laser module and entity sensor (you may upgrade to get better distances). This\r\n    will shoot lasers with a potency of 2 in order to destroy target manipulators\r\n    Make sure nearby valuable blocks it may fire at have a hardness value greater than 2\r\n    ensure they don't get destroyed in the case of a miscalculation (or turtle or entity firing).\r\n    This program cannot prevent damage being done to your base by incoming lasers, but it can\r\n    try to help prevent further damage once a laser has been detected.\r\n--]]\r\n\r\np = peripheral.wrap(\"top\");\r\n\r\n-- lifetime in ticks of a laser, specified in mod's config\r\nLIFETIME = 100;\r\n\r\nTOL = 0.00001;\r\n\r\n-- distance from (dx, dy, dz) to origin\r\nfunction dist(dx, dy, dz)\r\n    return math.sqrt(dx*dx + dy*dy + dz*dz);\r\nend\r\n\r\nfunction fireAt_util(x, y, z, hOff, vOff)\r\n    local theta = math.atan2(-x, z) * 180/math.pi;\r\n    local phi = -math.atan2(y + vOff, math.sqrt(x*x + z*z) - hOff) * 180/math.pi;\r\n\r\n    return theta, phi;\r\nend\r\n\r\nfunction fireAt(x, y, z)\r\n    -- deal with discontinuity in how laser beams are spawned based on pitch\r\n    m60theta, m60phi = fireAt_util(x, y, z, 0, -0.8);\r\n    btheta,   bphi   = fireAt_util(x, y, z, 0.9, 0);\r\n    p60theta, p60phi = fireAt_util(x, y, z, 0, 0.8);\r\n\r\n    if (-60 <= bphi and bphi <= 60) then\r\n        return true, btheta, bphi;\r\n    end\r\n    if m60phi < -60 then\r\n        return true, m60theta, m60phi;\r\n    end\r\n    if p60phi > 60 then\r\n        return true, p60theta, p60phi;\r\n    end\r\n\r\n    return false;\r\nend\r\n\r\nwhile true do\r\n    local ents = p.sense();\r\n\r\n    for _, ent in pairs(ents) do\r\n        if ent.name == \"plethora:laser\" then\r\n            local x = ent.x;\r\n            local y = ent.y - 0.2125; -- deal with difference in height from entity sensor\r\n            local z = ent.z;\r\n            local vx = ent.motionX;\r\n            local vy = ent.motionY;\r\n            local vz = ent.motionZ;\r\n            -- reported yaw and pitch may have the wrong signs because spherical coordinates are not unique\r\n            -- instead, calculate given velocity\r\n            local yaw = math.atan2(-vx, vz);\r\n            local pitch = -math.atan2(vy, math.sqrt(vx*vx + vz*vz));\r\n\r\n            local sx, sy, sz;\r\n\r\n            -- again, deal with discontinuities in laser spawning mechanism\r\n            if pitch > math.pi / 3 then\r\n                sx = 0;\r\n                sy = -0.8;\r\n                sz = 0;\r\n            elseif pitch < -math.pi / 3 then\r\n                sx = 0;\r\n                sy = 0.8;\r\n                sz = 0;\r\n            else\r\n                sx = 0.9 * math.sin(-yaw);\r\n                sy = 0;\r\n                sz = 0.9 * math.cos(-yaw);\r\n            end\r\n\r\n            local dx, dy, dz;\r\n            local d;\r\n\r\n            -- simulate the laser's motion back in time to see\r\n            -- if its coordinates match with the calculated\r\n            for t = 1, LIFETIME do\r\n                x = x - vx;\r\n                y = y - vy;\r\n                z = z - vz;\r\n\r\n                dx = (x - sx) % 1;\r\n                if dx > 0.5 then dx = dx - 1; end\r\n                dy = (y - sy) % 1;\r\n                if dy > 0.5 then dy = dy - 1; end\r\n                dz = (z - sz) % 1;\r\n                if dz > 0.5 then dz = dz - 1; end\r\n\r\n                d = dist(dx, dy, dz);\r\n\r\n                -- need TOL because of rounding errors, can't compare x and sx (etc) directly\r\n                if d < TOL then\r\n                    d = dist(x - sx, y - sy, z - sz);\r\n                    -- don't fire at yourself!\r\n                    if d > TOL then\r\n                        succ, theta, phi = fireAt(x - sx, y - sy, z - sz);\r\n\r\n                        if succ then\r\n                            p.fire(theta, phi, 2);\r\n                        end\r\n                    end\r\n                end\r\n\r\n                break;\r\n            end\r\n        end\r\n    end\r\nend",
    "YaraRule": [
        "enable_org32",
        "core_keywords"
    ]
}