{
    "scrape_url": "https://scrape.pastebin.com/api_scrape_item.php?i=g3x9G3CT",
    "full_url": "https://pastebin.com/g3x9G3CT",
    "date": "1594887358",
    "key": "g3x9G3CT",
    "size": 823,
    "expire": "0",
    "title": "",
    "syntax": "json",
    "user": "ronaldkwandy",
    "filename": "g3x9G3CT",
    "pasteid": "g3x9G3CT",
    "pastesite": "pastebin.com",
    "@timestamp": "2020-07-16T08:15:58",
    "MD5": "ab4ddd709d60a9ea5f64d334172284e5",
    "SHA256": "c5f28f3b169e00aa484c8f0138526288cef66ffec3e67d5aef2045a54a7e39e7",
    "raw_paste": "\t@Transactional\r\n\tpublic TrxInputKehadiran add(String approvalDescription, TrxInputKehadiran trxInputKehadiran,\r\n\t\t\tList<TrxInputKehadiranDetail> trxInputKehadiranDetails) {\r\n\t\t\r\n\t\tEmployee karyawan = employeeService.get(trxInputKehadiran.getKaryawan().getId());\r\n\t\tfor(TrxInputKehadiranDetail trxInputKehadiranDetail : trxInputKehadiranDetails) {\r\n\t\t\thrisAuthorization.valKaryawanBlmProsesPayrollAbsensi(karyawan, trxInputKehadiranDetail.getTanggalAbsensi());\r\n\t\t\tthrowBatchError();\r\n\t\t}\r\n\r\n\t\tTrxInputKehadiran trxInputKehadiranFromdb = trxInputKehadiranService.add(trxInputKehadiran, approvalDescription);\r\n\t\taddTrxInputKehadiranDetails(trxInputKehadiranFromdb, trxInputKehadiranDetails);\r\n\t\ttrxInputKehadiranFromdb = trxInputKehadiranService.get(trxInputKehadiranFromdb.getId());\r\n\t\treturn trxInputKehadiranFromdb;\r\n\r\n\t}",
    "YaraRule": [
        "enable_org4",
        "core_keywords"
    ]
}