{
    "scrape_url": "https://scrape.pastebin.com/api_scrape_item.php?i=H5Vj99GU",
    "full_url": "https://pastebin.com/H5Vj99GU",
    "date": "1594899883",
    "key": "H5Vj99GU",
    "size": 1103,
    "expire": "0",
    "title": "",
    "syntax": "javascript",
    "user": "",
    "filename": "H5Vj99GU",
    "pasteid": "H5Vj99GU",
    "pastesite": "pastebin.com",
    "@timestamp": "2020-07-16T11:44:43",
    "MD5": "f39c770558d171ebb433d7b56210fe77",
    "SHA256": "044e07428fac8bf2b91766ac8ecacd16b62751d5ce08f4c40f2503a4e973ed6a",
    "raw_paste": "<html>\r\n\t<script>\r\n\t\r\n\tasync function test() {\r\n\t\t// pc0 -> pc1\r\n\t\tconst pc0 = new RTCPeerConnection()\r\n\t\tconst pc1 = new RTCPeerConnection()\r\n\t\t\r\n\t\t// route candidates\r\n\t\tpc0.onicecandidate = event => {\r\n\t\t\tif(!event.candidate) return\r\n\t\t\tpc1.addIceCandidate(event.candidate)\r\n\t\t}\r\n\t\tpc1.onicecandidate = event => {\r\n\t\t\tif(!event.candidate) return\r\n\t\t\tpc0.addIceCandidate(event.candidate)\r\n\t\t}\r\n\r\n\t\t// wait for pc0 negotiation needed.\r\n\t\tpc0.onnegotiationneeded = async () => {\r\n\t\t\tconst offer = await pc0.createOffer()\r\n\t\t\tpc0.setLocalDescription(offer)\r\n\t\t\tpc1.setRemoteDescription(offer)\r\n\r\n\t\t\tconst answer = await pc1.createAnswer()\r\n\t\t\tpc1.setLocalDescription(answer)\r\n\t\t\tpc0.setRemoteDescription(answer)\r\n\t\t}\r\n\r\n\t\t// create channel on pc0 -> fires onnegotiation needed.\r\n\t\tconst channel   = pc0.createDataChannel('')\r\n\t\tchannel.onopen  = () => channel.send('hello world')\r\n\t\tchannel.onerror = error => console.log(error)\r\n\t\tchannel.onclose = () => console.log('closed')\r\n\r\n\t\t// wait for channel on pc1\r\n\t\tpc1.ondatachannel = () => console.log('have channel')\r\n\t}\r\n\r\n\ttest()\r\n\r\n\t</script>\r\n</html>",
    "YaraRule": [
        "enable_org4",
        "core_keywords"
    ]
}