{
    "scrape_url": "https://scrape.pastebin.com/api_scrape_item.php?i=HnJ3cyRz",
    "full_url": "https://pastebin.com/HnJ3cyRz",
    "date": "1594910382",
    "key": "HnJ3cyRz",
    "size": 201,
    "expire": "0",
    "title": "inventory",
    "syntax": "lua",
    "user": "Art1985",
    "filename": "HnJ3cyRz",
    "pasteid": "HnJ3cyRz",
    "pastesite": "pastebin.com",
    "@timestamp": "2020-07-16T14:39:42",
    "MD5": "275dfccf82cfd171be27a7af40e7819c",
    "SHA256": "e9f2e06fd746853bf4034e5af4ced0ce4a36ef81a1d76637ca2921e712d9243d",
    "raw_paste": "--inventory api\r\n\r\nfunction askToEmpty( )\r\n\twhile turtle.getItemCount(16) > 0 do\r\n\t\tterm.clear()\r\n\t\tterm.setCursorPos(1,1)\r\n\t\tprint(\"Please clear inventory for additional space\")\r\n\t\tsleep(5)\r\n\tend\r\nend",
    "YaraRule": [
        "enable_org32",
        "core_keywords"
    ]
}