{
    "scrape_url": "https://scrape.pastebin.com/api_scrape_item.php?i=hqFLAd1i",
    "full_url": "https://pastebin.com/hqFLAd1i",
    "date": "1594894447",
    "key": "hqFLAd1i",
    "size": 1294,
    "expire": "0",
    "title": "home",
    "syntax": "lua",
    "user": "",
    "filename": "hqFLAd1i",
    "pasteid": "hqFLAd1i",
    "pastesite": "pastebin.com",
    "@timestamp": "2020-07-16T10:14:07",
    "MD5": "b741d2e805f106a625f708d4ffe6af41",
    "SHA256": "d18d45fc494b9dc784490f85105f544aff58d0fd21b872137fc5c71c0ee556a7",
    "raw_paste": "posFace()\r\n\r\nloc1 = vector.new(gps.locate())\r\nfor i=0,10 do\r\nturtle.up()\r\nend\r\nloc2 = vector.new(491, 4, 497)\r\n\r\n--X axis\r\n--Positive\r\ntot=loc2-loc1\r\nif tot.x >0 then\r\n    for i=0,tot.x-1 do\r\n        forward()\r\n    end\r\n\r\n--Negative\r\nelseif tot.x<0 then\r\n    tot.x=math.abs(tot.x)\r\n    turtle.turnLeft()\r\n    turtle.turnLeft()\r\n    for i=0,tot.x-1 do\r\n        forward()\r\n    end\r\nend\r\n\r\n--Z axis\r\n--positive\r\nposFace()\r\nturtle.turnRight()\r\nif tot.z>0 then\r\n    for i=0,tot.z-1 do\r\n        turtle.forward()\r\n    end\r\n--Negative\r\nelseif tot.z<0 then\r\n    tot.z=tot.z-tot.z*2\r\n    turtle.turnLeft()\r\n    turtle.turnLeft()\r\n    for i=0,tot.z-1 do\r\n        turtle.back()\r\n    end    \r\nend\r\n\r\n\r\n\r\n\r\nfunction get_facing()\r\n    local a=vector.new(gps.locate())\r\n    forward()\r\n    local b=vector.new(gps.locate())\r\n    local heading=a-b\r\n    \r\n    return ((heading.x + math.abs(heading.x) * 2) + (heading.z + math.abs(heading.z) * 3))\r\nend\r\n\r\nfunction posFace()\r\n-- -x = 1\r\n-- -z = 2\r\n-- +x = 3\r\n-- +z = 4\r\n    i=get_facing()\r\n    if i==1 then\r\n        turtle.turnLeft()\r\n        turtle.turnLeft()\r\n    elseif i==2 then\r\n        turtle.turnRight()\r\n    elseif i==4 then\r\n        turtle.turnLeft()\r\n    end\r\nend\r\n\r\nfunction forward()\r\n    if not turtle.forward() then\r\n        turtle.dig()\r\n    end\r\nend",
    "YaraRule": [
        "enable_org32",
        "core_keywords"
    ]
}