{
    "scrape_url": "https://scrape.pastebin.com/api_scrape_item.php?i=i5PaRQaR",
    "full_url": "https://pastebin.com/i5PaRQaR",
    "date": "1594877060",
    "key": "i5PaRQaR",
    "size": 46454,
    "expire": "0",
    "title": "",
    "syntax": "bash",
    "user": "",
    "filename": "i5PaRQaR",
    "pasteid": "i5PaRQaR",
    "pastesite": "pastebin.com",
    "@timestamp": "2020-07-16T05:24:20",
    "MD5": "49446ecba9e88a8c552834b59ca080d1",
    "SHA256": "601448511cbca0b3fdadd5769e69d61cf6fd8b3fbba9bbe4ec075cbc19e59b3b",
    "raw_paste": "gizcraft56@gmail.com:mariah19 | Telegram id: @PremiumHostTG : Expires at: 2021/01/01\r\nthomas.magnani.8@gmail.com:bostonredsox | Telegram id: @PremiumHostTG : Expires at: 2021/06/10\r\nyutong041206@gmail.com:james1206 | Telegram id: @PremiumHostTG : Expires at: 2021/06/14\r\nvictoriatunney@hotmail.com:V93r72m3T | Telegram id: @PremiumHostTG : Expires at: 2021/05/09\r\ngskudlarick@gmail.com:Laguna#100 | Telegram id: @PremiumHostTG : Expires at: 2021/12/22\r\nNighttrain101@gmail.com:Ranger007 | Telegram id: @PremiumHostTG : Expires at: 2021/03/21\r\nMikehTanryoku@aol.com:Truthrus1128 | Telegram id: @PremiumHostTG : Expires at: 2021/04/07\r\ngrederien@hotmail.com:willib11 | Telegram id: @PremiumHostTG : Expires at: 2021/04/04\r\ndylankocol222@gmail.com:SacredGear1 | Telegram id: @PremiumHostTG : Expires at: 2021/09/01\r\nbazarjani.kian@gmail.com:Kiasadrifeb97 | Telegram id: @PremiumHostTG : Expires at: 2021/08/12\r\nmulherin3@gmail.com:Blackwaterxe1 | Telegram id: @PremiumHostTG : Expires at: 2021/08/07\r\ngphillips@rogers.com:Greg1971 | Telegram id: @PremiumHostTG : Expires at: 2021/07/13\r\nnathvinscott@gmail.com:dexkill322 | Telegram id: @PremiumHostTG : Expires at: 2021/02/24\r\nantonioramirez50000@gmail.com:Aydian1127 | Telegram id: @PremiumHostTG : Expires at: 2021/12/30\r\ncjmorehen@icloud.com:Patrick01 | Telegram id: @PremiumHostTG : Expires at: 2021/04/19\r\nguserandrius@gmail.com:00lakis00 | Telegram id: @PremiumHostTG : Expires at: 2021/03/28\r\nm@talnet.is:mumisan88 | Telegram id: @PremiumHostTG : Expires at: 2021/12/04\r\nchanceannelise@gmail.com:Udontkn0w1 | Telegram id: @PremiumHostTG : Expires at: 2021/05/20\r\nyhahn24@gmail.com:7402770y | Telegram id: @PremiumHostTG : Expires at: 2021/04/06\r\nleoborges99@gmail.com:07036e2b | Telegram id: @PremiumHostTG : Expires at: 2021/05/01\r\nstmurray5@gmail.com:Kicker15 | Telegram id: @PremiumHostTG : Expires at: 2021/08/26\r\nantoinemercy@hotmail.fr:lyon2000 | Telegram id: @PremiumHostTG : Expires at: 2021/04/22\r\ndibiasijason@yahoo.com:Bumblebee88 | Telegram id: @PremiumHostTG : Expires at: 2021/01/10\r\njassem3153@gmail.com:Z55655632z | Telegram id: @PremiumHostTG : Expires at: 2021/11/13\r\nmiddle.woolsey@gmail.com:heyyou00 | Telegram id: @PremiumHostTG : Expires at: 2021/05/14\r\nmattjclark99@gmail.com:Apples4me | Telegram id: @PremiumHostTG : Expires at: 2021/06/16\r\njapperkk@hotmail.com:ItsGenius1998 | Telegram id: @PremiumHostTG : Expires at: 2021/01/18\r\nseekethjesus@mac.com:Jp2141983 | Telegram id: @PremiumHostTG : Expires at: 2021/04/20\r\nandreynoelfry@gmail.com:Bengeut23sia | Telegram id: @PremiumHostTG : Expires at: 2021/06/15\r\naustinlevesque13@yahoo.com:Danyelle0815!! | Telegram id: @PremiumHostTG : Expires at: 2021/12/03\r\nclnealfb@gmail.com:Axel2012 | Telegram id: @PremiumHostTG : Expires at: 2021/03/21\r\nethanwilladsen@gmail.com:ew110743 | Telegram id: @PremiumHostTG : Expires at: 2021/04/20\r\nMickg5685@gmail.com:Guichardm5 | Telegram id: @PremiumHostTG : Expires at: 2021/05/09\r\ntwingenicide@gmail.com:wallnut8545 | Telegram id: @PremiumHostTG : Expires at: 2021/06/28\r\nmagnus.kvs@gmail.com:sejemagnus2004 | Telegram id: @PremiumHostTG : Expires at: 2021/11/21\r\ndoomgaard@gmail.com:Thea4you | Telegram id: @PremiumHostTG : Expires at: 2021/06/10\r\nazotedaedra@yahoo.fr:scorpion300 | Telegram id: @PremiumHostTG : Expires at: 2021/03/05\r\nblaine097@outlook.com:blane03he | Telegram id: @PremiumHostTG : Expires at: 2021/02/03\r\nhugo__@live.nl:koelehugo321 | Telegram id: @PremiumHostTG : Expires at: 2021/07/24\r\npmonaghan@hotmail.ca:irish317 | Telegram id: @PremiumHostTG : Expires at: 2021/04/21\r\nzackaryrosenthal@gmail.com:1Encinozack | Telegram id: @PremiumHostTG : Expires at: 2021/05/03\r\nnathanaelchenowith@gmail.com:npc.0013 | Telegram id: @PremiumHostTG : Expires at: 2021/12/04\r\nmiguelfrancoduarte@gmail.com:xoxokida899 | Telegram id: @PremiumHostTG : Expires at: 2021/06/29\r\nronaldpoulson@msn.com:Openm3n0w | Telegram id: @PremiumHostTG : Expires at: 2021/01/01\r\nreuznl@gmail.com:p2u5Rabr!! | Telegram id: @PremiumHostTG : Expires at: 2021/07/02\r\ndragonswagger215@gmail.com:cooldude12 | Telegram id: @PremiumHostTG : Expires at: 2021/05/28\r\ndosh2002@gmail.com:manboy22 | Telegram id: @PremiumHostTG : Expires at: 2021/02/08\r\nluv363@hotmail.com:Tennant123 | Telegram id: @PremiumHostTG : Expires at: 2021/01/18\r\ndylankocol222@gmail.com:SacredGear1 | Telegram id: @PremiumHostTG : Expires at: 2021/09/01\r\njakob.jones16@hotmail.com:Wolfblood1 | Telegram id: @PremiumHostTG : Expires at: 2021/01/06\r\nmelissachet@gmail.com:alabama9898 | Telegram id: @PremiumHostTG : Expires at: 2021/01/12\r\nk.k.matzke@gmail.com:majken06 | Telegram id: @PremiumHostTG : Expires at: 2021/12/25\r\ndallazmax@gmail.com:epicbajs1337 | Telegram id: @PremiumHostTG : Expires at: 2021/02/24\r\nbryankellycox@gmail.com:Thearcher1 | Telegram id: @PremiumHostTG : Expires at: 2021/02/02\r\nRicardo1223824497@hotmail.com:1223824497 | Telegram id: @PremiumHostTG : Expires at: 2021/11/09\r\ngudrunbjork321@gmail.com:sims1997 | Telegram id: @PremiumHostTG : Expires at: 2021/11/11\r\nTylec2@gmail.com:Redlinemiddies2 | Telegram id: @PremiumHostTG : Expires at: 2021/12/13\r\nrinuswillems13@gmail.com:Doel3man | Telegram id: @PremiumHostTG : Expires at: 2021/12/13\r\nangel36s@swbell.net:IFi81u812 | Telegram id: @PremiumHostTG : Expires at: 2021/06/25\r\nelle5896@gmail.com:Tem1159ei1! | Telegram id: @PremiumHostTG : Expires at: 2021/05/28\r\nalannews123@gmail.com:a57779477 | Telegram id: @PremiumHostTG : Expires at: 2021/11/24\r\npablo.die74@gmail.com:pablo1410 | Telegram id: @PremiumHostTG : Expires at: 2021/03/28\r\nmohamedakhrass11@gmail.com:Bismillah1 | Telegram id: @PremiumHostTG : Expires at: 2021/03/27\r\npoundjared@gmail.com:Blvd2583 | Telegram id: @PremiumHostTG : Expires at: 2021/12/28\r\nalexander.f.jacobsen@gmail.com:molly7777777 | Telegram id: @PremiumHostTG : Expires at: 2021/08/19\r\ntyiriel@gmail.com:lollipop289 | Telegram id: @PremiumHostTG : Expires at: 2021/07/25\r\natheonpc@gmail.com:Takiio95 | Telegram id: @PremiumHostTG : Expires at: 2021/12/19\r\nvjns96@yahoo.com:Kaidan87 | Telegram id: @PremiumHostTG : Expires at: 2021/07/05\r\nalexappid@hotmail.com:Pamela16 | Telegram id: @PremiumHostTG : Expires at: 2021/08/30\r\ncjmorehen@icloud.com:Patrick01 | Telegram id: @PremiumHostTG : Expires at: 2021/04/19\r\njamieburton9898@gmail.com:Dannyb123 | Telegram id: @PremiumHostTG : Expires at: 2021/05/29\r\nrohan@willsmchugh.co:Cybrg3nX | Telegram id: @PremiumHostTG : Expires at: 2021/12/19\r\nmatveylapu@gmail.com:25122002 | Telegram id: @PremiumHostTG : Expires at: 2021/12/11\r\nisaacnaholmes@gmail.com:Wordlife26 | Telegram id: @PremiumHostTG : Expires at: 2021/01/15\r\nraditya.razzaqa26@gmail.com:gonzaga26 | Telegram id: @PremiumHostTG : Expires at: 2021/07/24\r\njorgenv@me.com:Vorp1es1 | Telegram id: @PremiumHostTG : Expires at: 2021/06/29\r\njohnny194095@gmail.com:Johnny1950 | Telegram id: @PremiumHostTG : Expires at: 2021/04/01\r\nnoel.eriksson@hotmail.com:Rasmuseriksson1 | Telegram id: @PremiumHostTG : Expires at: 2021/04/07\r\nking12348@gmail.com:Kk122344 | Telegram id: @PremiumHostTG : Expires at: 2021/07/25\r\nlogoco12@gmail.com:emerald12 | Telegram id: @PremiumHostTG : Expires at: 2021/08/24\r\nalessia.caldana@hotmail.com:Alessia99 | Telegram id: @PremiumHostTG : Expires at: 2021/02/17\r\nrodrigogomes@live.ca:popolopopolo1 | Telegram id: @PremiumHostTG : Expires at: 2021/04/19\r\nmynosebad@hotmail.com:g9520010 | Telegram id: @PremiumHostTG : Expires at: 2021/06/03\r\nalexlockwood550@gmail.com:locky1997 | Telegram id: @PremiumHostTG : Expires at: 2021/06/18\r\nrwbeaumont@gmail.com:Nuker869 | Telegram id: @PremiumHostTG : Expires at: 2021/12/21\r\nb.beasley79@yahoo.com:Sc00ter08 | Telegram id: @PremiumHostTG : Expires at: 2021/12/29\r\nmorganwd32@gmail.com:G8t3K33p3r | Telegram id: @PremiumHostTG : Expires at: 2021/05/12\r\ntannerstretch@gmail.com:tanman57 | Telegram id: @PremiumHostTG : Expires at: 2021/11/02\r\nraul.bustillos@gmail.com:Freeme22 | Telegram id: @PremiumHostTG : Expires at: 2021/10/25\r\nnortherner78.js@gmail.com:Daniel811 | Telegram id: @PremiumHostTG : Expires at: 2021/05/10\r\ngeorg.picher@gmx.at:Picher2002 | Telegram id: @PremiumHostTG : Expires at: 2021/06/23\r\nkcirvam33@gmail.com:petrock92 | Telegram id: @PremiumHostTG : Expires at: 2021/09/12\r\ncypskits@gmail.com:12letterbs | Telegram id: @PremiumHostTG : Expires at: 2021/07/18\r\ncory.corde624@gmail.com:Luke-137 | Telegram id: @PremiumHostTG : Expires at: 2021/11/26\r\ncalebdruley@gmail.com:starwarsep2 | Telegram id: @PremiumHostTG : Expires at: 2021/07/10\r\nblooper@gmx.ch:Oskar1805 | Telegram id: @PremiumHostTG : Expires at: 2021/07/17\r\nnieder_ley@yahoo.de:sandy1999 | Telegram id: @PremiumHostTG : Expires at: 2021/05/21\r\nceddy99@gmail.com:carson11 | Telegram id: @PremiumHostTG : Expires at: 2021/07/31\r\nkyeizere@hotmail.co.uk:Tagandpepsi1991 | Telegram id: @PremiumHostTG : Expires at: 2021/06/26\r\nbma1001@gmail.com:yahoo1234 | Telegram id: @PremiumHostTG : Expires at: 2021/08/21\r\nryanteague@hotmail.co.uk:Mightyer21 | Telegram id: @PremiumHostTG : Expires at: 2021/06/03\r\nryan.woodrow@aspire-scientific.com:Jennifer1! | Telegram id: @PremiumHostTG : Expires at: 2021/04/19\r\nsephchan@ymail.com:Bringit123 | Telegram id: @PremiumHostTG : Expires at: 2021/05/06\r\nannajw9@gmail.com:puppies9 | Telegram id: @PremiumHostTG : Expires at: 2021/04/14\r\nLawmasterms@gmail.com:Pops1021 | Telegram id: @PremiumHostTG : Expires at: 2021/12/10\r\nnolanbeaulieu2001@gmail.com:halo2012 | Telegram id: @PremiumHostTG : Expires at: 2021/06/14\r\ndza35@hotmail.fr:dza19851985 | Telegram id: @PremiumHostTG : Expires at: 2021/03/02\r\nmatthewcharles4056@gmail.com:BennyBoy1 | Telegram id: @PremiumHostTG : Expires at: 2021/01/21\r\nvictorlagier@yahoo.fr:Rouducul1 | Telegram id: @PremiumHostTG : Expires at: 2021/01/14\r\nsaadd88m@gmail.com:s392817s | Telegram id: @PremiumHostTG : Expires at: 2021/05/24\r\njan-ha@live.no:Lemen12341 | Telegram id: @PremiumHostTG : Expires at: 2021/12/30\r\nrobertban666@gmail.com:hastur11 | Telegram id: @PremiumHostTG : Expires at: 2021/06/25\r\ngeorgimweb@gmail.com:405060Gg | Telegram id: @PremiumHostTG : Expires at: 2021/03/31\r\nerkkavp@hotmail.com:Vahapassi1995 | Telegram id: @PremiumHostTG : Expires at: 2021/06/17\r\nhins0723@gmail.com:stanley520 | Telegram id: @PremiumHostTG : Expires at: 2021/05/28\r\nphoebe.gadallah@gmail.com:Flower2004 | Telegram id: @PremiumHostTG : Expires at: 2021/04/08\r\nifahad.sub.usa@gmail.com:123Fahad | Telegram id: @PremiumHostTG : Expires at: 2023/08/30\r\nsimon@stentz.net:Water2215 | Telegram id: @PremiumHostTG : Expires at: 2026/05/04\r\nromfam1@gmail.com:Staple23 | Telegram id: @PremiumHostTG : Expires at: 2021/12/30\r\nafewster@mac.com:Welcome101 | Telegram id: @PremiumHostTG : Expires at: 2023/04/04\r\njacobabbreviate@gmail.com:Ravenzrage5666 | Telegram id: @PremiumHostTG : Expires at: 2020/06/25\r\njoshua.t.beavers@gmail.com:Josh52593 | Telegram id: @PremiumHostTG : Expires at: 2022/07/15\r\nfelanthonys@yahoo.com:ionlykill13 | Telegram id: @PremiumHostTG : Expires at: 2021/08/09\r\nsaxaphone.andrew@gmail.com:@rr@yN3tw0rk | Telegram id: @PremiumHostTG : Expires at: 2020/07/07\r\npatrick.b.nelson@gmail.com:Silvee123 | Telegram id: @PremiumHostTG : Expires at: 2022/02/12\r\nsswideman@aol.com:Kennethdean1 | Telegram id: @PremiumHostTG : Expires at: 2020/10/28\r\nhiddeverhoeven32@gmail.com:Lotje1234 | Telegram id: @PremiumHostTG : Expires at: 2023/06/04\r\n55mattcole@gmail.com:thewalrus67 | Telegram id: @PremiumHostTG : Expires at: 2023/03/01\r\nSam.sf145@gmail.com:123Lookatme | Telegram id: @PremiumHostTG : Expires at: 2023/02/07\r\nLazywolf3@Gmail.Com:Omgyourmom1 | Telegram id: @PremiumHostTG : Expires at: 2021/11/11\r\nmax_arden@yahoo.com:Thx11388 | Telegram id: @PremiumHostTG : Expires at: 2020/07/21\r\nHarrykickstarter@gmail.com:Nightshade332 | Telegram id: @PremiumHostTG : Expires at: 2020/06/29\r\nhatfielddarrell52@yahoo.com:snappy755 | Telegram id: @PremiumHostTG : Expires at: 2023/05/03\r\nbrycen55@gmail.com:sawcamp1221 | Telegram id: @PremiumHostTG : Expires at: 2023/06/01\r\nchrister998@gmail.com:Pwd872872 | Telegram id: @PremiumHostTG : Expires at: 2020/07/01\r\nanjkerr@aol.com:Alex4697 | Telegram id: @PremiumHostTG : Expires at: 2022/03/04\r\ntnnrglaser413@gmail.com:Tanner413! | Telegram id: @PremiumHostTG : Expires at: 2025/07/01\r\ncaferthomas@hotmail.com:Wqasdwqasd1! | Telegram id: @PremiumHostTG : Expires at: 2022/06/10\r\njames.bailey21@btinternet.com:Pi99ydog1 | Telegram id: @PremiumHostTG : Expires at: 2021/03/11\r\nd.lamp.707@gmail.com:C963o852w741 | Telegram id: @PremiumHostTG : Expires at: 2022/05/21\r\nalexetzlinger@gmail.com:Alexetz244 | Telegram id: @PremiumHostTG : Expires at: 2023/01/04\r\njacob.aasand@gmail.com:Dihcvk14 | Telegram id: @PremiumHostTG : Expires at: 2020/06/30\r\nStephanoitsme@gmail.com:Mkmartin | Telegram id: @PremiumHostTG : Expires at: 2022/01/21\r\nU.31@live.com:viking31 | Telegram id: @PremiumHostTG : Expires at: 2022/12/06\r\nalexiribar94@gmail.com:Darknes123 | Telegram id: @PremiumHostTG : Expires at: 2022/10/13\r\ndiddiorn@gmail.com:3e433alice | Telegram id: @PremiumHostTG : Expires at: 2021/05/08\r\naburr1998@gmail.com:Boris2014! | Telegram id: @PremiumHostTG : Expires at: 2022/07/06\r\ntovahmhod@gmail.com:Helena07 | Telegram id: @PremiumHostTG : Expires at: 2022/12/09\r\njoeedgar97@gmail.com:Yaowa1997 | Telegram id: @PremiumHostTG : Expires at: 2021/05/26\r\npiers.ndoke.butt@gmail.com:smarties31596 | Telegram id: @PremiumHostTG : Expires at: 2020/07/08\r\nzjletcavage@gmail.com:Brisingr501! | Telegram id: @PremiumHostTG : Expires at: 2022/10/14\r\ndrake213@hotmail.com:Thedrako213 | Telegram id: @PremiumHostTG : Expires at: 2021/11/17\r\nt93bone@hotmail.com:TrauTs93 | Telegram id: @PremiumHostTG : Expires at: 2020/07/13\r\npa.frekin.strami@gmail.com:Jukebox20 | Telegram id: @PremiumHostTG : Expires at: 2020/11/09\r\n117ms117@gmail.com:WmCZ2!Z7 | Telegram id: @PremiumHostTG : Expires at: 2022/03/06\r\ndan.norb@gmail.com:Letmein123 | Telegram id: @PremiumHostTG : Expires at: 2021/03/31\r\njohnnys123422@outlook.com:Robobot1 | Telegram id: @PremiumHostTG : Expires at: 2023/06/05\r\ndan.j.richardson@outlook.com:Mancity1 | Telegram id: @PremiumHostTG : Expires at: 2020/07/06\r\nmrcalknight@gmail.com:porteratt123 | Telegram id: @PremiumHostTG : Expires at: 2020/07/04\r\nsaberkitten007@hotmail.com:Saber007 | Telegram id: @PremiumHostTG : Expires at: 2020/07/21\r\njameshoggard123@gmail.com:979800games | Telegram id: @PremiumHostTG : Expires at: 2020/07/20\r\njustin-hickey@hotmail.com:Luther99 | Telegram id: @PremiumHostTG : Expires at: 2022/08/23\r\nlrhodes404@gmail.com:Rockydog1. | Telegram id: @PremiumHostTG : Expires at: 2022/08/21\r\nalexis.jonsson@outlook.com:Newsmada96 | Telegram id: @PremiumHostTG : Expires at: 2021/01/05\r\nsurfgemini10@yahoo.com:stripes83 | Telegram id: @PremiumHostTG : Expires at: 2021/12/29\r\n12354bash@gmail.com:BASH3535 | Telegram id: @PremiumHostTG : Expires at: 2023/05/01\r\nzachalepeska@gmail.com:Seasea123 | Telegram id: @PremiumHostTG : Expires at: 2022/10/26\r\nsam.willetts@hotmail.com:1ronm1N! | Telegram id: @PremiumHostTG : Expires at: 2022/06/10\r\nbeetle121212@yahoo.com.hk:Jim979797 | Telegram id: @PremiumHostTG : Expires at: 2024/06/28\r\nkrystopher16@gmail.com:Christopher1997 | Telegram id: @PremiumHostTG : Expires at: 2021/06/06\r\nriley.webber@gmail.com:Bonovox1 | Telegram id: @PremiumHostTG : Expires at: 2022/07/19\r\nvictor00.hjalmarsson@gmail.com:MaxterZ135 | Telegram id: @PremiumHostTG : Expires at: 2023/05/01\r\nmenon.samir@gmail.com:Waters155! | Telegram id: @PremiumHostTG : Expires at: 2021/04/09\r\ngross.simon1@gmail.com:Schildkroeten5 | Telegram id: @PremiumHostTG : Expires at: 2023/04/03\r\nsparkyschulz@gmail.com:andrea420! | Telegram id: @PremiumHostTG : Expires at: 2021/02/11\r\nmartinezmilian2299@gmail.com:Orlando2299 | Telegram id: @PremiumHostTG : Expires at: 2021/11/26\r\njuarezandrew63@gmail.com:Bu4d41400- | Telegram id: @PremiumHostTG : Expires at: 2020/07/10\r\nkpotter711@hotmail.com:Molly716 | Telegram id: @PremiumHostTG : Expires at: 2020/07/14\r\nonly56ninjas@gmail.com:Happy691 | Telegram id: @PremiumHostTG : Expires at: 2021/11/24\r\nethan.jverderber@gmail.com:Evapril9 | Telegram id: @PremiumHostTG : Expires at: 2020/07/18\r\ntmidd6@gmail.com:Wadmalaw1 | Telegram id: @PremiumHostTG : Expires at: 2023/03/25\r\nksiemietkoski@gmail.com:Toaster90 | Telegram id: @PremiumHostTG : Expires at: 2022/05/04\r\nneilscarff@hotmail.co.uk:parish0pe | Telegram id: @PremiumHostTG : Expires at: 2020/07/01\r\nreptileg1@gmail.com:Reptile1 | Telegram id: @PremiumHostTG : Expires at: 2020/07/10\r\nlemanreus3@gmail.com:America2014 | Telegram id: @PremiumHostTG : Expires at: 2022/03/24\r\nMarcus_Edvardsen@live.no:Metroid123 | Telegram id: @PremiumHostTG : Expires at: 2020/07/07\r\nrux2121@gmail.com:chidori21 | Telegram id: @PremiumHostTG : Expires at: 2021/08/31\r\nmike.brannan02@gmail.com:Michael2002 | Telegram id: @PremiumHostTG : Expires at: 2022/03/24\r\njosh_komm@yahoo.com:Kenny10f! | Telegram id: @PremiumHostTG : Expires at: 2021/08/25\r\nbradley.lane510@gmail.com:Hannah321 | Telegram id: @PremiumHostTG : Expires at: 2020/06/26\r\nsteelio1996@gmail.com:Jbgmnm6tt | Telegram id: @PremiumHostTG : Expires at: 2020/07/09\r\nwuerdemann.jan@web.de:Eisenbahn233 | Telegram id: @PremiumHostTG : Expires at: 2023/05/11\r\nRagnorockLG@gmail.com:Titan1987 | Telegram id: @PremiumHostTG : Expires at: 2023/04/01\r\ncolineanderson@hotmail.com:Italia92 | Telegram id: @PremiumHostTG : Expires at: 2021/04/04\r\noliverjobim@gmail.com:Oliver07 | Telegram id: @PremiumHostTG : Expires at: 2023/04/06\r\nmrcampncarl@gmail.com:Mat089800! | Telegram id: @PremiumHostTG : Expires at: 2020/07/17\r\ndanielpdebus@gmail.com:1SweepMiner | Telegram id: @PremiumHostTG : Expires at: 2022/03/23\r\njethrocedillo@gmail.com:Aidan2002 | Telegram id: @PremiumHostTG : Expires at: 2023/05/10\r\njohndolan20@hotmail.com:Instinct20 | Telegram id: @PremiumHostTG : Expires at: 2020/10/15\r\nrene.assenberg@gmail.com:1Omehenk! | Telegram id: @PremiumHostTG : Expires at: 2022/07/06\r\nnoahhayez@yahoo.com:Awesome1013 | Telegram id: @PremiumHostTG : Expires at: 2021/02/20\r\nbradleypearson00@gmail.com:Unbourne101 | Telegram id: @PremiumHostTG : Expires at: 2023/04/07\r\nvarindermann339@gmail.com:Yp9xfmrx | Telegram id: @PremiumHostTG : Expires at: 2023/05/05\r\nchristian@marschall-welt.de:Chris2306 | Telegram id: @PremiumHostTG : Expires at: 2023/03/27\r\nTaylorkellond@hotmail.co.uk:Kellond9 | Telegram id: @PremiumHostTG : Expires at: 2020/07/15\r\nwsruledby1@gmail.com:Godrules12 | Telegram id: @PremiumHostTG : Expires at: 2022/05/05\r\nmercedeszaky@gmail.com:Egypt2012 | Telegram id: @PremiumHostTG : Expires at: 2020/08/30\r\natherbys@gmail.com:Bicep230 | Telegram id: @PremiumHostTG : Expires at: 2021/02/19\r\njonahroessnerberg@mac.com:6Basketball | Telegram id: @PremiumHostTG : Expires at: 2020/07/21\r\nviktorbrittner@yahoo.de:Haloreach120. | Telegram id: @PremiumHostTG : Expires at: 2020/07/19\r\nmatthew.stephens99@gmail.com:Matthew99 | Telegram id: @PremiumHostTG : Expires at: 2020/07/15\r\nchase.wilson098@gmail.com:Chaseman123 | Telegram id: @PremiumHostTG : Expires at: 2020/07/14\r\njd-faria@hotmail.com:Pstpcc11 | Telegram id: @PremiumHostTG : Expires at: 2023/06/07\r\nshelby.mcfadden64@gmail.com:Damondi1 | Telegram id: @PremiumHostTG : Expires at: 2021/06/28\r\nnyman.oskar@gmail.com:marcusbrei1 | Telegram id: @PremiumHostTG : Expires at: 2021/01/31\r\nmatt_osborn123@hotmail.co.uk:Gorndon123 | Telegram id: @PremiumHostTG : Expires at: 2022/08/04\r\ntravisty@hotmail.com.au:Urgone4eva | Telegram id: @PremiumHostTG : Expires at: 2020/07/09\r\nwinkelsimon74@yahoo.dk:Kassadin88 | Telegram id: @PremiumHostTG : Expires at: 2022/05/04\r\nandrew_rutherford@yahoo.com:Andrew78212 | Telegram id: @PremiumHostTG : Expires at: 2022/07/23\r\nspamfaux3066@gmail.com:CsRw303066 | Telegram id: @PremiumHostTG : Expires at: 2020/07/23\r\njjsharpe24@gmail.com:Darkron24 | Telegram id: @PremiumHostTG : Expires at: 2022/10/16\r\ncheekit.chong98@gmail.com:MustangGT1! | Telegram id: @PremiumHostTG : Expires at: 2022/01/01\r\nliulittung@yahoo.com.hk:Tommy145236 | Telegram id: @PremiumHostTG : Expires at: 2023/06/27\r\ngianluca.55@hotmail.com:Gcofone55 | Telegram id: @PremiumHostTG : Expires at: 2022/10/20\r\nbrettmy23@gmail.com:Beckett23! | Telegram id: @PremiumHostTG : Expires at: 2020/07/11\r\ndavidas.psg22@hotmail.fr:Onepiece24 | Telegram id: @PremiumHostTG : Expires at: 2020/06/28\r\nlagman.alister@live.com:Impossible23!$ | Telegram id: @PremiumHostTG : Expires at: 2023/07/03\r\npatterllarsen@hotmail.com:Patman2k11 | Telegram id: @PremiumHostTG : Expires at: 2021/05/08\r\nparkerbeach@yahoo.com:Parker02 | Telegram id: @PremiumHostTG : Expires at: 2021/06/20\r\njimmyman0613@gmail.com:p681523k | Telegram id: @PremiumHostTG : Expires at: 2022/10/04\r\nizaiah529@hotmail.com:Angelface1! | Telegram id: @PremiumHostTG : Expires at: 2021/08/09\r\nmippie42@gmail.com:Prettyplease1 | Telegram id: @PremiumHostTG : Expires at: 2020/11/30\r\nmax.crichton13@gmail.com:Maximilian1 | Telegram id: @PremiumHostTG : Expires at: 2021/06/16\r\nsageskaaning@live.com:Hunterman123! | Telegram id: @PremiumHostTG : Expires at: 2020/07/18\r\nleviburto@gmail.com:Lb3437315 | Telegram id: @PremiumHostTG : Expires at: 2020/11/26\r\nDKDJStar2000@gmail.com:Zanitykim001 | Telegram id: @PremiumHostTG : Expires at: 2022/01/28\r\nDustzcommunity@gmail.com:Lollikoll.1 | Telegram id: @PremiumHostTG : Expires at: 2022/06/27\r\nwallibaig12@gmail.com:10132parkview | Telegram id: @PremiumHostTG : Expires at: 2021/05/19\r\nreesnewtons@gmail.com:Staffy123 | Telegram id: @PremiumHostTG : Expires at: 2022/04/26\r\nhoulton6858@yahoo.com:Rocky6858 | Telegram id: @PremiumHostTG : Expires at: 2022/02/24\r\nmattpearson1999@hotmail.com:Mattlee99 | Telegram id: @PremiumHostTG : Expires at: 2020/07/21\r\nmozammal.jkhan@gmail.com:929396mo | Telegram id: @PremiumHostTG : Expires at: 2020/08/21\r\nhot_molton@yahoo.com:Temple12 | Telegram id: @PremiumHostTG : Expires at: 2021/01/14\r\nmathiaskeymeulen@gmail.com:Ikke*8042 | Telegram id: @PremiumHostTG : Expires at: 2022/10/04\r\njessica_fleming@outlook.com:Vilius1559 | Telegram id: @PremiumHostTG : Expires at: 2020/07/22\r\narchiebunker213@gmail.com:dominic213 | Telegram id: @PremiumHostTG : Expires at: 2020/07/03\r\nborisvandenbussche@hotmail.be:Evani6334 | Telegram id: @PremiumHostTG : Expires at: 2022/05/09\r\njkmbaum@gmail.com:Boards2000! | Telegram id: @PremiumHostTG : Expires at: 2021/01/06\r\nsean619442@gmail.com:Skillinc147 | Telegram id: @PremiumHostTG : Expires at: 2022/06/11\r\nsamuelbaldwin@live.co.uk:Maxwell2 | Telegram id: @PremiumHostTG : Expires at: 2023/02/27\r\nryan_gavina@yahoo.com:February20 | Telegram id: @PremiumHostTG : Expires at: 2020/10/15\r\njackwilli55@yahoo.co.uk:Porkpie123 | Telegram id: @PremiumHostTG : Expires at: 2020/08/04\r\nbaris_chb@hotmail.de:Jumitami02! | Telegram id: @PremiumHostTG : Expires at: 2020/07/22\r\nwouter.moelker@hotmail.com:lollol23 | Telegram id: @PremiumHostTG : Expires at: 2023/02/13\r\nTbyylrenre@gmail.com:Iamamazing!1 | Telegram id: @PremiumHostTG : Expires at: 2020/09/04\r\niwan94@live.nl:Poepvlek123 | Telegram id: @PremiumHostTG : Expires at: 2021/08/05\r\nmadslj18@gmail.com:hhssman1 | Telegram id: @PremiumHostTG : Expires at: 2023/04/14\r\nmj.lopes@gmail.com:Kr33pd0g! | Telegram id: @PremiumHostTG : Expires at: 2021/11/23\r\njamesfranz45@gmail.com:Pontiac455! | Telegram id: @PremiumHostTG : Expires at: 2021/11/22\r\ncpuyear1@gmail.com:Cycle2011 | Telegram id: @PremiumHostTG : Expires at: 2022/01/23\r\nshinetetsu@gmail.com:Iloverock | Telegram id: @PremiumHostTG : Expires at: 2025/12/15hmarchantm@gmail.com:Abre3060 | Telegram id: @PremiumHostTG : Expiration = 2023-01-24 19:17:08\r\ntbbrackeen@gmail.com:BigCheezy73 | Telegram id: @PremiumHostTG : Expiration = 2023-03-22 04:46:49\r\nLoiclaroche75@gmail.com:Loic42300 | Telegram id: @PremiumHostTG : Expiration = 2020-09-22 00:05:10\r\nSwizzleStudios@gmail.com:SWIZZLE1245 | Telegram id: @PremiumHostTG : Expiration = 2020-09-01 08:33:15\r\nwgwithers2015@outlook.com:kaitlyn1985 | Telegram id: @PremiumHostTG : Expiration = 2021-10-04 13:29:45\r\nmichaelbuckler22@gmail.com:Deandre90 | Telegram id: @PremiumHostTG : Expiration = 2023-04-03 09:40:06\r\n123moonkiller@gmail.com:Minnesota12 | Telegram id: @PremiumHostTG : Expiration = 2020-09-19 16:06:13\r\nkeithgratton@optusnet.com.au:Redlands18 | Telegram id: @PremiumHostTG : Expiration = 2022-04-21 23:44:54\r\nmakeafutureplan@gmail.com:Koteczek1 | Telegram id: @PremiumHostTG : Expiration = 2020-10-02 21:20:30\r\nerken.simon@gmail.com:Siosan98 | Telegram id: @PremiumHostTG : Expiration = 2022-08-19 20:17:24\r\nantcarp123@gmail.com:Antcarp123 | Telegram id: @PremiumHostTG : Expiration = 2020-07-30 17:13:14\r\nsilasvargesko@gmail.com:zezama12 | Telegram id: @PremiumHostTG : Expiration = 2020-07-25 22:05:35\r\nborahopaliwork@gmail.com:Anan12345 | Telegram id: @PremiumHostTG : Expiration = 2022-06-30 00:26:05\r\nomarsaddin@gmail.com:mud5acks | Telegram id: @PremiumHostTG : Expiration = 2021-01-01 14:55:25\r\nniko@edh.com:Pepper12 | Telegram id: @PremiumHostTG : Expiration = 2020-11-08 00:00:00\r\nrapturews@gmail.com:Lifemovie4 | Telegram id: @PremiumHostTG : Expiration = 2021-07-04 23:46:03\r\nkoubbyzzz@yahoo.fr:12041981 | Telegram id: @PremiumHostTG : Expiration = 2021-11-04 19:38:46\r\nwakdolloui@wanadoo.fr:walawak1 | Telegram id: @PremiumHostTG : Expiration = 2020-08-18 12:19:11\r\nevandd01@gmail.com:Summer01 | Telegram id: @PremiumHostTG : Expiration = 2022-06-06 05:34:00\r\nvisar_rox@hotmail.fr:Babi1990 | Telegram id: @PremiumHostTG : Expiration = 2023-03-24 09:30:19\r\nbrycen55@gmail.com:sawcamp1221 | Telegram id: @PremiumHostTG : Expiration: 2020-07-12 15:30:19\r\nktanner404@gmail.com:notreal1 | Telegram id: @PremiumHostTG : Expiration: 2020-02-25 00:00:00\r\nleo.regis214@gmail.com:Leocarla212 | Telegram id: @PremiumHostTG : Expiration: 2020-01-07 18:10:07\r\nshouryu_online@yahoo.com:dragonss123 | Telegram id: @PremiumHostTG : Expiration: 2021-01-25 02:43:49\r\nps.bastelica@gmail.com:Qqrvkmsw28011991 | Telegram id: @PremiumHostTG : Expiration: 2020-04-01 21:01:11\r\nandreas.dovinger@gmail.com:Alexander11 | Telegram id: @PremiumHostTG : Expiration: 2023-03-17 21:37:13\r\nadrian.kago@gmail.com:error132 | Telegram id: @PremiumHostTG : Expiration: 2020-03-01 17:23:33\r\npatricklaguesse@gmail.com:Pipilolo1 | Telegram id: @PremiumHostTG : Expiration: 2023-05-05 10:21:11\r\nluke.everettuk@gmail.com:Eternal12 | Telegram id: @PremiumHostTG : Expiration: 2020-07-04 06:09:48\r\nfrerichmannjh@yahoo.com:bobbob11 | Telegram id: @PremiumHostTG : Expiration: 2020-03-08 10:53:03\r\nshockflare100@gmail.com:coolguy22 | Telegram id: @PremiumHostTG : Expiration: 2021-05-01 13:27:04\r\nshafaan@gmail.com:aaaa1111 | Telegram id: @PremiumHostTG : Expiration: 2021-03-13 19:26:26\r\njaredvman@gmail.com:popcorn123 | Telegram id: @PremiumHostTG : Expiration: 2020-02-11 08:35:18\r\nowen5ox@gmail.com:owen1999 | Telegram id: @PremiumHostTG : Expiration: 2020-03-20 04:08:52\r\nt.degrijs@gmail.com:123789456 | Telegram id: @PremiumHostTG : Expiration: 2020-04-16 15:58:02\r\nmasonball1992@gmail.com:ch1s0x12349 | Telegram id: @PremiumHostTG : Expiration: 2020-07-27 09:38:03\r\nowencunningham64@gmail.com:Flowers10 | Telegram id: @PremiumHostTG : Expiration: 2020-03-27 17:48:13\r\njustinoxd@gmail.com:ppsspp1996 | Telegram id: @PremiumHostTG : Expiration: 2023-04-23 12:44:08\r\nCTooley93@gmail.com:WestHam2012 | Telegram id: @PremiumHostTG : Expiration: 2020-03-21 22:37:20\r\nerichageman2@yahoo.com:mortalkombat12 | Telegram id: @PremiumHostTG : Expiration: 2023-04-15 04:53:57\r\nkiaramanuel10@gmail.com:inuyasha | Telegram id: @PremiumHostTG : Expiration: 2020-05-20 07:29:07\r\nxafiernera@gmail.com:gajah123 | Telegram id: @PremiumHostTG : Expiration: 2020-04-06 23:06:12\r\nbustanity@gmail.com:petteri1 | Telegram id: @PremiumHostTG : Expiration: 2020-07-03 09:53:27\r\njens_karlsson_17@hotmail.com:k123arlj | Telegram id: @PremiumHostTG : Expiration: 2022-05-05 10:36:03\r\nbjcarter83@hotmail.com:sierra115 | Telegram id: @PremiumHostTG : Expiration: 2022-09-15 18:41:50\r\nlukeashley87@googlemail.com:meena123 | Telegram id: @PremiumHostTG : Expiration: 2020-02-23 23:53:39\r\nstc2481@gmail.com:Snap1973 | Telegram id: @PremiumHostTG : Expiration: 2020-02-16 18:18:36\r\nloveme971.np@gmail.com:Missdydy1 | Telegram id: @PremiumHostTG : Expiration: 2020-04-14 03:14:18\r\nkohl.simonds@gmail.com:shortey24 | Telegram id: @PremiumHostTG : Expiration: 2021-03-24 08:32:47\r\nglogg86@hotmail.com:93463881asd | Telegram id: @PremiumHostTG : Expiration: 2020-04-05 05:01:28\r\nsbarton1968@gmail.com:garyleeryan3 | Telegram id: @PremiumHostTG : Expiration: 2020-02-29 18:31:11\r\nmatthew11martin@aol.com:Python99 | Telegram id: @PremiumHostTG : Expiration: 2020-05-06 00:38:58\r\nlasse.hviid@hotmail.com:lashvi1997 | Telegram id: @PremiumHostTG : Expiration: 2020-07-29 16:41:46\r\nrjs808@btinternet.com:tinkie63 | Telegram id: @PremiumHostTG : Expires at: 2021/08/31\r\nwhamilton05@hotmail.co.uk:medicine09 | Telegram id: @PremiumHostTG : Expires at: 2021/07/14\r\nTristanvanDeijk@hotmail.com:Deijk1107 | Telegram id: @PremiumHostTG : Expires at: 2021/06/11\r\nmatthewcharles4056@gmail.com:BennyBoy1 | Telegram id: @PremiumHostTG : Expires at: 2021/01/21\r\nsveinn.valm2@gmail.com:Mobhunter2 | Telegram id: @PremiumHostTG : Expires at: 2021/03/08\r\nsimardk@gmail.com:flames89 | Telegram id: @PremiumHostTG : Expires at: 2021/01/14\r\nlil_munchkin_239@hotmail.co.uk:Benjamin01 | Telegram id: @PremiumHostTG : Expires at: 2021/01/14\r\nlewisdeliseo@gmail.com:p055um1231 | Telegram id: @PremiumHostTG : Expires at: 2021/12/22\r\nshockflare100@gmail.com:coolguy22 | Telegram id: @PremiumHostTG : Expires at: 2021/05/01\r\nthedrewster357@gmail.com:DrewHudson357 | Telegram id: @PremiumHostTG : Expires at: 2021/06/16\r\njoshwright93@gmail.com:D9v863bb! | Telegram id: @PremiumHostTG : Expires at: 2021/06/02\r\nbarogers05@hotmail.com:Buddie05 | Telegram id: @PremiumHostTG : Expires at: 2021/02/15\r\nroberttqj@gmail.com:Tyler2912 | Telegram id: @PremiumHostTG : Expires at: 2021/06/17\r\nadrian@rivolier.net:Zarr9277 | Telegram id: @PremiumHostTG : Expires at: 2021/04/19\r\nhaleyvandenack@gmail.com:Apollo15 | Telegram id: @PremiumHostTG : Expires at: 2021/03/14\r\nryan.trainor92@gmail.com:Sports23 | Telegram id: @PremiumHostTG : Expires at: 2021/02/27\r\nv_villela@ymail.com:villela714 | Telegram id: @PremiumHostTG : Expires at: 2021/09/03\r\npeterclark4@yahoo.co.uk:Pass1word | Telegram id: @PremiumHostTG : Expires at: 2021/11/22\r\nblooper@gmx.ch:Oskar1805 | Telegram id: @PremiumHostTG : Expires at: 2021/07/17\r\ncnrjon@gmail.com:connor123! | Telegram id: @PremiumHostTG : Expires at: 2021/11/18\r\njoetaylor3235@gmail.com:windmi11 | Telegram id: @PremiumHostTG : Expires at: 2021/02/22\r\nmorales.eduardo5@yahoo.com:qazWSX13@ | Telegram id: @PremiumHostTG : Expires at: 2021/04/11\r\ngcartlidge1@hotmail.co.uk:Duster1996! | Telegram id: @PremiumHostTG : Expires at: 2021/01/30\r\njstratton0345@gmail.com:4rfv$RFV | Telegram id: @PremiumHostTG : Expires at: 2021/01/20\r\nnikolascook98@gmail.com:Funnywhaka98 | Telegram id: @PremiumHostTG : Expires at: 2021/05/17\r\nudalon@gmail.com:Uda22lon | Telegram id: @PremiumHostTG : Expires at: 2021/08/15\r\njakewestb01@gmail.com:Jdub2001 | Telegram id: @PremiumHostTG : Expires at: 2021/06/20\r\ntroyfleming43@gmail.com:Letmein90 | Telegram id: @PremiumHostTG : Expires at: 2021/05/14\r\nmr.n.macgrath@gmail.com:M0bility4all | Telegram id: @PremiumHostTG : Expires at: 2021/03/19\r\nalexwells524@gmail.com:caitlin1 | Telegram id: @PremiumHostTG : Expires at: 2021/12/19\r\nbbluebaugh@yahoo.com:Pi$$a112 | Telegram id: @PremiumHostTG : Expires at: 2023/05/06\r\nrcdgames11@gmail.com:Cacapopo3! | Telegram id: @PremiumHostTG : Expires at: 2024/06/06\r\njeff-sky@live.com:Tucker69! | Telegram id: @PremiumHostTG : Expires at: 2023/03/22\r\nwillie.anima@gmail.com:Cb7ff464f! | Telegram id: @PremiumHostTG : Expires at: 2023/03/17\r\no_stenerud@yahoo.no:Hulken88 | Telegram id: @PremiumHostTG : Expires at: 2021/11/28\r\nkostonwendt@gmail.com:Playdog99! | Telegram id: @PremiumHostTG : Expires at: 2020/07/18\r\ndaniel.james.over@gmail.com:K0bayashimaru | Telegram id: @PremiumHostTG : Expires at: 2023/06/08\r\nlogdog990@gmail.com:Ss121212 | Telegram id: @PremiumHostTG : Expires at: 2023/06/03\r\nchflate@hotmail.com:Hemmelig87 | Telegram id: @PremiumHostTG : Expires at: 2022/06/09\r\nowenparker02@gmail.com:Charlie009 | Telegram id: @PremiumHostTG : Expires at: 2020/07/24\r\ndjhorwood@hotmail.com:Nofearax!12 | Telegram id: @PremiumHostTG : Expires at: 2023/03/17\r\nomri11221212@gmail.com:omri11221212 | Telegram id: @PremiumHostTG : Expires at: 2020/10/12\r\nericsantiago091293@gmail.com:Jayden329! | Telegram id: @PremiumHostTG : Expires at: 2021/03/18\r\nmarcel_sixl@yahoo.de:Patricia1972 | Telegram id: @PremiumHostTG : Expires at: 2023/05/20\r\njohn.cleveland.ca@gmail.com:P1eisgood | Telegram id: @PremiumHostTG : Expires at: 2023/03/27\r\ndevinlematty@gmail.com:dbdtjkk1 | Telegram id: @PremiumHostTG : Expires at: 2020/07/20\r\nsloanr488@gmail.com:jellybean96 | Telegram id: @PremiumHostTG : Expires at: 2021/04/29\r\nfrederik.solbo@me.com:Fredy8striker | Telegram id: @PremiumHostTG : Expires at: 2021/12/01\r\nthemax4242@gmail.com:Exener42! | Telegram id: @PremiumHostTG : Expires at: 2022/09/22\r\nryanohanlon3595@gmail.com:Stdavids1 | Telegram id: @PremiumHostTG : Expires at: 2022/03/19\r\nsandro.pavlovic@hotmail.com:Pavo-007 | Telegram id: @PremiumHostTG : Expires at: 2022/10/21\r\nchris113@xtra.co.nz:Carlmcentee16 | Telegram id: @PremiumHostTG : Expires at: 2023/03/27\r\nawales6@gmail.com:Digaderm1 | Telegram id: @PremiumHostTG : Expires at: 2020/07/14\r\nseanswoy@gmail.com:gorays2010 | Telegram id: @PremiumHostTG : Expires at: 2020/12/30\r\naidan.lee123@gmail.com:Tennis10! | Telegram id: @PremiumHostTG : Expires at: 2021/03/29\r\ndave@voxace.com:Hsv98189! | Telegram id: @PremiumHostTG : Expires at: 2022/07/10\r\nbramz@hotmail.com:bram7437 | Telegram id: @PremiumHostTG : Expires at: 2023/06/24\r\nhappypuke@gmail.com:Ij626124 | Telegram id: @PremiumHostTG : Expires at: 2022/01/14\r\nchristianmadsen01@gmail.com:vaiog5555 | Telegram id: @PremiumHostTG : Expires at: 2023/02/21\r\nalpha10879@gmail.com:sensq230 | Telegram id: @PremiumHostTG : Expires at: 2020/07/18\r\nweissifer96@gmail.com:Rw20152240! | Telegram id: @PremiumHostTG : Expires at: 2022/08/11\r\nlukeceh@gmail.com:Watever123 | Telegram id: @PremiumHostTG : Expires at: 2021/08/23\r\ndavx3000@hotmail.com:Moi14666 | Telegram id: @PremiumHostTG : Expires at: 2021/04/21\r\nMarvinaugustin69@gmail.com:Thebestbrown101 | Telegram id: @PremiumHostTG : Expires at: 2023/03/06\r\nZartavion@gmail.com:Rotary6! | Telegram id: @PremiumHostTG : Expires at: 2021/04/08\r\njustin.callender.jc@gmail.com:Sibler99. | Telegram id: @PremiumHostTG : Expires at: 2023/05/11\r\ncompletevoidance@gmail.com:cownipples01 | Telegram id: @PremiumHostTG : Expires at: 2022/05/23\r\nbmlivingston99@gmail.com:Bubbleb3! | Telegram id: @PremiumHostTG : Expires at: 2020/09/13\r\neloc142@me.com:Clone142 | Telegram id: @PremiumHostTG : Expires at: 2020/12/26\r\nwilliamcasey99@gmail.com:H2oDelearious | Telegram id: @PremiumHostTG : Expires at: 2023/04/19\r\nboris-der-hund@web.de:Pudding3 | Telegram id: @PremiumHostTG : Expires at: 2022/12/10\r\ntdakota96@gmail.com:Tdakota27 | Telegram id: @PremiumHostTG : Expires at: 2023/11/12\r\nkadenmeyer80@gmail.com:ruby0318 | Telegram id: @PremiumHostTG : Expires at: 2022/02/22\r\nkenjamin.lafayette@gmail.com:H3lp3r182! | Telegram id: @PremiumHostTG : Expires at: 2023/01/27\r\nbarendcoetzeeupt@gmail.com:Jack123606c | Telegram id: @PremiumHostTG : Expires at: 2023/05/07\r\nJkress5033@att.net:Serpentlike12 | Telegram id: @PremiumHostTG : Expires at: 2023/06/23\r\njavanglenjr@icloud.com:SeeFee123 | Telegram id: @PremiumHostTG : Expires at: 2020/07/18\r\nJoshlewtkd@gmail.com:Yoshi123! | Telegram id: @PremiumHostTG : Expires at: 2021/12/28\r\nhosbond2@gmail.com:Mikkelmu5 | Telegram id: @PremiumHostTG : Expires at: 2021/04/29\r\nz_zabidi@hotmail.com:hongse91 | Telegram id: @PremiumHostTG : Expires at: 2021/09/03\r\nerwin-de-boer@live.com:Spongebob93 | Telegram id: @PremiumHostTG : Expires at: 2020/07/08\r\njoshhugley@hotmail.com:Josh5hugley | Telegram id: @PremiumHostTG : Expires at: 2023/06/12\r\naleab@live.ca:Belkin976 | Telegram id: @PremiumHostTG : Expires at: 2020/06/24\r\nyuenge@gmail.com:Alexanderd1 | Telegram id: @PremiumHostTG : Expires at: 2020/10/29\r\nsamva791@gmail.com:Kobus2001 | Telegram id: @PremiumHostTG : Expires at: 2023/03/15\r\nsoonerguy28@me.com:Appleidlol1 | Telegram id: @PremiumHostTG : Expires at: 2022/07/13\r\nbrgallemore@gmail.com:Bm21hysbh3o | Telegram id: @PremiumHostTG : Expires at: 2020/07/09\r\nthatswordcollector@hotmail.com:Adaisti90 | Telegram id: @PremiumHostTG : Expires at: 2023/05/30\r\njarodjenkins@gmail.com:Jlks2135! | Telegram id: @PremiumHostTG : Expires at: 2020/07/22\r\nCJPSykes@gmail.com:Calpol00 | Telegram id: @PremiumHostTG : Expires at: 2022/03/26\r\nyuri.sew@hotmail.com:Willis113 | Telegram id: @PremiumHostTG : Expires at: 2023/03/02\r\nblovvfish1@gmail.com:heatmax1 | Telegram id: @PremiumHostTG : Expires at: 2022/09/02\r\nbortiz97@hotmail.com:theBatman1 | Telegram id: @PremiumHostTG : Expires at: 2023/06/21\r\nfranzkappel@gmail.com:Sayen123 | Telegram id: @PremiumHostTG : Expires at: 2020/07/05\r\nazactro@yahoo.com:Polytheism1! | Telegram id: @PremiumHostTG : Expires at: 2021/08/20\r\njoshie6778@hotmail.com:Bonnie123!! | Telegram id: @PremiumHostTG : Expires at: 2021/01/21\r\nalex14976@gmail.com:Ivtec14976 | Telegram id: @PremiumHostTG : Expires at: 2020/07/08\r\nz0n05e5@gmail.com:Martin64 | Telegram id: @PremiumHostTG : Expires at: 2023/07/17\r\nk.osterwise@live.com:Sugardaddy3! | Telegram id: @PremiumHostTG : Expires at: 2022/01/26\r\nromanethan@hotmail.com:Rmg112233 | Telegram id: @PremiumHostTG : Expires at: 2022/05/12\r\nevena@hotmail.no:Pinnedyr1 | Telegram id: @PremiumHostTG : Expires at: 2023/06/01\r\ngaspard.fontaine@outlook.fr:Gf010901 | Telegram id: @PremiumHostTG : Expires at: 2022/09/12\r\nsam---96@hotmail.com:013284356Hk96! | Telegram id: @PremiumHostTG : Expires at: 2020/11/21\r\nandyscummings@googlemail.com:Schrodinger1 | Telegram id: @PremiumHostTG : Expires at: 2023/04/08\r\nryansbledsoe@gmail.com:Conner95 | Telegram id: @PremiumHostTG : Expires at: 2020/07/01\r\ndylanjharper@gmail.com:Kuasa99! | Telegram id: @PremiumHostTG : Expires at: 2020/10/07\r\naidanwhitethorne@gmail.com:Amberbmx2012! | Telegram id: @PremiumHostTG : Expires at: 2022/03/06\r\nmig.ced.pla@gmail.com:Cachou123 | Telegram id: @PremiumHostTG : Expires at: 2022/02/03\r\ntompatch92@hotmail.com:Exhale151 | Telegram id: @PremiumHostTG : Expires at: 2020/12/01\r\nhellbop@gmail.com:8Nacnud* | Telegram id: @PremiumHostTG : Expires at: 2022/09/17\r\ntwkm@hotmail.co.uk:Ragnarok01 | Telegram id: @PremiumHostTG : Expires at: 2020/12/31\r\nnickc8800@yahoo.com:mynameisnick8800 | Telegram id: @PremiumHostTG : Expires at: 2020/07/03\r\njamie.langham99@gmail.com:Jamaymayma99 | Telegram id: @PremiumHostTG : Expires at: 2020/07/09\r\nedwarmax6@gmail.com:Gorgonshnarf1! | Telegram id: @PremiumHostTG : Expires at: 2022/09/14\r\nceiuco@yahoo.com:Mate7762 | Telegram id: @PremiumHostTG : Expires at: 2020/07/20\r\ntberens3@gmail.com:Spike1994 | Telegram id: @PremiumHostTG : Expires at: 2020/09/08\r\nmitchell.lehrer@hotmail.com:Atlantis1019 | Telegram id: @PremiumHostTG : Expires at: 2022/02/27\r\ndylanpawson@gmail.com:Vipers11 | Telegram id: @PremiumHostTG : Expires at: 2020/08/02\r\ntoddjacob122@yahoo.com:Fallout57 | Telegram id: @PremiumHostTG : Expires at: 2021/06/07\r\nandreasw343@gmail.com:AsD3435561 | Telegram id: @PremiumHostTG : Expires at: 2022/10/20\r\nraul.phimister@gmail.com:Douglas01! | Telegram id: @PremiumHostTG : Expires at: 2020/12/13\r\npatrick.coca@comcast.net:lilboat8461 | Telegram id: @PremiumHostTG : Expires at: 2020/11/16\r\n24fred@gmail.com:Mraracing920 | Telegram id: @PremiumHostTG : Expires at: 2022/03/04\r\njameschan93@gmail.com:Kira-81jc | Telegram id: @PremiumHostTG : Expires at: 2022/06/26\r\nbilarbast@gmail.com:Knullarn98 | Telegram id: @PremiumHostTG : Expires at: 2023/03/25\r\nliamdoyle05@gmail.com:Bigshark1! | Telegram id: @PremiumHostTG : Expires at: 2023/04/07\r\nkucharskikamil@yahoo.com:Kk42913383! | Telegram id: @PremiumHostTG : Expires at: 2021/01/13\r\nnick.slabaugh@gmail.com:Don#fr3t | Telegram id: @PremiumHostTG : Expires at: 2023/03/27\r\nnoahjtl12@gmail.com:myname97 | Telegram id: @PremiumHostTG : Expires at: 2021/11/30\r\njflikka@gmail.com:doctor123 | Telegram id: @PremiumHostTG : Expires at: 2022/05/22\r\ndeancroskery@hotmail.co.nz:1234rewQ1234rewQ | Telegram id: @PremiumHostTG : Expires at: 2022/01/04\r\n22max5@gmail.com:Wolfseind1! | Telegram id: @PremiumHostTG : Expires at: 2021/08/06\r\nhartleyd9@yahoo.co.uk:Dannyboy28 | Telegram id: @PremiumHostTG : Expires at: 2022/09/24\r\nrmiksr@gmail.com:Zibens99! | Telegram id: @PremiumHostTG : Expires at: 2020/07/10\r\ntomedalby@gmail.com:!@12ABab | Telegram id: @PremiumHostTG : Expires at: 2022/08/12\r\nsanguinolant@hotmail.com:Fabien95 | Telegram id: @PremiumHostTG : Expires at: 2020/07/20\r\ncoopervandoren@yahoo.com:Maxumumm1 | Telegram id: @PremiumHostTG : Expires at: 2023/03/18\r\nnhsmrekar@gmail.com:Frankenstein1 | Telegram id: @PremiumHostTG : Expires at: 2023/10/12\r\nhaavard767@gmail.com:Aj439pry | Telegram id: @PremiumHostTG : Expires at: 2022/07/23\r\npatrick.ferguson.a@gmail.com:Peenpounder1! | Telegram id: @PremiumHostTG : Expires at: 2020/07/01\r\ngrantoliver96@gmail.com:Revilo1996 | Telegram id: @PremiumHostTG : Expires at: 2022/02/23\r\ncool.gaudin95@gmail.com:Callofduty25525 | Telegram id: @PremiumHostTG : Expires at: 2021/08/06\r\ndantgibb@gmail.com:Daniel251100 | Telegram id: @PremiumHostTG : Expires at: 2023/06/10\r\nlineahernea@gmail.com:Anniken1234 | Telegram id: @PremiumHostTG : Expires at: 2023/02/13\r\nashhorton3242000@gmail.com:Safety123 | Telegram id: @PremiumHostTG : Expires at: 2022/08/23\r\ndark.rah@gmail.com:Pineapple@5 | Telegram id: @PremiumHostTG : Expires at: 2022/08/08\r\nshane42391@hotmail.com:Ravens23 | Telegram id: @PremiumHostTG : Expires at: 2022/09/23\r\nT0XiiCKiTTEN@Gmail.com:Zeroskate1 | Telegram id: @PremiumHostTG : Expires at: 2021/08/31\r\nacchook@sbcglobal.net:Chook123 | Telegram id: @PremiumHostTG : Expires at: 2022/05/04\r\nronnimjellelid@hotmail.com:Asdfghjk1 | Telegram id: @PremiumHostTG : Expires at: 2020/07/17\r\nskypilot1995@gmail.com:John3.16 | Telegram id: @PremiumHostTG : Expires at: 2020/07/26\r\nemaverg@gmail.com:watdafuck1 | Telegram id: @PremiumHostTG : Expires at: 2020/07/20\r\ncouchk@bxscience.edu:couchfamily1224 | Telegram id: @PremiumHostTG : Expires at: 2020/09/18\r\nthewave030@gmail.com:73sheldor | Telegram id: @PremiumHostTG : Expires at: 2022/06/19\r\nwasmagellen@gmail.com:Applejack4630 | Telegram id: @PremiumHostTG : Expires at: 2022/09/03\r\nkorosimichael@gmail.com:MentorHockey17 | Telegram id: @PremiumHostTG : Expires at: 2020/07/04\r\njuelpeter@gmail.com:Jgv9379ccv | Telegram id: @PremiumHostTG : Expires at: 2020/07/08\r\nchrismr1028@gmail.com:Norun123 | Telegram id: @PremiumHostTG : Expires at: 2023/06/20\r\nheine.dyrby@gmail.com:Morhda1106! | Telegram id: @PremiumHostTG : Expires at: 2021/11/29\r\nmaxreedmiller@gmail.com:Mpqj7bxtw@ | Telegram id: @PremiumHostTG : Expires at: 2020/11/29\r\nufukogutcu@hotmail.com:Ufuk2007 | Telegram id: @PremiumHostTG : Expires at: 2022/03/29\r\njacob42gola@gmail.com:Jacob1990 | Telegram id: @PremiumHostTG : Expires at: 2022/08/16\r\nwilliamhoag26@gmail.com:Abby5will11! | Telegram id: @PremiumHostTG : Expires at: 2023/06/03\r\nmisery_x7@yahoo.com:Kcoleman622 | Telegram id: @PremiumHostTG : Expires at: 2022/04/17\r\nJcortes013@yahoo.com:Nobrah484 | Telegram id: @PremiumHostTG : Expires at: 2020/09/29\r\nallu.kokotti@gmail.com:Lotta9545 | Telegram id: @PremiumHostTG : Expires at: 2020/07/12\r\nkemry7@gmail.com:Vivalabam1 | Telegram id: @PremiumHostTG : Expires at: 2022/05/03\r\ncjlass1998@gmail.com:Draketamer75 | Telegram id: @PremiumHostTG : Expires at: 2020/06/27\r\njonshaw97@live.co.uk:Bunbury1 | Telegram id: @PremiumHostTG : Expires at: 2021/04/12\r\nkazakh12@gmail.com:Ed49u7492 | Telegram id: @PremiumHostTG : Expires at: 2022/09/19\r\nrecruitgamer@gmail.com:Angussid1 | Telegram id: @PremiumHostTG : Expires at: 2020/06/28\r\ntylerjohnstone64@gmail.com:Donthack55 | Telegram id: @PremiumHostTG : Expires at: 2020/09/22\r\nalihnmikkelsen@gmail.com:Mikkelsen1 | Telegram id: @PremiumHostTG : Expires at: 2021/12/18\r\njoshstoker97@aol.com:Spamattack123 | Telegram id: @PremiumHostTG : Expires at: 2020/07/25\r\nfennervalentin8@gmail.com:9bd33e382d | Telegram id: @PremiumHostTG : Expires at: 2023/04/17\r\nsuperhenryboss69@gmail.com:Yummyyummy168399! | Telegram id: @PremiumHostTG : Expires at: 2022/07/01\r\njayscott@iinet.net.au:Jayjay23 | Telegram id: @PremiumHostTG : Expires at: 2021/12/20\r\ntrentamighy@gmail.com:Trent0425 | Telegram id: @PremiumHostTG : Expires at: 2020/08/22\r\ntristan_100@hotmail.com:C00lness | Telegram id: @PremiumHostTG : Expires at: 2020/07/18\r\nlance14th@gmail.com:Lance114 | Telegram id: @PremiumHostTG : Expires at: 2021/01/25\r\njosetheotaku@gmail.com:Negima98! | Telegram id: @PremiumHostTG : Expires at: 2020/07/20\r\nhuerta.alex.2000@gmail.com:Pokemon2013! | Telegram id: @PremiumHostTG : Expires at: 2022/09/09\r\ndawnofwar000@hotmail.com:Beetle5753 | Telegram id: @PremiumHostTG : Expires at: 2022/10/25\r\ndannymackie1994@gmail.com:Scotland123 | Telegram id: @PremiumHostTG : Expires at: 2021/01/30\r\nryanmizell@ymail.com:Mizell91 | Telegram id: @PremiumHostTG : Expires at: 2021/08/26\r\nsuchdogewow811@gmail.com:Ilikepie1 | Telegram id: @PremiumHostTG : Expires at: 2020/07/11\r\npatrykstefaniak2711@googlemail.com:Patryk2711 | Telegram id: @PremiumHostTG : Expires at: 2020/07/11\r\nrrrockstar666@gmail.com:curly666 | Telegram id: @PremiumHostTG : Expires at: 2020/07/25\r\nmatthewbradford1823@gmail.com:GH@st1823 | Telegram id: @PremiumHostTG : Expires at: 2021/11/09\r\npv0225@aol.com:Codegeass743 | Telegram id: @PremiumHostTG : Expires at: 2022/10/01\r\njarodbookey@gmail.com:CadyBug77!! | Telegram id: @PremiumHostTG : Expires at: 2020/10/28\r\nstonemearl@gmail.com:assassinscreed3 | Telegram id: @PremiumHostTG : Expires at: 2020/09/30\r\njaimesbury@hotmail.com:Daxter888 | Telegram id: @PremiumHostTG : Expires at: 2023/05/22\r\nandrew_york@yahoo.com:Andrew94 | Telegram id: @PremiumHostTG : Expires at: 2021/01/26\r\njonatanj1996@hotmail.com:Hasten123 | Telegram id: @PremiumHostTG : Expires at: 2020/07/21\r\nkleemreis@gmail.com:Ellemiek01 | Telegram id: @PremiumHostTG : Expires at: 2021/05/28\r\n1spogosy@gmail.com:Sega1993 | Telegram id: @PremiumHostTG : Expires at: 2023/04/12\r\naidanmarino95@gmail.com:Archimedes13 | Telegram id: @PremiumHostTG : Expires at: 2020/12/05\r\ntyler.caldwellteam@gmail.com:Ty082300 | Telegram id: @PremiumHostTG : Expires at: 2020/08/01\r\nthetoxicated1@gmail.com:il2pvgadl | Telegram id: @PremiumHostTG : Expires at: 2022/06/19",
    "YaraRule": [
        "email_list",
        "enable_org32",
        "core_keywords",
        "email_filter"
    ],
    "total_emails": 514,
    "unique_emails": 508,
    "unique_domains": 55
}