{
    "scrape_url": "https://scrape.pastebin.com/api_scrape_item.php?i=i92Je0MK",
    "full_url": "https://pastebin.com/i92Je0MK",
    "date": "1594902293",
    "key": "i92Je0MK",
    "size": 131,
    "expire": "0",
    "title": "wirTurt2.0",
    "syntax": "lua",
    "user": "",
    "filename": "i92Je0MK",
    "pasteid": "i92Je0MK",
    "pastesite": "pastebin.com",
    "@timestamp": "2020-07-16T12:24:53",
    "MD5": "aea0e57d3759ae6642537ec95857785c",
    "SHA256": "0f6af23328c51b3b48c37df34a7fd97d616eab30f8fb9a557e47396ca936e1d6",
    "raw_paste": "rednet.open(\"left\")\r\n\r\nwhile true do\r\nlocal x,y,z=rednet.receive(\"turtle\")\r\n\r\nr=shell.run(y)\r\n    rednet.broadcast(r,\"turtle\")\r\nend",
    "YaraRule": [
        "enable_org32",
        "core_keywords"
    ]
}