{
    "scrape_url": "https://scrape.pastebin.com/api_scrape_item.php?i=JBX8R8j6",
    "full_url": "https://pastebin.com/JBX8R8j6",
    "date": "1594879005",
    "key": "JBX8R8j6",
    "size": 44078,
    "expire": "0",
    "title": "TOKOPEDIA DATABASE",
    "syntax": "php",
    "user": "",
    "filename": "JBX8R8j6",
    "pasteid": "JBX8R8j6",
    "pastesite": "pastebin.com",
    "@timestamp": "2020-07-16T05:56:45",
    "MD5": "f282294350eb9557b0e79615404227b9",
    "SHA256": "5019e505200e6dd4a0eee92abf46724774c470169e6f3c1965a3742f389b77d2",
    "raw_paste": "========================================================================\r\n                   TOKOPEDIA LEAKED DB : 91M USERS (100% ORIGINAL LEAK)\r\n========================================================================\r\n\r\nLink to this hacked DB\r\nhttps://bit.ly/2VoDVji\r\n\r\n\r\n======================================================================================\r\nList of Few Original DB Leaks :\r\nhttps://bit.ly/2HAlEZU\r\n======================================================================================\r\n\r\n\r\nThis leak includes 91M records.\r\nJust open up the DBs in your favorite text editor and Ctrl + F for the email you want to hack.\r\n\r\nProof of content  100 lines of records from the DB.\r\n\r\nuser_id\t user_name\t user_email\t user_pwd\t status\t full_name\t sex\t birth_date\t location\t msisdn\t messenger\t flag_email\t flag_messenger\t flag_birthdate\t flag_hp\t flag_img\t occupation\t company\t schools\t hobbies\t relationship\t activation_code\t about_me\t last_login\t deposit\t create_by\t create_time\t update_by\t update_time\t email_new\t email_cancel_code\t email_confirm_code\t reset_password_code\t profile_effective_date\t status_data\t shop_info\t lang\t user_pwd_1\t uniq_char\r\n\r\n31106802\t\\N\tir.chephoet@yahoo.com\t\\N\t1\t[CHARACTER_NOT_ALLOWED]\t1\t1997-01-05\t\\N\t\\N\t\\N\t\\N\t\\N\t\\N\t\\N\t\\N\t\\N\t\\N\t\\N\t\\N\t\\N\t97aa6d52-8e41-4a10-a3e1-de9c3f668065\t\\N\t\\N\t\\N\t0\t2018-04-19 22:34:20.991143\t\\N\t\\N\t\\N\t\\N\t\\N\t\\N\t\\N\t\\N\t\\N\t\\N\t\\N\t\\N\r\n27208217\t\\N\tlusitriasih2014@gmail.com\t\\N\t-1\tLusi Tri Asih\t2\t1996-01-07\t\\N\t081327279680\t\\N\t0\t0\t0\t\\N\t0\t\\N\t\\N\t\\N\t\\N\t\\N\tE5DEEF30-FF00-11E7-BCEC-46A208DAEFB5\t\\N\t\\N\t\\N\t-99\t2018-01-22 06:14:57.970428\t-99\t\\N\t\\N\t\\N\t\\N\t\\N\t2018-02-21 06:14:57.970428\t\\N\t\\N\t\\N\t\\N\t\\N\r\n26878874\t\\N\tjannamonroe5@gmail.com\t\\N\t1\tJanna Monroe\t1\t\\N\t\\N\t6285719670685\t\\N\t\\N\t\\N\t\\N\t\\N\t\\N\t\\N\t\\N\t\\N\t\\N\t\\N\t713042fe-513c-46cd-8c4b-7c16d1421e2c\t\\N\t\\N\t\\N\t0\t2018-01-13 06:19:24.355549\t26878874\t2018-01-13 06:20:12.251061\t\\N\t\\N\t\\N\t\\N\t2018-02-12 06:20:12.24866\t1\t\\N\t\\N\tab4cc8635970772f0f3e13c36e10dbb5ee874faff62465c88fbff7496ab9c80d7a1d9e87ad4ff7d9c7a8dba0164c630e\t2b6c\r\n26856194\t\\N\tlangkah9b@gmail.com\t\t1\tOka\t1\t2002-06-29\t\\N\t6287868837705\t\\N\t\\N\t\\N\t\\N\t\\N\t\\N\t\\N\t\\N\t\\N\t\\N\t\\N\tee637f70-d895-493a-960d-8693f2d74207\t\\N\t\\N\t\\N\t0\t2018-01-12 14:09:04.3659\t26856194\t2018-01-12 14:11:57.030979\t\\N\t\\N\t\\N\t\\N\t2018-02-11 14:11:57.030166\t1\t\\N\t\te21cb1f4982c81cd565ef1ec92c88ae5349a56b0e8bdf7a695579c2838c20f0ecc0a574f8bf1e1724066cd1c668d77e7\ta018\r\n26856268\t\\N\tkomangpipit809@gmail.com\t\\N\t1\tKomang Pipit\t2\t1998-07-28\t\\N\t6285758507688\t\\N\t\\N\t\\N\t\\N\t\\N\t\\N\t\\N\t\\N\t\\N\t\\N\t\\N\t2ce73196-10f0-4386-a016-f3e30f1ee0df\t\\N\t\\N\t\\N\t0\t2018-01-12 14:11:08.42499\t26856268\t\\N\t\\N\t\\N\t\\N\t\\N\t\\N\t\\N\t\\N\t\\N\t0c68c2529377f8d28beb08a6b22a9e7a4021a832a61db580b89f0333b096f78a05b3bef9331013d68fbddf247748901a\t2f3e\r\n30634347\t\\N\thimawanmeidayanto1474@yahoo.com\t\\N\t1\tHimawan Meidayanto\t0\t\\N\t\\N\t\\N\t\\N\t\\N\t\\N\t\\N\t\\N\t\\N\t\\N\t\\N\t\\N\t\\N\t\\N\te1672ed9-8046-4633-bf35-c531630ba34e\t\\N\t\\N\t\\N\t0\t2018-04-10 16:17:56.830061\t\\N\t\\N\t\\N\t\\N\t\\N\t\\N\t\\N\t\\N\t\\N\t\\N\t\\N\t\\N\r\n26878889\t\\N\tfariziilhan024@gmail.com\t\\N\t1\tIlhan Farizi\t1\t\\N\t\\N\t6283814330758\t\\N\t\\N\t\\N\t\\N\t\\N\t\\N\t\\N\t\\N\t\\N\t\\N\t\\N\t0f692664-fea0-4813-9add-3397beeabd8b\t\\N\t\\N\t\\N\t0\t2018-01-13 06:21:08.541295\t26878889\t2018-01-13 06:22:53.499184\t\\N\t\\N\t\\N\t\\N\t2018-02-12 06:22:53.496755\t1\t\\N\t\\N\t189c53f1106c96cb30cebc13d3f909048180cd8a199098cff3b406063631ee836756605aa3727819567054b47cf08d29\t0ca0\r\n31114615\t\\N\taculljr9@gmail.com\t\\N\t1\tM Samsul Romli\t1\t1999-09-21\t\\N\t6289661199710\t\\N\t\\N\t\\N\t\\N\t\\N\t\\N\t\\N\t\\N\t\\N\t\\N\t\\N\t12aef257-447b-427c-a902-a8b733c6581c\t\\N\t\\N\t\\N\t0\t2018-04-20 05:36:08.449806\t31114615\t2018-04-20 05:37:44.817067\t\\N\t\\N\t\\N\t984dc661-b330-402f-9558-ad8094562bf2\t2018-05-20 05:37:44.814182\t1\t\\N\t\\N\tdcfe0c6abd9eb05bb65af4471e9c258c056378a0ed798d5dfcefb1e0784065cba25b921307fb8df32818df659133888c\tc8e6\r\n21136836\t\\N\tariskeong6@gmail.com\t\t1\tAris Yudhion\t1\t1987-02-09\t\\N\t6282221224670\t\\N\t\\N\t\\N\t\\N\t\\N\t\\N\t\\N\t\\N\t\\N\t\\N\t\\N\tb71bee7b-30cb-4e94-aaa6-8710cf39e478\t\\N\t\\N\t\\N\t0\t2017-07-22 13:55:13.45435\t21136836\t2017-07-22 13:57:35.456084\t\\N\t\\N\t\\N\t\\N\t2017-08-21 13:57:35.455387\t1\t\\N\t\\N\teb8e5cc13903bd7db7dad1f23daeb6f44b9445c7a7118f80d0e4ec53edd330d24f1cb803dbb97f5d5588f8914f4837df\td197\r\n21136838\t\\N\tfranshtbarat528@gmail.com\t\t1\tFrans Htbarat\t0\t\\N\t\\N\t6282298497731\t\\N\t\\N\t\\N\t\\N\t\\N\t\\N\t\\N\t\\N\t\\N\t\\N\t\\N\tb648f109-a875-4daf-836a-bd8c568ee337\t\\N\t\\N\t\\N\t0\t2017-07-22 13:55:18.866584\t21136838\t2017-07-22 13:56:28.909897\t\\N\t\\N\t\\N\t\\N\t2017-08-21 13:56:29.007262\t1\t\\N\t\\N\tf3a1dca961526e9d82249458e2cb2078ee583ae4152000120577c20dd5ecb106d935f5d146cd291ab479c06569eb6148\t3ae7\r\n21136839\t\\N\tindra.saipul20@gmail.com\t\t1\tindra saipul\t1\t\\N\t\\N\t6282297271234\t\\N\t\\N\t\\N\t\\N\t\\N\t\\N\t\\N\t\\N\t\\N\t\\N\t\\N\t6ee144ed-72b4-474a-b5ce-d42f652486d2\t\\N\t\\N\t\\N\t0\t2017-07-22 13:55:26.281571\t21136839\t2017-07-22 13:56:50.735623\t\\N\t\\N\t\\N\t\\N\t2017-08-21 13:56:50.734771\t1\t\\N\t\\N\t3a278c52a6edd75e68d79126808ff89cf33bb88382a3164e3dd029903cdd2385eb6b7decd2fc2b2813161cb9250ad417\teede\r\n21136843\t\\N\tmahard61@gmail.com\t\t1\tMahardika dika\t0\t\\N\t\\N\t6285692021795\t\\N\t\\N\t\\N\t\\N\t\\N\t\\N\t\\N\t\\N\t\\N\t\\N\t\\N\t7c0f81e3-d1f3-4e3c-acad-db1a9a5c1b6c\t\\N\t\\N\t\\N\t0\t2017-07-22 13:55:38.922355\t\\N\t\\N\t\\N\t\\N\t\\N\t\\N\t\\N\t\\N\t\\N\t\\N\td41f1fd10a39e9e977dc0f10e6c2de29cc473c908ac79ac972c372fb17ec8ea1f8ae1a422a1c8ece2fdef898ef9dff96\t46b8\r\n21136844\t\\N\tdimasaprila@rocketmail.com\t\t1\tDimas Aprila\t1\t\\N\t\\N\t6285921323850\t\\N\t\\N\t\\N\t\\N\t\\N\t\\N\t\\N\t\\N\t\\N\t\\N\t\\N\t8990f294-b3c2-45d8-aa36-2183a498cc1b\t\\N\t\\N\t\\N\t0\t2017-07-22 13:55:40.294365\t21136844\t2017-07-22 13:57:07.02574\t\\N\t\\N\t\\N\t\\N\t2017-08-21 13:57:07.024917\t1\t\\N\t\\N\tdf9b3d0d176937d63663fd5b6b6c4ae5720abade08e37c0b02d8e5565b2b4b1d5f9ed6610aab6bdb57cafbecffd32b0c\t843f\r\n21136845\t\\N\tnanda.lita@yahoo.com\t\t1\tNandalitha Dewi Agatha\t2\t\\N\t\\N\t6281357574020\t\\N\t\\N\t\\N\t\\N\t\\N\t\\N\t\\N\t\\N\t\\N\t\\N\t\\N\ta6888580-8bb3-4bac-a0df-905be727cbcc\t\\N\t\\N\t\\N\t0\t2017-07-22 13:55:41.221575\t21136845\t2017-07-22 13:57:23.174322\t\\N\t\\N\t\\N\t\\N\t2017-08-21 13:57:23.173434\t1\t\\N\t\\N\t1efa96f2ca2b54473967b486481dd3425687befc0e7a3780dd2623a7fcb3a34857433c4f12af4a13f4c51b666858f2d9\tcb9e\r\n21136847\t\\N\tndangbrata@gmail.com\t\t1\tEndang Subrata\t1\t1984-04-19\t\\N\t6281382401996\t\\N\t\\N\t\\N\t\\N\t\\N\t\\N\t\\N\t\\N\t\\N\t\\N\t\\N\t9010c3ce-1563-4562-9d7a-f74a8e725f42\t\\N\t\\N\t\\N\t0\t2017-07-22 13:55:52.581594\t21136847\t2017-07-22 13:57:42.438918\t\\N\t\\N\t\\N\t\\N\t2017-08-21 13:57:42.438918\t1\t\\N\tid\ta30c591b9215c4821fbe55c68edcea29ec553366f585f9e3407a50d9cb91ac02b67e9f65133ea1c5e76f5db9b7952846\t8cc1\r\n66360490\t\\N\tmuhlasdompu55@gmail.com\t\\N\t1\tMuhlas Dompu\t0\t\\N\t\\N\t\t\\N\t\\N\t\\N\t\\N\t\\N\t\\N\t\\N\t\\N\t\\N\t\\N\t\\N\t8152049d-7088-47d8-ade4-d6d1f8c1f6c7\t\\N\t\\N\t\\N\t0\t2019-05-22 00:20:50\t\\N\t\\N\t\\N\t\\N\t\\N\t\\N\t\\N\t\\N\t\\N\t\\N\t\\N\t\\N\r\n21136849\t\\N\tedi.halim135@gmail.com\t\t1\tEdi Halim\t1\t\\N\t\\N\t6285720212226\t\\N\t\\N\t\\N\t\\N\t\\N\t\\N\t\\N\t\\N\t\\N\t\\N\t\\N\t902ae5cb-8c50-4def-bb04-14a307139a4e\t\\N\t\\N\t\\N\t0\t2017-07-22 13:56:01.423117\t21136849\t\\N\t\\N\t\\N\t\\N\t\\N\t\\N\t\\N\t\\N\t\\N\t8bee63346b0edda9f4ef8c432c084a41dc7ce10e725dfdb374763120b2c30f5af4b8cd439a6a078acfb6ce31bad7809d\t9a52\r\n18221844\t\\N\tpendoel_gmc@yahoo.com\t\\N\t1\tN'da Pendoel\t1\t\\N\t\\N\t\\N\t\\N\t\\N\t\\N\t\\N\t\\N\t\\N\t\\N\t\\N\t\\N\t\\N\t\\N\tfd935509-3b91-4f3e-84f4-12d1a920c533\t\\N\t\\N\t\\N\t0\t2017-04-11 10:31:04.54021\t\\N\t\\N\t\\N\t\\N\t\\N\t\\N\t\\N\t\\N\t\\N\t\\N\t\\N\t\\N\r\n21136854\t\\N\thedarsetiawan79@gmail.com\t\t1\tArdy Setiawan\t0\t\\N\t\\N\t6285756227905\t\\N\t\\N\t\\N\t\\N\t\\N\t\\N\t\\N\t\\N\t\\N\t\\N\t\\N\t82f7ce15-ce7b-45cb-bd98-27fa45da420e\t\\N\t\\N\t\\N\t0\t2017-07-22 13:56:27.131851\t21136854\t\\N\t\\N\t\\N\t\\N\t\\N\t\\N\t\\N\t\\N\t\\N\tb695054db31162eea75cddebd2ad97a3cdac9584b4df4a7e5c67548e6ff7f9a6f941a0e338511324458c67f0a710d769\t3b82\r\n78782143\t\\N\tmasudah82@gmail.com\t\\N\t1\tmasudah masudahhm\t0\t\\N\t\\N\t\t\\N\t\\N\t\\N\t\\N\t\\N\t\\N\t\\N\t\\N\t\\N\t\\N\t\\N\t02c4bea3-c4d4-42dd-aa35-69ab03ad792d\t\\N\t\\N\t\\N\t0\t2019-10-06 00:19:18\t\\N\t\\N\t\\N\t\\N\t\\N\t\\N\t\\N\t\\N\t\\N\t\\N\t\\N\t\\N\r\n88946517\t\\N\t12sevaputra@gmail.com\t\\N\t1\tseva putra\t0\t\\N\t\\N\t\t\\N\t\\N\t\\N\t\\N\t\\N\t\\N\t\\N\t\\N\t\\N\t\\N\t\\N\tb8b46754-4461-4fdc-a624-88253cfc27ec\t\\N\t\\N\t\\N\t0\t2020-02-10 00:26:27\t\\N\t\\N\t\\N\t\\N\t\\N\t\\N\t\\N\t\\N\t\\N\t\\N\t\\N\t\\N\r\n21136862\t\\N\tosyhandriyaniosy@yahoo.co.id\t\t-1\tOsi handriyani\t0\t\\N\t\\N\t6281322718325\t\\N\t\\N\t\\N\t\\N\t\\N\t\\N\t\\N\t\\N\t\\N\t\\N\t\\N\t1782e1eb-11d9-4868-ab5e-93df2d1db4a6\t\\N\t\\N\t\\N\t0\t2017-07-22 13:56:50.214375\t\\N\t\\N\t\\N\t\\N\t\\N\t\\N\t\\N\t\\N\t\\N\t\\N\t19469e7e44761c529c39169c43554990292841952e3c948f39ebfef616367917625949ca183ffca3f2e27a968be904b4\t6817\r\n77836593\t\\N\tjanuariawalia@gmail.com\t\\N\t1\tAwalia Januari\t0\t\\N\t\\N\t\t\\N\t\\N\t\\N\t\\N\t\\N\t\\N\t\\N\t\\N\t\\N\t\\N\t\\N\t8fab63ba-05b1-45b8-8313-08c4e4ed7fc9\t\\N\t\\N\t\\N\t0\t2019-09-25 00:25:52\t\\N\t\\N\t\\N\t\\N\t\\N\t\\N\t\\N\t\\N\t\\N\t\\N\t\\N\t\\N\r\n21136867\t\\N\tbhatoganteng1818@gmail.com\t\t1\tIndra Wan\t1\t\\N\t\\N\t6281556532270\t\\N\t\\N\t\\N\t\\N\t\\N\t\\N\t\\N\t\\N\t\\N\t\\N\t\\N\t37af1859-8c3b-48e1-8910-398802a4f412\t\\N\t\\N\t\\N\t0\t2017-07-22 13:56:57.223846\t21136867\t2017-07-22 14:12:00.459451\t\\N\t\\N\t\\N\t\\N\t2017-08-21 14:12:00.45891\t1\t\\N\t\\N\td82453485967799a54c8052fe1c9777b3cfac144981ce6ab74889c4d5ff42d70ee58e5d6955ff55cc1ede61d47ffc91d\ta0ab\r\n21136870\t\\N\thanyany73@gmail.com\t\t1\tHanifah\t0\t\\N\t\\N\t6282137164434\t\\N\t\\N\t\\N\t\\N\t\\N\t\\N\t\\N\t\\N\t\\N\t\\N\t\\N\t5e423b71-338b-48b2-8836-d1a7bd8cfed9\t\\N\t\\N\t\\N\t0\t2017-07-22 13:57:03.223417\t21136870\t2017-07-22 13:57:35.686834\t\\N\t\\N\t\\N\t\\N\t2017-08-21 13:57:35.686184\t1\t\\N\t\\N\t176d3e84daea58dfb687162852b660d8a4c1222da76d47cc259f1c9d124edfb506bd6c79895b24d89c966d7403587659\t0ac8\r\n27209002\t\\N\ta04011@hanydwita.com\t\\N\t-1\thanydwita\t0\t\\N\t\\N\t628532465564011\t\\N\t\\N\t\\N\t\\N\t\\N\t\\N\t\\N\t\\N\t\\N\t\\N\t\\N\t9649db54-8013-4064-a1be-17af828ed6a4\t\\N\t\\N\t\\N\t0\t2018-01-22 06:51:06.133843\t\\N\t\\N\t\\N\t\\N\t\\N\t\\N\t\\N\t\\N\t\\N\t\\N\tda16ac2825dae84c2573d28b8e00bc061e0cb622baea388e960ac651507f2ee1e9c4b0057282bbe0a0ecdab947ffa8e9\t93c1\r\n31106845\t\\N\tsumyatiolive86@gmail.com\t\\N\t1\tSumyatiolive86@gmail.com Olive86\t0\t\\N\t\\N\t\\N\t\\N\t\\N\t\\N\t\\N\t\\N\t\\N\t\\N\t\\N\t\\N\t\\N\t\\N\t5932110f-6f0c-4f81-b361-0691dc185e62\t\\N\t\\N\t\\N\t0\t2018-04-19 22:35:29.966899\t\\N\t\\N\t\\N\t\\N\t\\N\t\\N\t\\N\t\\N\t\\N\t\\N\t\\N\t\\N\r\n32539739\t\\N\torizal613@gmail.com\t\\N\t1\tRizal Wan\t1\t\\N\t\\N\t\\N\t\\N\t\\N\t\\N\t\\N\t\\N\t\\N\t\\N\t\\N\t\\N\t\\N\t\\N\t49aa6884-caf2-4500-9500-70e5e227215c\t\\N\t\\N\t\\N\t0\t2018-05-15 01:12:01.250045\t\\N\t\\N\t\\N\t\\N\t\\N\t\\N\t\\N\t\\N\t\\N\t\\N\t\\N\t\\N\r\n71555678\t\\N\twaqiatuluyun07@gmail.com\t\\N\t1\tWaqiatul Uyun\t0\t\\N\t\\N\t\t\\N\t\\N\t\\N\t\\N\t\\N\t\\N\t\\N\t\\N\t\\N\t\\N\t\\N\tb9cc723a-2c87-48a3-b54d-cb2068fe02a8\t\\N\t\\N\t\\N\t0\t2019-07-23 00:22:09\t\\N\t\\N\t\\N\t\\N\t\\N\t\\N\t\\N\t\\N\t\\N\t\\N\t\\N\t\\N\r\n29253423\t\\N\tdjumiran7@gmail.com\t\\N\t1\tnaira\t0\t\\N\t\\N\t628983867586\t\\N\t\\N\t\\N\t\\N\t\\N\t\\N\t\\N\t\\N\t\\N\t\\N\t\\N\t3910ec41-e89a-4241-bd5b-ae5c65f113be\t\\N\t\\N\t\\N\t0\t2018-03-19 23:08:12.662834\t29253423\t2018-03-19 23:10:07.173458\t\\N\t\\N\t\\N\t\\N\t2018-04-18 23:10:07.172003\t1\t\\N\t\\N\t44cdf0995982d182adddfaca4b208d094f0e3be64fc86ed01e714ed76c059672035e2608de372e89de266c7879490173\ta669\r\n26878217\t\\N\tsuprianiyenni@yahoo.co.id\t\\N\t1\tYeni Hendrayani\t2\t1988-10-12\t\\N\t6285789301922\t\\N\t\\N\t\\N\t\\N\t\\N\t\\N\t\\N\t\\N\t\\N\t\\N\t\\N\t2213e7db-d837-4f17-872d-d953cb6981a9\t\\N\t\\N\t\\N\t0\t2018-01-13 05:24:13.515226\t26878217\t\\N\t\\N\t\\N\t\\N\t\\N\t\\N\t\\N\t\\N\t\\N\ta273d22c0e902d0b07aa04006da05348507cc8e8b04f7e048b82c5da75267bedf000e76a01b39315bf3dac85b054b6bc\tbcd8\r\n21136871\t\\N\tleizsosweet_17@yahoo.co.id\t\t1\tAiNi J W AiNi\t2\t\\N\t\\N\t6281286293888\t\\N\t\\N\t\\N\t\\N\t\\N\t\\N\t\\N\t\\N\t\\N\t\\N\t\\N\tc78ccae1-842b-4433-9ec7-bb3b64ff5e14\t\\N\t\\N\t\\N\t0\t2017-07-22 13:57:07.497543\t21136871\t2017-09-29 18:15:05.643062\t\\N\t\\N\t\\N\t\\N\t2017-10-29 18:15:05.643062\t1\t\\N\t\\N\t064895bb78919d7d9e2299783ddf5cedd2e0cd586ae5cac20b09678e458d06063b1f42db33bc0dd7bc3d69efdd0d0386\t69a4\r\n21136872\t\\N\tdwimentary14@gmail.com\t\t1\tDwi Mentary\t0\t\\N\t\\N\t6285830237413\t\\N\t\\N\t\\N\t\\N\t\\N\t\\N\t\\N\t\\N\t\\N\t\\N\t\\N\t102c0fcb-4634-4223-932a-f18e31bbc7a3\t\\N\t\\N\t\\N\t0\t2017-07-22 13:57:08.809043\t\\N\t\\N\t\\N\t\\N\t\\N\t\\N\t\\N\t\\N\t\\N\t\\N\ta5b33fd4ac791ecbfd2d4a10784805a320a0d987cf43785f0ca7ebc0eae47cdc06a3c1df9099a6b66bcc23ce5348a497\tef53\r\n21136873\t\\N\tnurulbadriyah2069@gmail.com\t\t1\tnurul badriyah\t1\t\\N\t\\N\t6285230812553\t\\N\t\\N\t\\N\t\\N\t\\N\t\\N\t\\N\t\\N\t\\N\t\\N\t\\N\t17df06a3-5461-43b2-ad1b-e6b2ec7f18c6\t\\N\t\\N\t\\N\t0\t2017-07-22 13:57:12.459512\t21136873\t2017-07-22 13:59:14.174828\t\\N\t\\N\t\\N\t\\N\t2017-08-21 13:59:14.27272\t1\t\\N\t\\N\t36e28dd98057d11651152ee81c512822c3893658202d49694d95ec621490db965f3ae1354ab5730a8d8afe2c0407a200\t3bd9\r\n21136875\t\\N\tradyt28@gmail.com\t\t1\trahmat hidayat\t1\t1988-11-28\t\\N\t6283823112346\t\\N\t\\N\t\\N\t\\N\t\\N\t\\N\t\\N\t\\N\t\\N\t\\N\t\\N\t42e2175b-9172-4241-9a04-6a658f4748d2\t\\N\t\\N\t\\N\t0\t2017-07-22 13:57:18.542557\t21136875\t2017-07-22 13:59:15.572205\t\\N\t\\N\t\\N\t\\N\t2017-08-21 13:59:15.670064\t1\t\\N\t\\N\t834234a48937eb39137fbc8a15afa95286d71b4c3dfaaf56ee15a4c6dd9b2d71f4f338cb688533a43e7b447853d2e2e0\ta36f\r\n21136877\t\\N\tdickyadtya24@gmail.com\t\t1\tDicky Aditya Hernawan\t1\t2002-05-24\t\\N\t6287821928081\t\t\\N\t\\N\t\\N\t\\N\t\\N\t\\N\t\\N\t\\N\tmain bola\t\\N\t08d339dd-679d-451d-b1ef-db86835cc2db\t\\N\t\\N\t\\N\t0\t2017-07-22 13:57:20.080446\t21136877\t2017-10-31 16:51:27.326768\t\\N\t\\N\t\\N\t59aeab67-d893-4e21-8b67-8439d7380752\t2017-08-21 13:57:37.964933\t1\t\\N\t\\N\t01f3347ab2a2eaf007501015d4c322965361a8f1bdc052b510590b397946e566243f3333abe7202c13f553298cbe1b69\tf335\r\n21136878\t\\N\tstntakim@gmail.com\t\t1\tTakim Stn\t0\t\\N\t\\N\t6282395181785\t\\N\t\\N\t\\N\t\\N\t\\N\t\\N\t\\N\t\\N\t\\N\t\\N\t\\N\t3ade03e7-d258-41c7-8cd7-1a368a549985\t\\N\t\\N\t\\N\t0\t2017-07-22 13:57:20.607474\t21136878\t2017-07-22 13:57:52.362603\t\\N\t\\N\t\\N\t\\N\t2017-08-21 13:57:52.360989\t1\t\\N\t\\N\t3725162eae5ce5e5a2cd874bf2ea4d5e0e25abc5874bf8c8a7edcc97c8ab1eef43f8c92683fb0a96b3e3657e55b619ce\t2769\r\n21136880\t\\N\tarizal.way@gmail.com\t\t1\tArizal Sm\t1\t1992-09-03\t\\N\t6287879676192\t\\N\t\\N\t\\N\t\\N\t\\N\t\\N\t\\N\t\\N\t\\N\t\\N\t\\N\tb6eb6ce3-6c2f-4e9d-9c19-63cc928f656a\t\\N\t\\N\t\\N\t0\t2017-07-22 13:57:22.058153\t21136880\t2017-07-22 14:04:55.561898\t\\N\t\\N\t\\N\t\\N\t2017-08-21 14:04:55.561898\t1\t\\N\t\\N\t172489b7ecb73944001d6bf739a34534b097a1be35c94a75c871cd2afdafbb1dc35ab5ce62e9660e20905fd34faec9c4\t7021\r\n21136882\t\\N\thanywee18@gmail.com\t\t1\tHany Ivak Sandy\t0\t\\N\t\\N\t6282166930491\t\\N\t\\N\t\\N\t\\N\t\\N\t\\N\t\\N\t\\N\t\\N\t\\N\t\\N\t49164a1f-1d17-49b6-ad55-a56a047f0e9c\t\\N\t\\N\t\\N\t0\t2017-07-22 13:57:26.641147\t21136882\t2017-07-22 14:10:02.4005\t\\N\t\\N\t\\N\t\\N\t2017-08-21 14:10:02.500737\t1\t\\N\t\\N\t09a8fed09c4e742ee6c4972d7232a4a430b38c22cba8cae66a43771117b988c9acf082bd8471155815f9d4172a2d5778\t6500\r\n21136883\t\\N\tyantiimut275@gmail.com\t\t1\tlilis manis\t1\t\\N\t\\N\t6281319822058\t\\N\t\\N\t\\N\t\\N\t\\N\t\\N\t\\N\t\\N\t\\N\t\\N\t\\N\t273fee2a-3167-4095-a616-6e9392c558dc\t\\N\t\\N\t\\N\t0\t2017-07-22 13:57:27.027727\t21136883\t2017-07-22 13:59:03.756854\t\\N\t\\N\t\\N\t\\N\t2017-08-21 13:59:03.755879\t1\t\\N\t\\N\t69f34b92d3cbae7c1b003a33997183525f08f6bdcc01565e8858e0c9bc46bc930ecf540b20475ba0ce89f997301278df\t7dd5\r\n34749624\t\\N\tdanieldanil95@yahoo.com\t\\N\t-1\tDannael\t0\t\\N\t\\N\t6281270898697\t\\N\t\\N\t\\N\t\\N\t\\N\t\\N\t\\N\t\\N\t\\N\t\\N\t\\N\t2202ad62-76a9-4081-8c85-79f623110a5e\t\\N\t\\N\t\\N\t0\t2018-06-11 00:07:43\t\\N\t\\N\t\\N\t\\N\t\\N\t\\N\t\\N\t\\N\t\\N\t\\N\t314cc350818ed1aa9e4f9094bc48b1c693a2335a30effdbc381af2fed76df9f4399e67e170c64f15cc153d9ba05d4fab\t4b85\r\n75873268\t\\N\tmaykamata98@gmail.com\t\\N\t1\tLili Ashley\t0\t\\N\t\\N\t\t\\N\t\\N\t\\N\t\\N\t\\N\t\\N\t\\N\t\\N\t\\N\t\\N\t\\N\teee8a8b1-ea36-4c78-88ba-9f384c0baf82\t\\N\t\\N\t\\N\t0\t2019-08-31 00:19:58\t\\N\t\\N\t\\N\t\\N\t\\N\t\\N\t\\N\t\\N\t\\N\t\\N\t\\N\t\\N\r\n18221871\t\\N\tmangu_conie@yahoo.co.id\t\\N\t1\t[CHARACTER_NOT_ALLOWED]\t2\t\\N\t\\N\t\\N\t\\N\t\\N\t\\N\t\\N\t\\N\t\\N\t\\N\t\\N\t\\N\t\\N\t\\N\t15cae6bd-b089-41de-8c91-91d691fac21b\t\\N\t\\N\t\\N\t0\t2017-04-11 10:32:13.679406\t\\N\t\\N\t\\N\t\\N\t\\N\t\\N\t\\N\t\\N\t\\N\t\\N\t\\N\t\\N\r\n18221874\t\\N\trinzhafiraa@gmail.com\t\\N\t1\t[CHARACTER_NOT_ALLOWED]\t1\t\\N\t\\N\t\\N\t\\N\t\\N\t\\N\t\\N\t\\N\t\\N\t\\N\t\\N\t\\N\t\\N\t\\N\te66f8d63-67c4-4af1-a984-42ee4aaf597c\t\\N\t\\N\t\\N\t0\t2017-04-11 10:32:18.324395\t\\N\t\\N\t\\N\t\\N\t\\N\t\\N\t\\N\t\\N\t\\N\t\\N\t\\N\t\\N\r\n18221894\t\\N\tnitanita86132@gmail.com\t\\N\t1\t[CHARACTER_NOT_ALLOWED]\t1\t\\N\t\\N\t\\N\t\\N\t\\N\t\\N\t\\N\t\\N\t\\N\t\\N\t\\N\t\\N\t\\N\t\\N\tab2789e4-64ca-409c-8b01-b1e9b8d2ad5e\t\\N\t\\N\t\\N\t0\t2017-04-11 10:32:49.67007\t\\N\t\\N\t\\N\t\\N\t\\N\t\\N\t\\N\t\\N\t\\N\t\\N\t\\N\t\\N\r\n33667876\t\\N\triskaefr@gmail.com\t\\N\t1\tRiska Nur Efrielieni\t0\t\\N\t\\N\t6285540524715\t\\N\t\\N\t\\N\t\\N\t\\N\t\\N\t\\N\t\\N\t\\N\t\\N\t\\N\tc62a1a18-0f40-4732-821f-425771a1a560\t\\N\t\\N\t\\N\t0\t2018-05-25 14:24:41.53298\t33667876\t2019-01-13 16:38:06.433523\t\\N\t\\N\t\\N\t82dc1659-0a1e-4862-9b18-09a3030a628b\t\\N\t\\N\t\\N\t\\N\teb42e80fa29903fbacddac8bc4ccaeed4b45d3f3510572e6b246deac12292f2655282e64cdaa2166a4a9a850d63837e4\t1ff8\r\n21136890\t\\N\tsyaifuljaguar06@gmail.com\t\t1\tMOCHAMMAD SAIFULAH\t0\t\\N\t\\N\t6283115030252\t\\N\t\\N\t\\N\t\\N\t\\N\t\\N\t\\N\t\\N\t\\N\t\\N\t\\N\t36a33cd5-09df-48a1-a012-5d1f58a08e30\t\\N\t\\N\t\\N\t0\t2017-07-22 13:57:45.864706\t21136890\t2017-07-22 13:58:10.265267\t\\N\t\\N\t\\N\t\\N\t2017-08-21 13:58:10.363001\t1\t\\N\t\\N\t8de6d200e1de1d11109d5a7117c8b12aed36c0153b79c1322f0dd9332acee9d2f935ee430670fc6a61941504ade3f5e6\t53a3\r\n21136891\t\\N\tyustina.novewati@gmail.com\t\t1\tNovewati Buulolo\t2\t\\N\t\\N\t6281533289240\t\\N\t\\N\t\\N\t\\N\t\\N\t\\N\t\\N\t\\N\t\\N\t\\N\t\\N\tc1d54a49-4b02-4df0-95b1-f90081ee2f53\t\\N\t\\N\t\\N\t0\t2017-07-22 13:57:46.572178\t21136891\t\\N\t\\N\t\\N\t\\N\t\\N\t\\N\t\\N\t\\N\t\\N\tfb1ab6c874035599adfd83193226522b81c51d4f4b6e64e78c3d9c6c48233848c68cc21a5bc3fb543e6b41f01ee02d18\t0a84\r\n21136898\t\\N\therdianim2@gmail.com\t\t1\tHerdiani Mulya\t0\t\\N\t\\N\t6283849660368\t\\N\t\\N\t\\N\t\\N\t\\N\t\\N\t\\N\t\\N\t\\N\t\\N\t\\N\tc9fec490-b495-479a-bda5-c816db76c7ac\t\\N\t\\N\t\\N\t0\t2017-07-22 13:57:58.980474\t21136898\t2017-07-22 13:59:03.26608\t\\N\t\\N\t\\N\t\\N\t2017-08-21 13:59:03.264611\t1\t\\N\t\\N\t9c7721194133fa5b6b9116b67acadea53fbd5c04212a9050c72557ba41d2c9525faab644aca2b88985ddd1b3b25d45a1\tdb77\r\n21136900\t\\N\tramdan27121998@gmail.com\t\t1\tMuhammad Ramdhan\t1\t1998-12-27\t\\N\t6289606578866\t\\N\t\\N\t\\N\t\\N\t\\N\t\\N\t\\N\t\\N\t\\N\t\\N\t\\N\t6f9d12b9-0e83-4349-8277-a98c078cbd4e\t\\N\t\\N\t\\N\t0\t2017-07-22 13:58:05.897911\t21136900\t2017-07-22 13:58:05.934649\t\\N\t\\N\t\\N\t\\N\t2017-08-21 13:58:05.934017\t1\t\\N\t\\N\t4cc9b016a5238717d767b31dbe911db91b492e4b143ccfe7c57f2fc60b5818b54d0689d0c59e72c24095e87ce5af2932\t582e\r\n21136901\t\\N\tvaninur4@gmail.com\t\t1\tPrasetyo Dimas\t0\t\\N\t\\N\t628973584750\t\\N\t\\N\t\\N\t\\N\t\\N\t\\N\t\\N\t\\N\t\\N\t\\N\t\\N\t29b2582a-f8ae-43af-900c-ae378f54283e\t\\N\t\\N\t\\N\t0\t2017-07-22 13:58:06.902661\t21136901\t2017-07-22 13:58:38.14865\t\\N\t\\N\t\\N\te064d83a-2797-4528-8f04-b1c9a73b3d8c\t2017-08-21 13:58:38.147928\t1\t\\N\t\\N\t8eac20c9bd0f23b7ee617d7793d4dc4af2f8f68a2c4fdf060bd4c5a7cce28aedc793f08a034a33083fe9f41eb275465a\t35b5\r\n26540784\t\\N\tbobby.zheapartii@ymail.com\t\t1\tBobby ZheapartII\t1\t\\N\t\\N\t6285834288801\t\\N\t\\N\t\\N\t\\N\t\\N\t\\N\t\\N\t\\N\t\\N\t\\N\t\\N\t3886f9d2-0c40-435f-af91-3608d8d06818\t\\N\t\\N\t\\N\t0\t2018-01-04 12:46:42.768534\t26540784\t2018-01-04 12:48:33.1464\t\\N\t\\N\t\\N\t\\N\t2018-02-03 12:48:33.14622\t1\t\\N\t\\N\te0047118ecff06ac300fea197c3c63ab91a776355803f3fdf197a52b66ac27b0318d42aafdf9b4760818a4aca1d3bb83\te6b4\r\n27470977\t\\N\tsyamsularif935@gmail.com\t\\N\t-1\tMohammad Syamsul Maarif\t1\t1997-10-25\t\\N\t081331434508\t\\N\t0\t0\t0\t\\N\t0\t\\N\t\\N\t\\N\t\\N\t\\N\t5FD49F2E-0447-11E8-828B-C5E862E8A785\t\\N\t\\N\t\\N\t-99\t2018-01-28 23:22:03.16874\t-99\t\\N\t\\N\t\\N\t\\N\t\\N\t2018-02-27 23:22:03.16874\t\\N\t\\N\t\\N\t\\N\t\\N\r\n21136902\t\\N\tbeanipan102@gmail.com\t\t1\tBean Ipan\t0\t\\N\t\\N\t6285864622644\t\\N\t\\N\t\\N\t\\N\t\\N\t\\N\t\\N\t\\N\t\\N\t\\N\t\\N\t93c4e981-1533-4c64-a314-de35dec267a5\t\\N\t\\N\t\\N\t0\t2017-07-22 13:58:08.405701\t\\N\t\\N\t\\N\t\\N\t\\N\tf5ba60ab-6774-4045-ac19-30f800a13334\t\\N\t\\N\t\\N\t\\N\tc67d7f27be2d119bfefe2ce650134e55d257c952309d27f3bed3b7b1f282fdf2a65478a9daebea45ed9d997b98889c40\t328e\r\n28463212\t\\N\td12170059@john.petra.ac.id\t\\N\t-1\tStefanny\t0\t0001-01-01\t\\N\t6288801711909\t\\N\t\\N\t\\N\t\\N\t\\N\t\\N\t\\N\t\\N\t\\N\t\\N\t\\N\t4fa6d43e-74bc-4966-8682-1aa5b02352bb\t\\N\t\\N\t\\N\t0\t2018-02-26 20:24:05.329854\t\\N\t\\N\t\\N\t\\N\t\\N\t\\N\t\\N\t\\N\t\\N\t\\N\td2a1f9113d8490b33fe67541eef3c0db4e34abda4d2e0e6302159ca7f259b30e19f85f58bcf56271560486ae029aac53\t68c9\r\n13141250\t\\N\tbagasapaange@gmail.com\t\t1\tbagas satria f\t1\t2002-09-06\t\\N\t62895320530453\t\t\\N\t\\N\t\\N\t\\N\t\\N\t\\N\t\\N\t\\N\t\t\\N\taaed3b26-3650-4dce-9392-1e0c57e00847\t\\N\t\\N\t\\N\t0\t2016-10-20 18:51:46.768134\t13141250\t2018-01-13 06:19:48.064095\t\\N\t\\N\t\\N\t\\N\t2017-09-26 10:34:17.514153\t1\t\\N\t\\N\t96d1f2f00c417fed791aa22c4e515e1a1898d0616fe69c0a0eb1e3f517ac38ecdc56c3b3e648a24a149f025db7190412\td565\r\n28857242\t\\N\tcayankayu21@yahoo.com\t\\N\t1\tJessy Jutexz\t2\t1994-12-19\t\\N\t6287860400566\t\\N\t\\N\t\\N\t\\N\t\\N\t\\N\t\\N\t\\N\t\\N\t\\N\t\\N\te971ab7a-7984-429f-86f7-4632433134e1\t\\N\t\\N\t\\N\t0\t2018-03-10 00:39:23.703187\t28857242\t2018-03-10 00:39:23.817727\t\\N\t\\N\t\\N\t\\N\t2018-04-09 00:39:23.817453\t1\t\\N\t\\N\t\\N\t\\N\r\n28857238\t\\N\tdiskaferawati@gmail.com\t\\N\t1\tDiska ferawati\t0\t\\N\t\\N\t\\N\t\\N\t\\N\t\\N\t\\N\t\\N\t\\N\t\\N\t\\N\t\\N\t\\N\t\\N\t2d493097-8680-46bb-95da-e7a2ef9efbb5\t\\N\t\\N\t\\N\t0\t2018-03-10 00:39:09.860164\t\\N\t\\N\t\\N\t\\N\t\\N\t\\N\t\\N\t\\N\t\\N\tid\t\\N\t\\N\r\n68354018\t\\N\tbwbtimur@gmail.com\t\\N\t1\tAef Nurefendi\t0\t\\N\t\\N\t\t\\N\t\\N\t\\N\t\\N\t\\N\t\\N\t\\N\t\\N\t\\N\t\\N\t\\N\t832844be-617c-4ea8-ad12-1040a338760a\t\\N\t\\N\t\\N\t0\t2019-06-18 00:24:52\t\\N\t\\N\t\\N\t\\N\t\\N\t\\N\t\\N\t\\N\t\\N\t\\N\t\\N\t\\N\r\n85672884\t\\N\tvoke152@gmail.com\t\\N\t1\tVivo Oke\t0\t\\N\t\\N\t\t\\N\t\\N\t\\N\t\\N\t\\N\t\\N\t\\N\t\\N\t\\N\t\\N\t\\N\t10a2d370-699b-480d-8786-61455c751352\t\\N\t\\N\t\\N\t0\t2020-01-10 00:22:18\t\\N\t\\N\t\\N\t\\N\t\\N\t\\N\t\\N\t\\N\t\\N\t\\N\t\\N\t\\N\r\n39718070\t\\N\tamarioxiaomi@gmail.com\t\\N\t1\tAmario Xiaomi\t0\t\\N\t\\N\t\t\\N\t\\N\t\\N\t\\N\t\\N\t\\N\t\\N\t\\N\t\\N\t\\N\t\\N\td5c950f3-98d7-4660-9b51-82620a38a335\t\\N\t\\N\t\\N\t0\t2018-09-09 00:13:06\t\\N\t\\N\t\\N\t\\N\t\\N\t\\N\t\\N\t\\N\t\\N\t\\N\t\\N\t\\N\r\n28857230\t\\N\tkhaswan.ade@gmail.com\t\\N\t1\tkhaswan ade\t1\t\\N\t\\N\t\\N\t\\N\t\\N\t\\N\t\\N\t\\N\t\\N\t\\N\t\\N\t\\N\t\\N\t\\N\t60979df4-ea36-44eb-a098-682a25c4c77c\t\\N\t\\N\t\\N\t0\t2018-03-10 00:38:56.310168\t\\N\t\\N\t\\N\t\\N\t\\N\t\\N\t\\N\t\\N\t\\N\t\\N\t\\N\t\\N\r\n26878218\t\\N\tharrykba@yahoo.co.id\t\\N\t1\tHarry Kba\t1\t\\N\t\\N\t6287784990728\t\\N\t\\N\t\\N\t\\N\t\\N\t\\N\t\\N\t\\N\t\\N\t\\N\t\\N\tfa30d563-0280-4f24-8ff3-0d7531f0092b\t\\N\t\\N\t\\N\t0\t2018-01-13 05:24:15.276838\t26878218\t\\N\t\\N\t\\N\t\\N\t\\N\t\\N\t\\N\t\\N\t\\N\te468fce509131b06fe9110b4a3ff7eba6cc2cb02da5d122dd539b9e4fba996664fdf504e82b1a11a3b4eb9544dfa3c20\tfee8\r\n61879588\t\\N\tbagussujarwo26032003@gmail.com\t\\N\t1\tBagus Sujarwo\t0\t\\N\t\\N\t\t\\N\t\\N\t\\N\t\\N\t\\N\t\\N\t\\N\t\\N\t\\N\t\\N\t\\N\td694c447-3ff2-4f0a-ac8b-5446e82c877e\t\\N\t\\N\t\\N\t0\t2019-04-30 00:23:23\t\\N\t\\N\t\\N\t\\N\t\\N\t\\N\t\\N\t\\N\t\\N\t\\N\t\\N\t\\N\r\n29451500\t\\N\tmahmud.ba1951@gmail.com\t\\N\t1\tMahmud Ba\t0\t\\N\t\\N\t\\N\t\\N\t\\N\t\\N\t\\N\t\\N\t\\N\t\\N\t\\N\t\\N\t\\N\t\\N\tcf193e2a-8755-49b5-bb8a-2fe31cb04698\t\\N\t\\N\t\\N\t0\t2018-03-24 19:34:39.418721\t\\N\t\\N\t\\N\t\\N\t\\N\t\\N\t\\N\t\\N\t\\N\t\\N\t\\N\t\\N\r\n55843593\t\\N\tanisarhma21@gmail.com\t\\N\t1\tAnisa Rahma\t0\t\\N\t\\N\t\t\\N\t\\N\t\\N\t\\N\t\\N\t\\N\t\\N\t\\N\t\\N\t\\N\t\\N\t7022d981-31be-46aa-b435-4d07d153ae24\t\\N\t\\N\t\\N\t0\t2019-04-08 00:14:40\t\\N\t\\N\t\\N\t\\N\t\\N\t\\N\t\\N\t\\N\t\\N\t\\N\t\\N\t\\N\r\n21257186\t\\N\tahmadthantowi478@gmail.com\t\t1\tMuhammad Thantowi Ardiansyah\t0\t\\N\t\\N\t6282349245594\t\\N\t\\N\t\\N\t\\N\t\\N\t\\N\t\\N\t\\N\t\\N\t\\N\t\\N\t5fbc194d-bafd-47d4-ace4-f0c336b49560\t\\N\t\\N\t\\N\t0\t2017-07-27 14:47:46.196477\t21257186\t2017-07-27 14:49:29.574801\t\\N\t\\N\t\\N\t\\N\t2017-08-26 14:49:29.700366\t1\t\\N\t\\N\t3df87cbd1e03522442df12b0814ec2c4fff40c5f98dd4907b7935c8d780e31f4cca8002dcab569f3c932c4737eff4261\t7148\r\n21257189\t\\N\tsheyralaundry@gmail.com\t\t1\tChyci Sheyra laundry\t1\t\\N\t\\N\t6287715155550\t\\N\t\\N\t\\N\t\\N\t\\N\t\\N\t\\N\t\\N\t\\N\t\\N\t\\N\te42eca7c-67a8-41d6-b7eb-8022ed557249\t\\N\t\\N\t\\N\t0\t2017-07-27 14:47:53.623093\t21257189\t\\N\t\\N\t\\N\t\\N\t\\N\t\\N\t\\N\t\\N\t\\N\ta4812403bb41fe4f44392b93ed283787f3ed59839c7beb808f9ca8fe4639766a54c72408e56294d25a487198ba7439d0\t56f5\r\n71289875\t\\N\trasno.pebriansyah@yahoo.com\t\\N\t1\tIzaki Ghani Kecey\t0\t1993-11-02\t\\N\t\t\\N\t\\N\t\\N\t\\N\t\\N\t\\N\t\\N\t\\N\t\\N\t\\N\t\\N\t7f5f4754-d07f-4cfe-854b-84b78c265dc5\t\\N\t\\N\t\\N\t0\t2019-07-20 00:20:41\t\\N\t\\N\t\\N\t\\N\t\\N\t\\N\t\\N\t\\N\t\\N\t\\N\t\\N\t\\N\r\n21257202\t\\N\tyesayasurya95@gmail.com\t\t1\tYesaya Surya\t1\t\\N\t\\N\t6281282393713\t\\N\t\\N\t\\N\t\\N\t\\N\t\\N\t\\N\t\\N\t\\N\t\\N\t\\N\t8b09bc11-8ec0-485d-965e-c6f1d8b6e75d\t\\N\t\\N\t\\N\t0\t2017-07-27 14:48:18.380727\t21257202\t2017-07-27 14:51:00.037073\t\\N\t\\N\t\\N\t\\N\t2017-08-26 14:51:00.036201\t1\t\\N\t\\N\t01c9ec77a1cf390e56459500a2d38eab2a44c4288dcc4f88ab62dd899a7fbe6a29221df071bd5654d51d7d4e61f553e4\tcee4\r\n21257204\t\\N\tmahardiguna52@gmail.com\t\t-1\tMahardiguna dio en agam\t0\t\\N\t\\N\t6289630880127\t\\N\t\\N\t\\N\t\\N\t\\N\t\\N\t\\N\t\\N\t\\N\t\\N\t\\N\t68ba11a9-8783-4551-aee6-ffea7a21ded8\t\\N\t\\N\t\\N\t0\t2017-07-27 14:48:27.144248\t\\N\t\\N\t\\N\t\\N\t\\N\t\\N\t\\N\t\\N\t\\N\t\\N\tf35f5c6adcc459fb8defa5f40e82390b7eaa898925e1730791975dc8b6565708e9af039ca3be04bcbf26731c32afac0b\t3cf1\r\n21257206\t\\N\trivalfadilah10@yahoo.co.id\t\t-1\tRival Fadilah\t0\t\\N\t\\N\t6285881184765\t\\N\t\\N\t\\N\t\\N\t\\N\t\\N\t\\N\t\\N\t\\N\t\\N\t\\N\t87d00c1e-bc6f-4976-9772-02ad9b550b97\t\\N\t\\N\t\\N\t0\t2017-07-27 14:48:27.987353\t\\N\t\\N\t\\N\t\\N\t\\N\t\\N\t\\N\t\\N\t\\N\t\\N\tff342794745dfcb622fef9a0cec3d4460f6dee455fb7be908ff509031a00d9c91c9fd64dbb5b2f2bf3d4fd024bb75f18\tc629\r\n21257207\t\\N\tmnmadang@gmail.com\t\t1\tMochtar MMadang\t1\t\\N\t\\N\t6282237837723\t\\N\t\\N\t\\N\t\\N\t\\N\t\\N\t\\N\t\\N\t\\N\t\\N\t\\N\te8ba975d-ac64-42c7-8ae9-360edc38eecb\t\\N\t\\N\t\\N\t0\t2017-07-27 14:48:35.323953\t21257207\t2017-07-27 14:52:02.876376\t\\N\t\\N\t\\N\t\\N\t2017-08-26 14:52:03.002618\t1\t\\N\t\\N\tbd79d52d23c8211a550b4dcfa93e5b19860542f67eaa745d78af9e2d4c7ff2c5c2937722e1a306d405f6d195b660e848\t89ef\r\n21257222\t\\N\tyessikurniati@ymail.com\t\t1\tYessi Kurniati\t2\t\\N\t\\N\t6281266316593\t\\N\t\\N\t\\N\t\\N\t\\N\t\\N\t\\N\t\\N\t\\N\t\\N\t\\N\tde7ad713-affc-4dd5-9fa2-ed5aa5bf8c27\t\\N\t\\N\t\\N\t0\t2017-07-27 14:48:57.37675\t21257222\t\\N\t\\N\t\\N\t\\N\t\\N\t\\N\t\\N\t\\N\t\\N\t294d089c615a66ae11e6bcd83ff0596f9febda9ed56b134746b2d6a29be5ce2740555f572dd0e72a28ec62d698c6c86b\t52c9\r\n34121980\t\\N\tardiankartiko99@gmail.com\t\\N\t1\tAtika Wismarini\t2\t1994-06-26\t\\N\t6283863008758\t\t\\N\t\\N\t\\N\t\\N\t\\N\t\\N\t\\N\t\\N\t\t\\N\tee454fc8-4c17-42b7-8835-1281b75f94e4\t\\N\t\\N\t\\N\t0\t2018-05-29 17:12:06\t34121980\t2018-06-01 00:09:00.837236\t\\N\t\\N\t\\N\t\\N\t2018-06-28 17:12:06.70405\t1\t\\N\t\\N\tb5230971515f330b4063b627d17ec0dc424aa31f94b07e863a72716e7684a3289650c06afdce4bb79220b9844f2b112b\td738\r\n52323944\t\\N\tfitrilufhi@yahoo.co.id\t\\N\t1\tVitrie Permana\t0\t1991-03-24\t\\N\t\t\\N\t\\N\t\\N\t\\N\t\\N\t\\N\t\\N\t\\N\t\\N\t\\N\t\\N\tb4e36997-ef23-4a72-992a-fcd394691b63\t\\N\t\\N\t\\N\t0\t2019-03-11 00:17:05\t\\N\t\\N\t\\N\t\\N\t\\N\t\\N\t\\N\t\\N\t\\N\t\\N\t\\N\t\\N\r\n21257228\t\\N\ttiarmessi09@gmail.com\t\t-1\tHendra Jaya\t0\t\\N\t\\N\t6281282709770\t\\N\t\\N\t\\N\t\\N\t\\N\t\\N\t\\N\t\\N\t\\N\t\\N\t\\N\t382f5ec1-09f5-4c83-a959-c13b36624ac6\t\\N\t\\N\t\\N\t0\t2017-07-27 14:49:08.899814\t\\N\t\\N\t\\N\t\\N\t\\N\t\\N\t\\N\t\\N\t\\N\t\\N\tb93ad33bfbc8f19bde576a8b904302f491e8e0b8e943aedfab40de9016851c1e9c38a17144b9bf02c83bb076eb8ff092\t260e\r\n42832491\t\\N\tagusmaulana2025@gmail.com\t\\N\t1\tagus maulana\t1\t\\N\t\\N\t\t\\N\t\\N\t\\N\t\\N\t\\N\t\\N\t\\N\t\\N\t\\N\t\\N\t\\N\tcf86e27e-172d-4c49-8812-7f2c752b254f\t\\N\t\\N\t\\N\t0\t2018-10-29 00:09:51\t\\N\t\\N\t\\N\t\\N\t\\N\t\\N\t\\N\t\\N\t\\N\t\\N\t\\N\t\\N\r\n21257232\t\\N\thumairanazwa45@gmail.com\t\t1\tNazwa Humaira\t1\t1989-01-01\t\\N\t6288212538935\t\t\\N\t\\N\t\\N\t\\N\t\\N\t\\N\t\\N\t\\N\t\t\\N\tef117114-74e9-404e-a564-bda1f4d25b16\t\\N\t\\N\t\\N\t0\t2017-07-27 14:49:15.139174\t21257232\t2017-08-29 19:09:22.196197\t\\N\t\\N\t\\N\t\\N\t2017-08-26 14:50:23.021236\t1\t\\N\t\\N\tf2008db20b6197d20bfe0202a1552203c32a2a0e07aca69074a23bda25d46de52c5973c8f7e4b5fc10f32d1b4e8c7f4b\t55ee\r\n21257233\t\\N\tilaidroes79@gmail.com\t\t1\tIndrasari Idrus\t1\t\\N\t\\N\t6285214879787\t\\N\t\\N\t\\N\t\\N\t\\N\t\\N\t\\N\t\\N\t\\N\t\\N\t\\N\tbbd34f2d-c356-48b1-a9a0-268af3a8a3d6\t\\N\t\\N\t\\N\t0\t2017-07-27 14:49:15.415872\t21257233\t\\N\t\\N\t\\N\t\\N\t\\N\t\\N\t\\N\t\\N\t\\N\t919973b781d79950b299ab1eace71bc1f6491b93b053e77e1c3813292def455bd65ce2978f5e783bcec6380d81df3d46\tbcb3\r\n21257235\t\\N\tgani_akhmad1984@yahoo.co.id\t\t1\tGani Akhmad\t1\t\\N\t\\N\t085693074052\t\\N\t\\N\t\\N\t\\N\t\\N\t\\N\t\\N\t\\N\t\\N\t\\N\t\\N\t90f88bd4-7e80-457b-9535-de4ac927e99f\t\\N\t\\N\t\\N\t0\t2017-07-27 14:49:28.469676\t21257235\t2017-08-19 22:59:28.73908\t\\N\t\\N\t\\N\t\\N\t2017-08-26 14:51:52.898824\t1\t\\N\t\\N\t7d591a9996c704c970b48e7f89f4040f4bc823ece0d3e09781e869b366cc224c206c5da5b7d2dd899785e63bd31a9c10\t43fb\r\n27960209\t\\N\tadityaevan99@gmail.com\t\\N\t1\tEvann Nabilla\t1\t1999-09-26\t\\N\t6287764020730\t\\N\t\\N\t\\N\t\\N\t\\N\t\\N\t\\N\t\\N\t\\N\t\\N\t\\N\taa257ab0-1a53-495e-9672-744ea0e93532\t\\N\t\\N\t\\N\t0\t2018-02-12 07:12:32.969606\t27960209\t2018-02-12 07:14:02.896097\t\\N\t\\N\t\\N\t\\N\t2018-03-14 07:14:02.895774\t1\t\\N\t\\N\taca7df5cf051a8b98086ed2d9d7ff06c660a3e1fe26de2475f31c4ac3d5fdf4b93c8690a0a0cde019731c5507a43471d\ta347\r\n32538549\t\\N\triki.suendar14@gmail.com\t\\N\t1\tRiki Suhendar\t0\t\\N\t\\N\t6282246312122\t\\N\t\\N\t\\N\t\\N\t\\N\t\\N\t\\N\t\\N\t\\N\t\\N\t\\N\t5f835727-2ad1-4d6a-9629-71bfd69379bf\t\\N\t\\N\t\\N\t0\t2018-05-15 00:12:20.775062\t32538549\t2018-05-15 00:23:04.347548\t\\N\t\\N\t\\N\tafdda11a-769d-4671-8579-e0f5d999257b\t2018-06-14 00:23:04.34629\t1\t\\N\t\\N\t\\N\t\\N\r\n28463175\t\\N\tchaoffice@gmail.com\t\\N\t1\tCharles Retika\t1\t\\N\t\\N\t6285399998898\t\\N\t\\N\t\\N\t\\N\t\\N\t\\N\t\\N\t\\N\t\\N\t\\N\t\\N\t85a1efaf-6105-45bf-9b84-4267fa232dfc\t\\N\t\\N\t\\N\t0\t2018-02-26 20:23:15.291045\t28463175\t\\N\t\\N\t\\N\t\\N\t\\N\t\\N\t\\N\t\\N\t\\N\tcc38643b79b6b8d4f89d69fa37f9af5a8d320ccbcaac79bfd27532cea22f19e9867fe453124bf8f6eb26d9939064787e\t47c9\r\n28463206\t\\N\tluu671997@yahoo.com\t\\N\t1\tluu luu\t1\t\\N\t\\N\t6283870484511\t\\N\t\\N\t\\N\t\\N\t\\N\t\\N\t\\N\t\\N\t\\N\t\\N\t\\N\t55b731a0-4f79-4924-8d9c-5738792c497a\t\\N\t\\N\t\\N\t0\t2018-02-26 20:23:55.343703\t28463206\t2018-02-26 20:26:50.137522\t\\N\t\\N\t\\N\t\\N\t2018-03-28 20:26:50.137101\t1\t\\N\t\\N\t8b1cb933e28d473316764b07a59156f2b400f9d2e2f4d61e21377e04f1c6cfb0d7041ed943c8bd67f96655b6bcf67277\tb097\r\n27960208\t\\N\tnabila.syfia@gmail.com\t\\N\t1\tNabila Syifa\t3\t\\N\t\\N\t6282113670577\t\\N\t\\N\t\\N\t\\N\t\\N\t\\N\t\\N\t\\N\t\\N\t\\N\t\\N\t4e9f7db4-fcd4-4227-9cc8-149e272a7ea5\t\\N\t\\N\t\\N\t0\t2018-02-12 07:12:28.136719\t27960208\t2018-02-28 18:51:18.982569\t\\N\t\\N\t\\N\t\\N\t2018-03-30 18:51:18.98101\t1\t\\N\t\\N\t45917bf8ffc02ce10d644c95168bfe23ea794539fbad739246e8dfac4e2074514ea784c6da1bfcc137c852e40654af7d\tc161\r\n32586065\t\\N\tbangfrem@yahoo.co.id\t\\N\t1\tAchmad Syahfrizal\t1\t1990-08-07\t\\N\t\\N\t\\N\t\\N\t\\N\t\\N\t\\N\t\\N\t\\N\t\\N\t\\N\t\\N\t\\N\tccbaafa9-6ec1-49f5-8462-06df144764ad\t\\N\t\\N\t\\N\t0\t2018-05-16 01:03:13.177173\t\\N\t\\N\t\\N\t\\N\t\\N\t\\N\t\\N\t\\N\t\\N\t\\N\t\\N\t\\N\r\n46314991\t\\N\tpethuart@gmail.com\t\\N\t1\tAhmad Aditya\t1\t1999-04-29\t\\N\t\t\\N\t\\N\t\\N\t\\N\t\\N\t\\N\t\\N\t\\N\t\\N\t\\N\t\\N\te1523e8a-378b-49c6-83a1-232da261bbe5\t\\N\t\\N\t\\N\t0\t2018-12-23 00:13:49\t46314991\t\\N\t\\N\t\\N\t\\N\t\\N\t\\N\t\\N\t\\N\t\\N\t\\N\t\\N\r\n47592799\t\\N\tariktp999@gmail.com\t\\N\t1\tAri Ari\t0\t\\N\t\\N\t\t\\N\t\\N\t\\N\t\\N\t\\N\t\\N\t\\N\t\\N\t\\N\t\\N\t\\N\t42f88221-d353-4399-9927-72d74be6fe25\t\\N\t\\N\t\\N\t0\t2019-01-14 00:12:30\t\\N\t\\N\t\\N\t\\N\t\\N\t\\N\t\\N\t\\N\t\\N\t\\N\t\\N\t\\N\r\n76865440\t\\N\trhaandy36@yahoo.com\t\\N\t1\tPak Privasi\t0\t\\N\t\\N\t\t\\N\t\\N\t\\N\t\\N\t\\N\t\\N\t\\N\t\\N\t\\N\t\\N\t\\N\t089cc5b1-43ac-4818-b524-17bca1c6a35f\t\\N\t\\N\t\\N\t0\t2019-09-12 00:20:34\t\\N\t\\N\t\\N\t\\N\t\\N\t\\N\t\\N\t\\N\t\\N\t\\N\t\\N\t\\N\r\n83343286\t\\N\tyoggapangesstu@gmail.com\t\\N\t1\tYogga Pangesstu\t0\t\\N\t\\N\t\t\\N\t\\N\t\\N\t\\N\t\\N\t\\N\t\\N\t\\N\t\\N\t\\N\t\\N\ta6955275-5139-41cd-bc16-4f3b1cc62ed0\t\\N\t\\N\t\\N\t0\t2019-12-04 00:22:44\t\\N\t\\N\t\\N\t\\N\t\\N\t\\N\t\\N\t\\N\t\\N\t\\N\t\\N\t\\N\r\n89119001\t\\N\tgabrielbudiono955@gmail.com\t\\N\t1\tGabriel Budiono\t0\t\\N\t\\N\t\t\\N\t\\N\t\\N\t\\N\t\\N\t\\N\t\\N\t\\N\t\\N\t\\N\t\\N\t8d7f4826-adbc-4838-8eec-c426a25ed26f\t\\N\t\\N\t\\N\t0\t2020-02-12 00:32:48\t\\N\t\\N\t\\N\t\\N\t\\N\t\\N\t\\N\t\\N\t\\N\t\\N\t\\N\t\\N\r\n53147601\t\\N\tnickymelisa123@gmail.com\t\\N\t1\tNicky Kurnia Diansyah\t0\t1998-08-18\t\\N\t\t\\N\t\\N\t\\N\t\\N\t\\N\t\\N\t\\N\t\\N\t\\N\t\\N\t\\N\tced8414a-d975-4d59-907d-1d9bc2144aad\t\\N\t\\N\t\\N\t0\t2019-03-21 00:19:29\t\\N\t\\N\t\\N\t\\N\t\\N\t\\N\t\\N\t\\N\t\\N\t\\N\t\\N\t\\N\r\n26877327\t\\N\tsikanadanyas@yahoo.com\t\\N\t1\tsikanadanyas\t0\t\\N\t\\N\t6283126951182\t\\N\t\\N\t\\N\t\\N\t\\N\t\\N\t\\N\t\\N\t\\N\t\\N\t\\N\t9af5b866-c417-417c-bcf7-25eaebd05ecf\t\\N\t\\N\t\\N\t0\t2018-01-13 03:26:45.502395\t26877327\t2018-01-13 06:19:49.574686\t\\N\t\\N\t\\N\t\\N\t2018-02-12 06:19:49.574686\t1\t\\N\t\\N\t11ec1db04a5b5c6c298d98fa46441b5e793c29529ee0f278252bb11b64f010c57041789da67e4d8e2e33a2575b408161\te1df\r\n26879133\t\\N\tfelixanderson563@gmail.com\t\\N\t1\tFelix Anderson\t1\t\\N\t\\N\t6285883347738\t\\N\t\\N\t\\N\t\\N\t\\N\t\\N\t\\N\t\\N\t\\N\t\\N\t\\N\t13a40e60-b3f1-4250-a353-b1c3337241fd\t\\N\t\\N\t\\N\t0\t2018-01-13 06:38:39.141114\t26879133\t2018-01-13 06:39:29.783109\t\\N\t\\N\t\\N\t\\N\t2018-02-12 06:39:29.781959\t1\t\\N\t\\N\te34009d153544273670742fc0972f3fb8adb71fe047100026505e11b8f141f7b0bdfb3af25933a82837bd4133652cedb\taa07\r\n26856274\t\\N\tsitih2921@gmail.com\t\\N\t1\tSiti Hartati\t1\t\\N\t\\N\t6289693943852\t\\N\t\\N\t\\N\t\\N\t\\N\t\\N\t\\N\t\\N\t\\N\t\\N\t\\N\t78815ad6-9254-48d5-beb2-820856ce050d\t\\N\t\\N\t\\N\t0\t2018-01-12 14:11:17.122266\t26856274\t2018-01-12 14:13:48.421338\t\\N\t\\N\t\\N\t\\N\t2018-02-11 14:13:48.420804\t1\t\\N\t\\N\t2d1a434e0bc6727e24d4f30488fe6ac30049b5b7fa9fb6107aa34f227fb2ede9eaacbb0d3f4123651fec0e5717f94a5d\t6dc3\r\n27953896\t\\N\tnuraysasugaadam@gmail.com\t\t1\tNuraisyah Saputri\t2\t1995-11-17\t\\N\t6282391977976\t\\N\t\\N\t\\N\t\\N\t\\N\t\\N\t\\N\t\\N\t\\N\t\\N\t\\N\tf208cd43-2fd2-4d3b-9b51-8a709e321e22\t\\N\t\\N\t\\N\t0\t2018-02-11 23:08:33.929891\t27953896\t2018-02-11 23:10:25.356922\t\\N\t\\N\t\\N\t\\N\t2018-03-13 23:10:25.354703\t1\t\\N\t\t4d5784600a27213159b83a93a94cd3ef01c44b835847aa0178b3a80eab3f5b5bd57cd4f30fc3aced42349a2105277443\t5f94\r\n32921141\t\\N\tPandelgas2@gmail.com\t\\N\t1\tMuhammad Erfan\t1\t1992-06-13\t\\N\t6285701289844\t\\N\t\\N\t\\N\t\\N\t\\N\t\\N\t\\N\t\\N\t\\N\t\\N\t\\N\tc4d4336f-8259-4aed-b583-ac9cd89c98d5\t\\N\t\\N\t\\N\t0\t2018-05-21 23:55:25\t32921141\t2018-05-21 23:55:25.98884\t\\N\t\\N\t\\N\t\\N\t2018-06-20 23:55:25.987441\t1\t\\N\t\\N\tda53c0921a3b220f951b672b2b9f4e20711c8455e74d8e3d59ef6b45534c2f9d775d589cdfa3ed7181aef0e4af2de80d\tda38\r\n26880280\t\\N\tipoenkz69@gmail.com\t\\N\t1\tpoenky ocky\t1\t\\N\t\\N\t\\N\t\\N\t\\N\t\\N\t\\N\t\\N\t\\N\t\\N\t\\N\t\\N\t\\N\t\\N\tffb51424-4c0a-49de-8a66-5c8acb7f1d27\t\\N\t\\N\t\\N\t0\t2018-01-13 07:51:01.097566\t\\N\t\\N\t\\N\t\\N\t\\N\t\\N\t\\N\t\\N\t\\N\t\\N\t\\N\t\\N\r\n21136903\t\\N\ttheresiamonica678@gmail.com\t\t1\tLina monica\t0\t\\N\t\\N\t6285201112216\t\\N\t\\N\t\\N\t\\N\t\\N\t\\N\t\\N\t\\N\t\\N\t\\N\t\\N\td90eb016-8305-485c-a105-754ca20ba510\t\\N\t\\N\t\\N\t0\t2017-07-22 13:58:14.175197\t21136903\t2017-07-22 13:59:48.491382\t\\N\t\\N\t\\N\t\\N\t2017-08-21 13:59:48.589572\t1\t\\N\t\\N\t9728446d2b9134dae585f7eb3d02062bf8cd5d308d66e35322a069d267652fcb41055592d950363317a4bd758c1f85c7\t0950\r\n777254334\t\\N\tMuditarmudi73@gmail.com\t\\N\t-1\tmudi tarmidi\t0\t\\N\t\\N\t\t\\N\t\\N\t\\N\t\\N\t\\N\t\\N\t\\N\t\\N\t\\N\t\\N\t\\N\t03a0d029-c294-449c-878f-cb45c7e210fe\t\\N\t\\N\t\\N\t0\t2019-09-17 00:18:04.694158\t\\N\t\\N\t\\N\t\\N\t\\N\t\\N\t\\N\t\\N\t\\N\t\\N\t61e06dc5515d8806d1a577e9e0b1647986262b491dc70813ffd367bed7a9da7cfd89dfc93b4b0189e3391877812517c9\t7f70\r\n38667140\t\\N\ttekortjr@gmail.com\t\\N\t1\tTekor Tjr\t1\t\\N\t\\N\t\t\\N\t\\N\t\\N\t\\N\t\\N\t\\N\t\\N\t\\N\t\\N\t\\N\t\\N\t3c8caefd-7523-456f-a8e8-7428317627a6\t\\N\t\\N\t\\N\t0\t2018-08-17 00:08:25\t\\N\t\\N\t\\N\t\\N\t\\N\t\\N\t\\N\t\\N\t\\N\t\\N\t\\N\t\\N\r\n20299169\t\\N\toiwahyu14@gmail.com\t\t1\tWahyu Oi\t1\t1999-12-13\t\\N\t6289687317816\t\\N\t\\N\t\\N\t\\N\t\\N\t\\N\t\\N\t\\N\t\\N\t\\N\t\\N\tbd444bdd-0d9e-45b3-9556-1f7a9db7880d\t\\N\t\\N\t\\N\t0\t2017-06-18 08:13:43.59016\t20299169\t2018-10-13 00:09:40.395862\t\\N\t\\N\t\\N\t\\N\t2018-11-12 00:09:40.387334\t1\t\\N\t\\N\tf6f35ecefc3515217db4a35e524dbd3c0c3c32ef561bc970372e8f1fa841aced94f3ed64b3f3a15492a62738e670dd22\t80d7\r\n21136909\t\\N\tyusufhidayatullah22@gmail.com\t\t1\tYusuf hidayatullah\t1\t\\N\t\\N\t628156914708\t\\N\t\\N\t\\N\t\\N\t\\N\t\\N\t\\N\t\\N\t\\N\t\\N\t\\N\t55ca7eee-1bbc-48a4-9f2c-bc79c9ba6513\t\\N\t\\N\t\\N\t0\t2017-07-22 13:58:36.138546\t21136909\t\\N\t\\N\t\\N\t\\N\t\\N\t\\N\t\\N\t\\N\t\\N\te2f0e9144f900cf76fa3c1f76878e76f08f97a0a59137656914d2b601717e7ae827d1afa0050c49ca716ff6c6bb9e190\tb038\r\n21136910\t\\N\tsun_lik@yahoo.com\t\t1\tHeri Mulianto\t1\t1978-03-04\t\\N\t6285361616178\t\\N\t\\N\t\\N\t\\N\t\\N\t\\N\t\\N\t\\N\t\\N\t\\N\t\\N\tee16ab9e-ef19-4e32-83ec-24f00eb3b914\t\\N\t\\N\t\\N\t0\t2017-07-22 13:58:38.046827\t21136910\t2017-07-22 13:58:38.071315\t\\N\t\\N\t\\N\t\\N\t2017-08-21 13:58:38.068249\t1\t\\N\t\\N\t29becead706d03317ed9de01808b762d120eaea8b01bca5778c13f32dded8b634fc64bc0df6df6159b1a4cfd23b36aaf\t0c06\r\n21136911\t\\N\ttatangtokopedia03@gmail.com\t\t1\ttatang nurochman\t1\t1997-03-26\t\\N\t6281383927655\t\t\\N\t\\N\t\\N\t\\N\t\\N\t\\N\t\\N\t\\N\t\t\\N\tf23c4abd-4692-415b-9744-dc6cd612a611\t\\N\t\\N\t\\N\t0\t2017-07-22 13:58:38.803916\t21136911\t2017-07-29 20:59:53.607745\t\\N\t\\N\t\\N\t\\N\t2017-08-21 14:03:38.935182\t1\t\\N\t\\N\tfdeb2c2cfc2183baf2bad6e436490132b1d2aba1663b537371459710db17d2a31abb1ad99c67a3bd4b353e566d5c7b5f\te98b\r\n14775548\t\\N\tagnes.indri@gmail.com\t\\N\t1\tAgnes Chayang Indra\t2\t1985-10-19\t\\N\t\t\\N\t\\N\t\\N\t\\N\t\\N\t\\N\t\\N\t\\N\t\\N\t\\N\t\\N\tac00b81a-3859-4d35-9efc-275e03fd16f8\t\\N\t\\N\t\\N\t0\t2016-12-14 19:32:02.544005\t\\N\t\\N\t\\N\t\\N\t\\N\t\\N\t\\N\t\\N\t\\N\t\\N\t\\N\t\\N\r\n39371018\t\\N\tfathancoyote@gmail.com\t\\N\t1\tFathan Coyote\t0\t\\N\t\\N\t\t\\N\t\\N\t\\N\t\\N\t\\N\t\\N\t\\N\t\\N\t\\N\t\\N\t\\N\td7e6fdee-7f0c-43b4-96ba-3c2545945098\t\\N\t\\N\t\\N\t0\t2018-09-02 00:07:40\t\\N\t\\N\t\\N\t\\N\t\\N\t\\N\t\\N\t\\N\t\\N\t\\N\t\\N\t\\N\r\n21136913\t\\N\taminsetiawan1529@gmail.com\t\t1\tAmin Setiawan\t1\t1991-01-01\t\\N\t085780005345\t\\N\t0\t0\t0\t\\N\t0\t\\N\t\\N\t\\N\t\\N\t\\N\t3594E94E-6EAB-11E7-9C4A-016A9B740759\t\\N\t\\N\t\\N\t-99\t2017-07-22 13:58:47.673919\t21136913\t2017-07-22 14:05:07.785969\t\\N\t\\N\t\\N\t\\N\t2017-08-21 14:05:07.785969\t1\t\\N\t\\N\tacb67687b5771a41928ae75c39269e0d12fa4d7e7a14a5353e31c2749f367f75ea98ae0c582f9e6f5292391c1bea4d10\tb662\r\n84775911\t\\N\tfaizahizah338@gmail.com\t\\N\t1\tFaizah asti\t0\t\\N\t\\N\t\t\\N\t\\N\t\\N\t\\N\t\\N\t\\N\t\\N\t\\N\t\\N\t\\N\t\\N\t62e492ec-bfa9-4d8c-8bb4-7fb391436c07\t\\N\t\\N\t\\N\t0\t2019-12-28 00:25:14\t\\N\t\\N\t\\N\t\\N\t\\N\t\\N\t\\N\t\\N\t\\N\t\\N\t\\N\t\\N\r\n47100327\t\\N\tputraabdillah123@gmail.com\t\\N\t1\tPutra abdillah Abdillah\t0\t\\N\t\\N\t\t\\N\t\\N\t\\N\t\\N\t\\N\t\\N\t\\N\t\\N\t\\N\t\\N\t\\N\tc678f227-6280-4027-9852-15f9719fed21\t\\N\t\\N\t\\N\t0\t2019-01-06 00:12:05\t\\N\t\\N\t\\N\t\\N\t\\N\t\\N\t\\N\t\\N\t\\N\t\\N\t\\N\t\\N\r\n21136916\t\\N\tbamsutrisno31@gmail.com\t\t1\tMancing Mania\t0\t\\N\t\\N\t62895803315692\t\\N\t\\N\t\\N\t\\N\t\\N\t\\N\t\\N\t\\N\t\\N\t\\N\t\\N\t4af9c6ac-fa41-4820-b671-eb4c9aebf727\t\\N\t\\N\t\\N\t0\t2017-07-22 13:58:53.477872\t21136916\t2017-07-22 14:06:59.098428\t\\N\t\\N\t\\N\t\\N\t2017-08-21 14:06:59.098428\t1\t\\N\t\\N\t3af9c34f009e95828c71b7bf65c0a9059864affff08c4e432c4c035454a56a1403038f94f89b564182e0fce5d95c80a0\t6c18\r\n68354019\t\\N\tdulrokhim28.driver@gmail.com\t\\N\t1\tDul Rokhim\t0\t\\N\t\\N\t\t\\N\t\\N\t\\N\t\\N\t\\N\t\\N\t\\N\t\\N\t\\N\t\\N\t\\N\ta7da7029-f2ad-4d04-a8e1-43a6d14f4ad3\t\\N\t\\N\t\\N\t0\t2019-06-18 00:24:52\t\\N\t\\N\t\\N\t\\N\t\\N\t\\N\t\\N\t\\N\t\\N\t\\N\t\\N\t\\N\r\n21136918\t\\N\tferry.ferdiawan279@gmail.com\t\t1\tFerry Ferdiawan\t0\t\\N\t\\N\t6285741432630\t\\N\t\\N\t\\N\t\\N\t\\N\t\\N\t\\N\t\\N\t\\N\t\\N\t\\N\t18feef18-b646-4179-84b6-9a7292dabb91\t\\N\t\\N\t\\N\t0\t2017-07-22 13:59:00.596627\t21136918\t2017-07-22 13:59:50.010705\t\\N\t\\N\t\\N\t\\N\t2017-08-21 13:59:50.009741\t1\t\\N\t\\N\t0c4e0a26fd084b4ffab336296818a698327689c375ffc529f7c0a60e3cbf75a66a6a25643fec2aec40e2636fb1f6ba89\t3cc0\r\n82009836\t\\N\tryankapiso@gmail.com\t\\N\t1\tRyan Kapiso\t0\t\\N\t\\N\t\t\\N\t\\N\t\\N\t\\N\t\\N\t\\N\t\\N\t\\N\t\\N\t\\N\t\\N\t27e982ff-ed32-41e2-ab7b-2892209a12fe\t\\N\t\\N\t\\N\t0\t2019-11-14 00:18:44\t\\N\t\\N\t\\N\t\\N\t\\N\t\\N\t\\N\t\\N\t\\N\t\\N\t\\N\t\\N\r\n21136920\t\\N\tizra@ikmtsya.edu.my\t\t1\tMohammad Izra Ismail\t0\t1978-10-29\t\\N\t60192079478\t\\N\t\\N\t\\N\t\\N\t\\N\t\\N\t\\N\t\\N\t\\N\t\\N\t\\N\tabf6f995-e634-4f98-aee3-dca7c0448dd1\t\\N\t\\N\t\\N\t0\t2017-07-22 13:59:09.893875\t21136920\t2017-07-22 14:10:52.544009\t\\N\t\\N\t\\N\t\\N\t2017-08-21 14:10:52.543324\t1\t\\N\t\\N\taf84a56b51e7c8eb7e755ac6bbfbaa51a65dcb33b9da6ad65b0f14222790b5778f9392cebe0ed96237500c7d99252edd\t8c85\r\n21136925\t\\N\tphivetooienty52@yahoo.co.uk\t\t1\tZalfarienty Mat Zain\t2\t1983-04-02\t\\N\t60194474947\t\\N\t\\N\t\\N\t\\N\t\\N\t\\N\t\\N\t\\N\t\\N\t\\N\t\\N\t75efae89-0263-4ad1-84dc-5e9d38be8392\t\\N\t\\N\t\\N\t0\t2017-07-22 13:59:19.767719\t21136925\t\\N\t\\N\t\\N\t\\N\t\\N\t\\N\t\\N\t\\N\t\\N\t896e20df764b7a885632a1ce1de73ed0a5cb8a099bb3de906ca309b6eb829e7625caa9f740997bb1bedc81e4e239bb3f\td348\r\n32585862\t\\N\tcnxanders@gmail.com\t\t1\tAriq Adhityaaa\t0\t0001-01-01\t\\N\t6288211733001\t\\N\t\\N\t\\N\t\\N\t\\N\t\\N\t\\N\t\\N\t\\N\t\\N\t\\N\te2a2570e-abe2-4f2b-9ed6-eb94da034f07\t\\N\t\\N\t\\N\t0\t2018-05-16 00:51:56\t32585862\t\\N\t\\N\t\\N\t\\N\t\\N\t\\N\t\\N\t\\N\t\t326e8d982bd449dd32a0095c144ba07c0ab85b6602d7f277e652cf0ada6e748691450eda4001990be1dff7c9bbe160bc\t6d12\r\n21136929\t\\N\tSolusiplastikutama@gmail.com\t\t1\tSolusiplastik Utama\t1\t1982-06-06\t\\N\t6282137035071\t\\N\t\\N\t\\N\t\\N\t\\N\t\\N\t\\N\t\\N\t\\N\t\\N\t\\N\tf5974f5c-6963-40f4-a411-024de9e04ae1\t\\N\t\\N\t\\N\t0\t2017-07-22 13:59:35.935035\t21136929\t2017-07-22 14:40:22.023198\t\\N\t\\N\t\\N\t\\N\t2017-08-21 14:40:22.129375\t1\t\\N\t\\N\tced119ef94a95822033b9080c95a45d504d21ae76564500e552f0b03f9f328c6486840b078e45aa554c431ed1b779dab\te176\r\n26480002\t\\N\tIrfan0935@yahoo.web.id\t\t1\tIrfan\t0\t\\N\t\\N\t6285704247541\t\\N\t\\N\t\\N\t\\N\t\\N\t\\N\t\\N\t\\N\t\\N\t\\N\t\\N\t683d0163-a213-4d18-8a3a-2ac8e116a36c\t\\N\t\\N\t\\N\t0\t2018-01-03 05:09:55.422602\t26480002\t\\N\t\\N\t\\N\t\\N\t\\N\t\\N\t\\N\t\\N\t\\N\te0a246c6a0bf00e7a1e34d1d66e35bfe70356c2ba519785bc51b099d89021235e38a5675bf6b99a6dd4f443cd1a9e0b2\tb024\r\n25202721\t\\N\tdanielsuyatno189@gmail.com\t\t1\tDaniel Suyatno\t1\t1966-11-17\t\\N\t6285648593688\t\\N\t\\N\t\\N\t\\N\t\\N\t\\N\t\\N\t\\N\t\\N\t\\N\t\\N\t8ff6872b-b2f3-4822-ba75-ae78036cff82\t\\N\t\\N\t\\N\t0\t2017-12-02 08:17:10.576698\t25202721\t2018-12-11 00:21:27.917977\t\\N\t\\N\t\\N\t\\N\t2019-01-10 00:21:27.91417\t1\t\\N\t\\N\tbdb8dc0c24f8355774f0ec711b8c2922447cc2e16cb9a489812b1c9e69e1bdfc84b51610230b46a2dae04eb9ca51790d\t24bd\r\n38802325\t\\N\taidilceria353@yahoo.co.id\t\\N\t1\tAidil Said\t1\t1997-02-03\t\\N\t6285791757167\t\\N\t\\N\t\\N\t\\N\t\\N\t\\N\t\\N\t\\N\t\\N\t\\N\t\\N\t25131406-bb2f-47f1-9045-3837e20d8c1f\t\\N\t\\N\t\\N\t0\t2018-08-20 00:07:32\t\\N\t\\N\t\\N\t\\N\t\\N\t\\N\t\\N\t\\N\t\\N\t\\N\t\\N\t\\N\r\n47100332\t\\N\tmfroni150313@gmail.com\t\\N\t1\tmuhammad firdaus\t0\t\\N\t\\N\t\t\\N\t\\N\t\\N\t\\N\t\\N\t\\N\t\\N\t\\N\t\\N\t\\N\t\\N\t443a1621-0ee1-4fe1-a7f8-b64c1fbf7860\t\\N\t\\N\t\\N\t0\t2019-01-06 00:12:10\t\\N\t\\N\t\\N\t\\N\t\\N\t\\N\t\\N\t\\N\t\\N\t\\N\t\\N\t\\N\r\n47100340\t\\N\tdrumibe@rocketmail.com\t\\N\t1\tBakul Pomade\t1\t1986-08-19\t\\N\t\t\\N\t\\N\t\\N\t\\N\t\\N\t\\N\t\\N\t\\N\t\\N\t\\N\t\\N\tf2d481a9-43bb-4889-a5d9-254ee2142dd9\t\\N\t\\N\t\\N\t0\t2019-01-06 00:12:25\t\\N\t\\N\t\\N\t\\N\t\\N\t\\N\t\\N\t\\N\t\\N\t\\N\t\\N\t\\N\r\n53147679\t\\N\trahardja2130@gmail.com\t\\N\t1\t[CHARACTER_NOT_ALLOWED]\t0\t\\N\t\\N\t\t\\N\t\\N\t\\N\t\\N\t\\N\t\\N\t\\N\t\\N\t\\N\t\\N\t\\N\tc45960a6-514d-421f-83d6-13b38a8bde22\t\\N\t\\N\t\\N\t0\t2019-03-21 00:21:48\t\\N\t\\N\t\\N\t\\N\t\\N\t\\N\t\\N\t\\N\t\\N\t\\N\t\\N\t\\N\r\n68428721\t\\N\tgamepc784@gmail.com\t\\N\t1\tSaleh Jr\t0\t\\N\t\\N\t\t\\N\t\\N\t\\N\t\\N\t\\N\t\\N\t\\N\t\\N\t\\N\t\\N\t\\N\tcbea47c8-ad85-4ca1-97cd-b90988f2bd11\t\\N\t\\N\t\\N\t0\t2019-06-19 00:31:09\t\\N\t\\N\t\\N\t\\N\t\\N\t\\N\t\\N\t\\N\t\\N\t\\N\t\\N\t\\N\r\n68986172\t\\N\tzahrinaz284@gmail.com\t\\N\t1\tzahrina zahra\t0\t\\N\t\\N\t\t\\N\t\\N\t\\N\t\\N\t\\N\t\\N\t\\N\t\\N\t\\N\t\\N\t\\N\t096d1da6-56a4-42e3-bff8-f99a2e352eb4\t\\N\t\\N\t\\N\t0\t2019-06-26 00:25:48\t\\N\t\\N\t\\N\t\\N\t\\N\t\\N\t\\N\t\\N\t\\N\t\\N\t\\N\t\\N\r\n82009838\t\\N\tokakusuma123@gmail.com\t\\N\t1\tOka Wardana\t0\t\\N\t\\N\t\t\\N\t\\N\t\\N\t\\N\t\\N\t\\N\t\\N\t\\N\t\\N\t\\N\t\\N\tacd804e3-5e1a-4e78-8081-976468fc5da6\t\\N\t\\N\t\\N\t0\t2019-11-14 00:18:50\t\\N\t\\N\t\\N\t\\N\t\\N\t\\N\t\\N\t\\N\t\\N\t\\N\t\\N\t\\N\r\n39190578\t\\N\trendihermawan.tytyd@gmail.com\t\\N\t1\tRendihermawan Tytyd\t0\t\\N\t\\N\t\t\\N\t\\N\t\\N\t\\N\t\\N\t\\N\t\\N\t\\N\t\\N\t\\N\t\\N\t45ddd99f-254b-427b-ac0c-83ec2430c2df\t\\N\t\\N\t\\N\t0\t2018-08-29 00:07:46\t\\N\t\\N\t\\N\t\\N\t\\N\t\\N\t\\N\t\\N\t\\N\t\\N\t\\N\t\\N\r\n28857232\t\\N\tberkasperson@gmail.com\t\\N\t1\tberkas person\t0\t\\N\t\\N\t\\N\t\\N\t\\N\t\\N\t\\N\t\\N\t\\N\t\\N\t\\N\t\\N\t\\N\t\\N\t681795d6-0414-42e0-8b3f-38bb642b1427\t\\N\t\\N\t\\N\t0\t2018-03-10 00:38:58.233936\t\\N\t\\N\t\\N\t\\N\t\\N\t\\N\t\\N\t\\N\t\\N\t\\N\t\\N\t\\N\r\n14877335\t\\N\tiskandarzulkarnain3176@gmail.com\t\t1\tiskandar zulkarnain\t1\t1976-07-31\t\\N\t6282110505154\t\t\\N\t\\N\t0\t\\N\t\\N\t\\N\t\\N\t\\N\t\t\\N\t127ed973-063a-49d4-a03e-665d13f755b3\t\\N\t\\N\t\\N\t0\t2016-12-18 12:15:35.773019\t14877335\t2019-03-13 00:18:22.266331\t\\N\t\\N\t\\N\tf4c7f935-88db-460e-9a8f-7f20d51229ad\t2017-01-17 12:16:10.948714\t1\t\\N\t\\N\ta9bc79fc3f4f23325105edabf0a884996bfe7ba0d6d350d78f4a81eb5b03118fb06ae488946abd65b6b3821549e82f47\t466e\r\n41465011\t\\N\tabunawashusen12@gmail.com\t\\N\t1\tHusen Abunawas\t0\t\\N\t\\N\t\t\\N\t\\N\t\\N\t\\N\t\\N\t\\N\t\\N\t\\N\t\\N\t\\N\t\\N\t846201a2-30a6-4785-b967-3b2ccaa0e7d1\t\\N\t\\N\t\\N\t0\t2018-10-08 00:10:27\t\\N\t\\N\t\\N\t\\N\t\\N\t\\N\t\\N\t\\N\t\\N\t\\N\t\\N\t\\N\r\n\r\n\r\n\r\n\r\n\r\nYes, this means that for .012BTC  you can hack ANY TOKOPEDIA user, and if they use the same password on other sites you can hack into there too. Their iCloud with all their personal photos, their email accounts, facebook and instagram are all vulnerable to being hacked once you have this DB.\r\n \r\nEnjoy and please help keep this leak private by not sharing it after you've purchased.\r\n \r\n \r\n\r\n\r\n\r\n\r\n\r\n\r\n\r\n\r\n\r\n\r\n\r\n\r\n\r\n\r\n\r\n\r\n\r\n\r\n\r\n\r\n\r\n\r\n\r\n\r\n\r\n======================================================================================\r\nList of Few Original DB Leaks :\r\nhttps://bit.ly/2HAlEZU\r\n======================================================================================\r\n\r\n\r\n\r\n\r\n\r\n\r\n\r\n\r\n\r\n\r\n\r\n\r\n\r\n \r\n \r\n \r\n \r\n \r\nTags (ignore):\r\n\r\nTokopedia, Indonesia's largest e-commerce platform, said it was investigating an attempted hack and claims that the details of millions of its users had been leaked online.\r\n\"We found that there had been an attempt to steal data from Tokopedia users,\" a spokesman for the company said in a statement late Saturday.\r\n\"However, Tokopedia ensures that crucial information such as passwords remains successfully protected behind encryption.\"\r\n\"At this moment, we continue to investigate further into this matter and there is no additional information that we can share,\" the statement added.\r\nData breach monitoring firm Under the Breach published a Twitter post on Saturday showing screenshots from an unnamed individual who claimed he had acquired the personal details of 15 million Tokopedia users during a March 2020 hack on the e-commerce site.\r\nsiph0n DB\r\nTOKOPEDIA email password\r\nTOKOPEDIA email password dump\r\nTOKOPEDIA leaked source free account\r\nTOKOPEDIA leaked passwords list\r\nTOKOPEDIA leaked password DB\r\nTOKOPEDIA DB leaked\r\nTOKOPEDIA email:pass leak\r\nTOKOPEDIA leaked DB download\r\nTOKOPEDIA DB dump\r\nleaked TOKOPEDIA passwords pastebin\r\nTOKOPEDIA password leak list\r\nTOKOPEDIA DB download\r\nDB , HACKED, LEAKED , COMBOLIST , EMAIL:PASS , COMBO ,\r\nEMAIL:PASSWORD ,TWITTER , OVH , HACKED , HAXOR , HACKER , LEAK ,\r\nTOKOPEDIA , TUMBLR , HACKED DB , LEAKED DB , HQ COMBO,\r\nT-MOBILE , EXPERIAN , DBOX DB , DROPBOX , DROPBOX DB, CLIXSENSE ,\r\nCLIXSENSE DB , HQ ACCOUNTS , FRESH COMBO , EMAIL:PASS FRESH ,\r\nDB LEAKED , SPOTIFY , HBO NOW , NETFLIX , UBER ACCOUNTS , UBER ,\r\nNETFLIX ACCOUNT , HBO NOW ACCOUNT , SPOTIFY ACCOUNT , MINECRAFT ACCOUNT ,\r\nLOL ACCOUNT , EUNE , EUNE ACCOUNT , RP EUNE ACCOUNT , CHEAP SPOTIFY PREMIUM ,\r\nZENMATE ACCOUNT , DEATH BY CAPTCHA ACCOUNT , ZENMATE , RISEUP INVITE ,\r\nRISEUP.NET INVITE, INVITE CODE , MINECRAFT , CRACKED PROGRAMS\r\nAccording to the screenshots, which show names, emails and birthdays, the hacker alleges he or she is in possession of a much bigger user database and asks for assistance to \"crack\" users' passwords.\r\nUnder the Breach, which monitors cyber crime, said on Sunday the hacker had updated the post to offer the details of 91 million users for \"$5,000 (roughly Rs. 3.8 lakh) on the Darknet\". The firm shared a screenshot of the hacker's proposed offer posted online.\r\nBacked by $2 billion (roughly Rs. 15,150 crores) in funding from investors including SoftBank's Vision Fund and Alibaba, Tokopedia, whose founder and CEO William Tanuwijaya is one of the country's most prominent tech entrepreneurs, claims more than 90 million monthly active users.\r\nA Tokopedia spokesman declined to comment directly on the hacker's claims, but told Reuters on Sunday that \"all transactions with all payments methods at Tokopedia ... remain secure.\"",
    "YaraRule": [
        "email_list",
        "email_filter"
    ],
    "total_emails": 133,
    "unique_emails": 133,
    "unique_domains": 10
}