{
    "scrape_url": "https://scrape.pastebin.com/api_scrape_item.php?i=jJYGyvD4",
    "full_url": "https://pastebin.com/jJYGyvD4",
    "date": "1594883401",
    "key": "jJYGyvD4",
    "size": 286,
    "expire": "1595488201",
    "title": "models",
    "syntax": "python",
    "user": "",
    "filename": "jJYGyvD4",
    "pasteid": "jJYGyvD4",
    "pastesite": "pastebin.com",
    "@timestamp": "2020-07-16T07:10:01",
    "MD5": "30839ab0904d4566d8d1edf5619f932c",
    "SHA256": "180c64d2782ec940d694a2a1cde369e07e0c55214c21fdc8d3b22a76aafa599f",
    "raw_paste": "engine = create_engine('mysql://root:@localhost/myDB', convert_unicode=True, echo=False)\r\nBase = declarative_base()\r\nBase.metadata.reflect(engine)\r\n\r\nclass User(Base):\r\n    __table__ = Base.metadata.tables['user']\r\n\r\nclass Teacher(Base):\r\n    __table__ = Base.metadata.tables['teacher']",
    "YaraRule": [
        "db_connection"
    ]
}