{
    "scrape_url": "https://scrape.pastebin.com/api_scrape_item.php?i=jnMG34WK",
    "full_url": "https://pastebin.com/jnMG34WK",
    "date": "1594884771",
    "key": "jnMG34WK",
    "size": 3962,
    "expire": "0",
    "title": "",
    "syntax": "javascript",
    "user": "",
    "filename": "jnMG34WK",
    "pasteid": "jnMG34WK",
    "pastesite": "pastebin.com",
    "@timestamp": "2020-07-16T07:32:51",
    "MD5": "95cedba7db27d1a4b63bf4d30f8b51fd",
    "SHA256": "a6757600fef5fc0f8ab857c23c242b7b12a85a951f0b0cb1bbc3de8ff3b10ddb",
    "raw_paste": "/* global google */\r\nimport React, { Component } from \"react\";\r\nimport { Map, Polygon, GoogleApiWrapper } from \"google-maps-react\";\r\nimport Axios from 'axios';\r\nimport { Button, ButtonToolbar } from 'react-bootstrap';\r\n\r\nexport class MapContainer extends Component {\r\n  constructor(props) {\r\n    super(props);\r\n    this.state = {\r\n      data: [],\r\n      selected: [],\r\n      filename: \"\"\r\n    };\r\n    this.fillColors = [\"#8686B3\",\"#F14288\"];\r\n  }\r\n\r\n  //Handles clicking on polygons, making sure they get colored and selected\r\n  polygonClick = (props, polygon, e) => {\r\n    let new_data = this.state.data.slice();\r\n    new_data[polygon.index]['selected'] = new_data[polygon.index]['selected'] ? false : true;\r\n    this.setState({data : new_data})\r\n    const currentColor = this.state.data[polygon.index]['selected'] ? (this.fillColors[1]) : this.fillColors[0];\r\n  polygon.setOptions({ fillColor: currentColor });\r\n  };\r\n\r\n  //Load default data from backend\r\n  getPoly = () =>{\r\n    this.setState({data: []})\r\n    Axios.get(\"/load\").then(res => {\r\n      return res.data\r\n    }).then(data => {\r\n      const polygon_coords = data.features.map((element) =>{\r\n        element['selected'] = false;\r\n        return element\r\n      })\r\n      this.setState({filename: data.filename})\r\n      this.setState({data: polygon_coords})\r\n    })\r\n  }\r\n\r\n  // Groups selected and unselected polygons for backend\r\n  groupBy(polys) {\r\n    var grouped = {selected: [], rest: []};\r\n    polys.forEach(element => {\r\n      (element['selected']) ? grouped.selected.push(element) : grouped.rest.push(element)\r\n    });\r\n    return grouped;\r\n  }\r\n\r\n  //Passes data to intersection backend\r\n  handleIntersection = () =>{\r\n    const poly_data = this.groupBy(this.state.data)\r\n    Axios.post(\"/intersect\", {features:poly_data.selected, rest:poly_data.rest, filename: this.state.filename}).then(res => {\r\n      return res.data.features\r\n    }).then(data => {\r\n        this.setState({data: data.flat()})\r\n    })\r\n  }\r\n \r\n  //Passes data to union backend\r\n  handleUnion = () =>{\r\n    const poly_data = this.groupBy(this.state.data)\r\n    Axios.post(\"/union\", {features:poly_data.selected, rest:poly_data.rest, filename: this.state.filename}).then(res => {\r\n      return res.data.features\r\n    }).then(data => {\r\n      this.setState({data: data.flat()})\r\n    })\r\n  }\r\n\r\n  //Populates map on startup\r\n  componentDidMount() {\r\n    this.getPoly();\r\n  }\r\n\r\n  handleSave = () => {\r\n    Axios.post(\"/save\", {features: this.state.data, filename: this.state.filename})\r\n  }\r\n\r\n  render() {\r\n    let polys = this.state.data.map((coordinates, index) => {\r\n        return(\r\n          <Polygon\r\n            index={index} \r\n            ref={this.polygonRef}\r\n            onClick={this.polygonClick}\r\n            paths={coordinates}\r\n            strokeOpacity={0.8}\r\n            strokeWeight={2}\r\n            fillColor={this.fillColors[0]}\r\n            fillOpacity={0.35}\r\n            data={coordinates}\r\n           />\r\n        )\r\n      })\r\n\r\n    return (\r\n      <div>\r\n        <div className=\"map-container\">\r\n          <Map\r\n            google={this.props.google}\r\n            className={\"map\"}\r\n            zoom={14}\r\n            style={{width: '80%', height: '80%', position: 'relative'}}\r\n            initialCenter={{\r\n              lat: 51.51,\r\n              lng: -0.13\r\n            }}\r\n          >\r\n          {polys}\r\n          {<ButtonToolbar position='absolute' bottom={0}>\r\n          <Button bsSize=\"large\" onClick={this.getPoly}>Reload</Button>\r\n          <Button bsSize=\"large\" onClick={this.handleSave}>Save</Button>\r\n          <Button bsSize=\"large\" onClick={this.handleUnion}>Union</Button>\r\n          <Button bsSize=\"large\" onClick={this.handleIntersection} >Intersection</Button>\r\n          </ButtonToolbar> }\r\n          </Map> \r\n        </div>\r\n      </div>\r\n    );\r\n  }\r\n}\r\n\r\nexport default GoogleApiWrapper({\r\n  apiKey: \"AIzaSyD3DstthrfYiEovv9cql8q8P3UrmgMDCe8\"\r\n})(MapContainer, ButtonToolbar);",
    "YaraRule": [
        "google_api"
    ]
}