{
    "scrape_url": "https://scrape.pastebin.com/api_scrape_item.php?i=JSC6wajc",
    "full_url": "https://pastebin.com/JSC6wajc",
    "date": "1594908208",
    "key": "JSC6wajc",
    "size": 10569,
    "expire": "0",
    "title": "DB ESM - HW_PROJECT",
    "syntax": "mysql",
    "user": "CSenshi",
    "filename": "JSC6wajc",
    "pasteid": "JSC6wajc",
    "pastesite": "pastebin.com",
    "@timestamp": "2020-07-16T14:03:28",
    "MD5": "d8bce8643caa4eaf467b4c3844ef61e5",
    "SHA256": "ef6c7110ec6770b23c4e7e3f0fcd5cc14fd81b967a33f007d16775536b1e0dde",
    "raw_paste": "-- #1. Create Schema \r\nDROP SCHEMA IF EXISTS `platform`;\r\nCREATE SCHEMA `platform`;\r\nUSE `platform`;\r\n\r\n-- #2. Create Tables\r\n-- #2.1 Table: Users\r\nCREATE TABLE `users` (\r\n  `id` INT NOT NULL AUTO_INCREMENT,\r\n  `username` VARCHAR(16) NOT NULL,\r\n  `age` int,\r\n  `email` VARCHAR(255) NOT NULL UNIQUE,\r\n  `password` VARCHAR(32) NOT NULL,\r\n  `created_at` TIMESTAMP NOT NULL DEFAULT CURRENT_TIMESTAMP,\r\n  `updated_at` TIMESTAMP NOT NULL DEFAULT CURRENT_TIMESTAMP,\r\n  \r\n  PRIMARY KEY (`id`),\r\n  CONSTRAINT CHK_Person CHECK (`age` >= 18));\r\n  \r\n-- #2.2 Table: Roles\r\nCREATE TABLE `roles`(\r\n  `id` INT NOT NULL AUTO_INCREMENT,\r\n  `role` VARCHAR(16) NOT NULL,\r\n  \r\n  PRIMARY KEY (`id`));\r\n\r\n-- #2.3 Table: User-Roles Many to Many Relationship\r\nCREATE TABLE `user_roles` (\r\n  `id` INT NOT NULL AUTO_INCREMENT,\r\n  `user_id` INT NULL,\r\n  `role_id` INT NULL,\r\n  `created_at` TIMESTAMP NOT NULL DEFAULT CURRENT_TIMESTAMP,\r\n  \r\n  PRIMARY KEY (`id`),\r\n  CONSTRAINT `user`\r\n    FOREIGN KEY (`user_id`) REFERENCES `users` (`id`),\r\n  CONSTRAINT `user_role`\r\n    FOREIGN KEY (`role_id`) REFERENCES `roles` (`id`));\r\n\r\n-- #2.4 Table: Videos\r\nCREATE TABLE `videos` (\r\n  `id` INT NOT NULL AUTO_INCREMENT,\r\n  `user_id` INT NOT NULL,\r\n  `title` VARCHAR(45) NOT NULL,\r\n  `description` VARCHAR(1023) NULL,\r\n  `video_url` VARCHAR(255) NOT NULL,\r\n  `created_at` TIMESTAMP NOT NULL DEFAULT CURRENT_TIMESTAMP,\r\n  `updated_at` TIMESTAMP NOT NULL DEFAULT CURRENT_TIMESTAMP,\r\n  \r\n  PRIMARY KEY (`id`),\r\n  CONSTRAINT `video_user`\r\n    FOREIGN KEY (`user_id`) REFERENCES `users` (`id`));\r\n\r\n-- #2.5 Table: Comments (for videos)\r\nCREATE TABLE `comments` (\r\n  `id` INT NOT NULL AUTO_INCREMENT,\r\n  `user_id` INT NOT NULL,\r\n  `video_id` INT NOT NULL,\r\n  `content` VARCHAR(255) NOT NULL,\r\n  `created_at` TIMESTAMP NOT NULL DEFAULT CURRENT_TIMESTAMP,\r\n  `updated_at` TIMESTAMP NOT NULL DEFAULT CURRENT_TIMESTAMP,\r\n  \r\n  PRIMARY KEY (`id`),\r\n  CONSTRAINT `comment_user`\r\n    FOREIGN KEY (`user_id`) REFERENCES `users` (`id`),\r\n  CONSTRAINT `comment_video`\r\n    FOREIGN KEY (`video_id`) REFERENCES `videos` (`id`));\r\n\r\n-- #2.6 Table: Video Likes\r\nCREATE TABLE `video_likes` (\r\n  `id` INT NOT NULL AUTO_INCREMENT,\r\n  `video_id` INT NULL,\r\n  `user_id` INT NULL,\r\n  `is_up` BOOLEAN NULL DEFAULT FALSE,\r\n  `created_at` TIMESTAMP NOT NULL DEFAULT CURRENT_TIMESTAMP,\r\n  `updated_at` TIMESTAMP NOT NULL DEFAULT CURRENT_TIMESTAMP,\r\n  \r\n  PRIMARY KEY (`id`),\r\n  CONSTRAINT `uv_video_like`\r\n    FOREIGN KEY (`video_id`) REFERENCES `videos` (`id`),\r\n  CONSTRAINT `uv_user_like`\r\n    FOREIGN KEY (`user_id`) REFERENCES `users` (`id`));\r\n\r\n\r\n-- #2.7 Table: Comment Likes\r\nCREATE TABLE `comment_likes` (\r\n  `id` INT NOT NULL AUTO_INCREMENT,\r\n  `comment_id` INT NULL,\r\n  `user_id` INT NULL,\r\n  `is_up` BOOLEAN NULL DEFAULT FALSE,\r\n  `created_at` TIMESTAMP NOT NULL DEFAULT CURRENT_TIMESTAMP,\r\n  `updated_at` TIMESTAMP NOT NULL DEFAULT CURRENT_TIMESTAMP, \r\n \r\n  PRIMARY KEY (`id`),\r\n  CONSTRAINT `uc_comment_like`\r\n    FOREIGN KEY (`comment_id`) REFERENCES `comments` (`id`),\r\n  CONSTRAINT `uc_user_like`\r\n    FOREIGN KEY (`user_id`) REFERENCES `users` (`id`));\r\n\r\n-- #2.8 Table: Categories (for videos)\r\nCREATE TABLE `categories` (\r\n  `id` INT NOT NULL AUTO_INCREMENT,\r\n  `category` VARCHAR(45) NOT NULL,\r\n  \r\n  PRIMARY KEY (`id`));\r\n\r\n-- #2.9 Table: Video-Categories Many to Many Relationship\r\nCREATE TABLE `video_category` (\r\n  `id` INT NOT NULL AUTO_INCREMENT,\r\n  `video_id` INT NULL,\r\n  `category_id` INT NULL,\r\n  \r\n  PRIMARY KEY (`id`),\r\n  CONSTRAINT `fk_vc_video`\r\n    FOREIGN KEY (`video_id`) REFERENCES `videos` (`id`),\r\n  CONSTRAINT `fk_vc_category`\r\n    FOREIGN KEY (`category_id`) REFERENCES `categories` (`id`));\r\n\r\n-- #3 (Optional) Insert some data into tables\r\n-- #3.1 Users \r\nInsert into `users` (`username`, `age`, `email`, `password`) \r\nValues ('Senshi', 23, 'saba.pochkhua@gmail.com', '3668D391BECFEC1C0EC3B388CB82DCA6');\r\n\r\nInsert into `users` (`username`, `age`, `email`, `password`) \r\nValues ('pewdiepie', 27, 'pdp@gmail.com', 'C83E986814118CB34E3BDF0BBD12AB55');\r\n\r\nInsert into `users` (`username`, `age`, `email`, `password`) \r\nValues ('Eminem', 33, 'em@gmail.com', '26B637ED41273425BE243E8D42E5B461');\r\n\r\nInsert IGNORE into `users` (`username`, `age`, `email`, `password`) \r\nValues ('someone', 23, 'saba.pochkhua@gmail.com', '3668D391BECFEC1C0EC3B388CB82DCA6'); -- error: duplicate entry on mail\r\n\r\nInsert IGNORE into `users` (`username`, `age`, `email`, `password`) \r\nValues ('killer_boy', 13, 'best_boy_EU@gmail.com', '7745D9B1899F8C7316ECF065D8FC2469'); -- error: check constraint on age\r\n\r\n-- #3.2 roles\r\nInsert into `roles` (`role`)\r\nValues ('admin');\r\n\r\nInsert into `roles` (`role`)\r\nValues ('super_user');\r\n\r\nInsert into `roles` (`role`)\r\nValues ('user');\r\n\r\n-- #3.3 user_roles\r\nInsert into `user_roles` (`user_id`, `role_id`)\r\nValues ((SELECT `id` from `users` where `username` = 'Senshi'), (SELECT `id` from `roles` where `role` = 'admin'));\r\n\r\nInsert into `user_roles` (`user_id`, `role_id`)\r\nValues ((SELECT `id` from `users` where `username` = 'pewdiepie'), (SELECT `id` from `roles` where `role` = 'user'));\r\n\r\nInsert IGNORE into `user_roles` (`user_id`, `role_id`)\r\nValues (1000, (SELECT `id` from `roles` where `role` = 'user')); -- error: fk constraint on user id\r\n\r\nInsert IGNORE into `user_roles` (`user_id`, `role_id`)\r\nValues ((SELECT `id` from `users` where `username` = 'Senshi'), 1000); -- error: fk constraint on role id\r\n\r\n-- #3.4 Videos\r\nInsert into `videos` (`user_id`, `title`, `description`, `video_url`)\r\nvalues ((SELECT `id` from `users` where `username` = 'pewdiepie'), 'bitch lasagna', 'Track made by Party In Backyard \u25ba https://www.youtube.com/channel/blablabla', '/videos/1.mp4');\r\n\r\nInsert into `videos` (`user_id`, `title`, `description`, `video_url`)\r\nvalues ((SELECT `id` from `users` where `username` = 'pewdiepie'), 'bitch lasagna *UPDATED*', 'GREATES MUSIC IN DA WORLD', '/videos/2.mp4');\r\n\r\nInsert IGNORE into `videos` (`user_id`, `title`, `description`, `video_url`)\r\nvalues (1000, 'Something', 'Something Desc', '/videos/3.mp4'); -- error: fk constraint on user id\r\n    \r\n-- #3.5 Comments\r\nInsert into `comments` (`user_id`, `video_id`, `content`)\r\nvalues ((SELECT `id` from `users` where `username` = 'Senshi'), (SELECT `id` from `videos` where `title` = 'bitch lasagna'), 'Greates Music Video EVER!');\r\n\r\nInsert into `comments` (`user_id`, `video_id`, `content`)\r\nvalues ((SELECT `id` from `users` where `username` = 'Eminem'), (SELECT `id` from `videos` where `title` = 'bitch lasagna'), 'MY MUSIC IS BETTER!');\r\n\r\nInsert IGNORE into `comments` (`user_id`, `video_id`, `content`)\r\nvalues ((SELECT `id` from `users` where `username` = 'Eminem'), (SELECT `id` from `videos` where `title` = 'bitch lasagna'), null); -- error: content cannot be null\r\n\r\n-- #3.6 Vide Likes\r\nInsert into `video_likes` (`video_id`, `user_id`, `is_up`)\r\nvalues ((SELECT `id` from `videos` where `title` = 'bitch lasagna'), (SELECT `id` from `users` where `username` = 'Senshi'), true);\r\n\r\nInsert into `video_likes` (`video_id`, `user_id`, `is_up`)\r\nvalues ((SELECT `id` from `videos` where `title` = 'bitch lasagna'), (SELECT `id` from `users` where `username` = 'pewdiepie'), true);\r\n\r\nInsert into `video_likes` (`video_id`, `user_id`, `is_up`)\r\nvalues ((SELECT `id` from `videos` where `title` = 'bitch lasagna'), (SELECT `id` from `users` where `username` = 'Eminem'), false);\r\n\r\n-- #3.7 Comment Likes\r\nInsert into `comment_likes` (`comment_id`, `user_id`, `is_up`)\r\nvalues ((SELECT `id` from `comments` where `content` = 'Greates Music Video EVER!'), (SELECT `id` from `users` where `username` = 'pewdiepie'), true);\r\n\r\nInsert into `comment_likes` (`comment_id`, `user_id`, `is_up`)\r\nvalues ((SELECT `id` from `comments` where `content` = 'MY MUSIC IS BETTER!'), (SELECT `id` from `users` where `username` = 'pewdiepie'), false);\r\n\r\nInsert into `comment_likes` (`comment_id`, `user_id`, `is_up`)\r\nvalues ((SELECT `id` from `comments` where `content` = 'MY MUSIC IS BETTER!'), (SELECT `id` from `users` where `username` = 'Senshi'), false);\r\n\r\n-- #3.8 Categories\r\nInsert into `categories` (`category`)\r\nvalues ('Music');\r\n\r\nInsert into `categories` (`category`)\r\nvalues ('Sport');\r\n\r\nInsert into `categories` (`category`)\r\nvalues ('Funny');\r\n\r\n-- #3.9 Video Category Connection\r\nInsert into `video_category` (`video_id`, `category_id`)\r\nvalues ((SELECT `id` from `videos` where `title` = 'bitch lasagna'), (SELECT `id` from `categories` where `category` = 'Music'));\r\n\r\nInsert into `video_category` (`video_id`, `category_id`)\r\nvalues ((SELECT `id` from `videos` where `title` = 'bitch lasagna'), (SELECT `id` from `categories` where `category` = 'Funny'));\r\n\r\n\r\n-- #4. Create Views\r\n-- #4.1 View: User Information\r\nCREATE OR REPLACE VIEW UserInfo AS \r\nSELECT  `username`, `email`, `age`, COALESCE(videos.count, 0) as 'Total Uploaded Videos', COALESCE(comments.count, 0) as 'Total Comments Written', COALESCE(comment_likes.count, 0) as 'Total Comments Liked/Disliked' FROM users\r\nLEFT OUTER JOIN (SELECT `user_id`, COUNT(*) as count FROM `videos` GROUP BY `user_id`) videos on users.id = videos.user_id\r\nLEFT OUTER JOIN (SELECT `user_id`, COUNT(*) as count FROM `comments` GROUP BY `user_id`) comments on users.id = comments.user_id\r\nLEFT OUTER JOIN (SELECT `user_id`, COUNT(*) as count FROM `comment_likes` GROUP BY `user_id`) comment_likes on users.id = comment_likes.user_id;\r\n\r\nselect * from UserInfo;\r\n\r\n-- #4.2 View: Video Information\r\nCREATE OR REPLACE VIEW VideoInfo AS \r\nSELECT  `title`, `description`, `video_url`, COALESCE(video_all_comments.count, 0) as 'Total Comments on Video', COALESCE(video_all_likes.count, 0) as 'Total Likes', COALESCE(video_all_dislikes.count, 0) as 'Total Disikes'  FROM videos\r\nLEFT OUTER JOIN (SELECT `video_id`, COUNT(*) as count FROM `comments` GROUP BY `video_id`) video_all_comments on videos.id = video_all_comments .video_id\r\nLEFT OUTER JOIN (SELECT `video_id`, COUNT(*) as count FROM `video_likes` where is_up GROUP BY `video_id`) video_all_likes on videos.id = video_all_likes .video_id\r\nLEFT OUTER JOIN (SELECT `video_id`, COUNT(*) as count FROM `video_likes` where !is_up GROUP BY `video_id`) video_all_dislikes on videos.id = video_all_dislikes.video_id;\r\n\r\nselect * from VideoInfo;\r\n\r\n-- #4.3 View: Category Info\r\nCREATE OR REPLACE VIEW CategoryInfo as\r\nSELECT categories.id, categories.category, COALESCE(cat.count,0) as 'Video Count' FROM categories\r\nLEFT OUTER JOIN (SELECT `category_id`, COUNT(*) as count FROM `video_category` GROUP BY `category_id`) cat on cat.category_id = categories.id;\r\n\r\nSELECT * FROM CategoryInfo;",
    "YaraRule": [
        "db_structure"
    ]
}