{
    "scrape_url": "https://scrape.pastebin.com/api_scrape_item.php?i=KCM0A3qN",
    "full_url": "https://pastebin.com/KCM0A3qN",
    "date": "1594882862",
    "key": "KCM0A3qN",
    "size": 3463,
    "expire": "0",
    "title": "",
    "syntax": "python",
    "user": "",
    "filename": "KCM0A3qN",
    "pasteid": "KCM0A3qN",
    "pastesite": "pastebin.com",
    "@timestamp": "2020-07-16T07:01:02",
    "MD5": "93622f7766825535cbe2c18af0f689cd",
    "SHA256": "b97e1115209a12a0ae9311c37c78a53c7f527bd2e93a5b83533d9deb75996a7a",
    "raw_paste": "import urllib\r\nimport traceback\r\n\r\n\r\nimport os, time, httplib\r\nfrom termcolor import colored\r\n\r\nimport urlparse\r\nimport httplib\r\nimport ssl\r\n\r\n# TODO\r\n# - Make sure request sent is for 'ping' if possible instead of full request.\r\n# - Make a flask app with one page, to start / stop the pinging process\r\n# - Containerize to be able to do \"docker-compose up -d site-checker\"\r\n\r\n# Recursively follow redirects until there isn't a location header\r\ndef resolve_http_redirect(url, depth=0):\r\n    if depth > 10:\r\n        raise Exception(\"Redirected \"+depth+\" times, giving up.\")\r\n    o = urlparse.urlparse(url,allow_fragments=True)\r\n    conn = httplib.HTTPConnection(o.netloc)\r\n    path = o.path\r\n    if o.query:\r\n        path +='?'+o.query\r\n    conn.request(\"HEAD\", path)\r\n    res = conn.getresponse()\r\n    headers = dict(res.getheaders())\r\n    if headers.has_key('location') and headers['location'] != url:\r\n        return resolve_http_redirect(headers['location'], depth+1)\r\n    else:\r\n        return url\r\n\r\n\r\nsites = [\r\n\t'http://javsolo.com',\r\n\t'https://51foreclosuretips.com',\t\r\n]\r\n\r\nfrom threading import Thread\r\nimport json\r\nimport os\r\nimport urllib2 \r\nscript_dir = os.path.dirname(os.path.realpath(__file__))\r\n\r\n\r\n\r\ndef touch(fname, times=None):\r\n\twith open(fname, 'a'):\r\n\t\tos.utime(fname, times)\r\n\r\nclass SiteChecker(Thread):\r\n\tbase_url   = \"https://api.gemini.com/v1\"\r\n\ttelnyx_url = 'https://sms.telnyx.com'\r\n\tTELNYX_OUTBOUND_SECRET = 'xxx'\r\n\tTELNYX_NUMBER = 'xxx'\r\n\tdef __init__(self, site):\r\n\t\tThread.__init__(self)\r\n\t\tself.site = site\r\n\r\n\tdef run(self):\r\n\t\tscheme = self.site.split(\"://\")[0]\r\n\t\turl = self.site.split(\"://\")[1]\r\n\t\tif 's' in scheme:\r\n\t\t\tc = httplib.HTTPSConnection(url, context=ssl._create_unverified_context())\r\n\t\telse:\r\n\t\t\tc = httplib.HTTPConnection(url)\r\n\t\ttry:\r\n\t\t\tc.request(\"GET\", \"/\")\r\n\t\t\tresponse = c.getresponse()\r\n\t\t\tprint('{0:35} {1:4} {2:5}'.format(self.site, response.status, response.reason))\r\n\t\t\tresponse_code = response.status\r\n\t\texcept:\r\n\t\t\tprint('{0:35} {1:4} {2:5}'.format(self.site, 'ERROR', 'Unknown'))\r\n\t\t\tresponse_code = 404\r\n\t\t# if not good status, touch file and send sms\r\n\t\tif str(response_code) not in ['200','302','301'] :\r\n\t\t\tif url not in os.listdir('.'):\r\n\t\t\t\tsms_body = \"Website %s is down.\" % url\r\n\t\t\t\tsms = {\r\n\t\t\t\t\t'from' : self.TELNYX_NUMBER,\r\n\t\t\t\t\t'to'   : '+1'+'5554555595',\r\n\t\t\t\t\t'body' : sms_body}\r\n\t\t\t\tdata = json.dumps(sms)\r\n\t\t\t\t# Setup\r\n\t\t\t\tmethod = \"POST\"\r\n\t\t\t\thandler = urllib2.HTTPHandler()\r\n\t\t\t\topener = urllib2.build_opener(handler)\r\n\t\t\t\t# Build request\r\n\t\t\t\treq = urllib2.Request(self.telnyx_url+'/send', data)\r\n\t\t\t\treq.add_header(\"x-profile-secret\", self.TELNYX_OUTBOUND_SECRET)\r\n\t\t\t\treq.add_header(\"Content-Type\",'application/json')\r\n\t\t\t\treq.get_method = lambda: method\r\n\t\t\t\ttry:\r\n\t\t\t\t\tconnection = opener.open(req)\r\n\t\t\t\t\tprint(\"con oppened\")\r\n\t\t\t\t\tprint(connection.read())\r\n\t\t\t\texcept urllib2.HTTPError, e:\r\n\t\t\t\t\tconnection = e\r\n\t\t\t\t\t# LOGGER.error('e')\r\n\t\t\t\t\tprint(connection.read())\r\n\t\t\t\t\t# LOGGER.error(connection)\r\n\t\t\t\t\t# LOGGER.error('/e')\r\n\t\t\t\tif connection.code == 200:\r\n\t\t\t\t\t# n.notified_last_sms = datetime.now()\r\n\t\t\t\t\t# db.session.commit()\r\n\t\t\t\t\t# LOGGER.error('/success')\r\n\t\t\t\t\ttouch(os.path.join(script_dir,url))\r\n\t\t\t\telse:\r\n\t\t\t\t\tprint(connection)\r\n\t\t\t\t\tpass\r\n\t\telse:\r\n\t\t\ttry:\r\n\t\t\t\tos.remove(url)\r\n\t\t\texcept:\r\n\t\t\t\tpass\r\n\r\nworkers = []\r\nfor site in sites:\r\n\tworker = SiteChecker(site)\r\n\tworker.daemon = True\r\n\tworker.start()\r\n\tworkers.append(worker)\r\n\r\nfor w in workers:\r\n\tw.join()",
    "YaraRule": [
        "CryptoExchangeApi"
    ]
}