{
    "scrape_url": "https://scrape.pastebin.com/api_scrape_item.php?i=Ki1WKnR0",
    "full_url": "https://pastebin.com/Ki1WKnR0",
    "date": "1594902863",
    "key": "Ki1WKnR0",
    "size": 978,
    "expire": "0",
    "title": "work",
    "syntax": "lua",
    "user": "",
    "filename": "Ki1WKnR0",
    "pasteid": "Ki1WKnR0",
    "pastesite": "pastebin.com",
    "@timestamp": "2020-07-16T12:34:23",
    "MD5": "8944aa5a4216fb978d4c103febbcf615",
    "SHA256": "c6b29225ee4eafd66db018f76ba54bf5a8b64766dc0ad9fd4ac961c874b18b74",
    "raw_paste": "\r\nwhile true do\r\nturtle.select(2)\r\nif turtle.compare() then\r\nturtle.dig()\r\nturtle.forward()\r\nfor i=0,5 do\r\nturtle.digUp()\r\nturtle.up()\r\nend\r\nfor i=0,5 do\r\nturtle.down()\r\nend\r\nturtle.suck()\r\nturtle.forward()\r\nturtle.turnLeft()\r\nturtle.suck()\r\nfor i=0,3 do\r\nturtle.forward()\r\nturtle.suck()\r\nturtle.turnLeft()\r\nturtle.forward()\r\nturtle.suck()\r\nend\r\nturtle.forward()\r\nturtle.forward()\r\nturtle.turnRight()\r\nturtle.suck()\r\nturtle.forward()\r\nturtle.suck()\r\nturtle.turnRight()\r\nturtle.turnRight()\r\nfor i=0,3 do\r\nfor i=0,3 do\r\nturtle.forward()\r\nturtle.suck()\r\nend\r\nturtle.turnLeft()\r\nend\r\nturtle.turnLeft()\r\nturtle.turnLeft()\r\nturtle.forward()\r\nturtle.suck()\r\nturtle.turnLeft()\r\nturtle.forward()\r\nturtle.suck()\r\nturtle.turnLeft()\r\n\r\nfor i=0,3 do\r\nfor i=0,5 do\r\nturtle.forward()\r\nturtle.suck()\r\nend\r\nturtle.turnLeft()\r\nend\r\nfor i=0,3 do\r\nturtle.forward()\r\nend\r\nturtle.turnLeft()\r\nfor i=0,2 do\r\nturtle.forward()\r\nend\r\nturtle.turnLeft()\r\nturtle.select(3)\r\nturtle.place()\r\nend\r\nsleep(5)\r\nend",
    "YaraRule": [
        "enable_org32",
        "core_keywords"
    ]
}