{
    "scrape_url": "https://scrape.pastebin.com/api_scrape_item.php?i=L8JEC51y",
    "full_url": "https://pastebin.com/L8JEC51y",
    "date": "1594665747",
    "key": "L8JEC51y",
    "size": 318,
    "expire": "0",
    "title": "S3 Cors policy for all",
    "syntax": "xml",
    "user": "",
    "filename": "L8JEC51y",
    "pasteid": "L8JEC51y",
    "pastesite": "pastebin.com",
    "@timestamp": "2020-07-13T18:42:27",
    "MD5": "c07db23154cff93fd35d24db66e87b08",
    "SHA256": "663d7bca2f8be8269d16d80c209fec2bcd528cee28b685a9156c8aa237ab04c1",
    "raw_paste": "<?xml version=\"1.0\" encoding=\"UTF-8\"?>\r\n<CORSConfiguration xmlns=\"http://s3.amazonaws.com/doc/2006-03-01/\">\r\n\t<CORSRule>\r\n    \t<AllowedOrigin>*</AllowedOrigin>\r\n     \t<AllowedMethod>GET</AllowedMethod>\r\n\t    <AllowedMethod>HEAD</AllowedMethod>\r\n\t    <AllowedHeader>*</AllowedHeader>\r\n\t</CORSRule>\r\n</CORSConfiguration>",
    "YaraRule": [
        "sw_bucket"
    ]
}