{
    "scrape_url": "https://scrape.pastebin.com/api_scrape_item.php?i=m4Ab8AuM",
    "full_url": "https://pastebin.com/m4Ab8AuM",
    "date": "1594907004",
    "key": "m4Ab8AuM",
    "size": 1259,
    "expire": "0",
    "title": "",
    "syntax": "kotlin",
    "user": "",
    "filename": "m4Ab8AuM",
    "pasteid": "m4Ab8AuM",
    "pastesite": "pastebin.com",
    "@timestamp": "2020-07-16T13:43:24",
    "MD5": "1311a5db06028bea69eb52a1a01d9e89",
    "SHA256": "64018aa12d9e66591ab510923974fd2d3e9f3c978d3013c81188cea9b5e341b2",
    "raw_paste": "\r\n    private fun insertListByElements(list: List<Any>): Single<UpdateInfo> {\r\n        return list.toObservable()\r\n            .flatMap { insertOperation(it).toObservable() }\r\n            .scan(UpdateInfo.empty, { updateInfo, insertState -> updateInfo.withUpdatedCount(insertState) })\r\n            .firstOrError()\r\n    }\r\n\r\n    private fun insertOperation(obj: Any): Single<InsertState> {\r\n        //or other states, just map it here\r\n        return Single.just(InsertState.EXISTED)\r\n            .onErrorReturnItem(InsertState.FAILED);\r\n    }\r\n\r\n    enum class InsertState { INSERT, UPDATED, EXISTED, FAILED }\r\n\r\n    data class UpdateInfo(val inserted: Int, val updated: Int, val existed: Int, val failed: Int) {\r\n\r\n        fun withUpdatedCount(insertState: InsertState): UpdateInfo {\r\n            return when (insertState) {\r\n                InsertState.INSERT -> this.copy(inserted = this.inserted + 1)\r\n                InsertState.UPDATED -> this.copy(updated = this.updated + 1)\r\n                InsertState.EXISTED -> this.copy(existed = this.existed + 1)\r\n                InsertState.FAILED -> this.copy(failed = this.failed + 1)\r\n            }\r\n        }\r\n\r\n        companion object {\r\n            val empty = UpdateInfo(0, 0, 0, 0)\r\n        }\r\n\r\n    }",
    "YaraRule": [
        "enable_org32",
        "core_keywords"
    ]
}