{
    "scrape_url": "https://scrape.pastebin.com/api_scrape_item.php?i=MzyYubYQ",
    "full_url": "https://pastebin.com/MzyYubYQ",
    "date": "1594664518",
    "key": "MzyYubYQ",
    "size": 2088,
    "expire": "1594750918",
    "title": "",
    "syntax": "cpp",
    "user": "",
    "filename": "MzyYubYQ",
    "pasteid": "MzyYubYQ",
    "pastesite": "pastebin.com",
    "@timestamp": "2020-07-13T18:21:58",
    "MD5": "70be69a060230e1b649fa77154d0e800",
    "SHA256": "22a4093f572c4a5ed9bb5c273c00c4bd10830cc0de6b535c8404969a22926321",
    "raw_paste": "#include <iostream>\r\n#include <memory>\r\n#include <mutex>\r\n#include <string>\r\n\r\nstd::mutex global_mutex;\r\n\r\nclass CustomMutexHandler\r\n{\r\npublic:\r\n    CustomMutexHandler(std::mutex &m) : _m(m)\r\n    {\r\n        std::cout << \"[CustomMutexHandler] Constructor\" << std::endl;\r\n        std::cout << \"[CustomMutexHandler] Locking mutex...\" << std::endl;\r\n        _m.lock();\r\n        std::cout << \"[CustomMutexHandler] The mutex has been locked!\" << std::endl;\r\n    };\r\n\r\n    ~CustomMutexHandler()\r\n    {\r\n        std::cout << \"[CustomMutexHandler] Destructor\" << std::endl;\r\n        _m.unlock();\r\n        std::cout << \"[CustomMutexHandler] The mutex has been unlocked!\" << std::endl;\r\n    };\r\n\r\nprivate:\r\n    std::mutex &_m;\r\n};\r\n\r\nclass PreciousResourceHandler\r\n{\r\n\r\npublic:\r\n    PreciousResourceHandler(std::string name, int size) : _name(name), _size(size)\r\n    {\r\n        std::cout << \"[PreciousResourceHandler] Hello! Here constructing \" << _name << std::endl;\r\n    }\r\n\r\n    ~PreciousResourceHandler()\r\n    {\r\n        std::cout << \"[PreciousResourceHandler] Destructing \" << _name << std::endl;\r\n    }\r\n\r\n    void performSomeOperation(bool should_throw)\r\n    {\r\n        std::cout << \"[PreciousResourceHandler] Here \" << _name << \" performing some operation\" << std::endl;\r\n        CustomMutexHandler mutex(global_mutex);\r\n        std::cout << \"[PreciousResourceHandler] Allocating \" << _size << \" elements...\" << std::endl;\r\n        _data = std::make_unique<int[]>(_size);\r\n        if (should_throw)\r\n        {\r\n            std::cout << \"[PreciousResourceHandler] Oops! Exception happened\" << std::endl;\r\n            throw 1;\r\n        }\r\n    }\r\n\r\nprivate:\r\n    std::string _name;\r\n    int _size;\r\n    std::unique_ptr<int[]> _data;\r\n};\r\n\r\nint main()\r\n{\r\n    std::unique_ptr<PreciousResourceHandler> handler = std::make_unique<PreciousResourceHandler>(\"Foo\", 1024);\r\n\r\n    try\r\n    {\r\n        handler->performSomeOperation(true);\r\n    }\r\n    catch (...)\r\n    {\r\n        std::cout << \"[main] Caught exception\" << std::endl;\r\n    }\r\n\r\n    handler->performSomeOperation(false);\r\n\r\n    return 1;\r\n}",
    "YaraRule": [
        "enable_org23",
        "core_keywords"
    ]
}