{
    "scrape_url": "https://scrape.pastebin.com/api_scrape_item.php?i=p25kukWL",
    "full_url": "https://pastebin.com/p25kukWL",
    "date": "1594753827",
    "key": "p25kukWL",
    "size": 574,
    "expire": "0",
    "title": "",
    "syntax": "lua",
    "user": "qdbp",
    "filename": "p25kukWL",
    "pasteid": "p25kukWL",
    "pastesite": "pastebin.com",
    "@timestamp": "2020-07-14T19:10:27",
    "MD5": "c7bd5f75b0631bedc64a4e29c0176ca8",
    "SHA256": "cb6281b79b229311f8d7c3476715fc44812ee981910e98783868dfacb05fd2a1",
    "raw_paste": "function findItem(name)\r\n\tfor i=1,16 do\r\n\t\tdata = turtle.getItemDetail(i)\r\n\t\tif data and string.match(data.name, name) then\r\n\t\t\treturn i\r\n\t\tend\r\n\tend\r\n\tprint(\"No item found!\")\r\n\treturn nil\r\nend\r\n\r\nfunction checkSequence(recipe)\r\n\tfor name, need in pairs(recipe) do\r\n\t\tslot = findItem(name)\r\n\t\tif not(slot) then\r\n\t\t\tprint(\"checkSequence: do not have any\"..name)\r\n\t\t\treturn False\r\n\t\tend\r\n\t\thave = turtle.getItemCount(slot)\r\n\t\tif (have < need) then\r\n\t\t\tprint(\"checkSequence: do not have enough\"..name)\r\n\t\t\treturn False\r\n\t\tend\r\n\tend\r\nend\r\n\r\ncheckSequence({planks = 2, logs = 1})",
    "YaraRule": [
        "enable_org32",
        "core_keywords"
    ]
}