{
    "scrape_url": "https://scrape.pastebin.com/api_scrape_item.php?i=q3PmL2mZ",
    "full_url": "https://pastebin.com/q3PmL2mZ",
    "date": "1594671646",
    "key": "q3PmL2mZ",
    "size": 306,
    "expire": "0",
    "title": "sort.lua",
    "syntax": "lua",
    "user": "",
    "filename": "q3PmL2mZ",
    "pasteid": "q3PmL2mZ",
    "pastesite": "pastebin.com",
    "@timestamp": "2020-07-13T20:20:46",
    "MD5": "d9a30f468aaf89c726dfa989e23833d9",
    "SHA256": "8d4c8a4dccc31bf4513c362d29d891ce8ee71a46b1b24e41232890c6ab9facf9",
    "raw_paste": "local cobble = \"minecraft:cobblestone\"\r\n\r\nwhile true do\r\n    turtle.suck()\r\n    if turtle.getItemDetail() ~= nil then\r\n     \r\n        detail = turtle.getItemDetail().name\r\n        if detail == cobble then\r\n            turtle.dropUp()\r\n        else \r\n            turtle.dropDown()\r\n        end\r\n    end\r\nend",
    "YaraRule": [
        "enable_org32",
        "core_keywords"
    ]
}