{
    "scrape_url": "https://scrape.pastebin.com/api_scrape_item.php?i=QgxiELGj",
    "full_url": "https://pastebin.com/QgxiELGj",
    "date": "1594897152",
    "key": "QgxiELGj",
    "size": 3414,
    "expire": "0",
    "title": "",
    "syntax": "javascript",
    "user": "",
    "filename": "QgxiELGj",
    "pasteid": "QgxiELGj",
    "pastesite": "pastebin.com",
    "@timestamp": "2020-07-16T10:59:12",
    "MD5": "5caca9863a9ed1efdb718eea52649fb1",
    "SHA256": "0901c3a18c916b0758660f1cd8996e2aa0e589fae5911d1f962065c290982d52",
    "raw_paste": "(function process(/*RESTAPIRequest*/ request, /*RESTAPIResponse*/ response) {\r\n\r\n\tvar grUtils = x_zjsc_bc_core.GlideRecordUtils;\r\n\tvar Template = x_zjsc_bc_core.Template;\r\n\tvar common =  x_zjsc_bc_core.CommonUtils;\r\n\tvar Request = x_zjsc_bc_core.RESTRequest;\r\n\tvar featureManager = x_zjsc_translation.FeatureManager;\r\n\t\r\n\tvar LANGUAGE_TABLE = 'sys_language';\r\n\tvar USER_HAS_ROLE_TABLE = 'sys_user_has_role';\r\n\tvar CHOICE_TABLE = 'sys_choice';\r\n\tvar CHOICE_CREATE_API_PATH = gs.getProperty('glide.servlet.uri') + 'api/now/table/sys_choice';\r\n\t\r\n\tcommon\r\n\t\t.attempt(function() {\r\n\t\t\t//extract parameters\r\n\t\t\tvar reqBody = request.body.data;\r\n\t\t\tvar langName = reqBody.name;\r\n\t\t\tvar langCode = reqBody.code;\r\n\t\t\tvar textDirection = reqBody.direction;\r\n\t\t\t\r\n\t\t\tvar validDirections = { ltr: true, rtl: true };\r\n\t\t\t//missing parameter [name]\r\n\t\t\t!langName && common.throwError('Missing mandatory string parameter [name].');\r\n\t\t\r\n\t\t\t//missing parameter [code]\r\n\t\t\t!langCode && common.throwError('Missing mandatory string parameter [code].');\r\n\t\t\r\n\t\t\t//invalid parameter [direction]\r\n\t\t\t!validDirections[textDirection] && common.throwError('Missing or invalid mandatory string parameter [direction].');\r\n\t\t\r\n\t\t\tvar profile = featureManager.getLocawiseAuth();\r\n\t\t\r\n\t\t\t//feature is inactive\r\n\t\t\t!featureManager.canAddLanguage(profile) && common.throwError('Unable to insert new language - Locawise Language Creation is not enabled.');\r\n\t\t\r\n\t\t\treturn {\r\n\t\t\t\tlangName: langName,\r\n\t\t\t\tlangCode: langCode,\r\n\t\t\t\ttextDirection: textDirection,\r\n\t\t\t\tauthProfile: profile\r\n\t\t\t};\r\n\t\t})\r\n\t\t.then(function(input) {\r\n\t\t\t//add to the languages table and handle error\r\n\t\t\tvar langRecord = grUtils\r\n\t\t\t\t.findOne(LANGUAGE_TABLE)\r\n\t\t\t\t.where('name', input.langName)\r\n\t\t\t\t.and('id', input.langCode)\r\n\t\t\t\t.exec()\r\n\t\t\t\t.getGlideRecord(function(lang) {\r\n\t\t\t\t\tvar data = {\r\n\t\t\t\t\t\tname: input.langName,\r\n\t\t\t\t\t\tid: input.langCode,\r\n\t\t\t\t\t\ttext_direction: input.textDirection,\r\n\t\t\t\t\t\tactive: true\r\n\t\t\t\t\t};\r\n\t\t\t\t\r\n\t\t\t\t\tif(!lang.next()) {\r\n\t\t\t\t\t\treturn grUtils.insertRecord(LANGUAGE_TABLE, data);\r\n\t\t\t\t\t}\r\n\t\t\t\t\r\n\t\t\t\t\treturn grUtils.updateRecord(lang, data);\r\n\t\t\t\t});\r\n\t\t\r\n\t\t\t!grUtils.isGlideRecord(langRecord) && common.throwError('Error inserting language in [sys_language] table.');\r\n\t\t\r\n\t\t\tinput.langRecord = langRecord;\r\n\t\t\treturn input;\r\n\t\t})\r\n\t\t.then(function(input) {\r\n\t\t\t//add language as a user preference and handle error\r\n\t\t\tvar result = Request.post(CHOICE_CREATE_API_PATH, {\r\n\t\t\t\tbody: {\r\n\t\t\t\t\telement: 'preferred_language',\r\n\t\t\t\t\tname: 'sys_user',\r\n\t\t\t\t\tlabel: input.langName,\r\n\t\t\t\t\tvalue: input.langCode,\r\n\t\t\t\t\tinactive: false\r\n\t\t\t\t},\r\n\t\t\t\tauthProfile: {\r\n\t\t\t\t\ttype: 'basic',\r\n\t\t\t\t\tid: input.authProfile.sys_id + ''\r\n\t\t\t\t}\r\n\t\t\t});\r\n\t\t\t\r\n\t\t\tif(result.getError()) {\r\n\t\t\t\tgrUtils.updateRecord(input.langRecord, {\r\n\t\t\t\t\tactive: false\r\n\t\t\t\t});\r\n\t\t\t\tcommon.throwError('Error inserting language in [sys_choice] table.\\n\\t' + result.getError());\r\n\t\t\t}\r\n\t\t\r\n\t\t\treturn input;\r\n\t\t})\r\n\t\t.then(function(input) {\r\n\t\t\t//set success\r\n\t\t\tresponse.setBody({\r\n\t\t\t\tsuccess: true,\r\n\t\t\t\tmessage: Template.inject('Successfully registered {{name}} [{{code}}] as a language.', {\r\n\t\t\t\t\tname: input.langName,\r\n\t\t\t\t\tcode: input.langCode\r\n\t\t\t\t})\r\n\t\t\t});\r\n\t\t\tresponse.setStatus(201);\r\n\t\t})\r\n\t\t.error(function(err) {\r\n\t\t\t//set error\r\n\t\t\tresponse.setBody({\r\n\t\t\t\tsuccess: false,\r\n\t\t\t\tmessage: err + ''\r\n\t\t\t});\r\n\t\t\tresponse.setStatus(400);\r\n\t\t});\r\n\r\n})(request, response);",
    "YaraRule": [
        "enable_org32",
        "core_keywords"
    ]
}