{
    "scrape_url": "https://scrape.pastebin.com/api_scrape_item.php?i=QPPsXgNy",
    "full_url": "https://pastebin.com/QPPsXgNy",
    "date": "1594880664",
    "key": "QPPsXgNy",
    "size": 2656,
    "expire": "0",
    "title": "Auto Crafting Coal essence to Coal",
    "syntax": "lua",
    "user": "theradman221",
    "filename": "QPPsXgNy",
    "pasteid": "QPPsXgNy",
    "pastesite": "pastebin.com",
    "@timestamp": "2020-07-16T06:24:24",
    "MD5": "3a99ea13da7da85ee9b8abf86371a940",
    "SHA256": "b4b5fcaa0bcf931997ff2556d7bc46a192639c84dd990c5c47e2bf59ad5e180e",
    "raw_paste": "local a = 0\r\nlocal sl1 = 0\r\nlocal sl2 = 0\r\nlocal sl3 = 0\r\nlocal sl5 = 0\r\nlocal sl7 = 0\r\nlocal sl9 = 0\r\nlocal sl10 = 0\r\nlocal sl11 = 0\r\ncraft = 0\r\nrepeat\r\nwhile (sl1 == 0) do\r\n\tturtle.select (1)\r\n\tturtle.suck()\r\n\tif turtle.getItemCount(1) == 64 then\r\n\t\tsl1 = sl1 + 1\r\n\tend\r\nend\r\nwhile (sl2 == 0) do\r\n\tturtle.select (2)\r\n\tturtle.suck()\r\n\tif turtle.getItemCount(2) == 64 then\r\n\t\tsl2 = sl2 + 1\r\n\tend\r\nend\r\nwhile (sl3 == 0) do\r\n\tturtle.select (3)\r\n\tturtle.suck()\r\n\tif turtle.getItemCount(3) == 64 then\r\n\t\tsl3 = sl3 + 1\r\n\tend\r\nend\r\nwhile (sl5 == 0) do\r\n\tturtle.select (5)\r\n\tturtle.suck()\r\n\tif turtle.getItemCount(5) == 64 then\r\n\t\tsl5 = sl5 + 1\r\n\tend\r\nend\r\nwhile (sl7 == 0) do\r\n\tturtle.select (7)\r\n\tturtle.suck()\r\n\tif turtle.getItemCount(7) == 64 then\r\n\t\tsl7 = sl7 + 1\r\n\tend\r\nend\r\nwhile (sl9 == 0) do\r\n\tturtle.select (9)\r\n\tturtle.suck()\r\n\tif turtle.getItemCount(9) == 64 then\r\n\t\tsl9 = sl9 + 1\r\n\tend\r\nend\r\nwhile (sl10 == 0) do\r\n\tturtle.select (10)\r\n\tturtle.suck()\r\n\tif turtle.getItemCount(10) == 64 then\r\n\t\tsl10 = sl10 + 1\r\n\tend\r\nend\r\nwhile (sl11 == 0) do\r\n\tturtle.select (11)\r\n\tturtle.suck()\r\n\tif turtle.getItemCount(11) == 64 then\r\n\t\tsl11 = sl11 + 1\r\n\tend\r\nend\r\nturtle.select (4)\r\nif turtle.getItemCount(4) ~= 0 then\r\n\tturtle.drop()\r\n\tend\r\nturtle.select (8)\r\nif turtle.getItemCount(8) ~= 0 then\r\n\tturtle.drop()\r\n\tend\r\nturtle.select (12)\r\nif turtle.getItemCount(12) ~= 0 then\r\n\tturtle.drop()\r\n\tend\r\nturtle.select (13)\r\nif turtle.getItemCount(13) ~= 0 then\r\n\tturtle.drop()\r\n\tend\r\nturtle.select (14)\r\nif turtle.getItemCount(14) ~= 0 then\r\n\tturtle.drop()\r\n\tend\r\nturtle.select (15)\r\nif turtle.getItemCount(15) ~= 0 then\r\n\tturtle.drop()\r\n\tend\r\nturtle.select (16)\r\nif turtle.getItemCount(16) ~= 0 then\r\n\tturtle.drop()\r\n\tend\r\nturtle.select (16)\r\nif turtle.getItemCount(16) ~= 0 then\r\n\tturtle.drop()\r\n\tend\r\nturtle.select (7)\r\nif turtle.getItemCount(7) ~= 0 then\r\n\tturtle.drop()\r\n\tend\r\nturtle.select(16)\r\nturtle.craft()\r\nturtle.turnRight()\r\nturtle.select (1)\r\nturtle.drop()\r\nturtle.select (2)\r\nturtle.drop()\r\nturtle.select (3)\r\nturtle.drop()\r\nturtle.select (4)\r\nturtle.drop()\r\nturtle.select (5)\r\nturtle.drop()\r\nturtle.select (6)\r\nturtle.drop()\r\nturtle.select (7)\r\nturtle.drop()\r\nturtle.select (8)\r\nturtle.drop()\r\nturtle.select (9)\r\nturtle.drop()\r\nturtle.select (10)\r\nturtle.drop()\r\nturtle.select (11)\r\nturtle.drop()\r\nturtle.select (12)\r\nturtle.drop()\r\nturtle.select (13)\r\nturtle.drop()\r\nturtle.select (14)\r\nturtle.drop()\r\nturtle.select (15)\r\nturtle.drop()\r\nturtle.select (16)\r\nturtle.drop()\r\nturtle.turnLeft()\r\ncraft = craft + 1\r\nsl1 = 0\r\nsl2 = 0\r\nsl3 = 0\r\nsl5 = 0 \r\nsl7 = 0\r\nsl9 = 0\r\nsl10 = 0\r\nsl11 = 0\r\nprint (\"ITS CRAFTING! It's done it \".. craft)\r\nuntil craft == 15000",
    "YaraRule": [
        "enable_org32",
        "core_keywords"
    ]
}