{
    "scrape_url": "https://scrape.pastebin.com/api_scrape_item.php?i=qXRrxb5E",
    "full_url": "https://pastebin.com/qXRrxb5E",
    "date": "1594671017",
    "key": "qXRrxb5E",
    "size": 55487,
    "expire": "0",
    "title": "Poly 3",
    "syntax": "json",
    "user": "JuanTheEmperor",
    "filename": "qXRrxb5E",
    "pasteid": "qXRrxb5E",
    "pastesite": "pastebin.com",
    "@timestamp": "2020-07-13T20:10:17",
    "MD5": "d19e287597a968c21d466974924a7fb3",
    "SHA256": "546a2527f5038526e215be2d8d4811a50cf44015cec10abb3ecb741b063acf1b",
    "raw_paste": "{\r\n  \"language\": \"English\",\r\n  \"startmenu.new_game\": \"NEW GAME\",\r\n  \"startmenu.multiplayer\": \"MULTIPLAYER\",\r\n  \"startmenu.resume_game\": \"RESUME GAME\",\r\n  \"startmenu.settings\": \"Settings\",\r\n  \"startmenu.high_score\": \"High Score\",\r\n  \"startmenu.throne_room\": \"Throne Room\",\r\n  \"startmenu.about\": \"About\",\r\n\r\n  \"news.title\": \"POLYTOPIA NEWS\",\r\n  \"news.description\": \"Welcome!\\n This is where we share the latest news from the Polytopia universe. Stay tuned!\",\r\n  \"gamemodepicker.title\": \"GAME MODE\",\r\n\r\n  \"tribepicker.title\": \"PICK YOUR TRIBE\",\r\n  \"tribepicker.categories.humantribes\": \"Regular Tribes\",\r\n  \"tribepicker.categories.specialtribes\": \"Special Tribes\",\r\n  \"tribepicker.categories.specialtribes.description\": \"A collection of tribes that are a bit out of this world...\",\r\n  \"tribepicker.categories.random\": \"Let fate decide!\",\r\n  \"tribepicker.categories.random.button\": \"RANDOM TRIBE\",\r\n  \"tribepicker.categories.random.selected.title\": \"Alakazam!\",\r\n  \"tribepicker.categories.random.selected.text\": \"Random tribe selected\",\r\n  \"tribepicker.restore\": \"restore purchases\",\r\n  \"tribepicker.restoring\": \"restoring...\",\r\n  \"tribepicker.reset\": \"reset purchases\",\r\n  \"tribepicker.tba\": \"TBA\",\r\n  \"tribepicker.underconstruction\": \"Under Construction\",\r\n  \"tribepicker.underconstruction.description\": \"We are still working on inventing this tribe. Growing fruits, developing languages and architecture. That takes time you know. Follow @Midjiwan on Instagram or Twitter and you will be the first to know when new tribes arrive!\",\r\n  \"tribepicker.freetribe\": \"Free Tribe\",\r\n  \"tribepicker.freetribe.description\": \"This tribe is available for free and cannot be purchased to enable online multiplayer.\",\r\n  \"tribepicker.taken\": \"Taken\",\r\n  \"tribepicker.enable\": \"ENABLE\",\r\n  \"tribepicker.disable\": \"DISABLE\",\r\n  \"tribepicker.disabled\": \"disabled\",\r\n  \"tribepicker.disabled.description\": \"Tribe disabled, it cannot be used by you or the AI.\",\r\n  \"tribepicker.pick\": \"PICK\",\r\n  \"tribepicker.yourname\": \"Your name\",\r\n  \"tribepicker.anonymous\": \"Anonymous\",\r\n  \"tribepicker.firstplayer\": \"First player must be a human\",\r\n  \"tribepicker.pickyour\": \"Pick your tribe\",\r\n  \"tribepicker.playertype\": \"Player type\",\r\n  \"tribepicker.news.readmore\": \"Read more...\",\r\n  \"tribepicker.toprating\": \"Top rating {0}%\",\r\n  \"tribepicker.toprating.next\": \"{0}% needed for next star\",\r\n  \"tribepicker.topscore\": \"Top score {0}\",\r\n  \"tribepicker.topscore.next\": \"{0} for next star\",\r\n  \"tribepicker.players\": \"{0} players\",\r\n  \"tribepicker.mapsize\": \"Map Size: {0} tiles\",\r\n  \"tribepicker.gamemode\": \"Game Mode: {0}\",\r\n\r\n  \"gamesettings.title\": \"GAME SETUP\",\r\n  \"gamesettings.yourname\": \"Your name\",\r\n  \"gamesettings.anonymous\": \"Anonymous\",\r\n  \"gamesettings.gamename\": \"Game name\",\r\n  \"gamesettings.game\": \"Game {0}\",\r\n  \"gamesettings.players\": \"Players\",\r\n  \"gamesettings.opponents\": \"Opponents\",\r\n  \"gamesettings.unlockmore\": \"Unlock more tribes to play with more opponents\",\r\n  \"gamesettings.notavailable\": \"Not Available\",\r\n  \"gamesettings.info.multiplayer\": \"{0} players, {1} tiles map\",\r\n  \"gamesettings.info.local\": \"{0} opponents, {1} tiles map\",\r\n  \"gamesettings.info.turnlimit30\": \", 30 turn limit\",\r\n  \"gamesettings.info.difficulty.bonus\": \"Difficulty bonus: {0}%\",\r\n  \"gamesettings.difficulty\": \"Difficulty\",\r\n  \"gamesettings.difficulty.easy\": \"Easy\",\r\n  \"gamesettings.difficulty.normal\": \"Normal\",\r\n  \"gamesettings.difficulty.hard\": \"Hard\",\r\n  \"gamesettings.difficulty.crazy\": \"Crazy\",\r\n  \"gamesettings.startgame\": \"START GAME\",\r\n  \"gamesettings.creatingworld\": \"CREATING WORLD\",\r\n  \"gamesettings.mode\": \"Game Mode\",\r\n  \"gamesettings.createslot\": \"Creating game slot...\",\r\n  \"gamesettings.createslot.error\": \"Error creating game\",\r\n  \"gamesettings.createslot.error.info\": \"Make sure you are online and try again.\",\r\n  \"gamesettings.size\": \"Map Size\",\r\n  \"gamesettings.size.tiny\": \"Tiny\",\r\n  \"gamesettings.size.normal\": \"Normal\",\r\n  \"gamesettings.size.large\": \"Large\",\r\n  \"gamesettings.size.disabled\": \"Not Available\",\r\n  \"gamesettings.network\": \"Network\",\r\n  \"gamesettings.network.online\": \"Online\",\r\n  \"gamesettings.network.passplay\": \"Pass & Play\",\r\n  \"gamesettings.online.disabled\": \"Online is locked\",\r\n  \"gamesettings.online.disabled.info\": \"There are some things you need to fix to play online multiplayer\",\r\n  \"gamesettings.online.info\": \"Play with your friends online using our multiplayer server.\",\r\n  \"gamesettings.passplay.info\": \"Play with your friends offline on this device by passing it around.\",\r\n  \"gamesettings.size.tiles\": \"{0} tiles map.\",\r\n  \"gamesettings.continue\": \"CONTINUE\",\r\n\r\n  \"gamemode.perfection.caps\": \"PERFECTION\",\r\n  \"gamemode.perfection\": \"Perfection\",\r\n  \"gamemode.perfection.description.button\": \"Show your skills on the global hiscore in the classic 30 turns game.\",\r\n  \"gamemode.perfection.description\": \"Get the highest possible score before the time runs out.\",\r\n  \"gamemode.perfection.win\": \"We have reached the end of time. The memory of your tribe will echo in eternity!\",\r\n  \"gamemode.perfection.loss\": \"We have reached the end of time.\",\r\n  \"gamemode.domination.caps\": \"DOMINATION\",\r\n  \"gamemode.domination\": \"Domination\",\r\n  \"gamemode.domination.description.button\": \"Play until there is only one tribe left, with no time limit.\",\r\n  \"gamemode.domination.description\": \"Wipe all the other tribes from the face of the square. There can be only one.\",\r\n  \"gamemode.domination.win\": \"You have defeated all the other tribes and unified the entire square!\",\r\n  \"gamemode.domination.loss\": \"Your last city was lost, you have been defeated.\",\r\n  \"gamemode.glory.caps\": \"GLORY\",\r\n  \"gamemode.glory\": \"Glory\",\r\n  \"gamemode.glory.description\": \"First to reach {0} points win\",\r\n  \"gamemode.glory.win\": \"The {0} points score was reached!\",\r\n  \"gamemode.might.caps\": \"MIGHT\",\r\n  \"gamemode.might\": \"Might\",\r\n  \"gamemode.might.description\": \"Capture all capitals to win\",\r\n  \"gamemode.might.win\": \"All capitals were captured\",\r\n  \"gamemode.death\": \"Your last city was lost, you have been defeated.\",\r\n\r\n  \"world.intro.title\": \"Mighty Leader!\",\r\n  \"world.intro.text\": \"You have been chosen to rule the {0} tribe. Explore the world and expand your empire, but watch out for the other tribes.\",\r\n  \"world.intro.objective\": \"Objective: {0}\",\r\n  \"world.turn.end\": \"End Turn\",\r\n  \"world.turn.end.question\": \"End your turn?\",\r\n  \"world.turn.end.confirm\": \"Confirm\",\r\n  \"world.turn.next\": \"Next Turn\",\r\n  \"world.turn.finish\": \"Finish Game\",\r\n  \"world.turn.nomoves\": \"No more moves available, end turn\",\r\n  \"world.turn.start\": \"START\",\r\n  \"world.turn.exit\": \"Exit\",\r\n  \"world.turn.waiting\": \"Waiting for {0} to play...\",\r\n  \"world.turn.waiting.unknown\": \"Waiting for an unknown tribe to play...\",\r\n  \"world.turn.ready\": \"Tap save when ready\",\r\n  \"world.turn.your\": \"Your turn\",\r\n  \"world.turn.remaining\": \"{0} turns left\",\r\n  \"world.turn.last\": \"Last turn!\",\r\n  \"world.turn.replaying\": \"Replaying...\",\r\n  \"world.unit.info.from\": \"From the city of {0}.\",\r\n  \"world.unit.veteran\": \"This unit is a veteran.\",\r\n  \"world.unit.veteran.progress\": \"{0}/{1} to become a veteran.\",\r\n  \"world.unit.ability\": \"Unit Ability\",\r\n  \"world.unit.health\": \"Health\",\r\n  \"world.unit.attack\": \"Attack\",\r\n  \"world.unit.defence\": \"Defence\",\r\n  \"world.unit.movement\": \"Movement\",\r\n  \"world.unit.range\": \"Range\",\r\n  \"world.unit.disembark.title\": \"Leave {0}\",\r\n  \"world.unit.disembark.message\": \"Disembarking this unit will dismantle your {0}. Do you wish to proceed?\",\r\n  \"world.unit.evolve\": \"Your unit has grown to a {0}!\",\r\n  \"world.unit.evolve.title\": \"Unit Growth\",\r\n  \"world.unit.dissolved\": \"Your unit has dissolved\",\r\n  \"world.building.info\": \"The city of {0}\",\r\n  \"world.building.village\": \"Village\",\r\n  \"world.building.capture.ready\": \"Will be ready to capture next turn\",\r\n  \"world.building.capture.ready.title\": \"Entering {0}!\",\r\n  \"world.building.capture.warning\": \"Capturing will be completed next turn if you don't stop them.\",\r\n  \"world.building.capture.warning.title\": \"{0} is under siege!\",\r\n  \"world.attract.sanctuary\": \"Your sanctuary has attracted a wild animal!\",\r\n  \"world.loading\": \"LOADING {0}%\",\r\n  \"world.suggestion.title\": \"Here's a Tip!\",\r\n  \"world.suggestion.message\": \"You should {0}\",\r\n  \"world.suggestion.disable\": \"(These suggestions can be switched off in the menu)\",\r\n  \"world.ranks\": \"1st,2nd,3rd,4th,5th,6th,7th,8th,9th,10th,11th,12th\",\r\n  \"world.road.connected.title\": \"New trade route!\",\r\n  \"world.road.connected.message\": \"{0} is now connected to your capital!\",\r\n  \"world.tech.new.title\": \"New Tech!\",\r\n  \"world.tech.new.message\": \"You have discovered the secret of {0}\",\r\n  \"world.reward.levelup\": \"{0} level up!\",\r\n  \"world.reward.building\": \"You can now construct {0}! This epic monument will bring wealth and glory to the nearest city.\",\r\n  \"world.reward.building.title\": \"{0} was completed\",\r\n  \"world.meet.tribe\": \"You meet {0}\",\r\n  \"world.task.new\": \"You got a new Task!\",\r\n\r\n  \"tribes.nature\": \"Nature\",\r\n  \"tribes.xin-xi\": \"Xin-xi\",\r\n  \"tribes.xin-xi.info\": \"They start their journey in the dense mountains, surrounded by beautiful cherry blossom.\\n\\n{0} starts the game with the '{1}' tech.\",\r\n  \"tribes.imperius\": \"Imperius\",\r\n  \"tribes.imperius.info\": \"Huge mountains and green valleys. The {0} climate is perfect for growing fruit. \\n\\n{0} starts the game with the '{1}' tech.\",\r\n  \"tribes.bardur\": \"Bardur\",\r\n  \"tribes.bardur.info\": \"Surviving the harsh eternal winter of the {0} woods is not an easy task, but {0} seems to thrive here.\\n\\n{0} starts the game with the '{1}' tech.\",\r\n  \"tribes.oumaji\": \"Oumaji\",\r\n  \"tribes.oumaji.info\": \"The seemingly endless, sun blessed desert is the home of the {0} tribe.\\n\\n{0} starts the game with the '{1}' tech.\",\r\n  \"tribes.kickoo\": \"Kickoo\",\r\n  \"tribes.kickoo.info\": \"White sandy beaches with coconut palms. Abundance of fruit and fish. Welcome to the home of the {0}. \\n\\n{0} starts the game with the '{1}' tech.\",\r\n  \"tribes.hoodrick\": \"Hoodrick\",\r\n  \"tribes.hoodrick.info\": \"The yellow autumn leaves of the {0} woods are perfect hideouts for its peculiar mushroom stuffing inhabitants. \\n\\n{0} starts the game with the '{1}' tech.\",\r\n  \"tribes.luxidoor\": \"Luxidoor\",\r\n  \"tribes.luxidoor.info\": \"The {0} love expensive things, jewels, rare spices and exclusive ornaments. That is also why they are the most expensive tribe in Polytopia!\\n\\nTheir citizens lead very comfortable lives, draped in the finest purple silk. But will they survive outside the walls of their beloved capital?  \\n\\n{0} starts the game with a huge walled capital.\",\r\n  \"tribes.vengir\": \"Vengir\",\r\n  \"tribes.vengir.info\": \"Frowned upon by the other tribes and pushed into the unpleasant wastelands. Will they tolerate this injustice or rise to fight back?  \\n\\n{0} start the game with the '{1}' tech and a powerful Swordman.\",\r\n  \"tribes.zebasi\": \"Zebasi\",\r\n  \"tribes.zebasi.info\": \"{0} thrive on the warm savannah, cultivating the rich soil to provide food for their mighty population. \\n\\n{0} starts the game with the '{1}' tech.\",\r\n  \"tribes.zebasi.news\": \"All profits from the Zebasi tribe is invested in solar energy projects.\",\r\n  \"tribes.aimo\": \"Ai-Mo\",\r\n  \"tribes.aimo.info\": \"The tranquil and wise {0} tribe inhabits the harshest, windiest and highest mountain range of the square, where they have found inner peace by meditating in the eternal evening light. \\n\\n{0} starts the game with the '{1}' tech.\",\r\n  \"tribes.aquarion\": \"Aquarion\",\r\n  \"tribes.aquarion.info\": \"From the deep oceans a long lost civilization appears! Their extreme isolation has given them special aquatic abilities that are unknown to the other more human tribes.\\n\\n{0} have a slightly different tech tree and have access to the unique amphibious turtle units that no other tribe can train.\",\r\n  \"tribes.quetzali\": \"Quetzali\",\r\n  \"tribes.quetzali.info\": \"The {0} tribe worship the bird gods of the red soil and live in harmony with the natural symmetry of their cubistic jungles. They are commonly seen riding huge flightless birds. \\n\\n{0} starts the game with the '{1}' tech.\",\r\n  \"tribes.elyrion\": \"\u2211\u222b\u1ef9ri\u0231\u014b\",\r\n  \"tribes.elyrion.info\": \"The mysterious {0} defend their woodland homes with colorful magic and the ferocity of fire-breathing dragons! \\n\\nThey regard Nature as a holy spirit and cannot hunt animals or chop down trees, instead they start the game with the unique Enchantment tech that can turn regular animals into powerful monsters.\",\r\n  \"tribes.yadakk\": \"Y\u0103dakk\",\r\n  \"tribes.yadakk.info\": \"The {0} started out as a nomadic tribe in the beautiful harsh Khalee plains. Now they are the traders of the square, connecting their empire with impressive trade routes. \\n\\n{0} starts the game with the '{1}' tech.\",\r\n  \"tribes.polaris\": \"Polaris\",\r\n  \"tribes.polaris.info\": \"The {0} have lain trapped in the far reaches of the freezing tundra for eons, but were blessed by the unknowable Gaami with the power to expand their unnatural icy terrain farther than the weather permits. \\n\\nWith the might of sleds and Mamoos, the mystical {0} are determined to entomb the Square in ice and transform the land into a frigid paradise. \\n\\n{0} starts the game with the ability to freeze surrounding terrain using Moonies.\",\r\n\r\n  \"building.capital.owner\": \"{0} is the {1} capital\",\r\n  \"building.capital.owner.former\": \"{0} is the former capital of the {1} empire, currently occupied by {2} forces\",\r\n  \"building.city.owner\": \"{0} is a city in the {1} empire\",\r\n  \"building.village.owner\": \"This is a village that doesn't belong to any tribe\",\r\n  \"building.ability.attract\": \"attracts a wild animal to a nearby forest tile every 3 turns\",\r\n  \"building.produce\": \"produces {0} each turn\",\r\n  \"building.produce.multiply.polaris\": \" ({0} for every {1} frozen tiles in the world)\",\r\n  \"building.produce.multiply2.polaris\": \"Produces {0} for every {1} frozen tiles in the world\",\r\n  \"building.produce.multiply\": \" ({0} for each nearby {1})\",\r\n  \"building.produce.multiply2\": \"produces {0} for each nearby {1} each turn\",\r\n  \"building.produce.multiply3\": \"produces {0} for each nearby {1}\",\r\n  \"building.produce.reward.named\": \"produces {0} for {1}\",\r\n  \"building.produce.reward\": \"produces {0}\",\r\n  \"building.reward.tech\": \"gives you a {0}\",\r\n  \"building.reward.instant\": \"instantly gives you {0}\",\r\n  \"building.transform\": \"transforms a {0} into a {1}\",\r\n  \"building.transform2\": \"transforms a {0} into a {1} with {2} \",\r\n  \"building.resource\": \"adds a {0} at the selected tile\",\r\n  \"building.value\": \"is worth {0} points of score\",\r\n  \"building.ability.embark\": \"Units that move here will turn into boats that can move on water.\",\r\n  \"building.ability.route\": \"It creates trade routes through {0} to any other {1} within a 5 tiles radius.\",\r\n  \"building.ability.route.and\": \" and \",\r\n  \"building.ability.road\": \"Build roads to connect cities with the capital. Connected cities get 1 population as a reward. Roads also give a movement bonus for all units.\",\r\n  \"building.ability.ruin\": \"A ruin from an ancient civilization, it can contain valuable things! Go there with a unit to examine it.\",\r\n  \"building.ability.patina\": \"{0} grows over time, so try to build them as early as possible.\",\r\n  \"building.ability.limited\": \"You can only build one {0} per city.\",\r\n  \"building.ability.unique\": \"{0} can only be built once.\",\r\n  \"building.restriction.near\": \"Must be built next to a {0}.\",\r\n  \"building.restriction.on\": \"Must be on a tile with {0}.\",\r\n  \"building.names.city\": \"City\",\r\n  \"building.names.ruin\": \"Ruin\",\r\n  \"building.names.monument1\": \"Altar of Peace\",\r\n  \"building.names.monument2\": \"Tower of wisdom\",\r\n  \"building.names.monument3\": \"Grand Bazaar\",\r\n  \"building.names.monument4\": \"Emperors Tomb\",\r\n  \"building.names.monument5\": \"Gate of Power\",\r\n  \"building.names.monument6\": \"Park of Fortune\",\r\n  \"building.names.monument7\": \"Eye of God\",\r\n  \"building.names.temple\": \"Temple\",\r\n  \"building.names.burnforest\": \"Burn Forest\",\r\n  \"building.names.road\": \"Road\",\r\n  \"building.names.customshouse\": \"Customs House\",\r\n  \"building.names.gather\": \"Harvest fruit\",\r\n  \"building.names.farm\": \"Farm\",\r\n  \"building.names.windmill\": \"Windmill\",\r\n  \"building.names.fishing\": \"Fishing\",\r\n  \"building.names.whalehunting\": \"Whale Hunting\",\r\n  \"building.names.watertemple\": \"Water Temple\",\r\n  \"building.names.port\": \"Port\",\r\n  \"building.names.hunting\": \"Hunting\",\r\n  \"building.names.clearforest\": \"Clear forest\",\r\n  \"building.names.lumberhut\": \"Lumber Hut\",\r\n  \"building.names.sawmill\": \"Sawmill\",\r\n  \"building.names.growforest\": \"Grow Forest\",\r\n  \"building.names.foresttemple\": \"Forest Temple\",\r\n  \"building.names.mountaintemple\": \"Mountain Temple\",\r\n  \"building.names.mine\": \"Mine\",\r\n  \"building.names.forge\": \"Forge\",\r\n  \"building.names.sanctuary\": \"Sanctuary\",\r\n  \"building.names.enchant\": \"Enchant Animal\",\r\n  \"building.names.enchant_whale\": \"Enchant Whale\",\r\n  \"building.names.ice_bank\": \"Ice Bank\",\r\n  \"building.names.iceport\": \"Outpost\",\r\n  \"building.names.icetemple\": \"Ice Temple\",\r\n\r\n  \"unit\": \"unit\",\r\n  \"unit.info.attack\": \"Attack\",\r\n  \"unit.info.defence\": \"Defence\",\r\n  \"unit.info.movement\": \"Movement\",\r\n  \"unit.info.health\": \"Health\",\r\n  \"unit.info.range\": \"Range\",\r\n  \"unit.info.skills\": \"Skills\",\r\n  \"unit.names.giant\": \"Giant\",\r\n  \"unit.names.crab\": \"Crab\",\r\n  \"unit.names.egg\": \"Dragon Egg\",\r\n  \"unit.names.wendy\": \"Gaami\",\r\n  \"unit.names.bunny\": \"Bunny\",\r\n  \"unit.names.scout\": \"Scout\",\r\n  \"unit.names.boat\": \"Boat\",\r\n  \"unit.names.warrior\": \"Warrior\",\r\n  \"unit.names.rider\": \"Rider\",\r\n  \"unit.names.knight\": \"Knight\",\r\n  \"unit.names.defender\": \"Defender\",\r\n  \"unit.names.ship\": \"Ship\",\r\n  \"unit.names.battleship\": \"Battleship\",\r\n  \"unit.names.catapult\": \"Catapult\",\r\n  \"unit.names.archer\": \"Archer\",\r\n  \"unit.names.priest\": \"Mind Bender\",\r\n  \"unit.names.swordman\": \"Swordsman\",\r\n  \"unit.names.amphibian\": \"Amphibian\",\r\n  \"unit.names.tridention\": \"Tridention\",\r\n  \"unit.names.dragon\": \"Baby Dragon\",\r\n  \"unit.names.dragon_large\": \"Fire Dragon\",\r\n  \"unit.names.polytaur\": \"Polytaur\",\r\n  \"unit.names.seamonster\": \"Navalon\",\r\n  \"unit.names.icemaker\": \"Mooni\",\r\n  \"unit.names.battlesled\": \"Battle Sled\",\r\n  \"unit.names.fortress\": \"Ice Fortress\",\r\n  \"unit.names.icearcher\": \"Ice Archer\",\r\n  \"unit.ability\": \"ability\",\r\n  \"unit.abilities.dash\": \"DASH\",\r\n  \"unit.abilities.escape\": \"ESCAPE\",\r\n  \"unit.abilities.scout\": \"SCOUT\",\r\n  \"unit.abilities.sneak\": \"SNEAK\",\r\n  \"unit.abilities.hide\": \"HIDE\",\r\n  \"unit.abilities.build\": \"BUILD\",\r\n  \"unit.abilities.persist\": \"PERSIST\",\r\n  \"unit.abilities.convert\": \"CONVERT\",\r\n  \"unit.abilities.heal\": \"HEAL\",\r\n  \"unit.abilities.swim\": \"SWIM\",\r\n  \"unit.abilities.carry\": \"CARRY\",\r\n  \"unit.abilities.grow\": \"GROW\",\r\n  \"unit.abilities.fly\": \"FLY\",\r\n  \"unit.abilities.splash\": \"SPLASH\",\r\n  \"unit.abilities.decay\": \"DECAY\",\r\n  \"unit.abilities.navigate\": \"NAVIGATE\",\r\n  \"unit.abilities.freeze\": \"FREEZE\",\r\n  \"unit.abilities.freezearea\": \"FREEZE AREA\",\r\n  \"unit.abilities.autofreeze\": \"AUTO FREEZE\",\r\n  \"unit.abilities.skate\": \"SKATE\",\r\n  \"unit.abilities.fortify\": \"FORTIFY\",\r\n\r\n  \"player.abilities.destroy\": \"destroy\",\r\n  \"player.abilities.disband\": \"disband\",\r\n  \"player.abilities.literacy\": \"literacy\",\r\n  \"player.abilities.glide\": \"glide\",\r\n\r\n  \"resource.names.fruit\": \"fruit\",\r\n  \"resource.names.crop\": \"crop\",\r\n  \"resource.names.fish\": \"fish\",\r\n  \"resource.names.whale\": \"whale\",\r\n  \"resource.names.game\": \"wild animal\",\r\n  \"resource.names.metal\": \"metal\",\r\n\r\n  \"terrain.unknown\": \"Unknown lands\",\r\n  \"terrain.water\": \"Water\",\r\n  \"terrain.ocean\": \"Ocean\",\r\n  \"terrain.field\": \"Field\",\r\n  \"terrain.forest\": \"Forest\",\r\n  \"terrain.mountain\": \"Mountain\",\r\n  \"terrain.ice\": \"Ice\",\r\n  \"actionbox.building.level\": \"level {0}/{1}\",\r\n  \"actionbox.tile.roads\": \"roads\",\r\n  \"actionbox.city\": \"The city of {0}\",\r\n  \"actionbox.city.level\": \"lvl {0}\",\r\n  \"actionbox.village\": \"Village\",\r\n  \"actionbox.unit.frozen\": \"Frozen {0}\",\r\n  \"actionbox.unit.kills\": \"{0}/{1} kills\",\r\n  \"actionbox.unit.veteran\": \"Veteran\",\r\n  \"actionbox.unit.new\": \"Train a new {0} {1}\",\r\n  \"actionbox.unit.ability\": \"Unit Ability\",\r\n  \"actionbox.unit.train\": \"TRAIN\",\r\n  \"actionbox.unit.upgrade\": \"UPGRADE\",\r\n  \"actionbox.unit.toomany\": \"(too many)\",\r\n  \"actionbox.unit.toomany.info\": \"This city can't support any more units. Upgrade the city to get more space for units.\",\r\n  \"actionbox.building.doit\": \"DO IT\",\r\n  \"actionbox.building.requiredtech\": \"You need to research {0} to do this, tap the 'Tech Tree' button.\",\r\n  \"actionbox.building.techtree\": \"TECH TREE\",\r\n  \"actionbox.insufficientfunds\": \"You don't have enough stars to buy this. Tap 'next turn' to get more stars.\",\r\n  \"actionbox.confirm\": \"Confirm {0}\",\r\n  \"actionbox.confirm.info\": \"Are you sure you want to do this?\",\r\n  \"actionbox.confirm.button\": \"YES\",\r\n\r\n  \"tooltip.tile.road\": \"Build a road to connect this city to your capital.\",\r\n  \"tooltip.tile.choose_unit\": \"Choose a unit to produce.\",\r\n  \"tooltip.tile.limit\": \"This city cannot support any more units.\",\r\n  \"tooltip.tile.capture.enemy\": \"Your city is being captured by the enemy!\",\r\n  \"tooltip.tile.capture\": \"This city is being captured.\",\r\n  \"tooltip.tile.capture.tip\": \"Move a unit here to capture this city!\",\r\n  \"tooltip.tile.produces\": \"Produces {0} each turn.\",\r\n  \"tooltip.tile.level.polaris\": \"Freeze {0} more tiles to reach the next level\",\r\n  \"tooltip.tile.level.next\": \"Next level in {0} turns\",\r\n  \"tooltip.tile.level.max\": \"Has reached maximum level\",\r\n  \"tooltip.tile.sailing\": \"Move a unit here to start sailing!\",\r\n  \"tooltip.tile.monuments\": \"Monuments gives your empire extra score!\",\r\n  \"tooltip.tile.ruin\": \"Move a unit here and examine these ancient ruins.\",\r\n  \"tooltip.tile.blocked\": \"This resource is blocked by an enemy unit\",\r\n  \"tooltip.tile.extract.upgrade\": \"Extract this resource to upgrade your city\",\r\n  \"tooltip.tile.extract.convert\": \"This resource can be transformed into a unit\",\r\n  \"tooltip.tile.extract.stars\": \"Extract this resource to earn stars instantly\",\r\n  \"tooltip.tile.extract.research\": \"You need to research {0} to extract this resource\",\r\n  \"tooltip.tile.outside\": \"This resource is outside of your empire\",\r\n  \"tooltip.tile.research\": \"You need to research {0} to be able to move here\",\r\n  \"tooltip.tile.explore\": \"Explore this area to see what it holds!\",\r\n  \"tooltip.unit.city.capture\": \"Tap 'Capture' to add this city to your empire\",\r\n  \"tooltip.unit.city.capture.next\": \"This city will be ready to capture next turn\",\r\n  \"tooltip.unit.city.capture.flying\": \"Flying units cannot capture cities\",\r\n  \"tooltip.unit.actions.none\": \"No actions left. Press 'Next Turn' to move this unit again.\",\r\n  \"tooltip.unit.actions.move\": \"Click a blue mark to move.\",\r\n  \"tooltip.unit.actions.attack\": \"Click a red mark to attack!\",\r\n  \"tooltip.unit.enemy\": \"This is the enemy!\",\r\n  \"tooltip.unit.enemy.territory\": \"This enemy is in your territory!\",\r\n  \"tooltip.unit.enemy.city\": \"This enemy is capturing your city!\",\r\n  \"tooltip.unit.grow.now\": \"Will grow to {0} at the end of this turn!\",\r\n  \"tooltip.unit.grow.later\": \"Will grow to {0} in {1} turns.\",\r\n  \"tooltip.unit.decay.now\": \"This unit will dissolve at the end of this turn.\",\r\n  \"tooltip.unit.decay.later\": \"This unit will dissolve in {0} turns.\",\r\n  \"tooltip.ability.disband\": \"Remove any of your own units and get half of its cost in return.\",\r\n  \"tooltip.ability.destroy\": \"Remove any building within your borders, great for reconstructing your empire.\",\r\n  \"tooltip.ability.literacy\": \"Reduce the price of all technologies by 20%.\",\r\n  \"tooltip.ability.glide\": \"All non skating units get an extra move when moving on ice.\",\r\n  \"tooltip.ability.dash\": \"This unit can attack after moving if there is an enemy in range.\",\r\n  \"tooltip.ability.convert\": \"This unit can convert an enemy to your own tribe by attacking it.\",\r\n  \"tooltip.ability.escape\": \"This unit can move again after attacking.\",\r\n  \"tooltip.ability.persist\": \"This unit can keep attacking as long as it completely kills its victims.\",\r\n  \"tooltip.ability.swim\": \"This unit is amphibious and can move on both land and water.\",\r\n  \"tooltip.ability.carry\": \"This unit is carrying another unit inside.\",\r\n  \"tooltip.ability.heal\": \"This unit can heal surrounding units.\",\r\n  \"tooltip.ability.navigate\": \"This unit can move in any terrain even if you do not have the tech needed to move there.\",\r\n  \"tooltip.ability.fly\": \"This unit can fly over any terrain with no movement penalties or bonuses.\",\r\n  \"tooltip.ability.splash\": \"This unit causes splash damage to nearby units when attacking.\",\r\n  \"tooltip.ability.grow\": \"This unit will eventually grow and become something else.\",\r\n  \"tooltip.ability.sneak\": \"This unit can move past enemy units without stopping.\",\r\n  \"tooltip.ability.scout\": \"This unit has double vision range.\",\r\n  \"tooltip.ability.freeze\": \"This unit freezes its enemies when attacking them so they cannot move.\",\r\n  \"tooltip.ability.freeze_area\": \"This unit can freeze the surrounding tiles including any enemy units.\",\r\n  \"tooltip.ability.freeze_auto\": \"This unit freezes any surrounding tiles and units when moving.\",\r\n  \"tooltip.ability.skate\": \"This unit gets double movement on ice tiles but on land their movement is limited to 1 tile and all other abilities are disabled.\",\r\n  \"tooltip.ability.fortify\": \"This unit gets a defence bonus when defending in its own cities, double bonus with a city wall.\",\r\n\r\n  \"buttons.ok\": \"OK\",\r\n  \"buttons.exit\": \"EXIT\",\r\n  \"buttons.save\": \"SAVE\",\r\n  \"buttons.back\": \"BACK\",\r\n\r\n  \"gameinfo.id\": \"id: {0}\",\r\n  \"gameinfo.lastmove\": \"Last move: {0} ago\",\r\n  \"gameinfo.updated\": \"updated: {0} ago\",\r\n  \"gameinfo.turn\": \"Turn: {0}\",\r\n  \"gameinfo.serverversion\": \"Server version: {0}\",\r\n  \"gameinfo.gameover\": \"This game is over, open it to view the final result\",\r\n  \"gameinfo.yourturn\": \"It is your turn to {0}\",\r\n  \"gameinfo.opponentsturn\": \"Waiting for {0} to {1}\",\r\n  \"gameinfo.start\": \"start the game\",\r\n  \"gameinfo.picktribe\": \"pick tribe\",\r\n  \"gameinfo.play\": \"play\",\r\n\r\n  \"gamesaverbinary.unable.to.save\": \"I was unable to save the game, make sure you have sufficient storage on your device\",\r\n  \"gamesaverbinary.unable.to.save.title\": \"Could not save :(\",\r\n  \"gamesaverbinary.error.loading.moves\": \"Error loading moves\",\r\n\r\n  \"polyplayer.task\": \"task\",\r\n  \"polyplayer.task.explorer.title\": \"Explorer\",\r\n  \"polyplayer.task.explorer.description\": \"Explore every single tile in this square world\",\r\n  \"polyplayer.task.war.title\": \"No mercy\",\r\n  \"polyplayer.task.war.description\": \"Wipe out an enemy\",\r\n  \"polyplayer.task.pacifist.title\": \"Pacifist\",\r\n  \"polyplayer.task.pacifist.description\": \"Make no attacks for 5 turns\",\r\n  \"polyplayer.task.killer.title\": \"Killer\",\r\n  \"polyplayer.task.killer.description\": \"Kill 10 enemies in battle\",\r\n  \"polyplayer.task.wealth.title\": \"Wealth\",\r\n  \"polyplayer.task.wealth.description\": \"Gather 100 stars\",\r\n  \"polyplayer.task.genius.title\": \"Genius\",\r\n  \"polyplayer.task.genius.description\": \"Discover all available technologies\",\r\n  \"polyplayer.task.metropolis.title\": \"Metropolis\",\r\n  \"polyplayer.task.metropolis.description\": \"Create a level 5 city\",\r\n  \"polyplayer.task.network.title\": \"Network\",\r\n  \"polyplayer.task.network.description\": \"Connect 5 cities to your capital\",\r\n\r\n  \"task.info\": \"{0} to get {1}\",\r\n\r\n  \"price.stars\": \"star\",\r\n  \"price.stars.plural\": \"stars\",\r\n  \"price.population\": \"population\",\r\n  \"price.population.plural\": \"population\",\r\n  \"price.points\": \"point\",\r\n  \"price.points.plural\": \"points\",\r\n\r\n  \"wcontroller.online.yourturn.title\": \"It's your turn!\",\r\n  \"wcontroller.online.yourturn.description\": \"Tap ok to continue the game when you are ready.\",\r\n  \"wcontroller.convertvillage.description\": \"The villagers agree to join your emerging empire!\",\r\n  \"wcontroller.convertvillage.title\": \"Village converted!\",\r\n  \"wcontroller.capital.regained.description\": \"You have regained control of your capital, trade networks are reestablished\",\r\n  \"wcontroller.capital.regained.title\": \"Great news!\",\r\n  \"wcontroller.capital.lost.description\": \"Your capital has been captured by the {0} hordes! All your trade connections are cancelled until you regain control of your capital\",\r\n  \"wcontroller.capital.lost.title\": \"Bad news!\",\r\n  \"wcontroller.capital.captured.description\": \"You have captured the {0} capital! All their trade connections are cancelled until they regain control of their capital\",\r\n  \"wcontroller.capital.captured.title\": \"Great news!\",\r\n  \"wcontroller.capital.captured2.description\": \"{0} is now part of the {1} empire\",\r\n  \"wcontroller.capital.captured2.title\": \"City captured!\",\r\n  \"wcontroller.kill.upgrade.description\": \"Unit is ready to upgrade!\",\r\n  \"wcontroller.kill.upgrade.title\": \"Level Up!\",\r\n  \"wcontroller.examine.water.elyrion\": \"You encountered an enchanted {0} who joined your tribe!\",\r\n  \"wcontroller.examine.water\": \"You encountered a band of friendly pirates who joined your tribe!\",\r\n  \"wcontroller.examine.water.title\": \"Battle ship\",\r\n  \"wcontroller.examine.giant\": \"You found a friendly {0} who joined your tribe!\",\r\n  \"wcontroller.examine.explorer\": \"You meet some locals who show you the surrounding lands.\",\r\n  \"wcontroller.examine.explorer.title\": \"Explorer\",\r\n  \"wcontroller.examine.tech\": \"You found some old scrolls containing the secret of {0}.\",\r\n  \"wcontroller.examine.tech.title\": \"Scrolls of Wisdom\",\r\n  \"wcontroller.examine.stars\": \"The ancient ruins are filled with valuable resources!\",\r\n  \"wcontroller.examine.stars.title\": \"Resources\",\r\n  \"wcontroller.examine.population\": \"You meet a nomadic tribe that settle in your capital!\",\r\n  \"wcontroller.examine.population.title\": \"Population\",\r\n  \"wcontroller.move.unto.unit\": \"CANT MOVE ONTO ANOTHER UNIT\",\r\n  \"wcontroller.building.upgrade\": \"Your {0} upgraded to a {1}!\",\r\n  \"wcontroller.building.upgrade.reward\": \"{0} upgraded to level {1} and its production has increased +1. You also get to pick an additional reward:\",\r\n  \"wcontroller.reward.workshop\": \"workshop\",\r\n  \"wcontroller.reward.citywall\": \"city wall\",\r\n  \"wcontroller.reward.populationgrowth\": \"population growth\",\r\n  \"wcontroller.reward.park\": \"park\",\r\n  \"wcontroller.reward.explorer\": \"explorer\",\r\n  \"wcontroller.reward.resources\": \"resources\",\r\n  \"wcontroller.reward.bordergrowth\": \"border growth\",\r\n  \"wcontroller.reward.superunit\": \"super unit\",\r\n  \"wcontroller.unit.promotion\": \"Your unit has gained veteran status! Health increased.\",\r\n  \"wcontroller.unit.promotion.title\": \"Unit Promoted!\",\r\n  \"wcontroller.meet.tribe.leader\": \"Their leader\",\r\n  \"wcontroller.meet.tribe.bigger.hostile\": \"laughs at your puny excuse of a Tribe.\",\r\n  \"wcontroller.meet.tribe.bigger.friendly\": \"salutes you friendly but pays no attention to your tiny realm.\",\r\n  \"wcontroller.meet.tribe.smaller.hostile\": \"seems a bit hostile and greets you suspiciously.\",\r\n  \"wcontroller.meet.tribe.smaller.friendly\": \"bows in awe of your might mighty civilization.\",\r\n  \"wcontroller.meet.tribe.tech.hostile\": \"You manage to steal the secret of {0}!\",\r\n  \"wcontroller.meet.tribe.tech.friendly\": \"As a gesture of good will they share the secret of {0}!\",\r\n  \"wcontroller.meet.tribe.resource.hostile\": \"You manage to steal some valuable gold pieces!\",\r\n  \"wcontroller.meet.tribe.resource.friendly\": \"They present you with a gift of valuable resources!\",\r\n  \"wcontroller.tribe.destroy\": \"You have destroyed {0}!\",\r\n  \"wcontroller.tribe.destroy.title\": \"Blood!\",\r\n  \"wcontroller.tribe.destroy2\": \"{0} has been destroyed by the {1}!\",\r\n  \"wcontroller.tribe.destroy.all\": \"You have destroyed all opposing tribes and unified the entire square under your command!\",\r\n  \"wcontroller.tribe.destroy.all.title\": \"Domination!\",\r\n  \"wcontroller.city.disconnect\": \"{0} was disconnected from {1}\",\r\n  \"wcontroller.city.disconnect.title\": \"Trade route lost!\",\r\n  \"wcontroller.turn.end\": \"Ending turn...\",\r\n  \"wcontroller.turn.saving\": \"Saving game to server...\",\r\n  \"wcontroller.turn.notification\": \"It's your turn in {0} (turn {1})\",\r\n  \"wcontroller.turn.passed\": \"Game passed on to {0}\",\r\n  \"wcontroller.turn.passed.title\": \"Turn complete\",\r\n  \"wcontroller.turn.error\": \"Could not reach the multiplayer server. Please make sure you are connected to the internet and try again.\",\r\n  \"wcontroller.turn.error.title\": \"Network Error\",\r\n  \"wcontroller.turn.next\": \"Next up\",\r\n  \"wcontroller.load.error\": \"There is no saved game to resume, start a new game!\",\r\n  \"wcontroller.load.error.title\": \"No saved game\",\r\n  \"wcontroller.load.notpartof\": \"You are not a part of this game\",\r\n  \"wcontroller.load.wait\": \"Wait until this game has fully downloaded before opening it.\",\r\n  \"wcontroller.load.wait.title\": \"Still loading...\",\r\n  \"wcontroller.load.update\": \"This game is using a newer version of Polytopia, you need to head over to {0} and update it before you can play.\",\r\n  \"wcontroller.load.update.title\": \"Update Required\",\r\n  \"wcontroller.removingplayer\": \"Removing Player\",\r\n  \"wcontroller.not.your.turn\": \"Sorry, it's not your turn yet!\",\r\n\r\n  \"technology.intro\": \"This tech will enable the following:\",\r\n  \"technology.build\": \"{0} makes it possible to build {1}\",\r\n  \"technology.movement\": \"Movement\",\r\n  \"technology.movement.info\": \"enables movement in {0}\",\r\n  \"technology.defence\": \"Defence Bonus\",\r\n  \"technology.defence.info\": \"gives your unit extra strength when defending in {0}\",\r\n  \"technology.task\": \"{0} activates the {1} task\",\r\n  \"technology.ability\": \"ability\",\r\n  \"technology.ability.info\": \"{1} gives you the ability to {1}\",\r\n  \"technology.names.basic\": \"basic\",\r\n  \"technology.names.riding\": \"Riding\",\r\n  \"technology.names.freespirit\": \"Free Spirit\",\r\n  \"technology.names.chivalry\": \"Chivalry\",\r\n  \"technology.names.roads\": \"Roads\",\r\n  \"technology.names.trade\": \"Trade\",\r\n  \"technology.names.organization\": \"Organization\",\r\n  \"technology.names.shields\": \"Shields\",\r\n  \"technology.names.farming\": \"Farming\",\r\n  \"technology.names.construction\": \"Construction\",\r\n  \"technology.names.fishing\": \"Fishing\",\r\n  \"technology.names.whaling\": \"Whaling\",\r\n  \"technology.names.aquatism\": \"Aquatism\",\r\n  \"technology.names.sailing\": \"Sailing\",\r\n  \"technology.names.navigation\": \"Navigation\",\r\n  \"technology.names.hunting\": \"Hunting\",\r\n  \"technology.names.forestry\": \"Forestry\",\r\n  \"technology.names.mathematics\": \"Mathematics\",\r\n  \"technology.names.archery\": \"Archery\",\r\n  \"technology.names.spiritualism\": \"Spiritualism\",\r\n  \"technology.names.climbing\": \"Climbing\",\r\n  \"technology.names.meditation\": \"Meditation\",\r\n  \"technology.names.philosophy\": \"Philosophy\",\r\n  \"technology.names.mining\": \"Mining\",\r\n  \"technology.names.smithery\": \"Smithery\",\r\n  \"technology.names.freediving\": \"Free Diving\",\r\n  \"technology.names.spearing\": \"Spearing\",\r\n  \"technology.names.forestmagic\": \"Forest Magic\",\r\n  \"technology.names.watermagic\": \"Water Magic\",\r\n  \"technology.names.frostwork\": \"Frostwork\",\r\n  \"technology.names.polarwarfare\": \"Polar Warfare\",\r\n  \"technology.names.polarism\": \"Polarism\",\r\n\r\n  \"techview.info\": \"Tech costs increase for each city in your empire.\",\r\n  \"techview.info.literacy\": \"Literacy reduce the price of all technologies by 20%!\",\r\n  \"techview.locked\": \"(locked)\",\r\n  \"techview.locked.info\": \"You must research {0} before you can learn {1}.\",\r\n  \"techview.completed\": \"(completed)\",\r\n  \"techview.completed.info\": \"You have already researched this technology.\",\r\n  \"techview.expensive.info\": \"You don't have enough stars to buy this. Tap 'next turn' to get more stars.\",\r\n  \"techview.research\": \"RESEARCH\",\r\n\r\n  \"action.info.attack\": \"make an attack with this unit. Select the unit and tap any of the RED targets if you want to attack\",\r\n  \"action.info.recover\": \"Recover\",\r\n  \"action.info.healothers\": \"Heal Others\",\r\n  \"action.info.train\": \"train a unit in this city. Units can be used to explore the world and to attack enemies and defend your cities\",\r\n  \"action.info.move\": \"move this unit. Select the unit and tap any of the BLUE targets\",\r\n  \"action.info.capture\": \"capture\",\r\n  \"action.info.capture2\": \"capture this city. Cities generate stars every turn that you can use to develop your empire\",\r\n  \"action.info.destroy\": \"destroy\",\r\n  \"action.info.disband\": \"Disband {0}\",\r\n  \"action.info.remove\": \"Remove\",\r\n  \"action.info.cityreward\": \"City Reward\",\r\n  \"action.info.reward\": \"Reward\",\r\n  \"action.info.trip\": \"Trip\",\r\n  \"action.info.meet\": \"Meet\",\r\n  \"action.info.promote\": \"Promote\",\r\n  \"action.info.examine\": \"Examine\",\r\n  \"action.info.endturn\": \"end this turn to get more resources and unit moves. Press the 'Next Turn' button\",\r\n  \"action.info.stay\": \"Stay\",\r\n  \"action.info.healarea\": \"healArea\",\r\n  \"action.info.freezearea\": \"Freeze Area\",\r\n  \"action.info.breakice\": \"Break Ice\",\r\n  \"action.info.do\": \"do {0} here\",\r\n  \"action.info.build\": \"build a {0} here\",\r\n  \"action.info.reward.population\": \"That will increase the population of the nearest city. When the population becomes big enough the city will level up and produce more resources\",\r\n  \"action.info.reward.resources\": \"That will give you an instant reward of {0} resources\",\r\n  \"action.info.research\": \"research {0}.\",\r\n\r\n  \"actionbtn.upgrade\": \"Upgrade to {0}\",\r\n  \"actionbtn.remove.building\": \"Building\",\r\n  \"actionbtn.remove.roads\": \"Roads\",\r\n\r\n  \"stringtools.typelist.and\": \"and\",\r\n\r\n  \"topbar.score\": \"Score\",\r\n  \"topbar.turn\": \"Turn\",\r\n  \"topbar.stars\": \"Stars (+{0})\",\r\n\r\n  \"bottommenu.gamestats\": \"Game Stats\",\r\n  \"bottommenu.menu\": \"Menu\",\r\n  \"bottommenu.nextturn\": \"Next Turn\",\r\n  \"bottommenu.techtree\": \"Tech Tree\",\r\n\r\n  \"endscreen.done\": \"DONE\",\r\n  \"endscreen.ruledby\": \"Ruled by {0}\",\r\n  \"endscreen.army&territory\": \"Army & Territory\",\r\n  \"endscreen.monuments&temples\": \"Monuments & temples\",\r\n  \"endscreen.cities\": \"Cities\",\r\n  \"endscreen.science\": \"Science\",\r\n  \"endscreen.units\": \"{0} units, {1} tiles empire\",\r\n  \"endscreen.culture\": \"{0} monuments, {1} temples\",\r\n  \"endscreen.citiescount\": \"{0} cities\",\r\n  \"endscreen.techscore\": \"{0}/{1} technologies researched\",\r\n  \"endscreen.bonus\": \"Difficulty Bonus\",\r\n  \"endscreen.finalscore\": \"FINAL SCORE\",\r\n  \"endscreen.speedskills\": \"Speed skills\",\r\n  \"endscreen.domination.win\": \"{0}/{1} turns\",\r\n  \"endscreen.domination.loss\": \"{0} turns\",\r\n  \"endscreen.battle\": \"Battle skills\",\r\n  \"endscreen.battle.info\": \"{0} units lost\",\r\n  \"endscreen.destroyed\": \"Tribes destroyed\",\r\n  \"endscreen.destroyed.info\": \"{0}/{1}\",\r\n  \"endscreen.rating\": \"Difficulty rating\",\r\n  \"endscreen.finalrating\": \"FINAL RATING\",\r\n  \"endscreen.nextstar.percent\": \"{0}% needed for next star\",\r\n  \"endscreen.nextstar\": \"{0} needed for next star\",\r\n  \"endscreen.topresult\": \"New top result!\",\r\n  \"endscreen.topresult.title\": \"Great!\",\r\n  \"endscreen.personal\": \"New personal all time high!\",\r\n  \"endscreen.personal.title\": \"Amazing!\",\r\n  \"endscreen.showhiscore\": \"SHOW HISCORE\",\r\n  \"endscreen.winner\": \"{0} win!\",\r\n  \"endscreen.victory\": \"VICTORY\",\r\n  \"endscreen.gameover\": \"GAME OVER\",\r\n\r\n  \"highscore.title\": \"HIGH SCORE\",\r\n  \"highscore.today\": \"Today\",\r\n  \"highscore.thisweek\": \"This Week\",\r\n  \"highscore.alltime\": \"All Time\",\r\n  \"highscore.alltribes\": \"All Tribes\",\r\n  \"highscore.hiscore\": \"hiscore\",\r\n  \"highscore.loading\": \"Loading..\",\r\n  \"highscore.notavailable\": \"High Score not available.\",\r\n\r\n  \"multiplayer.passplay\": \"Pass & Play\",\r\n  \"multiplayer.passplay.info\": \"Challenge your friends in a multiplayer match on the same device. Just pass it on to the next player when your turn is done.\",\r\n  \"multiplayer.activegames\": \"Active Games\",\r\n  \"multiplayer.finishedgames\": \"Finished Games\",\r\n  \"multiplayer.creategame\": \"Create game\",\r\n  \"multiplayer.clipboard\": \"Gamedata added to clipboard\",\r\n  \"multiplayer.clipboard.title\": \"Voil\u00e0!\",\r\n\r\n  \"gamestats.gamemode\": \"Game mode: {0}\",\r\n  \"gamestats.bonus\": \"Difficulty bonus: {0}\",\r\n  \"gamestats.speed\": \"Speed skills\",\r\n  \"gamestats.speed.info\": \"{0}/{1} turns\",\r\n  \"gamestats.battle\": \"Battle skills\",\r\n  \"gamestats.battle.info\": \"{0} won, {1} lost\",\r\n  \"gamestatus.tribes\": \"Tribes destroyed\",\r\n  \"gamestatus.difficulty\": \"Difficulty rating\",\r\n  \"gamestatus.capitals\": \"Capitals Owned\",\r\n  \"gamestatus.scores\": \"Scores\",\r\n  \"gamestatus.ruled\": \"Ruled by {0}\",\r\n  \"gamestatus.ruled.you\": \"Ruled by you\",\r\n  \"gamestatus.unknown.tribe\": \"Unknown tribe\",\r\n  \"gamestatus.unknown.ruler\": \"Unknown ruler\",\r\n  \"gamestatus.score\": \"score: {0} points\",\r\n  \"gamestatus.city\": \"{0} city\",\r\n  \"gamestatus.cities\": \"{0} cities\",\r\n  \"gamestatus.destroyed\": \"destroyed\",\r\n  \"gamestatus.tasks\": \"Tasks {0}/{1}\",\r\n  \"gamestatus.tasks.complete\": \"Complete!\",\r\n\r\n  \"settings.title\": \"SETTINGS\",\r\n  \"settings.volume\": \"Audio volume {0}\",\r\n  \"settings.soundeffects\": \"Sound Effects\",\r\n  \"settings.ambience\": \"Ambience\",\r\n  \"settings.tribemusic\": \"Tribe Music\",\r\n  \"settings.suggestions\": \"Suggestions\",\r\n  \"settings.info\": \"Info on Build\",\r\n  \"settings.confirm\": \"Confirm turn\",\r\n  \"settings.saveexit\": \"EXIT TO MENU\",\r\n  \"settings.on\": \"ON\",\r\n  \"settings.off\": \"OFF\",\r\n  \"settings.language\": \"Language\",\r\n  \"settings.restartlanguage\": \"Please restart Polytopia to fully switch language\",\r\n  \"settings.language.load.title\":\"Custom language (BETA)\",\r\n  \"settings.language.load.info\":\"Load a Polytopia language file from a remote server using https. This is an experimental feature, not for the faint hearted.\",\r\n  \"settings.language.load.input\":\"Language file url:\",\r\n  \"settings.language.load.button\":\"LOAD\",\r\n  \"throne.title\": \"THRONE ROOM\",\r\n  \"throne.reset\": \"reset scores\",\r\n  \"throne.playerinfo\": \"Player Info\",\r\n  \"throne.playerid\": \"Player ID\",\r\n  \"throne.clipboard\": \"Player ID added to clipboard\",\r\n  \"throne.clipboard.title\": \"Voil\u00e0!\",\r\n  \"throne.alias\": \"Alias\",\r\n  \"throne.played\": \"Games Played\",\r\n  \"throne.topscore\": \"Top Score\",\r\n  \"throne.toprating\": \"Top Rating\",\r\n  \"throne.resetwarning\": \"Are you sure you want to reset all your saved scores and ratings? This can not be undone.\",\r\n  \"throne.resetwarning.title\": \"Reset Scores\",\r\n  \"throne.reset.complete\": \"Scores are now reset\",\r\n  \"throne.google.achievements\": \"ACHIEVEMENTS\",\r\n  \"throne.google.signedin\": \"You are signed in using Google Play\",\r\n  \"throne.google.out\": \"SIGN OUT\",\r\n  \"throne.google.info\": \"(!)You need to sign in with Google Play to save your game data and high scores.\",\r\n  \"throne.google.in\": \"SIGN IN\",\r\n\r\n  \"consent.approval.title\":\"Welcome to Polytopia!\",\r\n  \"consent.approval.info\":\"To improve Polytopia with usage statistics and to store your high scores and settings we need your approval to access to some personal data.\\nYou can read more about what data we collect in our <u><a href='{0}'>privacy policy</a></u>.\\n(You can revoke your approval at any time in the 'Throne Room')\",\r\n  \"consent.approve\":\"APPROVE\",\r\n  \"consent.deny\":\"DENY\",\r\n  \"consent.enabled\":\"Personal Data Enabled\",\r\n  \"consent.enabled.info\":\"You currently allow Polytopia to access some personal data to improve service and store your high scores etc. For more info, read our <u><a href='{0}'>privacy policy</a></u>.\",\r\n  \"consent.disabled\":\"Personal Data Disabled\",\r\n  \"consent.disabled.info\":\"To save personal data like high scores and usage statistics we need you approval. For more info, read our <u><a href='{0}'>privacy policy</a></u>.\",\r\n  \"consent.revoke\":\"revoke consent\",\r\n\r\n  \"onlineview.title\": \"MULTIPLAYER\",\r\n  \"onlineview.loadingservice\": \"Loading Service\",\r\n  \"onlineview.yourturn\": \"Your Turn\",\r\n  \"onlineview.theirturn\": \"Their Turn\",\r\n  \"onlineview.reloading\": \"Reloading..\",\r\n  \"onlineview.reloading.release\": \"Release to reload...\",\r\n  \"onlineview.newgame\": \"New Game\",\r\n  \"onlineview.friends\": \"Friends\",\r\n  \"onlineview.profile\": \"Profile\",\r\n  \"onlineview.passplay\": \"Pass & Play\",\r\n  \"onlineview.refresh\": \"Refresh\",\r\n  \"onlineview.profile.available\": \"Profile is only available when connected to the server.\",\r\n  \"onlineview.friendlist.available\": \"Friend List is only available when connected to the server.\",\r\n  \"onlineview.servicedisabled\": \"The multiplayer server is temporarily disabled, please try again later. Also make sure that you are using the latest version of the Battle of Polytopia.\",\r\n  \"onlineview.loaderror\": \"Could not connect to the multiplayer server. Check your internet connection and try again.\",\r\n  \"onlineview.uptodate\": \"All games are up to date\",\r\n  \"onlineview.intro.fix\": \"Hi {0}! \\n\\nTo play online multiplayer there are a few things you need to fix:\",\r\n  \"onlineview.intro.update\": \"Online multiplayer is not available, please update Polytopia to the latest version\",\r\n  \"onlineview.gameinvitations\": \"Game Invitations\",\r\n  \"onlineview.nogames.intro\": \"Hi {0}!\",\r\n  \"onlineview.nogames.start\": \"Let's get some online games going with your friends. Tap 'New game' to start one.\",\r\n  \"onlineview.nogames.first\": \"The first thing you need is to connect with some other humans who play Polytopia. Tap 'Friends' to add them.\",\r\n  \"onlineview.or\": \"or\",\r\n  \"onlineview.passplay.start\": \"Start a local Pass & Play game by tapping 'New Game'\",\r\n  \"onlineview.login.ios\": \"Log in to {0}\",\r\n  \"onlineview.login.ios.info\": \"Using {0} ensures that you have a unique and persistent Player ID that will keep your data safe across devices.\",\r\n  \"onlineview.notifications\": \"Enable notifications\",\r\n  \"onlineview.notifications.info\": \"We use notifications to communicate the status of your ongoing multiplayer games.\",\r\n  \"onlineview.purchase\": \"Purchase one Tribe\",\r\n  \"onlineview.purchase.info\": \"Running an online multiplayer service costs real money and we rely solely on the kind support from players like you.\",\r\n  \"onlineview.completed\": \"completed\",\r\n  \"onlineview.required\": \"required\",\r\n  \"onlineview.check\": \"check\",\r\n  \"onlineview.fixit\": \"FIX IT\",\r\n  \"onlineview.clipboard\": \"Game ID added to clipboard: {0}\",\r\n  \"onlineview.clipboard.title\": \"Voil\u00e0!\",\r\n  \"onlineview.game.join\": \"JOIN GAME\",\r\n  \"onlineview.game.start\": \"START GAME\",\r\n  \"onlineview.game.open\": \"OPEN\",\r\n  \"onlineview.game.size\": \"Map Size\",\r\n  \"onlineview.game.moreinfo\": \"More info\",\r\n  \"onlineview.game.gameinfo\": \"Game Info\",\r\n  \"onlineview.game.you\": \"You\",\r\n  \"onlineview.game.resign\": \"RESIGN\",\r\n  \"onlineview.game.decline\": \"DECLINE\",\r\n  \"onlineview.game.delete\": \"DELETE\",\r\n  \"onlineview.game.resign.title\": \"Resign\",\r\n  \"onlineview.game.resign.info\": \"Are you sure you want to leave this game permanently?\",\r\n  \"onlineview.game.old.title\": \"Old file version\",\r\n  \"onlineview.game.old.info\": \"This game was created with an outdated version of the game. It can unfortunately not be loaded :( My suggestion is that you delete it and start a new one. Sorry for the inconvenience.\",\r\n  \"onlineview.game.player.left\": \"{0} has left the game {1} and has been replaced by a bot.\",\r\n  \"onlineview.game.player.kicked\": \"You have been removed from game {0}\",\r\n  \"onlineview.game.player.invited\": \"You are invited to a new game, {0}\",\r\n\r\n  \"firebaseservice.status.connecting\": \"Connecting to the Polytopia server...\",\r\n  \"firebaseservice.status.loading\": \"Loading game data...\",\r\n  \"firebaseservice.status.loading.count\": \"Loading game data, {0} left\",\r\n  \"firebaseservice.status.loading.player\": \"Loading player data...\",\r\n  \"firebaseservice.status.sync\": \"Sync chronometer..\",\r\n  \"firebaseservice.status.sync.player\": \"Syncing your player data..\",\r\n  \"firebaseservice.status.checking\": \"Checking for changes..\",\r\n  \"firebaseservice.status.loading.messages\": \"Loading messages...\",\r\n  \"firebaseservice.important.title\": \"Important information\",\r\n  \"firebaseservice.important.deleted\": \"{0} has deleted you from multiplayer game {1}\",\r\n  \"firebaseservice.error\": \"There was an error saving the game. Please try again.\",\r\n  \"firebaseservice.invite\": \"You are invited to a new game, {0}\",\r\n  \"firebaseservice.removed\": \"You have been removed from game {0}\",\r\n\r\n  \"friendlist.title\": \"FRIEND LIST\",\r\n  \"friendlist.new.caps\": \"NEW FRIEND\",\r\n  \"friendlist.new.title\": \"Add a new friend\",\r\n  \"friendlist.new.info\": \"Enter the player ID of your friend. (they can find it on this Friend page on their device)\",\r\n  \"friendlist.new.button\": \"ADD\",\r\n  \"friendlist.new.input\": \"Player ID:\",\r\n  \"friendlist.new.myself.title\": \"Me, myself & I\",\r\n  \"friendlist.new.myself.info\": \"Seems like you tried to add yourself as a friend. That might sound like a nice thing to do but it would add an existential layer to the game that we cannot handle at the moment. Please submit a player ID of someone else.\",\r\n  \"friendlist.new.empty.title\": \"Emptiness\",\r\n  \"friendlist.new.empty.info\": \"The player ID you entered was completely empty! You should not try to make friends with the void, it is a very lonely path.\",\r\n  \"friendlist.new.exists.title\": \"Duplicate Player\",\r\n  \"friendlist.new.exists.info\": \"You are already friends with {0}\",\r\n  \"friendlist.new.looking.title\": \"Loading Player\",\r\n  \"friendlist.new.looking.info\": \"Looking for player {0}\",\r\n  \"friendlist.new.added.title\": \"Player Added\",\r\n  \"friendlist.new.added.info\": \"Added player {0}\",\r\n  \"friendlist.new.error.title\": \"Error loading player\",\r\n  \"friendlist.new.error.info\": \"Could not find player with the ID {0}.\",\r\n  \"friendlist.new.error2.title\": \"Player not found\",\r\n  \"friendlist.new.error2.info\": \"Could not find any player with the ID {0}. Error: {1}\",\r\n  \"friendlist.loading\": \"Loading friends...\",\r\n  \"friendlist.error\": \"Error loading friends\",\r\n  \"friendlist.friends\": \"Friends\",\r\n  \"friendlist.friends.old\": \"Outdated friends\",\r\n  \"friendlist.local\": \"Local Players\",\r\n  \"friendlist.bots\": \"Bots\",\r\n  \"friendlist.bot\": \"{0} Bot\",\r\n  \"friendlist.player\": \"Player {0}\",\r\n  \"friendlist.remove\": \"REMOVE\",\r\n  \"friendlist.reload\": \"RELOAD\",\r\n  \"friendlist.checking\": \"Checking friend status..\",\r\n  \"friendlist.friend.update\": \"{0} needs to update to the latest version of Polytopia before you can invite them to new games.\",\r\n  \"friendlist.friend.updated\": \"{0} is now on the new server\",\r\n  \"friendlist.friend.notupdated\": \"{0} is still on the old server\",\r\n  \"friendlist.removed.title\": \"Player Removed\",\r\n  \"friendlist.removed.info\": \"Removed player {0}\",\r\n\r\n  \"idconsole.playerid\": \"Your Player ID:\",\r\n  \"idconsole.share\": \"Send this Player ID to anyone you want to play against. Tap it to copy.\",\r\n  \"idconsole.clipboard\": \"Player ID {0} added to clipboard\",\r\n  \"idconsole.clipboard.title\": \"Voil\u00e0!\",\r\n\r\n  \"playerpickerview.title\": \"PICK PLAYERS\",\r\n  \"playerpickerview.name\": \"Game Name\",\r\n  \"playerpickerview.startgame\": \"START GAME\",\r\n  \"playerpickerview.addplayer\": \"ADD PLAYER\",\r\n  \"playerpickerview.size\": \"Map size: {0} tiles\",\r\n  \"playerpickerview.mode\": \"Game mode: {0}\",\r\n  \"playerpickerview.players\": \"Players ({0}/{1})\",\r\n  \"playerpickerview.you\": \"{0} (you)\",\r\n  \"playerpickerview.bot\": \"{0} ({1} bot)\",\r\n  \"playerpickerview.human\": \"No human player\",\r\n  \"playerpickerview.human.info\": \"There needs to be at least one human player to start a game\",\r\n\r\n  \"gameitem.join\": \"Join this game or decline the invitation\",\r\n  \"gameitem.join.wait\": \"Waiting for {0} to pick tribe\",\r\n  \"gameitem.ready\": \"Ready to start!\",\r\n  \"gameitem.ready.wait\": \"{0} can start the game\",\r\n  \"gameitem.turn.your\": \"Your turn\",\r\n  \"gameitem.turn.other\": \"Waiting for {0}\",\r\n  \"gameitem.gameover\": \"This game is over, tap to see the end.\",\r\n  \"gameitem.pick\": \"{0}, pick your tribe\",\r\n  \"gameitem.start\": \"{0}, start the game\",\r\n  \"gameitem.turn\": \"{0}, take your turn\",\r\n  \"gameitem.ended\": \"This game is over.\",\r\n  \"gameitem.pending\": \"Pending. Open and save to server.\",\r\n  \"gameitem.timeup\": \"Time Up!\",\r\n  \"gameitem.timeup.info\": \"Your time to make a move is up, do you want to resign?\",\r\n  \"gameitem.timelimit\": \"Time limit\",\r\n  \"gameitem.timelimit.info\": \"You have {0} to make your move, after that you will be removed from the game.\",\r\n  \"gameitem.kick\": \"Duh!\",\r\n  \"gameitem.kick.info\": \"Do you want to kick {0} out of from this game? A bot will take control of the tribe.\",\r\n  \"gameitem.kick.action\": \"KICK\",\r\n  \"gameitem.slow\": \"Come on..\",\r\n  \"gameitem.slow.info\": \"{0} has {1} to make a move. Send a rude reminder to make {0} hurry up?\",\r\n  \"gameitem.slow.action\": \"REMIND\",\r\n  \"gameitem.timeleft\": \"Cool runnings\",\r\n  \"gameitem.timeleft.info\": \"{0} still has {1} to make a move.\",\r\n  \"gameitem.reload\": \"RELOAD\",\r\n  \"gameitem.remind.max\": \"That's enough\",\r\n  \"gameitem.remind.max.info\": \"Reminder already sent to {0}\",\r\n  \"gameitem.remind.notification\": \"We are waiting for you to play in {0}. Come on!!\",\r\n  \"gameitem.remind.notify\": \"Done\",\r\n  \"gameitem.remind.notify.info\": \"Reminder sent to {0}\",\r\n\r\n  \"mplayerstats.title\": \"PLAYER PROFILE\",\r\n  \"mplayerstats.clear\": \"clear data\",\r\n  \"mplayerstats.reload\": \"reload multiplayer data\",\r\n  \"mplayerstats.multiplayer.faq\": \"MULTIPLAYER FAQ\",\r\n  \"mplayerstats.alias\": \"Alias\",\r\n  \"mplayerstats.friends\": \"n\u00ba of friends\",\r\n  \"mplayerstats.games\": \"Games Played\",\r\n  \"mplayerstats.server\": \"Server version\",\r\n  \"mplayerstats.lost\": \"Feeling lost? Check the:\",\r\n\r\n  \"credits.title\": \"ABOUT\",\r\n  \"credits.subtitle\": \"Indie Delight\",\r\n  \"credits.midjiwan\": \"The Battle of Polytopia is constantly being created by Midjiwan, a tiny indie game studio in Stockholm, Sweden.\",\r\n  \"credits.learnmore1\": \"Want to know everything?\",\r\n  \"credits.learnmore2\": \"Check the extensive Wikia database created by the Polytopia community:\",\r\n  \"credits.wiki\": \"POLYTOPIA WIKI\",\r\n  \"credits.showsupport\": \"Show your support!\",\r\n  \"credits.getmerch\": \"Get some official Polytopian merch:\",\r\n  \"credits.visitshop\": \"VISIT THE SHOP\",\r\n  \"credits.programming\": \"Programming & Design\",\r\n  \"credits.sound\": \"Sound & Music\",\r\n  \"credits.tribe\": \"Tribe Design\",\r\n  \"credits.debuginfo\": \"Debug info\",\r\n  \"credits.build\": \"Build version\",\r\n  \"credits.os\": \"OS\",\r\n  \"credits.screendpi\": \"Screen DPI\",\r\n  \"credits.screensize\": \"Screen size\",\r\n  \"credits.privacy\": \"Privacy Policy\",\r\n  \"credits.terms\": \"Terms of Service\",\r\n\r\n  \"date.day\": \"day\",\r\n  \"date.days\": \"days\",\r\n  \"date.hour\": \"hour\",\r\n  \"date.hours\": \"hours\",\r\n  \"date.minute\": \"minute\",\r\n  \"date.minutes\": \"minutes\",\r\n  \"date.second\": \"second\",\r\n  \"date.seconds\": \"seconds\",\r\n\r\n  \"friendlist.friendrequests\": \"Friend Requests\",\r\n  \"friendlist.pendinginvitations\": \"Pending Invitations\",\r\n  \"friendlist.rejectedinvitations\": \"Rejected Invitations\",\r\n  \"friendlist.new.Search\": \"SEARCH\",\r\n  \"friendlist.new.accept\": \"ACCEPT\",\r\n  \"friendlist.new.reject\": \"REJECT\",\r\n  \"friendlist.new.Results\": \"Results:\",\r\n  \"friendlist.requestrecieved\": \"Friend Request Received\",\r\n  \"friendlist.requestaccepted\": \"Friend Request Accepted\",\r\n\r\n  \"mplayerstats.appversion\": \"App version:\",\r\n\r\n  \"gameitem.start.wait\": \"Waiting for {0} to start the game\",\r\n\r\n  \"gamesettings.disableTribes\": \"Enable or Disable Tribes\",\r\n\r\n  \"startmenu.quit\": \"QUIT\",\r\n  \"buttons.quit\": \"Quit\",\r\n\r\n  \"mplayerstats.reloading\": \"Reloading..\",\r\n  \"mplayerstats.uptodate\": \"Everything is up to date\",\r\n  \"mplayerstats.loaderror\": \"Could not connect to the multiplayer server. Check your internet connection and try again.\",\r\n\r\n  \"friendlist.reloading\": \"Reloading..\",\r\n  \"friendlist.uptodate\": \"Everything is up to date\",\r\n  \"friendlist.loaderror\": \"Could not connect to the multiplayer server. Check your internet connection and try again.\",\r\n  \"friendlist.cancelinvite.button\": \"CANCEL INVITE\",\r\n  \"friendlist.acceptinvite.button\": \"ACCEPT INVITE\",\r\n\r\n  \"friendlist.friendshipstate\": \"Friendship status: {0}\",\r\n  \"friendlist.friendshipstate.none\": \"None.\",\r\n  \"friendlist.friendshipstate.isyou\": \"This is you.\",\r\n  \"friendlist.friendshipstate.accepted\": \"Friend request accepted. You are both friends.\",\r\n  \"friendlist.friendshipstate.sentrequest\": \"Friend request sent. Waiting for response.\",\r\n  \"friendlist.friendshipstate.receivedrequest\": \"Friend request received. Do you accept?\",\r\n  \"friendlist.friendshipstate.rejected\": \"Friend request rejected.\"\r\n}",
    "YaraRule": [
        "enable_org32",
        "core_keywords"
    ]
}