{
    "scrape_url": "https://scrape.pastebin.com/api_scrape_item.php?i=RhZe8KfU",
    "full_url": "https://pastebin.com/RhZe8KfU",
    "date": "1594670963",
    "key": "RhZe8KfU",
    "size": 1869,
    "expire": "0",
    "title": "",
    "syntax": "javascript",
    "user": "",
    "filename": "RhZe8KfU",
    "pasteid": "RhZe8KfU",
    "pastesite": "pastebin.com",
    "@timestamp": "2020-07-13T20:09:23",
    "MD5": "d4b4c04a1667d7aeda44a75c947a974e",
    "SHA256": "89bcd3028a2805e861d1b30b5d36a1e6e411b0f886a7d7c6f5acadd3464d0c56",
    "raw_paste": "'use strict';\r\nexport let __workshopId = '2099648933';\r\n\r\nexport var scriptProperties = createScriptProperties()\r\n\t.addSlider({\r\n\t\tname: 'barWidth',\r\n\t\tlabel: 'Width',\r\n\t\tvalue: 0.5,\r\n\t\tmin: 0,\r\n\t\tmax: 1.5,\r\n\t\tinteger: false\r\n\t})\r\n\t.addSlider({\r\n\t\tname: 'scaleY',\r\n\t\tlabel: 'Height',\r\n\t\tvalue: 1.5,\r\n\t\tmin: 0,\r\n\t\tmax: 3,\r\n\t\tinteger: false\r\n\t})\r\n\t.addSlider({\r\n\t\tname: 'originX',\r\n\t\tlabel: 'Distance',\r\n\t\tvalue: 15,\r\n\t\tmin: 0,\r\n\t\tmax: 30,\r\n\t\tinteger: false\r\n\t})\r\n\t.finish();\r\n\r\n \r\nvar bars = [];\r\nvar baseOrigin;\r\nvar baseAngle;\r\nlet audioData = engine.registerAudioBuffers(64);\r\n \r\n/**\r\n * @param {Boolean} value (for property 'visible')\r\n */\r\nexport function update() {\r\n    var origin = baseOrigin.copy();\r\n    var scale = new Vec3(0 + scriptProperties.barWidth);\r\n \r\n    for (var i = 0; i < 64; ++i) {\r\n        let amt = audioData.average[i];\r\n        let bar = bars[i];\r\n \r\n        scale.y = amt * scriptProperties.scaleY;\r\n        origin.x += scriptProperties.originX;\r\n        origin.y += 0; /*edit this value for Vertical bar spacing, for Vertical bar 17 for horizontal 0 */\r\n        bar.scale = scale;\r\n        bar.origin = origin;\r\n \r\n    }\r\n}\r\n \r\n/**\r\n * @param {Boolean} value (for property 'visible')\r\n */\r\nexport function init() {\r\n    bars.push(thisLayer);\r\n    let thisIndex = thisScene.getLayerIndex(thisLayer);\r\n    for (var i = 1; i < 64; ++i) {\r\n        let newBar = thisScene.createLayer('models/bar.json');\r\n        thisScene.sortLayer(newBar, thisIndex);\r\n        newBar.parallaxDepth = new Vec2(0,0);\r\n        bars.push(newBar);\r\n    }\r\n \r\n    for (var i = 0; i < 64; ++i) {\r\n        let angle = 360 * (i / 64);\r\n        let bar = bars[i];\r\n        bar.angles = new Vec3(0, 0, 0); /* this controls bar rotation, the 3rd value is the rotation to change, for horizontal bar 0 for vertical 90*/\r\n \r\n \r\n    }\r\n    baseOrigin = thisLayer.origin;\r\n \r\n}",
    "YaraRule": [
        "enable_org32",
        "core_keywords"
    ]
}