{
    "scrape_url": "https://scrape.pastebin.com/api_scrape_item.php?i=RyHdWS5s",
    "full_url": "https://pastebin.com/RyHdWS5s",
    "date": "1594751473",
    "key": "RyHdWS5s",
    "size": 8258,
    "expire": "0",
    "title": "startup",
    "syntax": "lua",
    "user": "",
    "filename": "RyHdWS5s",
    "pasteid": "RyHdWS5s",
    "pastesite": "pastebin.com",
    "@timestamp": "2020-07-14T18:31:13",
    "MD5": "b8afcdde60bd04c2ece96d71fcab41d6",
    "SHA256": "379d256512f04ed1db8980bc3b011dc4cf9b6964d29eb9b7ecc7d424bafbea65",
    "raw_paste": "\r\n-- Setup paths\r\nlocal sPath = \".:/rom/programs\"\r\nif term.isColor() then\r\n\tsPath = sPath..\":/rom/programs/advanced\"\r\nend\r\nif turtle then\r\n\tsPath = sPath..\":/rom/programs/turtle\"\r\nelse\r\n    sPath = sPath..\":/rom/programs/rednet:/rom/programs/fun\"\r\n    if term.isColor() then\r\n    \tsPath = sPath..\":/rom/programs/fun/advanced\"\r\n    end\r\nend\r\nif pocket then\r\n    sPath = sPath..\":/rom/programs/pocket\"\r\nend\r\nif commands then\r\n    sPath = sPath..\":/rom/programs/command\"\r\nend\r\nif http then\r\n\tsPath = sPath..\":/rom/programs/http\"\r\nend\r\nshell.setPath( sPath )\r\nhelp.setPath( \"/rom/help\" )\r\n\r\n-- Setup aliases\r\nshell.setAlias( \"ls\", \"list\" )\r\nshell.setAlias( \"dir\", \"list\" )\r\nshell.setAlias( \"cp\", \"copy\" )\r\nshell.setAlias( \"mv\", \"move\" )\r\nshell.setAlias( \"rm\", \"delete\" )\r\nshell.setAlias( \"clr\", \"clear\" )\r\nshell.setAlias( \"rs\", \"redstone\" )\r\nshell.setAlias( \"sh\", \"shell\" )\r\nif term.isColor() then\r\n    shell.setAlias( \"background\", \"bg\" )\r\n    shell.setAlias( \"foreground\", \"fg\" )\r\nend\r\n\r\n-- Setup completion functions\r\nlocal function completeMultipleChoice( sText, tOptions, bAddSpaces )\r\n    local tResults = {}\r\n    for n=1,#tOptions do\r\n        local sOption = tOptions[n]\r\n        if #sOption + (bAddSpaces and 1 or 0) > #sText and string.sub( sOption, 1, #sText ) == sText then\r\n            local sResult = string.sub( sOption, #sText + 1 )\r\n            if bAddSpaces then\r\n                table.insert( tResults, sResult .. \" \" )\r\n            else\r\n                table.insert( tResults, sResult )\r\n            end\r\n        end\r\n    end\r\n    return tResults\r\nend\r\nlocal function completePeripheralName( sText, bAddSpaces )\r\n    return completeMultipleChoice( sText, peripheral.getNames(), bAddSpaces )\r\nend\r\nlocal tRedstoneSides = redstone.getSides()\r\nlocal function completeSide( sText, bAddSpaces )\r\n    return completeMultipleChoice( sText, tRedstoneSides, bAddSpaces )\r\nend\r\nlocal function completeFile( shell, nIndex, sText, tPreviousText )\r\n    if nIndex == 1 then\r\n        return fs.complete( sText, shell.dir(), true, false )\r\n    end\r\nend\r\nlocal function completeDir( shell, nIndex, sText, tPreviousText )\r\n    if nIndex == 1 then\r\n        return fs.complete( sText, shell.dir(), false, true )\r\n    end\r\nend\r\nlocal function completeEither( shell, nIndex, sText, tPreviousText )\r\n    if nIndex == 1 then\r\n        return fs.complete( sText, shell.dir(), true, true )\r\n    end\r\nend\r\nlocal function completeEitherEither( shell, nIndex, sText, tPreviousText )\r\n    if nIndex == 1 then\r\n        local tResults = fs.complete( sText, shell.dir(), true, true )\r\n        for n=1,#tResults do\r\n            local sResult = tResults[n]\r\n            if string.sub( sResult, #sResult, #sResult ) ~= \"/\" then\r\n                tResults[n] = sResult .. \" \"\r\n            end\r\n        end\r\n        return tResults\r\n    elseif nIndex == 2 then\r\n        return fs.complete( sText, shell.dir(), true, true )\r\n    end\r\nend\r\nlocal function completeProgram( shell, nIndex, sText, tPreviousText )\r\n    if nIndex == 1 then\r\n        return shell.completeProgram( sText )\r\n    end\r\nend\r\nlocal function completeHelp( shell, nIndex, sText, tPreviousText )\r\n    if nIndex == 1 then\r\n        return help.completeTopic( sText )\r\n    end\r\nend\r\nlocal function completeAlias( shell, nIndex, sText, tPreviousText )\r\n    if nIndex == 2 then\r\n        return shell.completeProgram( sText )\r\n    end\r\nend\r\nlocal function completePeripheral( shell, nIndex, sText, tPreviousText )\r\n    if nIndex == 1 then\r\n        return completePeripheralName( sText )\r\n    end\r\nend\r\nlocal tGPSOptions = { \"host\", \"host \", \"locate\" }\r\nlocal function completeGPS( shell, nIndex, sText, tPreviousText )\r\n    if nIndex == 1 then\r\n        return completeMultipleChoice( sText, tGPSOptions )\r\n    end\r\nend\r\nlocal tLabelOptions = { \"get\", \"get \", \"set \", \"clear\", \"clear \" }\r\nlocal function completeLabel( shell, nIndex, sText, tPreviousText )\r\n    if nIndex == 1 then\r\n        return completeMultipleChoice( sText, tLabelOptions )\r\n    elseif nIndex == 2 then\r\n        return completePeripheralName( sText )\r\n    end\r\nend\r\nlocal function completeMonitor( shell, nIndex, sText, tPreviousText )\r\n    if nIndex == 1 then\r\n        return completePeripheralName( sText, true )\r\n    elseif nIndex == 2 then\r\n        return shell.completeProgram( sText )\r\n    end\r\nend\r\nlocal tRedstoneOptions = { \"probe\", \"set \", \"pulse \" }\r\nlocal function completeRedstone( shell, nIndex, sText, tPreviousText )\r\n    if nIndex == 1 then\r\n        return completeMultipleChoice( sText, tRedstoneOptions )\r\n    elseif nIndex == 2 then\r\n        return completeSide( sText )\r\n    end\r\nend\r\nlocal tDJOptions = { \"play\", \"play \", \"stop \" }\r\nlocal function completeDJ( shell, nIndex, sText, tPreviousText )\r\n    if nIndex == 1 then\r\n        return completeMultipleChoice( sText, tDJOptions )\r\n    elseif nIndex == 2 then\r\n        return completePeripheralName( sText )\r\n    end\r\nend\r\nlocal tPastebinOptions = { \"put \", \"get \", \"run \" }\r\nlocal function completePastebin( shell, nIndex, sText, tPreviousText )\r\n    if nIndex == 1 then\r\n        return completeMultipleChoice( sText, tPastebinOptions )\r\n    elseif nIndex == 2 then\r\n        if tPreviousText[2] == \"put\" then\r\n            return fs.complete( sText, shell.dir(), true, false )\r\n        end\r\n    end\r\nend\r\nlocal tChatOptions = { \"host \", \"join \" }\r\nlocal function completeChat( shell, nIndex, sText, tPreviousText )\r\n    if nIndex == 1 then\r\n        return completeMultipleChoice( sText, tChatOptions )\r\n    end\r\nend\r\nshell.setCompletionFunction( \"rom/programs/alias\", completeAlias )\r\nshell.setCompletionFunction( \"rom/programs/cd\", completeDir )\r\nshell.setCompletionFunction( \"rom/programs/copy\", completeEitherEither )\r\nshell.setCompletionFunction( \"rom/programs/delete\", completeEither )\r\nshell.setCompletionFunction( \"rom/programs/drive\", completeDir )\r\nshell.setCompletionFunction( \"rom/programs/edit\", completeFile )\r\nshell.setCompletionFunction( \"rom/programs/eject\", completePeripheral )\r\nshell.setCompletionFunction( \"rom/programs/gps\", completeGPS )\r\nshell.setCompletionFunction( \"rom/programs/help\", completeHelp )\r\nshell.setCompletionFunction( \"rom/programs/id\", completePeripheral )\r\nshell.setCompletionFunction( \"rom/programs/label\", completeLabel )\r\nshell.setCompletionFunction( \"rom/programs/list\", completeDir )\r\nshell.setCompletionFunction( \"rom/programs/mkdir\", completeFile )\r\nshell.setCompletionFunction( \"rom/programs/monitor\", completeMonitor )\r\nshell.setCompletionFunction( \"rom/programs/move\", completeEitherEither )\r\nshell.setCompletionFunction( \"rom/programs/redstone\", completeRedstone )\r\nshell.setCompletionFunction( \"rom/programs/rename\", completeEitherEither )\r\nshell.setCompletionFunction( \"rom/programs/shell\", completeProgram )\r\nshell.setCompletionFunction( \"rom/programs/type\", completeEither )\r\nshell.setCompletionFunction( \"rom/programs/advanced/bg\", completeProgram )\r\nshell.setCompletionFunction( \"rom/programs/advanced/fg\", completeProgram )\r\nshell.setCompletionFunction( \"rom/programs/fun/dj\", completeDJ )\r\nshell.setCompletionFunction( \"rom/programs/fun/advanced/paint\", completeFile )\r\nshell.setCompletionFunction( \"rom/programs/http/pastebin\", completePastebin )\r\nshell.setCompletionFunction( \"rom/programs/rednet/chat\", completeChat )\r\n\r\n-- Run autorun files\r\nif fs.exists( \"/rom/autorun\" ) and fs.isDir( \"/rom/autorun\" ) then\r\n\tlocal tFiles = fs.list( \"/rom/autorun\" )\r\n\ttable.sort( tFiles )\r\n\tfor n, sFile in ipairs( tFiles ) do\r\n\t\tif string.sub( sFile, 1, 1 ) ~= \".\" then\r\n\t\t\tlocal sPath = \"/rom/autorun/\"..sFile\r\n\t\t\tif not fs.isDir( sPath ) then\r\n\t\t\t\tshell.run( sPath )\r\n\t\t\tend\r\n\t\tend\r\n\tend\r\nend\r\n\r\n-- Run the user created startup, either from disk drives or the root\r\nlocal sUserStartup = shell.resolveProgram( \"/startup\" )\r\nlocal bEnableDiskStartup = (commands == nil)\r\nif bEnableDiskStartup then\r\n    for n,sName in pairs( peripheral.getNames() ) do\r\n        if disk.isPresent( sName ) and disk.hasData( sName ) then\r\n            local sDiskStartup = shell.resolveProgram( \"/\" .. disk.getMountPath( sName ) .. \"/startup\" )\r\n            if sDiskStartup then\r\n                sUserStartup = sDiskStartup\r\n                break\r\n            end\r\n        end\r\n    end\r\nend\r\nif sUserStartup then\r\n    shell.run( sUserStartup )\r\nend",
    "YaraRule": [
        "enable_org32",
        "core_keywords"
    ]
}