{
    "scrape_url": "https://scrape.pastebin.com/api_scrape_item.php?i=SepUEExk",
    "full_url": "https://pastebin.com/SepUEExk",
    "date": "1594662221",
    "key": "SepUEExk",
    "size": 2311,
    "expire": "0",
    "title": "",
    "syntax": "lua",
    "user": "",
    "filename": "SepUEExk",
    "pasteid": "SepUEExk",
    "pastesite": "pastebin.com",
    "@timestamp": "2020-07-13T17:43:41",
    "MD5": "bd76190fe0f4357642241d3ced0c51b7",
    "SHA256": "ceda7a971d082fe5fd15b150ab1fada0726517546983fd1ab7f7a33675da5634",
    "raw_paste": "if LastPositions[v.Name] and not _G.ExploitBypass[v.Name] and _G.AliveTime[v.Name] then\r\n\t\t\t\t\t\t\tlocal Ignore = {}\r\n\t\t\t\t\t\t\tlocal region = Region3.new(v.Character.HumanoidRootPart.Position - Vector3.new(10, 10, 10), v.Character.HumanoidRootPart.Position + Vector3.new(10, 10, 10))\r\n\t\t\t\t\t\t\tlocal parts = workspace:FindPartsInRegion3WithWhiteList(region, {workspace.Buildings}, 200)\r\n\t\t\t\t\t\t\tfor i,v in pairs(parts) do\r\n\t\t\t\t\t\t\t\tif not v.CanCollide then\r\n\t\t\t\t\t\t\t\t\ttable.insert(Ignore, #Ignore+1, v)\r\n\t\t\t\t\t\t\t\tend\r\n\t\t\t\t\t\t\tend\t\t\r\n\t\t\t\t\t\t\t\r\n\t\t\t\t\t\t\tlocal part, position\r\n\t\t\t\t\t\t\tlocal ExtraIgnore = {}\t\t\r\n\t\t\t\t\t\t\t\r\n\t\t\t\t\t\t\tfor i = 1, 20 do\r\n\t\t\t\t\t\t\t\tlocal ray = Ray.new(LastPositions[v.Name], (LastPositions[v.Name] - v.Character.HumanoidRootPart.Position).unit * (LastPositions[v.Name] - v.Character.HumanoidRootPart.Position).magnitude)\r\n\t\t\t\t\t\t\t\tif #ExtraIgnore >= 1 then\r\n\t\t\t\t\t\t\t\t\tpart, position = workspace:FindPartOnRayWithIgnoreList(ray, {unpack(Ignore), unpack(TotalIgnore), unpack(ExtraIgnore)})\r\n\t\t\t\t\t\t\t\telse\r\n\t\t\t\t\t\t\t\t\tpart, position = workspace:FindPartOnRayWithIgnoreList(ray, {unpack(Ignore), unpack(TotalIgnore)})\r\n\t\t\t\t\t\t\t\tend\r\n\t\t\t\t\t\t\t\t\r\n\t\t\t\t\t\t\t\tif (part and part.CanCollide) or not part then\r\n\t\t\t\t\t\t\t\t\tbreak\r\n\t\t\t\t\t\t\t\telseif part and not part.CanCollide then\r\n\t\t\t\t\t\t\t\t\ttable.insert(ExtraIgnore, #ExtraIgnore+1, part)\r\n\t\t\t\t\t\t\t\tend\r\n\t\t\t\t\t\t\tend\r\n\t\t\t\t\t\t\t\r\n\t\t\t\t\t\t\tif part and ((part.Parent:FindFirstChild(\"Opening\") and part.Parent.Opening.Value == false) or not part.Parent:FindFirstChild(\"Opening\")) and (position - v.Character.HumanoidRootPart.Position).magnitude <= 150 then\r\n\t\t\t\t\t\t\t\t--print(part:GetFullName())\r\n\t\t\t\t\t\t\t\tv.Character.Humanoid.Health = 0\r\n\t\t\t\t\t\t\t\t\r\n\t\t\t\t\t\t\t\tlocal Pos1 = tostring((position - v.Character.HumanoidRootPart.Position).magnitude)\r\n\t\t\t\t\t\t\t\tlocal Pos2 = tostring((LastPositions[v.Name] - v.Character.HumanoidRootPart.Position).magnitude)\r\n\t\t\t\t\t\t\t\t\r\n\t\t\t\t\t\t\t\tlocal date = os.date(\"!*t\")\r\n\t\t\t\t\t\t\t\tlocal Data = {\r\n\t\t\t\t\t\t\t\t\t[\"content\"] = v.Name..\" might be noclipping using raycast noclip in server \".._G.ServerNumber..\", \"..part:GetFullName()..\", \"..Pos1..\", \"..Pos2\r\n\t\t\t\t\t\t\t\t}\r\n\t\t\t\t\t\t\t\tData = http:JSONEncode(Data)\r\n\t\t\t\t\t\t\t\thttp:PostAsync(\"https://discordapp.com/api/webhooks/719028362567221319/u7Q1gqWMx7E-evOTvVWh8m-a8HV7THkWLbjgNyqChVPlJN5JEYltz1xC3FKlVMesks9x\", Data)\r\n\t\t\t\t\t\t\tend\r\n\t\t\t\t\t\tend",
    "YaraRule": [
        "discord_api"
    ]
}