{
    "scrape_url": "https://scrape.pastebin.com/api_scrape_item.php?i=tqnSS58a",
    "full_url": "https://pastebin.com/tqnSS58a",
    "date": "1594661155",
    "key": "tqnSS58a",
    "size": 1358,
    "expire": "1594747555",
    "title": "example1",
    "syntax": "cpp",
    "user": "",
    "filename": "tqnSS58a",
    "pasteid": "tqnSS58a",
    "pastesite": "pastebin.com",
    "@timestamp": "2020-07-13T17:25:55",
    "MD5": "bcf75d19148208dc36a072632e80bce5",
    "SHA256": "1fe3ab96f00d705de03bd00fac58b9feba29203994d8d903f10f2632e75efd92",
    "raw_paste": "#include <iostream>\r\n#include <mutex>\r\n#include <string>\r\n\r\nstd::mutex global_mutex;\r\n\r\nclass PreciousResourceHandler\r\n{\r\n\r\npublic:\r\n    PreciousResourceHandler(std::string name, int size) : _name(name), _size(size)\r\n    {\r\n        std::cout << \"[PreciousResourceHandler] Hello! Here constructing \" << _name << std::endl;\r\n    }\r\n\r\n    void performSomeOperation(bool should_throw)\r\n    {\r\n        std::cout << \"[PreciousResourceHandler] Here \" << _name << \" performing some operation\" << std::endl;\r\n        global_mutex.lock();\r\n        std::cout << \"\\tGlobal Mutex is locked!\" << std::endl;\r\n        std::cout << \"[PreciousResourceHandler] Allocating \" << _size << \" elements...\" << std::endl;\r\n        _data = new int[_size];\r\n        if(should_throw) {\r\n            std::cout << \"[PreciousResourceHandler] Oops! Exception happened\" << std::endl;\r\n            throw 1;\r\n        }\r\n        global_mutex.unlock();\r\n        std::cout << \"\\tGlobal Mutex is unlocked!\" << std::endl;\r\n    }\r\n\r\nprivate:\r\n    std::string _name;\r\n    int _size;\r\n    int* _data;\r\n};\r\n\r\n\r\nint main()\r\n{\r\n    PreciousResourceHandler* handler = new PreciousResourceHandler(\"Foo\", 1024);\r\n\r\n    try {\r\n        handler->performSomeOperation(true);\r\n    } catch (...) {\r\n        std::cout << \"[main] Caught exception\" << std::endl;\r\n    }\r\n\r\n    handler->performSomeOperation(false);\r\n}",
    "YaraRule": [
        "enable_org23",
        "core_keywords"
    ]
}