{
    "scrape_url": "https://scrape.pastebin.com/api_scrape_item.php?i=TRrsdFp9",
    "full_url": "https://pastebin.com/TRrsdFp9",
    "date": "1594899407",
    "key": "TRrsdFp9",
    "size": 4763,
    "expire": "0",
    "title": "",
    "syntax": "mysql",
    "user": "",
    "filename": "TRrsdFp9",
    "pasteid": "TRrsdFp9",
    "pastesite": "pastebin.com",
    "@timestamp": "2020-07-16T11:36:47",
    "MD5": "84638c3d2472a67bd519fab653b6873b",
    "SHA256": "125879b5c3bfe883d40fd7f5a01efdd8f2aa32fcb290315d7e33cfefe9f5f152",
    "raw_paste": "CREATE TABLE IF NOT EXISTS `kupivip_gate_dbo_gs_Select_Headers` (\r\n  `EntryNo`                     varchar(255) NOT NULL,\r\n  `PROCESS_TYPE`                varchar(255) DEFAULT NULL,\r\n  `ORDER_NO`                    varchar(255) DEFAULT NULL,\r\n  `ORDER_DATETIME`              varchar(255) DEFAULT NULL,\r\n  `PAYMENT_METHOD_CODE`         varchar(255) DEFAULT NULL,\r\n  `CampaignCode`                varchar(255) DEFAULT NULL,\r\n  `CampaignName`                varchar(255) DEFAULT NULL,\r\n  `CampaignStartDate`           varchar(255) DEFAULT NULL,\r\n  `CampaignEndDate`             varchar(255) DEFAULT NULL,\r\n  `SHIPPING_AGENT_CODE`         varchar(255) DEFAULT NULL,\r\n  `SHIPPING_AGENT_SERVICE_CODE` varchar(255) DEFAULT NULL,\r\n  `SHIPPING_AMOUNT`             varchar(255) DEFAULT NULL,\r\n  `SHIP_TO_COUNTRY_REGION_CODE` varchar(255) DEFAULT NULL,\r\n  `ORDER_AMOUNT`                varchar(255) DEFAULT NULL,\r\n  `COUPON_AMOUNT_ALL`           varchar(255) DEFAULT NULL,\r\n  `VAT_AMOUNT`                  varchar(255) DEFAULT NULL,\r\n  `ACCOUNT_ID`                  varchar(255) DEFAULT NULL,\r\n  `AccountMobile`               varchar(255) DEFAULT NULL,\r\n  `AccountPhone1`               varchar(255) DEFAULT NULL,\r\n  `DELIVER_TO_CUSTOMER_NAME`    varchar(255) DEFAULT NULL,\r\n  `DELIVER_TO_CUSTOMER_SURNAME` varchar(255) DEFAULT NULL,\r\n  `DELIVER_TO_COUNTRY`          varchar(255) DEFAULT NULL,\r\n  `DELIVER_TO_POST_CODE`        varchar(255) DEFAULT NULL,\r\n  `DELIVER_TO_CITY`             varchar(255) DEFAULT NULL,\r\n  `DELIVER_TO_ADRESS_STREET`    varchar(255) DEFAULT NULL,\r\n  `DELIVER_TO_ADRESS_HOUSE`     varchar(255) DEFAULT NULL,\r\n  `DELIVER_TO_ADRESS_CORPS`     varchar(255) DEFAULT NULL,\r\n  `DELIVER_TO_ADRESS_APARTMENT` varchar(255) DEFAULT NULL,\r\n  `DELIVER_KLADR_ID`            varchar(255) DEFAULT NULL,\r\n  `DELIVER_TO_EMAIL`            varchar(255) DEFAULT NULL,\r\n  `DELIVER_TO_PHONE`            varchar(255) DEFAULT NULL,\r\n  `COUPON_ID`                   varchar(255) DEFAULT NULL,\r\n  `COUPON_TYPE`                 varchar(255) DEFAULT NULL,\r\n  `COUPON_UNIT`                 varchar(255) DEFAULT NULL,\r\n  `COUPON_AMOUNT`               varchar(255) DEFAULT NULL,\r\n  `COUPON_REMAINS`              varchar(255) DEFAULT NULL,\r\n  `COUPON_CREATION_DATETIME`    varchar(255) DEFAULT NULL,\r\n  `COUPON_START_DATETIME`       varchar(255) DEFAULT NULL,\r\n  `COUPON_END_DATETIME`         varchar(255) DEFAULT NULL,\r\n  `COUPON_DESCRIPTION`          varchar(255) DEFAULT NULL,\r\n  `HOST`                        varchar(255) DEFAULT NULL,\r\n  `STATUS_ID`                   varchar(255) DEFAULT NULL,\r\n  `AMOUNT_PAYMENT_INCL_VAT`     varchar(255) DEFAULT NULL,\r\n  `PAYMENT_COMPLETED`           varchar(255) DEFAULT NULL,\r\n  `Agent_OrderNO`               varchar(255) DEFAULT NULL,\r\n  `Author`                      varchar(255) DEFAULT NULL,\r\n  `CustomerComment`             varchar(255) DEFAULT NULL,\r\n  `EmplComment`                 varchar(255) DEFAULT NULL,\r\n  `CancelReason`                varchar(255) DEFAULT NULL,\r\n  `LoyalCardNumber`             varchar(255) DEFAULT NULL,\r\n  `Account_SexId`               varchar(255) DEFAULT NULL,\r\n  `Account_Birthday`            varchar(255) DEFAULT NULL,\r\n  `ShippingDateFrom`            varchar(255) DEFAULT NULL,\r\n  `OrderCell`                   varchar(255) DEFAULT NULL,\r\n  `ShippingDateTo`              varchar(255) DEFAULT NULL,\r\n  `TrackNumber`                 varchar(255) DEFAULT NULL,\r\n  `CampaignParams`              varchar(255) DEFAULT NULL,\r\n  `ValidDeliver`                varchar(255) DEFAULT NULL,\r\n  `CustomerStatus`              varchar(255) DEFAULT NULL,\r\n  `ExternalNo`                  varchar(255) DEFAULT NULL,\r\n  `SubStatusId`                 varchar(255) DEFAULT NULL,\r\n  `DeliverToAdressEntrance`     varchar(255) DEFAULT NULL,\r\n  `DeliverToAdressIntercom`     varchar(255) DEFAULT NULL,\r\n  `DeliverToAdressFloor`        varchar(255) DEFAULT NULL,\r\n  `DeliverToAdressCompanyName`  varchar(255) DEFAULT NULL,\r\n  `DeliverToAdressExtPhone`     varchar(255) DEFAULT NULL,\r\n  `DeliverToAdressNeedPass`     varchar(255) DEFAULT NULL,\r\n  `DeliverToAdressIsOffice`     varchar(255) DEFAULT NULL,\r\n  `PromoCall`                   varchar(255) DEFAULT NULL,\r\n  `PostamatId`                  varchar(255) DEFAULT NULL,\r\n  `LPExpense`                   varchar(255) DEFAULT NULL,\r\n  `LPCalcId`                    varchar(255) DEFAULT NULL,\r\n  `MDOrder`                     varchar(255) DEFAULT NULL,\r\n  `FIASCode`                    varchar(255) DEFAULT NULL,\r\n  `idDeliverAddrRoute`          varchar(255) DEFAULT NULL,\r\n  `idDeliverAddrDeliver`        varchar(255) DEFAULT NULL,\r\n  `HomeAddress`                 varchar(255) DEFAULT NULL,\r\n  PRIMARY KEY (`EntryNo`),\r\n  KEY `ORDER_NO` (`ORDER_NO`)\r\n)\r\n  ENGINE = InnoDB;",
    "YaraRule": [
        "db_structure"
    ]
}