{
    "scrape_url": "https://scrape.pastebin.com/api_scrape_item.php?i=tvUYxqdh",
    "full_url": "https://pastebin.com/tvUYxqdh",
    "date": "1594670050",
    "key": "tvUYxqdh",
    "size": 85447,
    "expire": "1594673650",
    "title": "initialization",
    "syntax": "sql",
    "user": "",
    "filename": "tvUYxqdh",
    "pasteid": "tvUYxqdh",
    "pastesite": "pastebin.com",
    "@timestamp": "2020-07-13T19:54:10",
    "MD5": "26fe39c830ff895576df62339aa99ca8",
    "SHA256": "fb8528b0f161a0c4cf7a2f95fefdda3b9f6dfc33f581f022f7823617bfbe2d0c",
    "raw_paste": "create table \"loyalty\".as_itm\r\n  (\r\n    id_itm char(32) not null,\r\n    id_ln_prc integer,\r\n    id_itm_sl_prc integer,\r\n    id_mrhrc_gp integer,\r\n    id_ru_itm_sl integer,\r\n    id_dpt_ps integer,\r\n    fl_itm_dsc integer,\r\n    fl_adt_itm_prc integer,\r\n    nm_brn varchar(40),\r\n    fl_azn_fr_sls integer,\r\n    lu_itm_usg char(2),\r\n    nm_itm varchar(40),\r\n    de_itm varchar(255),\r\n    ty_itm char(4),\r\n    lu_kt_st char(2),\r\n    de_itm_lng varchar(255),\r\n    fl_itm_sbst_idn integer,\r\n    lu_cln_ord char(2),\r\n    lu_exm_tx char(2),\r\n    fl_vld_srz_itm integer,\r\n    ai_sub_brn smallint,\r\n    nm_brn_sub_brn varchar(40),\r\n\r\n    check (fl_adt_itm_prc IN (0,1 )) constraint \"loyalty\".chk_as_itm_fl_adt_itm_prc,\r\n\r\n    check (fl_azn_fr_sls IN (0,1 )) constraint \"loyalty\".chk_as_itm_fl_azn_fr_sls,\r\n\r\n    check (fl_itm_dsc IN (0,1 )) constraint \"loyalty\".chk_as_itm_fl_itm_dsc,\r\n\r\n    check (fl_itm_sbst_idn IN (0,1 )) constraint \"loyalty\".chk_as_itm_fl_itm_sbst_idn,\r\n\r\n    check (fl_vld_srz_itm IN (0,1 )) constraint \"loyalty\".chk_as_itm_fl_vld_srz_itm,\r\n    primary key (id_itm)  constraint \"loyalty\".pk_as_itm__\r\n  );\r\n\r\nrevoke all on \"loyalty\".as_itm from \"public\" as \"loyalty\";\r\n\r\ncreate table \"loyalty\".as_ln_prc\r\n  (\r\n    id_ln_prc serial not null,\r\n    id_mrhrc_gp integer not null,\r\n    ll_ln_prc decimal(16,5)\r\n        default 0.00000 not null,\r\n    ul_ln_prc decimal(16,5)\r\n        default 0.00000 not null,\r\n    primary key (id_ln_prc,id_mrhrc_gp)  constraint \"loyalty\".pk_as_ln_prc__\r\n  );\r\n\r\nrevoke all on \"loyalty\".as_ln_prc from \"public\" as \"loyalty\";\r\n\r\ncreate table \"loyalty\".ca_cld_prd\r\n  (\r\n    id_cld integer not null,\r\n    id_cld_lv integer not null,\r\n    id_cld_prd serial not null,\r\n    ts_srt datetime year to second,\r\n    ts_end datetime year to second,\r\n    nm_cld_prd varchar(40),\r\n    primary key (id_cld,id_cld_lv,id_cld_prd)  constraint \"loyalty\".pk_ca_cld_prd__\r\n  );\r\n\r\nrevoke all on \"loyalty\".ca_cld_prd from \"public\" as \"loyalty\";\r\n\r\ncreate table \"loyalty\".co_cmpgn\r\n  (\r\n    id_cmpgn serial not null,\r\n    nm_cmpgn varchar(255),\r\n    dt_ef datetime year to second,\r\n    dt_ep datetime year to second,\r\n    cd_sts_cmpgn char(2),\r\n    id_bsn_dvlpmnt_prgm varchar(40),\r\n    primary key (id_cmpgn)  constraint \"loyalty\".pk_campaign\r\n  );\r\n\r\nrevoke all on \"loyalty\".co_cmpgn from \"public\" as \"loyalty\";\r\n\r\ncreate table \"loyalty\".co_cmpgn_prm\r\n  (\r\n    id_cmpgn integer not null,\r\n    id_cmpgn_prm serial not null,\r\n    nm_prm varchar(255),\r\n    primary key (id_cmpgn_prm)  constraint \"loyalty\".pk_campaignpromotion\r\n  );\r\n\r\nrevoke all on \"loyalty\".co_cmpgn_prm from \"public\" as \"loyalty\";\r\n\r\ncreate table \"loyalty\".co_ct_acnt_rwd_tr_sts\r\n  (\r\n    id_ct_mbr_prgm_acnt char(36) not null,\r\n    cd_ct_rwd_prgm_tier varchar(20) not null,\r\n    dc_ef_dt date,\r\n    dc_ep_dt date,\r\n    cd_sts char(2),\r\n    id_ct_mbrshp_prgm integer not null,\r\n    ic_lv_nmb integer not null,\r\n    ai_sts_sqn_nmb serial not null,\r\n    primary key (id_ct_mbr_prgm_acnt,cd_ct_rwd_prgm_tier,id_ct_mbrshp_prgm,ic_lv_nmb,ai_sts_sqn_nmb)\r\n               constraint \"loyalty\".pk_customeraccountrewardtierstatus\r\n  ) with crcols;\r\n\r\nrevoke all on \"loyalty\".co_ct_acnt_rwd_tr_sts from \"public\" as \"loyalty\";\r\n\r\ncreate table \"loyalty\".co_ct_acnt_vln_un_typ\r\n  (\r\n    cd_ct_acnt_vln_un_typ varchar(20) not null,\r\n    de_dscr varchar(255),\r\n    na_nrtv_txt varchar(255),\r\n    primary key (cd_ct_acnt_vln_un_typ)  constraint \"loyalty\".pk_customeraccountvaluationunittype\r\n  );\r\n\r\nrevoke all on \"loyalty\".co_ct_acnt_vln_un_typ from \"public\" as \"loyalty\";\r\n\r\ncreate table \"loyalty\".co_ct_lylt_prgm_prc_drvn_ru_el\r\n  (\r\n    id_el_prdv integer not null,\r\n    cd_ct_rwd_prgm_tr varchar(20),\r\n    id_ct_mbrshp_prgm integer,\r\n    ic_lv_nmb integer,\r\n    primary key (id_el_prdv)  constraint \"loyalty\".pk_customermembershipprogramaccountrewardderivationruleeligibiliy\r\n  );\r\n\r\nrevoke all on \"loyalty\".co_ct_lylt_prgm_prc_drvn_ru_el from \"public\" as \"loyalty\";\r\n\r\ncreate table \"loyalty\".co_ct_mbrshp_ern_rwd_tier\r\n  (\r\n    cd_ct_rwd_prgm_tr varchar(20) not null,\r\n    de_tr varchar(40),\r\n    cd_tr_asgmt_bss varchar(20),\r\n    mo_tr_mnm_amt decimal(16,5)\r\n        default 0.00000 not null,\r\n    mo_tr_mxm_amt decimal(16,5)\r\n        default 0.00000 not null,\r\n    cd_tr_vl_un varchar(20),\r\n    id_ct_mbrshp_prgm integer not null,\r\n    ic_lv_nmb integer not null,\r\n    cd_sts char(2),\r\n    dc_ef date,\r\n    dc_ep date,\r\n    cd_pnt_acrl_typ varchar(20),\r\n    ep_pnt_prd_dy_cnt integer,\r\n    primary key (cd_ct_rwd_prgm_tr,id_ct_mbrshp_prgm,ic_lv_nmb)  constraint \"loyalty\".pk_customermembershipearnedrewardtier\r\n  );\r\n\r\nrevoke all on \"loyalty\".co_ct_mbrshp_ern_rwd_tier from \"public\" as \"loyalty\";\r\n\r\ncreate table \"loyalty\".co_ct_mbrshp_prgm\r\n  (\r\n    cd_ct_rwd_prgm_typ varchar(20),\r\n    id_ct_mbrshp_prgm serial not null,\r\n    nm_prgm_mbrshp varchar(40),\r\n    de_prgm_mbrshp varchar(255),\r\n    dc_prgm_mbrshp_ef date,\r\n    dc_prgm_mbrshp_ex date,\r\n    cd_rdm_instnt_dfr_typ varchar(20),\r\n    sts_cd char(2),\r\n    id_ct_mbrshp_prgm_pcsr integer,\r\n    id_mbrshp_prgm_spnsr integer,\r\n    cd_prgm_typ varchar(20) not null,\r\n    fl_fe_chrgd integer,\r\n    cd_fe_rnwl_typ varchar(20),\r\n    cd_enrllmnt_rnwl_prd varchar(20),\r\n    fl_prrt_fe integer,\r\n    mo_fe decimal(16,5)\r\n        default 0.00000 not null,\r\n\r\n    check (fl_fe_chrgd IN (0,1 )) constraint \"loyalty\".chk_co_ct_mbrshp_prgm_fl_fe_chrgd,\r\n\r\n    check (fl_prrt_fe IN (0,1 )) constraint \"loyalty\".chk_co_ct_mbrshp_prgm_fl_prrt_fe,\r\n    primary key (id_ct_mbrshp_prgm)  constraint \"loyalty\".pk_customermembershipprogram\r\n  );\r\n\r\nrevoke all on \"loyalty\".co_ct_mbrshp_prgm from \"public\" as \"loyalty\";\r\n\r\ncreate table \"loyalty\".co_ct_mbrshp_prgm_lv\r\n  (\r\n    id_ct_mbrshp_prgm integer not null,\r\n    cd_lv varchar(20),\r\n    ic_lv_nmb integer not null,\r\n    mo_lv_int_fe_amt decimal(16,5)\r\n        default 0.00000 not null,\r\n    mo_lv_prdc_rnwl_fe_amt decimal(16,5)\r\n        default 0.00000 not null,\r\n    primary key (id_ct_mbrshp_prgm,ic_lv_nmb)  constraint \"loyalty\".pk_customermembershipprogramlevel\r\n  );\r\n\r\nrevoke all on \"loyalty\".co_ct_mbrshp_prgm_lv from \"public\" as \"loyalty\";\r\n\r\ncreate table \"loyalty\".co_ct_mbrshp_prgm_typ\r\n  (\r\n    cd_prgm_typ varchar(20) not null,\r\n    de_prgm_typ varchar(255),\r\n    primary key (cd_prgm_typ)  constraint \"loyalty\".pk_customermembershipprogramtype\r\n  );\r\n\r\nrevoke all on \"loyalty\".co_ct_mbrshp_prgm_typ from \"public\" as \"loyalty\";\r\n\r\ncreate table \"loyalty\".co_ct_rbt_acnt_prgm\r\n  (\r\n    id_ct_rbt_acnt_prgm serial not null,\r\n    id_ctac char(36) not null,\r\n    dc_ef_dt date,\r\n    dc_ep_dt date,\r\n    cd_sts char(2),\r\n    id_rbt_prgm integer not null,\r\n    primary key (id_ct_rbt_acnt_prgm)  constraint \"loyalty\".pk_customerrebateaccountprogram\r\n  );\r\n\r\nrevoke all on \"loyalty\".co_ct_rbt_acnt_prgm from \"public\" as \"loyalty\";\r\n\r\ncreate table \"loyalty\".co_el_brn_prdv\r\n  (\r\n    id_el_prdv integer not null,\r\n    nm_brn varchar(40) not null,\r\n    primary key (id_el_prdv)  constraint \"loyalty\".pk_co_el_brn_prdv__\r\n  );\r\n\r\nrevoke all on \"loyalty\".co_el_brn_prdv from \"public\" as \"loyalty\";\r\n\r\ncreate table \"loyalty\".co_el_cld_prdv\r\n  (\r\n    id_el_prdv integer not null,\r\n    id_cld integer not null,\r\n    id_cld_lv integer not null,\r\n    id_cld_prd integer not null,\r\n    primary key (id_el_prdv)  constraint \"loyalty\".pk_co_el_cld_prdv__\r\n  );\r\n\r\nrevoke all on \"loyalty\".co_el_cld_prdv from \"public\" as \"loyalty\";\r\n\r\ncreate table \"loyalty\".co_el_cmbn_prdv\r\n  (\r\n    id_el_prdv integer not null,\r\n    cd_cmbn char(2),\r\n    de_rwd_drvn_cn_gp_nm varchar(255),\r\n    primary key (id_el_prdv)  constraint \"loyalty\".pk_co_el_cmbn_prdv__\r\n  );\r\n\r\nrevoke all on \"loyalty\".co_el_cmbn_prdv from \"public\" as \"loyalty\";\r\n\r\ncreate table \"loyalty\".co_el_ct_prdv\r\n  (\r\n    id_gp_id integer not null,\r\n    id_el_prdv integer not null,\r\n    primary key (id_el_prdv)  constraint \"loyalty\".pk_co_el_ct_prdv__\r\n  );\r\n\r\nrevoke all on \"loyalty\".co_el_ct_prdv from \"public\" as \"loyalty\";\r\n\r\ncreate table \"loyalty\".co_el_em_dsc_prdv\r\n  (\r\n    id_gp_em_dsc integer not null,\r\n    id_el_prdv integer not null,\r\n    de_el_em_dsc_gp varchar(255),\r\n    fl_cst_pls_em_dsc integer,\r\n    fl_mkd_aply_aft integer,\r\n    de_el_em_prdv_ru varchar(255),\r\n\r\n    check (fl_cst_pls_em_dsc IN (0,1 )) constraint \"loyalty\".co_el_em_dsc_prdv_fl_cst_pls_em_dsc,\r\n\r\n    check (fl_mkd_aply_aft IN (0,1 )) constraint \"loyalty\".co_el_em_dsc_prdv_fl_mkd_aply_aft,\r\n    primary key (id_el_prdv)  constraint \"loyalty\".pk_co_el_em_dsc_prdv__\r\n  );\r\n\r\nrevoke all on \"loyalty\".co_el_em_dsc_prdv from \"public\" as \"loyalty\";\r\n\r\ncreate table \"loyalty\".co_el_mf_prdv\r\n  (\r\n    id_mf integer not null,\r\n    id_el_prdv integer not null,\r\n    primary key (id_el_prdv)  constraint \"loyalty\".pk_co_el_mf_prdv__\r\n  );\r\n\r\nrevoke all on \"loyalty\".co_el_mf_prdv from \"public\" as \"loyalty\";\r\n\r\ncreate table \"loyalty\".co_el_mrbk_prdv\r\n  (\r\n    id_trg_mrbk integer not null,\r\n    id_ru_prc_chn serial not null,\r\n    id_el_prdv integer not null,\r\n    primary key (id_ru_prc_chn,id_el_prdv)  constraint \"loyalty\".pk_co_el_mrbk_prdv__\r\n  );\r\n\r\nrevoke all on \"loyalty\".co_el_mrbk_prdv from \"public\" as \"loyalty\";\r\n\r\ncreate table \"loyalty\".co_el_mrhrc_prdv\r\n  (\r\n    id_mrhrc_gp integer not null,\r\n    id_el_prdv integer not null,\r\n    primary key (id_el_prdv)  constraint \"loyalty\".pk_co_el_mrhrc_prdv__\r\n  );\r\n\r\nrevoke all on \"loyalty\".co_el_mrhrc_prdv from \"public\" as \"loyalty\";\r\n\r\ncreate table \"loyalty\".co_el_prc_ln_prdv\r\n  (\r\n    id_ln_prc integer not null,\r\n    id_el_prdv integer not null,\r\n    id_mrhrc_gp integer not null,\r\n    primary key (id_el_prdv)  constraint \"loyalty\".pk_co_el_prc_ln_prdv__\r\n  );\r\n\r\nrevoke all on \"loyalty\".co_el_prc_ln_prdv from \"public\" as \"loyalty\";\r\n\r\ncreate table \"loyalty\".co_el_prdv\r\n  (\r\n    id_el_prdv serial not null,\r\n    cd_rwd_el_pry_typ_cd varchar(20),\r\n    ai_rwd_el_sqn_nmb smallint,\r\n    id_rwd integer,\r\n    cd_el_vrb_typ varchar(20),\r\n    cd_cmpr char(2),\r\n    cd_el_pry_vl_dat_typ varchar(20),\r\n    unique (ai_rwd_el_sqn_nmb,id_rwd)  constraint \"loyalty\".ak1_rewardeligibilityrule,\r\n    primary key (id_el_prdv)  constraint \"loyalty\".pk_co_el_prdv__\r\n  );\r\n\r\nrevoke all on \"loyalty\".co_el_prdv from \"public\" as \"loyalty\";\r\n\r\ncreate table \"loyalty\".co_gp_em_dsc\r\n  (\r\n    id_gp_em_dsc serial not null,\r\n    nm_gp_em_dsc varchar(40),\r\n    primary key (id_gp_em_dsc)  constraint \"loyalty\".pk_co_gp_em_dsc__\r\n  );\r\n\r\nrevoke all on \"loyalty\".co_gp_em_dsc from \"public\" as \"loyalty\";\r\n\r\ncreate table \"loyalty\".co_gp_pd_tm\r\n  (\r\n    id_pd_tm integer not null,\r\n    id_gp_tm integer not null,\r\n    primary key (id_pd_tm,id_gp_tm)  constraint \"loyalty\".pk_co_gp_pd_tm__\r\n  );\r\n\r\nrevoke all on \"loyalty\".co_gp_pd_tm from \"public\" as \"loyalty\";\r\n\r\ncreate table \"loyalty\".co_gp_tm\r\n  (\r\n    id_gp_tm serial not null,\r\n    de_gp_tm varchar(255),\r\n    primary key (id_gp_tm)  constraint \"loyalty\".pk_co_gp_tm__\r\n  );\r\n\r\nrevoke all on \"loyalty\".co_gp_tm from \"public\" as \"loyalty\";\r\n\r\ncreate table \"loyalty\".co_ltm_asctn\r\n  (\r\n    cd_typ_ltm_asctn char(4) not null,\r\n    nm_typ_ltm_asctn varchar(40),\r\n    primary key (cd_typ_ltm_asctn)  constraint \"loyalty\".pk_co_ltm_asctn__\r\n  );\r\n\r\nrevoke all on \"loyalty\".co_ltm_asctn from \"public\" as \"loyalty\";\r\n\r\ncreate table \"loyalty\".co_mdfr_rtl_prc\r\n  (\r\n    id_trn char(32) not null,\r\n    ic_mdfr_rt_prc smallint not null,\r\n    id_wrkr integer,\r\n    ic_ln_itm smallint not null,\r\n    ic_ln_itm_prrt smallint,\r\n    id_trn_prrt char(32),\r\n    ty_mdf char(2),\r\n    cd_rsn varchar(20),\r\n    pe_mdfr_rt_prc decimal(7,4)\r\n        default 0.0000 not null,\r\n    mo_mdfr_rt_prc decimal(16,5)\r\n        default 0.00000 not null,\r\n    dp_ldg_stk_mdfr char(4),\r\n    mo_prv_prc decimal(7,2)\r\n        default 0.00,\r\n    mo_nw_prc decimal(7,2)\r\n        default 0.00,\r\n    cd_mth_clc char(4),\r\n    cd_mth_adjt char(2),\r\n    cd_mdf_bnft char(4),\r\n    ty_el_prdv char(4),\r\n    de_mdfr_rtl_prc varchar(255),\r\n    pe_tr_ltm_mdf_prrt decimal(7,4)\r\n        default 0.0000 not null,\r\n    mo_rnd decimal(7,2)\r\n        default 0.00,\r\n    mo_prc_mdfn_bs_amt decimal(16,5)\r\n        default 0.00000 not null,\r\n    id_rwd integer,\r\n    ai_rwd_drvn_sqn_nmb integer,\r\n    primary key (id_trn,ic_ln_itm,ic_mdfr_rt_prc)  constraint \"loyalty\".pk_co_mdfr_rtl_prc__\r\n  );\r\n\r\nrevoke all on \"loyalty\".co_mdfr_rtl_prc from \"public\" as \"loyalty\";\r\n\r\ncreate table \"loyalty\".co_mrhrc_gp\r\n  (\r\n    id_mrhrc_gp serial not null,\r\n    nm_mrhrc_gp varchar(255),\r\n    de_mrhrc_gp varchar(255),\r\n    id_ru_itm_sl integer,\r\n    cd_wthr_cn_typ varchar(20),\r\n    cd_clmt_typ varchar(20),\r\n    cd_actv_intrst varchar(20),\r\n    nm_hldy varchar(40),\r\n    primary key (id_mrhrc_gp)  constraint \"loyalty\".pk_co_mrhrc_gp__\r\n  );\r\n\r\nrevoke all on \"loyalty\".co_mrhrc_gp from \"public\" as \"loyalty\";\r\n\r\ncreate table \"loyalty\".co_pd_tm\r\n  (\r\n    id_pd_tm serial not null,\r\n    nm_pd_tm varchar(40),\r\n    wd char(1),\r\n    tm_srt datetime hour to second,\r\n    si_drn decimal(4,0)\r\n        default 0,\r\n    lu_uom_drn varchar(20) not null,\r\n\r\n    check (wd IN ('1','2','3','4','5','6','7' )) constraint \"loyalty\".chk_co_pd_tm_wd,\r\n    primary key (id_pd_tm)  constraint \"loyalty\".pk_co_pd_tm__\r\n  );\r\n\r\nrevoke all on \"loyalty\".co_pd_tm from \"public\" as \"loyalty\";\r\n\r\ncreate table \"loyalty\".co_prm\r\n  (\r\n    id_prm_ofr serial not null,\r\n    id_bsngp integer,\r\n    nm_prm_prt varchar(40) not null,\r\n    cd_mlp_el char(2),\r\n    dt_prm_ef datetime year to second,\r\n    dt_prm_ep datetime year to second,\r\n    ty_cncrn char(2) not null,\r\n    ty_up_sell char(2) not null,\r\n    nm_prm_opr varchar(40) not null,\r\n    dp_acnt char(4),\r\n    nm_prm_ct varchar(40) not null,\r\n    cd_sts_prm char(2),\r\n    id_prml_initv integer not null,\r\n    cd_ct_rwd_prgm_tr varchar(20),\r\n    id_ct_mbrshp_prgm integer,\r\n    ic_lv_nmb integer,\r\n    primary key (id_prm_ofr,id_prml_initv)  constraint \"loyalty\".pk_co_prm__\r\n  );\r\n\r\nrevoke all on \"loyalty\".co_prm from \"public\" as \"loyalty\";\r\n\r\ncreate table \"loyalty\".co_prm_typ_prm\r\n  (\r\n    cd_prm_ofr_typ varchar(20) not null,\r\n    id_prm_ofr integer not null,\r\n    id_prml_initv integer not null,\r\n    primary key (cd_prm_ofr_typ,id_prm_ofr,id_prml_initv)  constraint \"loyalty\".pk_co_prm_typ_prm__\r\n  );\r\n\r\nrevoke all on \"loyalty\".co_prm_typ_prm from \"public\" as \"loyalty\";\r\n\r\ncreate table \"loyalty\".co_rtl_trn_ln_itm_gp_asgmt\r\n  (\r\n    id_trn char(32) not null,\r\n    id_trn_ltmgp smallint not null,\r\n    ic_ln_itm smallint not null,\r\n    id_rtl_trn_ln_itm_gp_asgmt serial not null,\r\n    qu_rtl_un decimal(9,3)\r\n        default 0.000 not null,\r\n    primary key (id_rtl_trn_ln_itm_gp_asgmt)  constraint \"loyalty\".pk_retailtransactionlineitemgroupassignment\r\n  );\r\n\r\nrevoke all on \"loyalty\".co_rtl_trn_ln_itm_gp_asgmt from \"public\" as \"loyalty\";\r\n\r\ncreate table \"loyalty\".co_rwd_el_pry_typ\r\n  (\r\n    cd_rwd_el_pry_ty varchar(20) not null,\r\n    de_rwd_el_pry_ty varchar(255),\r\n    primary key (cd_rwd_el_pry_ty)  constraint \"loyalty\".pk_rewardeligibilitypropertytype\r\n  );\r\n\r\nrevoke all on \"loyalty\".co_rwd_el_pry_typ from \"public\" as \"loyalty\";\r\n\r\ncreate table \"loyalty\".co_rwd_gp\r\n  (\r\n    id_rwd_gp serial not null,\r\n    de_rwd_gp varchar(255),\r\n    primary key (id_rwd_gp)  constraint \"loyalty\".pk_rewardgroup\r\n  );\r\n\r\nrevoke all on \"loyalty\".co_rwd_gp from \"public\" as \"loyalty\";\r\n\r\ncreate table \"loyalty\".co_typ_ltm_trn_rtl\r\n  (\r\n    cd_typ_ltm_trn_rtl varchar(20) not null,\r\n    nm_typ_ltm_trn_rtl varchar(40),\r\n    primary key (cd_typ_ltm_trn_rtl)  constraint \"loyalty\".pk_co_typ_ltm_trn_rtl__\r\n  );\r\n\r\nrevoke all on \"loyalty\".co_typ_ltm_trn_rtl from \"public\" as \"loyalty\";\r\n\r\ncreate table \"loyalty\".co_typ_prm\r\n  (\r\n    cd_prm_ofr_typ varchar(20) not null,\r\n    de_prm_ofr_typ varchar(255),\r\n    primary key (cd_prm_ofr_typ)  constraint \"loyalty\".pk_co_typ_prm__\r\n  );\r\n\r\nrevoke all on \"loyalty\".co_typ_prm from \"public\" as \"loyalty\";\r\n\r\ncreate table \"loyalty\".id_brn\r\n  (\r\n    nm_brn varchar(40) not null,\r\n    de_brn varchar(255),\r\n    id_prty integer,\r\n    cd_brn_grdg varchar(20),\r\n    primary key (nm_brn)  constraint \"loyalty\".pk_id_brn__\r\n  );\r\n\r\nrevoke all on \"loyalty\".id_brn from \"public\" as \"loyalty\";\r\n\r\ncreate table \"loyalty\".le_ct_lylty_prgm\r\n  (\r\n    id_ct_mbrshp_prgm integer not null,\r\n    nm_ct_lylty_prgm varchar(40),\r\n    de_ct_lylty_prgm_thm varchar(255),\r\n    primary key (id_ct_mbrshp_prgm)  constraint \"loyalty\".pk_customerloyaltyprogram\r\n  );\r\n\r\nrevoke all on \"loyalty\".le_ct_lylty_prgm from \"public\" as \"loyalty\";\r\n\r\ncreate table \"loyalty\".le_ct_mbrshp_acnt\r\n  (\r\n    id_ctac char(36) not null,\r\n    dc_ef date,\r\n    dc_ep date,\r\n    cd_sts char(2),\r\n    mo_ct_acnt_inttn_fe_amt decimal(16,5)\r\n        default 0.00000 not null,\r\n    primary key (id_ctac)  constraint \"loyalty\".pk_customermembershipaccount\r\n  ) with crcols;\r\n\r\nrevoke all on \"loyalty\".le_ct_mbrshp_acnt from \"public\" as \"loyalty\";\r\n\r\ncreate table \"loyalty\".le_ct_mbrshp_prgm_acnt\r\n  (\r\n    id_ct_mbr_prgm_acnt char(36) not null,\r\n    id_ctac char(36) not null,\r\n    dc_ef_dt date,\r\n    dc_ep_dt date,\r\n    cd_sts char(2),\r\n    id_ct_mbrshp_prgm integer,\r\n    ic_lv_nmb integer,\r\n    primary key (id_ct_mbr_prgm_acnt)  constraint \"loyalty\".pk_customermembershipprogramaccount\r\n  ) with crcols;\r\n\r\nrevoke all on \"loyalty\".le_ct_mbrshp_prgm_acnt from \"public\" as \"loyalty\";\r\n\r\ncreate table \"loyalty\".le_ct_rbt_acnt\r\n  (\r\n    dc_ef_dt date,\r\n    dc_ep_dt date,\r\n    mo_cum_pch_rbt_bss_amt decimal(16,5)\r\n        default 0.00000 not null,\r\n    dc_rbt_accmltn_srt_dt date,\r\n    dc_rbt_accmltn_end_dt date,\r\n    id_ctac char(36) not null,\r\n    primary key (id_ctac)  constraint \"loyalty\".pk_customerrebateaccount\r\n  );\r\n\r\nrevoke all on \"loyalty\".le_ct_rbt_acnt from \"public\" as \"loyalty\";\r\n\r\ncreate table \"loyalty\".le_ct_sbscrptn_prgm\r\n  (\r\n    id_ct_mbrshp_prgm integer not null,\r\n    nm_ct_sbscrptn_prgm varchar(40),\r\n    primary key (id_ct_mbrshp_prgm)  constraint \"loyalty\".pk_customersubscriptionprogram\r\n  );\r\n\r\nrevoke all on \"loyalty\".le_ct_sbscrptn_prgm from \"public\" as \"loyalty\";\r\n\r\ncreate table \"loyalty\".le_ctac\r\n  (\r\n    id_ctac char(36) not null,\r\n    id_acnt_ldg integer,\r\n    ty_ctac varchar(20),\r\n    nm_ctac varchar(40),\r\n    id_ct integer not null,\r\n    dt_ef datetime year to second,\r\n    dt_ep date,\r\n    cd_sts char(2),\r\n    pe_unpd_blnc_intrst_rt decimal(7,4)\r\n        default 0.0000 not null,\r\n    ti_grc_prd_dy decimal(3,0)\r\n        default 0 not null,\r\n    cso_account_id integer\r\n        default null,\r\n    phone_number varchar(20),\r\n    primary key (id_ctac)  constraint \"loyalty\".pk_le_ctac__\r\n  ) with crcols;\r\n\r\nrevoke all on \"loyalty\".le_ctac from \"public\" as \"loyalty\";\r\n\r\ncreate table \"loyalty\".le_hst_prm\r\n  (\r\n    id_prm_ofr integer not null,\r\n    id_prd_rp integer not null,\r\n    id_str_rtl integer not null,\r\n    id_prml_initv integer not null,\r\n    id_itm char(32),\r\n    primary key (id_prm_ofr,id_prd_rp,id_str_rtl,id_prml_initv)  constraint \"loyalty\".pk_le_hst_prm__\r\n  );\r\n\r\nrevoke all on \"loyalty\".le_hst_prm from \"public\" as \"loyalty\";\r\n\r\ncreate table \"loyalty\".lu_prml_init_typ\r\n  (\r\n    cd_prml_typ varchar(20) not null,\r\n    de_prml_typ varchar(255),\r\n    primary key (cd_prml_typ)  constraint \"loyalty\".pk_promotioninitiativetype\r\n  );\r\n\r\nrevoke all on \"loyalty\".lu_prml_init_typ from \"public\" as \"loyalty\";\r\n\r\ncreate table \"loyalty\".pa_gp_ct\r\n  (\r\n    id_gp_id serial not null,\r\n    nm_gp varchar(40),\r\n    de_gp_ct varchar(255),\r\n    cd_typ_ct_gp char(4) not null,\r\n    primary key (id_gp_id)  constraint \"loyalty\".pk_pa_gp_ct__\r\n  );\r\n\r\nrevoke all on \"loyalty\".pa_gp_ct from \"public\" as \"loyalty\";\r\n\r\ncreate table \"loyalty\".pa_mf\r\n  (\r\n    id_mf integer not null,\r\n    primary key (id_mf)  constraint \"loyalty\".pk_pa_mf__\r\n  );\r\n\r\nrevoke all on \"loyalty\".pa_mf from \"public\" as \"loyalty\";\r\n\r\ncreate table \"loyalty\".pa_rbt_pcsr\r\n  (\r\n    id_prty_ro_asgmt integer,\r\n    id_prty_rbt_pcsr serial not null,\r\n    primary key (id_prty_rbt_pcsr)  constraint \"loyalty\".pk_rebateprocessor\r\n  );\r\n\r\nrevoke all on \"loyalty\".pa_rbt_pcsr from \"public\" as \"loyalty\";\r\n\r\ncreate table \"loyalty\".pa_rbt_spnsr\r\n  (\r\n    id_prty_ro_asgmt integer not null,\r\n    id_spnsr_rbt serial not null,\r\n    primary key (id_spnsr_rbt)  constraint \"loyalty\".pk_rebatesponsor\r\n  );\r\n\r\nrevoke all on \"loyalty\".pa_rbt_spnsr from \"public\" as \"loyalty\";\r\n\r\ncreate table \"loyalty\".rbt_prgm\r\n  (\r\n    id_spnsr_rbt integer,\r\n    id_prty_rbt_pcsr integer,\r\n    id_rbt_prgm serial not null,\r\n    cd_rbt_clm_prgm varchar(20),\r\n    cd_rbt_prgm_prps varchar(20),\r\n    cd_rbt_bnfcry_typ varchar(20),\r\n    cd_rbt_rtlr_rmbsrmnt_typ varchar(20),\r\n    fl_upc_cutout_rqd integer,\r\n    dc_clm_ls_pstl_dt date,\r\n    na_rbt_el_nrtv varchar(255),\r\n    cd_cny_iso_4217_rbt char(3),\r\n    pe_estm_brkg_fct decimal(7,4)\r\n        default 0.0000 not null,\r\n    id_ct_mbrshp_prgm integer,\r\n    dc_ef_dt date,\r\n    dc_ep_dt date,\r\n    cd_spnsr_prm varchar(20),\r\n\r\n    check (fl_upc_cutout_rqd IN (0,1 )) constraint \"loyalty\".chk_rbt_prgm_fl_upc_cutout_rqd,\r\n    primary key (id_rbt_prgm)  constraint \"loyalty\".pk_rebateprogram\r\n  );\r\n\r\nrevoke all on \"loyalty\".rbt_prgm from \"public\" as \"loyalty\";\r\n\r\ncreate table \"loyalty\".ru_chnl_prc_drvn_el\r\n  (\r\n    id_el_prdv integer not null,\r\n    id_chnl integer,\r\n    primary key (id_el_prdv)  constraint \"loyalty\".pk_channelrewardderivationruleeligibility\r\n  );\r\n\r\nrevoke all on \"loyalty\".ru_chnl_prc_drvn_el from \"public\" as \"loyalty\";\r\n\r\ncreate table \"loyalty\".ru_itm_sl_prc\r\n  (\r\n    id_itm_sl_prc serial not null,\r\n    rp_pr_sls decimal(7,2)\r\n        default 0 not null,\r\n    fl_mkd_orgl_prc_pr integer,\r\n    qu_mkd_pr_prc_pr decimal(7,0)\r\n        default 0 not null,\r\n    dc_prc_ef_prn_rt date,\r\n    rp_sls_crt decimal(7,2)\r\n        default 0 not null,\r\n    ty_prc_rt char(2),\r\n    fl_qty_prc integer,\r\n    fl_prc_rt_pnt_alw integer,\r\n    qu_pckg_prc_crt decimal(3,0)\r\n        default 0,\r\n    dc_prc_sls_ef_crt date,\r\n    rp_pckg_prc_crt decimal(7,2)\r\n        default 0,\r\n    dc_prc_sls_ep_crt date,\r\n    qu_pckg_prc_prn decimal(3,0)\r\n        default 0,\r\n    rp_prc_mf_rcm_rt decimal(7,2)\r\n        default 0 not null,\r\n    rp_pckg_prc_prn decimal(7,2)\r\n        default 0,\r\n    dc_prc_mf_rcm_rt date,\r\n    rp_rtn_un_prn_sls decimal(7,2)\r\n        default 0,\r\n    rp_prc_cmpr_at_sls decimal(7,2)\r\n        default 0 not null,\r\n    rp_rtn_un_crt_sls decimal(7,2)\r\n        default 0,\r\n    fl_tx_inc integer,\r\n    mo_amt_tx_prn decimal(7,2)\r\n        default 0,\r\n    mo_amt_tx_crt decimal(7,2)\r\n        default 0,\r\n    rp_mnm_advrtsd decimal(7,2)\r\n        default 0 not null,\r\n    dc_ef_rp_mnm_advrtsd date,\r\n\r\n    check (fl_mkd_orgl_prc_pr IN (0,1 )) constraint \"loyalty\".ru_itm_sl_prc_fl_mkd_orgl_prc_pr,\r\n\r\n    check (fl_prc_rt_pnt_alw IN (0,1 )) constraint \"loyalty\".ru_itm_sl_prc_fl_prc_rt_pnt_alw,\r\n\r\n    check (fl_qty_prc IN (0,1 )) constraint \"loyalty\".ru_itm_sl_prc_fl_qty_prc,\r\n\r\n    check (fl_tx_inc IN (0,1 )) constraint \"loyalty\".ru_itm_sl_prc_fl_tx_inc,\r\n    primary key (id_itm_sl_prc)  constraint \"loyalty\".pk_ru_itm_sl_prc__\r\n  );\r\n\r\nrevoke all on \"loyalty\".ru_itm_sl_prc from \"public\" as \"loyalty\";\r\n\r\ncreate table \"loyalty\".ru_rwd_drvn_ru\r\n  (\r\n    id_rwd integer not null,\r\n    ai_rwd_drvn_sqn_nmb integer not null,\r\n    qu_mnm_qty decimal(9,3)\r\n        default 0.000 not null,\r\n    qu_mxm_qty decimal(9,3)\r\n        default 0.000 not null,\r\n    mo_mnm_itm_tot_amt money(16,2)\r\n        default 0.00 not null,\r\n    cd_rwd_actn varchar(20),\r\n    mo_rwd_actn_argmnt_vl money(16,2)\r\n        default 0.00 not null,\r\n    qu_rwd_argmnt_qty decimal(9,3)\r\n        default 0.000 not null,\r\n    fl_itm_lv_exclsvty integer,\r\n    cd_ct_acnt_vln_un_typ varchar(20),\r\n    cd_rwd_drvn_lv_cd varchar(20),\r\n    cd_mnm_mxm_typ varchar(20),\r\n    id_el_prdv integer,\r\n\r\n    check (fl_itm_lv_exclsvty IN (0,1 )) constraint \"loyalty\".chk_ru_rwd_drvn_ru_fl_itm_lv_exclsvty,\r\n    primary key (id_rwd,ai_rwd_drvn_sqn_nmb)  constraint \"loyalty\".pk_rewardderivationrule\r\n  );\r\n\r\nrevoke all on \"loyalty\".ru_rwd_drvn_ru from \"public\" as \"loyalty\";\r\n\r\ncreate table \"loyalty\".ru_trg_mrbk\r\n  (\r\n    id_trg_mrbk serial not null,\r\n    ty_prc_chn_trgr char(2),\r\n    qu_trgr_qty decimal(9,3)\r\n        default 0 not null,\r\n    mo_trgr_rt_tot decimal(16,5)\r\n        default 0 not null,\r\n    ty_mth_trgr_trn_rn char(2),\r\n    primary key (id_trg_mrbk)  constraint \"loyalty\".pk_ru_trg_mrbk__\r\n  );\r\n\r\nrevoke all on \"loyalty\".ru_trg_mrbk from \"public\" as \"loyalty\";\r\n\r\ncreate table \"loyalty\".st_asctn_el_prdv\r\n  (\r\n    id_el_cmbn integer not null,\r\n    id_lft_rwd_drvn_ru integer not null,\r\n    id_rt_rwd_drvn_ru integer not null,\r\n    cd_cmbn char(2),\r\n    id_grp smallint,\r\n    ai_prcdn_sqn_nmb smallint,\r\n    primary key (id_lft_rwd_drvn_ru,id_rt_rwd_drvn_ru,id_el_cmbn)  constraint \"loyalty\".pk_st_asctn_el_prdv__\r\n  );\r\n\r\nrevoke all on \"loyalty\".st_asctn_el_prdv from \"public\" as \"loyalty\";\r\n\r\ncreate table \"loyalty\".st_asctn_ltm_rtl\r\n  (\r\n    id_trn_to char(32) not null,\r\n    id_trn char(32) not null,\r\n    cd_typ_ltm_asctn char(4) not null,\r\n    ic_ltm smallint not null,\r\n    ic_ltm_to smallint not null,\r\n    cd_rsn varchar(20),\r\n    cd_mth_enr varchar(20),\r\n    ic_asctn_ltm_rtl_sqn_nmb smallint not null,\r\n    fl_orgl_src_asctn_ltm_rtl integer,\r\n    de_ln_itm_cvn varchar(255),\r\n    id_rtl_trn_dcm integer,\r\n\r\n    check (fl_orgl_src_asctn_ltm_rtl IN (0,1 )) constraint \"loyalty\".chk_st_asctn_ltm_rtl_fl_orgl_src_asctn_ltm_rtl,\r\n    primary key (id_trn,ic_ltm,id_trn_to,ic_ltm_to,cd_typ_ltm_asctn,ic_asctn_ltm_rtl_sqn_nmb)\r\n               constraint \"loyalty\".pk_st_asctn_ltm_rtl__\r\n  );\r\n\r\nrevoke all on \"loyalty\".st_asctn_ltm_rtl from \"public\" as \"loyalty\";\r\n\r\ncreate table \"loyalty\".tr_ct_rwd\r\n  (\r\n    id_ct_mbr_prgm_acnt char(36) not null,\r\n    id_ct_rbt_acnt_prgm integer,\r\n    id_rwd integer not null,\r\n    primary key (id_ct_mbr_prgm_acnt,id_rwd)  constraint \"loyalty\".pk_customerreward\r\n  ) with crcols;\r\n\r\nrevoke all on \"loyalty\".tr_ct_rwd from \"public\" as \"loyalty\";\r\n\r\ncreate table \"loyalty\".tr_ct_rwd_ln_itm\r\n  (\r\n    id_ct_mbr_prgm_acnt char(36),\r\n    cd_ct_rwd_prgm_tier varchar(20),\r\n    id_ct_mbrshp_prgm integer,\r\n    ic_lv_nmb integer,\r\n    cd_rwd_actn varchar(20),\r\n    id_rwd integer,\r\n    ai_rwd_drvn_sqn_nmb integer,\r\n    id_trn char(32) not null,\r\n    ic_ln_itm smallint not null,\r\n    mo_rwd_vl_amt decimal(16,5)\r\n        default 0.00000 not null,\r\n    cd_ct_acnt_vln_un_typ varchar(20),\r\n    ai_sts_sqn_nmb integer,\r\n    primary key (id_trn,ic_ln_itm)  constraint \"loyalty\".pk_customerrewardlineitem\r\n  ) with crcols;\r\n\r\nrevoke all on \"loyalty\".tr_ct_rwd_ln_itm from \"public\" as \"loyalty\";\r\n\r\ncreate table \"loyalty\".tr_ct_rwd_rbt_ln_itm\r\n  (\r\n    id_rbt serial not null,\r\n    fl_sls_rct_rq integer,\r\n    cd_rbt_ct_stlm_mod varchar(20),\r\n    cd_rbt_ct_pym_cny_typ varchar(20),\r\n    dt_ef date,\r\n    dt_ep date,\r\n    cd_sts_rbt_prgm char(2),\r\n    id_trn char(32) not null,\r\n    ic_ln_itm smallint not null,\r\n    id_ct_rbt_acnt_prgm integer,\r\n\r\n    check (fl_sls_rct_rq IN (0,1 )) constraint \"loyalty\".chk_tr_ct_rwd_rbt_ln_itm_fl_sls_rct_rq,\r\n    primary key (id_rbt,id_trn,ic_ln_itm)  constraint \"loyalty\".pk_customerrewardrebatelineitem\r\n  ) with crcols;\r\n\r\nrevoke all on \"loyalty\".tr_ct_rwd_rbt_ln_itm from \"public\" as \"loyalty\";\r\n\r\ncreate table \"loyalty\".tr_ltm_em_dsc\r\n  (\r\n    id_trn char(32) not null,\r\n    ic_ln_itm smallint not null,\r\n    id_wrkr integer,\r\n    mo_itm_ln_em_dsc decimal(16,5)\r\n        default 0.00000 not null,\r\n    primary key (id_trn,ic_ln_itm)  constraint \"loyalty\".pk_tr_ltm_em_dsc__\r\n  );\r\n\r\nrevoke all on \"loyalty\".tr_ltm_em_dsc from \"public\" as \"loyalty\";\r\n\r\ncreate table \"loyalty\".tr_ltm_mdf\r\n  (\r\n    id_trn char(32) not null,\r\n    ic_ln_itm smallint not null,\r\n    ty_mdf char(2),\r\n    fl_prrt integer,\r\n    mo_prc_mdfn_bs_amt decimal(16,5)\r\n        default 0.00000 not null,\r\n    de_tr_ltm_mdf varchar(255),\r\n    de_unusd_cpn_rsn_dscr varchar(255),\r\n    fl_unusd_cpn_fl integer,\r\n    pe_mdfr_rt_prc decimal(7,4)\r\n        default 0.0000 not null,\r\n    mo_mdfr_rt_prc decimal(16,5)\r\n        default 0.00000 not null,\r\n    mo_nw_prc decimal(16,5)\r\n        default 0.00000,\r\n    cd_mth_adjt char(2),\r\n    mo_rnd decimal(7,2)\r\n        default 0.00,\r\n    id_rwd integer,\r\n\r\n    check (fl_prrt IN (0,1 )) constraint \"loyalty\".chk_tr_ltm_mdf_fl_prrt,\r\n\r\n    check (fl_unusd_cpn_fl IN (0,1 )) constraint \"loyalty\".chk_tr_ltm_mdf_fl_unusd_cpn_fl,\r\n    primary key (id_trn,ic_ln_itm)  constraint \"loyalty\".pk_tr_ltm_mdf__\r\n  );\r\n\r\nrevoke all on \"loyalty\".tr_ltm_mdf from \"public\" as \"loyalty\";\r\n\r\ncreate table \"loyalty\".tr_ltm_rtl_trn\r\n  (\r\n    ic_ln_itm smallint not null,\r\n    id_trn char(32) not null,\r\n    id_ord integer,\r\n    ic_or_ltm smallint,\r\n    ts_ln_itm_bgn datetime year to second,\r\n    ts_ln_itm_end datetime year to second,\r\n    lu_mth_ltm_rtl_trn varchar(20),\r\n    cd_typ_ltm_trn_rtl varchar(20),\r\n    fl_vd_ln_itm integer,\r\n    cd_rtl_trn_ln_itm_enr_mod varchar(20),\r\n\r\n    check (fl_vd_ln_itm IN (0,1 )) constraint \"loyalty\".chk_tr_ltm_rtl_trn_fl_vd_ln_itm,\r\n    primary key (id_trn,ic_ln_itm)  constraint \"loyalty\".pk_tr_ltm_rtl_trn__\r\n  );\r\n\r\nrevoke all on \"loyalty\".tr_ltm_rtl_trn from \"public\" as \"loyalty\";\r\n\r\ncreate table \"loyalty\".tr_ltm_sls_rtn\r\n  (\r\n    id_trn char(32) not null,\r\n    inv_ctl_flfmt char(32),\r\n    id_lcn integer,\r\n    id_bsngp integer,\r\n    ic_ln_itm smallint not null,\r\n    cd_mth_itm_lkp char(4),\r\n    id_itm_ps varchar(14),\r\n    id_itm_ps_qfr integer,\r\n    id_itm char(32),\r\n    id_dpt_ps integer,\r\n    cd_uom varchar(20),\r\n    ty_itm char(4),\r\n    ty_itm_sub char(4),\r\n    mo_prc_reg decimal(7,2)\r\n        default 0.00 not null,\r\n    qu_itm_lm_rtn_sls decimal(9,3)\r\n        default 0.000 not null,\r\n    un_uprqy_reg decimal(9,3)\r\n        default 0.000,\r\n    mo_prc_act decimal(7,2)\r\n        default 0.00,\r\n    mo_extnd decimal(16,5)\r\n        default 0.00000 not null,\r\n    un_uprqy_act decimal(9,3)\r\n        default 0.000,\r\n    qu_un decimal(9,3)\r\n        default 0.000,\r\n    lu_mth_id_enr char(4),\r\n    lu_actn_cd char(2),\r\n    mo_dsc_un decimal(7,2)\r\n        default 0.00,\r\n    mo_dsc_un_ext decimal(7,2)\r\n        default 0.00,\r\n    lu_enr_rt_prc char(4),\r\n    cd_rsn varchar(20),\r\n    lu_prc_rt_drvn char(4),\r\n    ic_ltm_flf_ack smallint,\r\n    cp_un decimal(16,5)\r\n        default 0.00000,\r\n    un_uprqy decimal(9,3)\r\n        default 0.000,\r\n    rp_msrp decimal(7,2)\r\n        default 0.00,\r\n    un_msrp_uprqy decimal(9,3)\r\n        default 0.000,\r\n    cp_inv decimal(16,5)\r\n        default 0.00000,\r\n    un_inv_uprqy decimal(9,3)\r\n        default 0.000,\r\n    fl_gf_rct integer,\r\n    id_itm_un_trc char(32),\r\n    mo_un_prc_incrs decimal(7,2)\r\n        default 0.00 not null,\r\n    mo_extnd_prc_incrs decimal(16,5)\r\n        default 0.00000 not null,\r\n\r\n    check (fl_gf_rct IN (0,1 )) constraint \"loyalty\".chk_tr_ltm_sls_rtn_fl_gf_rct,\r\n    primary key (id_trn,ic_ln_itm)  constraint \"loyalty\".pk_tr_ltm_sls_rtn__\r\n  );\r\n\r\nrevoke all on \"loyalty\".tr_ltm_sls_rtn from \"public\" as \"loyalty\";\r\n\r\ncreate table \"loyalty\".tr_mdf\r\n  (\r\n    ty_mdf char(2) not null,\r\n    id_acnt_ldg integer,\r\n    nm_mdf varchar(40),\r\n    cd_rdn_mth char(2),\r\n    de_mdf varchar(255),\r\n    mo_nw_prc decimal(16,5)\r\n        default 0.00000,\r\n    fl_prrt integer,\r\n    cd_mth_adjt char(2),\r\n    ts_ef datetime year to second,\r\n    ts_ep datetime year to second,\r\n    pe_mdfr_rt_prc decimal(7,4)\r\n        default 0.0000 not null,\r\n    mo_mdfr_rt_prc decimal(16,5)\r\n        default 0.00000 not null,\r\n\r\n    check (fl_prrt IN (0,1 )) constraint \"loyalty\".chk_tr_mdf_fl_prrt,\r\n    primary key (ty_mdf)  constraint \"loyalty\".pk_tr_mdf__\r\n  );\r\n\r\nrevoke all on \"loyalty\".tr_mdf from \"public\" as \"loyalty\";\r\n\r\ncreate table \"loyalty\".tr_rtl\r\n  (\r\n    id_trn char(32) not null,\r\n    id_lcn integer,\r\n    cd_typ_trn_rtl char(2),\r\n    in_rng_elpsd decimal(5,0)\r\n        default 0 not null,\r\n    id_rpsty_tnd integer,\r\n    in_tnd_elpsd decimal(5,0)\r\n        default 0 not null,\r\n    in_elpsd_idl decimal(5,0)\r\n        default 0 not null,\r\n    in_lck_elpsd decimal(5,0)\r\n        default 0 not null,\r\n    qu_itm_ln_sc decimal(7,0)\r\n        default 0 not null,\r\n    qu_itm_ln_ky decimal(7,0)\r\n        default 0 not null,\r\n    qu_un_rtl_trn decimal(7,0)\r\n        default 0,\r\n    pe_itm_ln_sc decimal(7,4)\r\n        default 0.0000 not null,\r\n    pe_itm_ln_ky decimal(7,4)\r\n        default 0.0000 not null,\r\n    qu_dpt_ky decimal(7,0)\r\n        default 0 not null,\r\n    pe_dpt_ky decimal(7,4)\r\n        default 0.0000 not null,\r\n    ts_trn_rcp datetime year to second,\r\n    id_ct integer,\r\n    cd_ct_id_enr_mth varchar(20),\r\n    id_chnl integer,\r\n    cd_rtl_shppg_trp_typ varchar(20),\r\n    cd_trn_enr_mod varchar(20),\r\n    cd_ct_id_typ varchar(20),\r\n    cd_cny_iso_4217 char(3),\r\n    id_srvy_ct integer,\r\n    primary key (id_trn)  constraint \"loyalty\".pk_tr_rtl__\r\n  );\r\n\r\nrevoke all on \"loyalty\".tr_rtl from \"public\" as \"loyalty\";\r\n\r\ncreate table \"loyalty\".tr_rtl_ltmgp\r\n  (\r\n    id_trn char(32) not null,\r\n    id_trn_ltmgp smallint not null,\r\n    ty_trn_tot varchar(20),\r\n    de_ltmgp varchar(255),\r\n    primary key (id_trn,id_trn_ltmgp)  constraint \"loyalty\".pk_tr_rtl_ltmgp__\r\n  );\r\n\r\nrevoke all on \"loyalty\".tr_rtl_ltmgp from \"public\" as \"loyalty\";\r\n\r\ncreate table \"loyalty\".tr_rtl_ltmgp_typ\r\n  (\r\n    ty_trn_tot varchar(20) not null,\r\n    nm_typ_trn_tot varchar(40),\r\n    primary key (ty_trn_tot)  constraint \"loyalty\".pk_tr_rtl_ltmgp_typ__\r\n  );\r\n\r\nrevoke all on \"loyalty\".tr_rtl_ltmgp_typ from \"public\" as \"loyalty\";\r\n\r\ncreate table \"loyalty\".tr_tot_rtl_ltmgp\r\n  (\r\n    id_trn char(32) not null,\r\n    id_trn_ltmgp smallint not null,\r\n    ty_trn_tot varchar(20) not null,\r\n    mo_tot decimal(16,5)\r\n        default 0.00000,\r\n    primary key (id_trn,id_trn_ltmgp,ty_trn_tot)  constraint \"loyalty\".pk_tr_tot_rtl_ltmgp__\r\n  );\r\n\r\nrevoke all on \"loyalty\".tr_tot_rtl_ltmgp from \"public\" as \"loyalty\";\r\n\r\ncreate table \"loyalty\".co_el_itm_prdv\r\n  (\r\n    id_el_prdv integer not null constraint \"loyalty\".if1431_co_el_itm_prdv,\r\n    id_itm char(32) not null,\r\n    discount_type   SMALLINT                       default 1,\r\n    primary key (id_itm,id_el_prdv)\r\n  );\r\n\r\nrevoke all on \"loyalty\".co_el_itm_prdv from \"public\" as \"loyalty\";\r\n\r\ncreate table \"loyalty\".co_ct_acnt_typ\r\n  (\r\n    ty_ctac varchar(20) not null,\r\n    de_ct_acnt_typ varchar(255),\r\n    fl_idn_ct_rq integer,\r\n    ty_idn_ct char(2),\r\n\r\n    check (fl_idn_ct_rq IN (0,1 )) constraint \"loyalty\".chk_co_ct_acnt_typ_fl_idn_ct_rq,\r\n    primary key (ty_ctac)  constraint \"loyalty\".pk_customeraccounttype\r\n  );\r\n\r\nrevoke all on \"loyalty\".co_ct_acnt_typ from \"public\" as \"loyalty\";\r\n\r\ncreate table \"loyalty\".co_el_fuel_prdv\r\n  (\r\n    id_el_prdv integer not null,\r\n    fuel_product_id integer not null,\r\n    discount_type        smallint                       default 3,\r\n    primary key (id_el_prdv,fuel_product_id)  constraint \"loyalty\".pk_co_el_fuel_prdv\r\n  );\r\n\r\nrevoke all on \"loyalty\".co_el_fuel_prdv from \"public\" as \"loyalty\";\r\n\r\ncreate table \"loyalty\".customer_reward_balance\r\n  (\r\n    id char(36) not null,\r\n    customer_membership_account_id char(36) not null,\r\n    earn_reward_id integer not null,\r\n    redeem_reward_id integer not null,\r\n    earn_balance decimal(16,5)\r\n        default null,\r\n    balance decimal(16,5)\r\n        default null,\r\n    unit_type_code varchar(10) not null,\r\n    created_at datetime year to second not null,\r\n    earn_expiration_at datetime year to second\r\n        default null,\r\n    expiration_at datetime year to second not null,\r\n    primary key (id)  constraint \"loyalty\".pk_customer_reward\r\n  ) with crcols;\r\n\r\nrevoke all on \"loyalty\".customer_reward_balance from \"public\" as \"loyalty\";\r\n\r\ncreate table \"loyalty\".customer_account_card\r\n  (\r\n    id char(36) not null,\r\n    card_number varchar(255) not null,\r\n    id_ctac char(36) not null,\r\n    status varchar(2)\r\n        default null,\r\n    primary key (id)  constraint \"loyalty\".pk_customer_account_card\r\n  ) with crcols;\r\n\r\nrevoke all on \"loyalty\".customer_account_card from \"public\" as \"loyalty\";\r\n\r\ncreate table \"loyalty\".promotion_business_unit\r\n  (\r\n    id integer not null,\r\n    id_prm_ofr integer not null,\r\n    id_prml_initv integer not null,\r\n    cso_account_id integer not null,\r\n    cso_location_id integer not null,\r\n    name varchar(255) not null,\r\n    primary key (id)  constraint \"loyalty\".pk_promotion_business_unit\r\n  );\r\n\r\nrevoke all on \"loyalty\".promotion_business_unit from \"public\" as \"loyalty\";\r\n\r\ncreate table \"loyalty\".promotion_offer_customer_message\r\n  (\r\n    id serial not null,\r\n    id_prm_ofr integer\r\n        default null,\r\n    id_prml_initv integer\r\n        default null,\r\n    reward_id integer\r\n        default null,\r\n    receipt_line_top varchar(255)\r\n        default null,\r\n    receipt_line_body varchar(255)\r\n        default null,\r\n    receipt_line_bottom varchar(255)\r\n        default null,\r\n    receipt_line_width integer\r\n        default null,\r\n    display_line varchar(255)\r\n        default null,\r\n    display_command_duration smallint\r\n        default null,\r\n    display_command_sequence smallint\r\n        default null,\r\n    display_command_device smallint\r\n        default null,\r\n    transaction_type     smallint                       default NULL,\r\n    transaction_flag     boolean                        default NULL,\r\n\r\n    primary key (id)  constraint \"loyalty\".pk_prmtn_offr_cstmr_msg\r\n  );\r\n\r\nrevoke all on \"loyalty\".promotion_offer_customer_message from \"public\" as \"loyalty\";\r\n\r\ncreate table \"loyalty\".migration_versions\r\n  (\r\n    version char(255) not null\r\n  );\r\n\r\nrevoke all on \"loyalty\".migration_versions from \"public\" as \"loyalty\";\r\n\r\ncreate table \"loyalty\".tr_rwd\r\n  (\r\n    id_rwd serial not null,\r\n    dt_ef_dt_tm datetime year to second,\r\n    dt_ep_dt_tm datetime year to second,\r\n    de_rwd_dscr varchar(255),\r\n    fl_trn_exclsvty integer,\r\n    cd_rwd_attrbtn_lv varchar(20),\r\n    cd_rwd_dpsn varchar(20),\r\n    mo_rwd_lm_amt decimal(16,5)\r\n        default 0.00000 not null,\r\n    qy_rwd_intra_trn_appld_lm integer,\r\n    cd_rwd_trn_lv_actn varchar(20),\r\n    id_gp_tm integer,\r\n    nm_rwd_shrt varchar(40),\r\n    ai_rwd_ti_brkr smallint,\r\n    mo_subtot_mnm_amt decimal(16,5)\r\n        default 0.00000 not null,\r\n    mo_subtot_mxm_amt decimal(16,5)\r\n        default 0.00000 not null,\r\n    mo_trn_lv_rwd_amt decimal(16,5)\r\n        default 0.00000 not null,\r\n    cd_rwd_tx_trtmnt varchar(20),\r\n    id_prm_ofr integer,\r\n    id_prml_initv integer,\r\n    fl_bogo_trgr integer,\r\n    fl_excld_prc_ovrrd_itm integer,\r\n    fl_excld_dsc_itm integer,\r\n    id_rwd_gp integer,\r\n    earn_reward_id integer\r\n        default null,\r\n    redeem_reward_id integer\r\n        default null,\r\n    balance_period_in_day integer\r\n        default null,\r\n    is_redeem_instant boolean\r\n        default null,\r\n\r\n    check (fl_bogo_trgr IN (0,1 )) constraint \"loyalty\".chk_tr_rwd_fl_bogo_trgr,\r\n\r\n    check (fl_excld_dsc_itm IN (0,1 )) constraint \"loyalty\".chk_tr_rwd_fl_excld_dsc_itm,\r\n\r\n    check (fl_excld_prc_ovrrd_itm IN (0,1 )) constraint \"loyalty\".chk_tr_rwd_fl_excld_prc_ovrrd_itm,\r\n\r\n    check (fl_trn_exclsvty IN (0,1 )) constraint \"loyalty\".chk_tr_rwd_fl_trn_exclsvty,\r\n    primary key (id_rwd)  constraint \"loyalty\".pk_reward\r\n  );\r\n\r\nrevoke all on \"loyalty\".tr_rwd from \"public\" as \"loyalty\";\r\n\r\n\r\ngrant select on \"loyalty\".as_itm to \"public\" as \"loyalty\";\r\ngrant update on \"loyalty\".as_itm to \"public\" as \"loyalty\";\r\ngrant insert on \"loyalty\".as_itm to \"public\" as \"loyalty\";\r\ngrant delete on \"loyalty\".as_itm to \"public\" as \"loyalty\";\r\ngrant index on \"loyalty\".as_itm to \"public\" as \"loyalty\";\r\ngrant select on \"loyalty\".as_ln_prc to \"public\" as \"loyalty\";\r\ngrant update on \"loyalty\".as_ln_prc to \"public\" as \"loyalty\";\r\ngrant insert on \"loyalty\".as_ln_prc to \"public\" as \"loyalty\";\r\ngrant delete on \"loyalty\".as_ln_prc to \"public\" as \"loyalty\";\r\ngrant index on \"loyalty\".as_ln_prc to \"public\" as \"loyalty\";\r\ngrant select on \"loyalty\".ca_cld_prd to \"public\" as \"loyalty\";\r\ngrant update on \"loyalty\".ca_cld_prd to \"public\" as \"loyalty\";\r\ngrant insert on \"loyalty\".ca_cld_prd to \"public\" as \"loyalty\";\r\ngrant delete on \"loyalty\".ca_cld_prd to \"public\" as \"loyalty\";\r\ngrant index on \"loyalty\".ca_cld_prd to \"public\" as \"loyalty\";\r\ngrant select on \"loyalty\".co_cmpgn to \"public\" as \"loyalty\";\r\ngrant update on \"loyalty\".co_cmpgn to \"public\" as \"loyalty\";\r\ngrant insert on \"loyalty\".co_cmpgn to \"public\" as \"loyalty\";\r\ngrant delete on \"loyalty\".co_cmpgn to \"public\" as \"loyalty\";\r\ngrant index on \"loyalty\".co_cmpgn to \"public\" as \"loyalty\";\r\ngrant select on \"loyalty\".co_cmpgn_prm to \"public\" as \"loyalty\";\r\ngrant update on \"loyalty\".co_cmpgn_prm to \"public\" as \"loyalty\";\r\ngrant insert on \"loyalty\".co_cmpgn_prm to \"public\" as \"loyalty\";\r\ngrant delete on \"loyalty\".co_cmpgn_prm to \"public\" as \"loyalty\";\r\ngrant index on \"loyalty\".co_cmpgn_prm to \"public\" as \"loyalty\";\r\ngrant select on \"loyalty\".co_ct_acnt_rwd_tr_sts to \"public\" as \"loyalty\";\r\ngrant update on \"loyalty\".co_ct_acnt_rwd_tr_sts to \"public\" as \"loyalty\";\r\ngrant insert on \"loyalty\".co_ct_acnt_rwd_tr_sts to \"public\" as \"loyalty\";\r\ngrant delete on \"loyalty\".co_ct_acnt_rwd_tr_sts to \"public\" as \"loyalty\";\r\ngrant index on \"loyalty\".co_ct_acnt_rwd_tr_sts to \"public\" as \"loyalty\";\r\ngrant select on \"loyalty\".co_ct_acnt_vln_un_typ to \"public\" as \"loyalty\";\r\ngrant update on \"loyalty\".co_ct_acnt_vln_un_typ to \"public\" as \"loyalty\";\r\ngrant insert on \"loyalty\".co_ct_acnt_vln_un_typ to \"public\" as \"loyalty\";\r\ngrant delete on \"loyalty\".co_ct_acnt_vln_un_typ to \"public\" as \"loyalty\";\r\ngrant index on \"loyalty\".co_ct_acnt_vln_un_typ to \"public\" as \"loyalty\";\r\ngrant select on \"loyalty\".co_ct_lylt_prgm_prc_drvn_ru_el to \"public\" as \"loyalty\";\r\ngrant update on \"loyalty\".co_ct_lylt_prgm_prc_drvn_ru_el to \"public\" as \"loyalty\";\r\ngrant insert on \"loyalty\".co_ct_lylt_prgm_prc_drvn_ru_el to \"public\" as \"loyalty\";\r\ngrant delete on \"loyalty\".co_ct_lylt_prgm_prc_drvn_ru_el to \"public\" as \"loyalty\";\r\ngrant index on \"loyalty\".co_ct_lylt_prgm_prc_drvn_ru_el to \"public\" as \"loyalty\";\r\ngrant select on \"loyalty\".co_ct_mbrshp_ern_rwd_tier to \"public\" as \"loyalty\";\r\ngrant update on \"loyalty\".co_ct_mbrshp_ern_rwd_tier to \"public\" as \"loyalty\";\r\ngrant insert on \"loyalty\".co_ct_mbrshp_ern_rwd_tier to \"public\" as \"loyalty\";\r\ngrant delete on \"loyalty\".co_ct_mbrshp_ern_rwd_tier to \"public\" as \"loyalty\";\r\ngrant index on \"loyalty\".co_ct_mbrshp_ern_rwd_tier to \"public\" as \"loyalty\";\r\ngrant select on \"loyalty\".co_ct_mbrshp_prgm to \"public\" as \"loyalty\";\r\ngrant update on \"loyalty\".co_ct_mbrshp_prgm to \"public\" as \"loyalty\";\r\ngrant insert on \"loyalty\".co_ct_mbrshp_prgm to \"public\" as \"loyalty\";\r\ngrant delete on \"loyalty\".co_ct_mbrshp_prgm to \"public\" as \"loyalty\";\r\ngrant index on \"loyalty\".co_ct_mbrshp_prgm to \"public\" as \"loyalty\";\r\ngrant select on \"loyalty\".co_ct_mbrshp_prgm_lv to \"public\" as \"loyalty\";\r\ngrant update on \"loyalty\".co_ct_mbrshp_prgm_lv to \"public\" as \"loyalty\";\r\ngrant insert on \"loyalty\".co_ct_mbrshp_prgm_lv to \"public\" as \"loyalty\";\r\ngrant delete on \"loyalty\".co_ct_mbrshp_prgm_lv to \"public\" as \"loyalty\";\r\ngrant index on \"loyalty\".co_ct_mbrshp_prgm_lv to \"public\" as \"loyalty\";\r\ngrant select on \"loyalty\".co_ct_mbrshp_prgm_typ to \"public\" as \"loyalty\";\r\ngrant update on \"loyalty\".co_ct_mbrshp_prgm_typ to \"public\" as \"loyalty\";\r\ngrant insert on \"loyalty\".co_ct_mbrshp_prgm_typ to \"public\" as \"loyalty\";\r\ngrant delete on \"loyalty\".co_ct_mbrshp_prgm_typ to \"public\" as \"loyalty\";\r\ngrant index on \"loyalty\".co_ct_mbrshp_prgm_typ to \"public\" as \"loyalty\";\r\ngrant select on \"loyalty\".co_ct_rbt_acnt_prgm to \"public\" as \"loyalty\";\r\ngrant update on \"loyalty\".co_ct_rbt_acnt_prgm to \"public\" as \"loyalty\";\r\ngrant insert on \"loyalty\".co_ct_rbt_acnt_prgm to \"public\" as \"loyalty\";\r\ngrant delete on \"loyalty\".co_ct_rbt_acnt_prgm to \"public\" as \"loyalty\";\r\ngrant index on \"loyalty\".co_ct_rbt_acnt_prgm to \"public\" as \"loyalty\";\r\ngrant select on \"loyalty\".co_el_brn_prdv to \"public\" as \"loyalty\";\r\ngrant update on \"loyalty\".co_el_brn_prdv to \"public\" as \"loyalty\";\r\ngrant insert on \"loyalty\".co_el_brn_prdv to \"public\" as \"loyalty\";\r\ngrant delete on \"loyalty\".co_el_brn_prdv to \"public\" as \"loyalty\";\r\ngrant index on \"loyalty\".co_el_brn_prdv to \"public\" as \"loyalty\";\r\ngrant select on \"loyalty\".co_el_cld_prdv to \"public\" as \"loyalty\";\r\ngrant update on \"loyalty\".co_el_cld_prdv to \"public\" as \"loyalty\";\r\ngrant insert on \"loyalty\".co_el_cld_prdv to \"public\" as \"loyalty\";\r\ngrant delete on \"loyalty\".co_el_cld_prdv to \"public\" as \"loyalty\";\r\ngrant index on \"loyalty\".co_el_cld_prdv to \"public\" as \"loyalty\";\r\ngrant select on \"loyalty\".co_el_cmbn_prdv to \"public\" as \"loyalty\";\r\ngrant update on \"loyalty\".co_el_cmbn_prdv to \"public\" as \"loyalty\";\r\ngrant insert on \"loyalty\".co_el_cmbn_prdv to \"public\" as \"loyalty\";\r\ngrant delete on \"loyalty\".co_el_cmbn_prdv to \"public\" as \"loyalty\";\r\ngrant index on \"loyalty\".co_el_cmbn_prdv to \"public\" as \"loyalty\";\r\ngrant select on \"loyalty\".co_el_ct_prdv to \"public\" as \"loyalty\";\r\ngrant update on \"loyalty\".co_el_ct_prdv to \"public\" as \"loyalty\";\r\ngrant insert on \"loyalty\".co_el_ct_prdv to \"public\" as \"loyalty\";\r\ngrant delete on \"loyalty\".co_el_ct_prdv to \"public\" as \"loyalty\";\r\ngrant index on \"loyalty\".co_el_ct_prdv to \"public\" as \"loyalty\";\r\ngrant select on \"loyalty\".co_el_em_dsc_prdv to \"public\" as \"loyalty\";\r\ngrant update on \"loyalty\".co_el_em_dsc_prdv to \"public\" as \"loyalty\";\r\ngrant insert on \"loyalty\".co_el_em_dsc_prdv to \"public\" as \"loyalty\";\r\ngrant delete on \"loyalty\".co_el_em_dsc_prdv to \"public\" as \"loyalty\";\r\ngrant index on \"loyalty\".co_el_em_dsc_prdv to \"public\" as \"loyalty\";\r\ngrant select on \"loyalty\".co_el_mf_prdv to \"public\" as \"loyalty\";\r\ngrant update on \"loyalty\".co_el_mf_prdv to \"public\" as \"loyalty\";\r\ngrant insert on \"loyalty\".co_el_mf_prdv to \"public\" as \"loyalty\";\r\ngrant delete on \"loyalty\".co_el_mf_prdv to \"public\" as \"loyalty\";\r\ngrant index on \"loyalty\".co_el_mf_prdv to \"public\" as \"loyalty\";\r\ngrant select on \"loyalty\".co_el_mrbk_prdv to \"public\" as \"loyalty\";\r\ngrant update on \"loyalty\".co_el_mrbk_prdv to \"public\" as \"loyalty\";\r\ngrant insert on \"loyalty\".co_el_mrbk_prdv to \"public\" as \"loyalty\";\r\ngrant delete on \"loyalty\".co_el_mrbk_prdv to \"public\" as \"loyalty\";\r\ngrant index on \"loyalty\".co_el_mrbk_prdv to \"public\" as \"loyalty\";\r\ngrant select on \"loyalty\".co_el_mrhrc_prdv to \"public\" as \"loyalty\";\r\ngrant update on \"loyalty\".co_el_mrhrc_prdv to \"public\" as \"loyalty\";\r\ngrant insert on \"loyalty\".co_el_mrhrc_prdv to \"public\" as \"loyalty\";\r\ngrant delete on \"loyalty\".co_el_mrhrc_prdv to \"public\" as \"loyalty\";\r\ngrant index on \"loyalty\".co_el_mrhrc_prdv to \"public\" as \"loyalty\";\r\ngrant select on \"loyalty\".co_el_prc_ln_prdv to \"public\" as \"loyalty\";\r\ngrant update on \"loyalty\".co_el_prc_ln_prdv to \"public\" as \"loyalty\";\r\ngrant insert on \"loyalty\".co_el_prc_ln_prdv to \"public\" as \"loyalty\";\r\ngrant delete on \"loyalty\".co_el_prc_ln_prdv to \"public\" as \"loyalty\";\r\ngrant index on \"loyalty\".co_el_prc_ln_prdv to \"public\" as \"loyalty\";\r\ngrant select on \"loyalty\".co_el_prdv to \"public\" as \"loyalty\";\r\ngrant update on \"loyalty\".co_el_prdv to \"public\" as \"loyalty\";\r\ngrant insert on \"loyalty\".co_el_prdv to \"public\" as \"loyalty\";\r\ngrant delete on \"loyalty\".co_el_prdv to \"public\" as \"loyalty\";\r\ngrant index on \"loyalty\".co_el_prdv to \"public\" as \"loyalty\";\r\ngrant select on \"loyalty\".co_gp_em_dsc to \"public\" as \"loyalty\";\r\ngrant update on \"loyalty\".co_gp_em_dsc to \"public\" as \"loyalty\";\r\ngrant insert on \"loyalty\".co_gp_em_dsc to \"public\" as \"loyalty\";\r\ngrant delete on \"loyalty\".co_gp_em_dsc to \"public\" as \"loyalty\";\r\ngrant index on \"loyalty\".co_gp_em_dsc to \"public\" as \"loyalty\";\r\ngrant select on \"loyalty\".co_gp_pd_tm to \"public\" as \"loyalty\";\r\ngrant update on \"loyalty\".co_gp_pd_tm to \"public\" as \"loyalty\";\r\ngrant insert on \"loyalty\".co_gp_pd_tm to \"public\" as \"loyalty\";\r\ngrant delete on \"loyalty\".co_gp_pd_tm to \"public\" as \"loyalty\";\r\ngrant index on \"loyalty\".co_gp_pd_tm to \"public\" as \"loyalty\";\r\ngrant select on \"loyalty\".co_gp_tm to \"public\" as \"loyalty\";\r\ngrant update on \"loyalty\".co_gp_tm to \"public\" as \"loyalty\";\r\ngrant insert on \"loyalty\".co_gp_tm to \"public\" as \"loyalty\";\r\ngrant delete on \"loyalty\".co_gp_tm to \"public\" as \"loyalty\";\r\ngrant index on \"loyalty\".co_gp_tm to \"public\" as \"loyalty\";\r\ngrant select on \"loyalty\".co_ltm_asctn to \"public\" as \"loyalty\";\r\ngrant update on \"loyalty\".co_ltm_asctn to \"public\" as \"loyalty\";\r\ngrant insert on \"loyalty\".co_ltm_asctn to \"public\" as \"loyalty\";\r\ngrant delete on \"loyalty\".co_ltm_asctn to \"public\" as \"loyalty\";\r\ngrant index on \"loyalty\".co_ltm_asctn to \"public\" as \"loyalty\";\r\ngrant select on \"loyalty\".co_mdfr_rtl_prc to \"public\" as \"loyalty\";\r\ngrant update on \"loyalty\".co_mdfr_rtl_prc to \"public\" as \"loyalty\";\r\ngrant insert on \"loyalty\".co_mdfr_rtl_prc to \"public\" as \"loyalty\";\r\ngrant delete on \"loyalty\".co_mdfr_rtl_prc to \"public\" as \"loyalty\";\r\ngrant index on \"loyalty\".co_mdfr_rtl_prc to \"public\" as \"loyalty\";\r\ngrant select on \"loyalty\".co_mrhrc_gp to \"public\" as \"loyalty\";\r\ngrant update on \"loyalty\".co_mrhrc_gp to \"public\" as \"loyalty\";\r\ngrant insert on \"loyalty\".co_mrhrc_gp to \"public\" as \"loyalty\";\r\ngrant delete on \"loyalty\".co_mrhrc_gp to \"public\" as \"loyalty\";\r\ngrant index on \"loyalty\".co_mrhrc_gp to \"public\" as \"loyalty\";\r\ngrant select on \"loyalty\".co_pd_tm to \"public\" as \"loyalty\";\r\ngrant update on \"loyalty\".co_pd_tm to \"public\" as \"loyalty\";\r\ngrant insert on \"loyalty\".co_pd_tm to \"public\" as \"loyalty\";\r\ngrant delete on \"loyalty\".co_pd_tm to \"public\" as \"loyalty\";\r\ngrant index on \"loyalty\".co_pd_tm to \"public\" as \"loyalty\";\r\ngrant select on \"loyalty\".co_prm to \"public\" as \"loyalty\";\r\ngrant update on \"loyalty\".co_prm to \"public\" as \"loyalty\";\r\ngrant insert on \"loyalty\".co_prm to \"public\" as \"loyalty\";\r\ngrant delete on \"loyalty\".co_prm to \"public\" as \"loyalty\";\r\ngrant index on \"loyalty\".co_prm to \"public\" as \"loyalty\";\r\ngrant select on \"loyalty\".co_prm_typ_prm to \"public\" as \"loyalty\";\r\ngrant update on \"loyalty\".co_prm_typ_prm to \"public\" as \"loyalty\";\r\ngrant insert on \"loyalty\".co_prm_typ_prm to \"public\" as \"loyalty\";\r\ngrant delete on \"loyalty\".co_prm_typ_prm to \"public\" as \"loyalty\";\r\ngrant index on \"loyalty\".co_prm_typ_prm to \"public\" as \"loyalty\";\r\ngrant select on \"loyalty\".co_rtl_trn_ln_itm_gp_asgmt to \"public\" as \"loyalty\";\r\ngrant update on \"loyalty\".co_rtl_trn_ln_itm_gp_asgmt to \"public\" as \"loyalty\";\r\ngrant insert on \"loyalty\".co_rtl_trn_ln_itm_gp_asgmt to \"public\" as \"loyalty\";\r\ngrant delete on \"loyalty\".co_rtl_trn_ln_itm_gp_asgmt to \"public\" as \"loyalty\";\r\ngrant index on \"loyalty\".co_rtl_trn_ln_itm_gp_asgmt to \"public\" as \"loyalty\";\r\ngrant select on \"loyalty\".co_rwd_el_pry_typ to \"public\" as \"loyalty\";\r\ngrant update on \"loyalty\".co_rwd_el_pry_typ to \"public\" as \"loyalty\";\r\ngrant insert on \"loyalty\".co_rwd_el_pry_typ to \"public\" as \"loyalty\";\r\ngrant delete on \"loyalty\".co_rwd_el_pry_typ to \"public\" as \"loyalty\";\r\ngrant index on \"loyalty\".co_rwd_el_pry_typ to \"public\" as \"loyalty\";\r\ngrant select on \"loyalty\".co_rwd_gp to \"public\" as \"loyalty\";\r\ngrant update on \"loyalty\".co_rwd_gp to \"public\" as \"loyalty\";\r\ngrant insert on \"loyalty\".co_rwd_gp to \"public\" as \"loyalty\";\r\ngrant delete on \"loyalty\".co_rwd_gp to \"public\" as \"loyalty\";\r\ngrant index on \"loyalty\".co_rwd_gp to \"public\" as \"loyalty\";\r\ngrant select on \"loyalty\".co_typ_ltm_trn_rtl to \"public\" as \"loyalty\";\r\ngrant update on \"loyalty\".co_typ_ltm_trn_rtl to \"public\" as \"loyalty\";\r\ngrant insert on \"loyalty\".co_typ_ltm_trn_rtl to \"public\" as \"loyalty\";\r\ngrant delete on \"loyalty\".co_typ_ltm_trn_rtl to \"public\" as \"loyalty\";\r\ngrant index on \"loyalty\".co_typ_ltm_trn_rtl to \"public\" as \"loyalty\";\r\ngrant select on \"loyalty\".co_typ_prm to \"public\" as \"loyalty\";\r\ngrant update on \"loyalty\".co_typ_prm to \"public\" as \"loyalty\";\r\ngrant insert on \"loyalty\".co_typ_prm to \"public\" as \"loyalty\";\r\ngrant delete on \"loyalty\".co_typ_prm to \"public\" as \"loyalty\";\r\ngrant index on \"loyalty\".co_typ_prm to \"public\" as \"loyalty\";\r\ngrant select on \"loyalty\".id_brn to \"public\" as \"loyalty\";\r\ngrant update on \"loyalty\".id_brn to \"public\" as \"loyalty\";\r\ngrant insert on \"loyalty\".id_brn to \"public\" as \"loyalty\";\r\ngrant delete on \"loyalty\".id_brn to \"public\" as \"loyalty\";\r\ngrant index on \"loyalty\".id_brn to \"public\" as \"loyalty\";\r\ngrant select on \"loyalty\".le_ct_lylty_prgm to \"public\" as \"loyalty\";\r\ngrant update on \"loyalty\".le_ct_lylty_prgm to \"public\" as \"loyalty\";\r\ngrant insert on \"loyalty\".le_ct_lylty_prgm to \"public\" as \"loyalty\";\r\ngrant delete on \"loyalty\".le_ct_lylty_prgm to \"public\" as \"loyalty\";\r\ngrant index on \"loyalty\".le_ct_lylty_prgm to \"public\" as \"loyalty\";\r\ngrant select on \"loyalty\".le_ct_mbrshp_acnt to \"public\" as \"loyalty\";\r\ngrant update on \"loyalty\".le_ct_mbrshp_acnt to \"public\" as \"loyalty\";\r\ngrant insert on \"loyalty\".le_ct_mbrshp_acnt to \"public\" as \"loyalty\";\r\ngrant delete on \"loyalty\".le_ct_mbrshp_acnt to \"public\" as \"loyalty\";\r\ngrant index on \"loyalty\".le_ct_mbrshp_acnt to \"public\" as \"loyalty\";\r\ngrant select on \"loyalty\".le_ct_mbrshp_prgm_acnt to \"public\" as \"loyalty\";\r\ngrant update on \"loyalty\".le_ct_mbrshp_prgm_acnt to \"public\" as \"loyalty\";\r\ngrant insert on \"loyalty\".le_ct_mbrshp_prgm_acnt to \"public\" as \"loyalty\";\r\ngrant delete on \"loyalty\".le_ct_mbrshp_prgm_acnt to \"public\" as \"loyalty\";\r\ngrant index on \"loyalty\".le_ct_mbrshp_prgm_acnt to \"public\" as \"loyalty\";\r\ngrant select on \"loyalty\".le_ct_rbt_acnt to \"public\" as \"loyalty\";\r\ngrant update on \"loyalty\".le_ct_rbt_acnt to \"public\" as \"loyalty\";\r\ngrant insert on \"loyalty\".le_ct_rbt_acnt to \"public\" as \"loyalty\";\r\ngrant delete on \"loyalty\".le_ct_rbt_acnt to \"public\" as \"loyalty\";\r\ngrant index on \"loyalty\".le_ct_rbt_acnt to \"public\" as \"loyalty\";\r\ngrant select on \"loyalty\".le_ct_sbscrptn_prgm to \"public\" as \"loyalty\";\r\ngrant update on \"loyalty\".le_ct_sbscrptn_prgm to \"public\" as \"loyalty\";\r\ngrant insert on \"loyalty\".le_ct_sbscrptn_prgm to \"public\" as \"loyalty\";\r\ngrant delete on \"loyalty\".le_ct_sbscrptn_prgm to \"public\" as \"loyalty\";\r\ngrant index on \"loyalty\".le_ct_sbscrptn_prgm to \"public\" as \"loyalty\";\r\ngrant select on \"loyalty\".le_ctac to \"public\" as \"loyalty\";\r\ngrant update on \"loyalty\".le_ctac to \"public\" as \"loyalty\";\r\ngrant insert on \"loyalty\".le_ctac to \"public\" as \"loyalty\";\r\ngrant delete on \"loyalty\".le_ctac to \"public\" as \"loyalty\";\r\ngrant index on \"loyalty\".le_ctac to \"public\" as \"loyalty\";\r\ngrant select on \"loyalty\".le_hst_prm to \"public\" as \"loyalty\";\r\ngrant update on \"loyalty\".le_hst_prm to \"public\" as \"loyalty\";\r\ngrant insert on \"loyalty\".le_hst_prm to \"public\" as \"loyalty\";\r\ngrant delete on \"loyalty\".le_hst_prm to \"public\" as \"loyalty\";\r\ngrant index on \"loyalty\".le_hst_prm to \"public\" as \"loyalty\";\r\ngrant select on \"loyalty\".lu_prml_init_typ to \"public\" as \"loyalty\";\r\ngrant update on \"loyalty\".lu_prml_init_typ to \"public\" as \"loyalty\";\r\ngrant insert on \"loyalty\".lu_prml_init_typ to \"public\" as \"loyalty\";\r\ngrant delete on \"loyalty\".lu_prml_init_typ to \"public\" as \"loyalty\";\r\ngrant index on \"loyalty\".lu_prml_init_typ to \"public\" as \"loyalty\";\r\ngrant select on \"loyalty\".pa_gp_ct to \"public\" as \"loyalty\";\r\ngrant update on \"loyalty\".pa_gp_ct to \"public\" as \"loyalty\";\r\ngrant insert on \"loyalty\".pa_gp_ct to \"public\" as \"loyalty\";\r\ngrant delete on \"loyalty\".pa_gp_ct to \"public\" as \"loyalty\";\r\ngrant index on \"loyalty\".pa_gp_ct to \"public\" as \"loyalty\";\r\ngrant select on \"loyalty\".pa_mf to \"public\" as \"loyalty\";\r\ngrant update on \"loyalty\".pa_mf to \"public\" as \"loyalty\";\r\ngrant insert on \"loyalty\".pa_mf to \"public\" as \"loyalty\";\r\ngrant delete on \"loyalty\".pa_mf to \"public\" as \"loyalty\";\r\ngrant index on \"loyalty\".pa_mf to \"public\" as \"loyalty\";\r\ngrant select on \"loyalty\".pa_rbt_pcsr to \"public\" as \"loyalty\";\r\ngrant update on \"loyalty\".pa_rbt_pcsr to \"public\" as \"loyalty\";\r\ngrant insert on \"loyalty\".pa_rbt_pcsr to \"public\" as \"loyalty\";\r\ngrant delete on \"loyalty\".pa_rbt_pcsr to \"public\" as \"loyalty\";\r\ngrant index on \"loyalty\".pa_rbt_pcsr to \"public\" as \"loyalty\";\r\ngrant select on \"loyalty\".pa_rbt_spnsr to \"public\" as \"loyalty\";\r\ngrant update on \"loyalty\".pa_rbt_spnsr to \"public\" as \"loyalty\";\r\ngrant insert on \"loyalty\".pa_rbt_spnsr to \"public\" as \"loyalty\";\r\ngrant delete on \"loyalty\".pa_rbt_spnsr to \"public\" as \"loyalty\";\r\ngrant index on \"loyalty\".pa_rbt_spnsr to \"public\" as \"loyalty\";\r\ngrant select on \"loyalty\".rbt_prgm to \"public\" as \"loyalty\";\r\ngrant update on \"loyalty\".rbt_prgm to \"public\" as \"loyalty\";\r\ngrant insert on \"loyalty\".rbt_prgm to \"public\" as \"loyalty\";\r\ngrant delete on \"loyalty\".rbt_prgm to \"public\" as \"loyalty\";\r\ngrant index on \"loyalty\".rbt_prgm to \"public\" as \"loyalty\";\r\ngrant select on \"loyalty\".ru_chnl_prc_drvn_el to \"public\" as \"loyalty\";\r\ngrant update on \"loyalty\".ru_chnl_prc_drvn_el to \"public\" as \"loyalty\";\r\ngrant insert on \"loyalty\".ru_chnl_prc_drvn_el to \"public\" as \"loyalty\";\r\ngrant delete on \"loyalty\".ru_chnl_prc_drvn_el to \"public\" as \"loyalty\";\r\ngrant index on \"loyalty\".ru_chnl_prc_drvn_el to \"public\" as \"loyalty\";\r\ngrant select on \"loyalty\".ru_itm_sl_prc to \"public\" as \"loyalty\";\r\ngrant update on \"loyalty\".ru_itm_sl_prc to \"public\" as \"loyalty\";\r\ngrant insert on \"loyalty\".ru_itm_sl_prc to \"public\" as \"loyalty\";\r\ngrant delete on \"loyalty\".ru_itm_sl_prc to \"public\" as \"loyalty\";\r\ngrant index on \"loyalty\".ru_itm_sl_prc to \"public\" as \"loyalty\";\r\ngrant select on \"loyalty\".ru_rwd_drvn_ru to \"public\" as \"loyalty\";\r\ngrant update on \"loyalty\".ru_rwd_drvn_ru to \"public\" as \"loyalty\";\r\ngrant insert on \"loyalty\".ru_rwd_drvn_ru to \"public\" as \"loyalty\";\r\ngrant delete on \"loyalty\".ru_rwd_drvn_ru to \"public\" as \"loyalty\";\r\ngrant index on \"loyalty\".ru_rwd_drvn_ru to \"public\" as \"loyalty\";\r\ngrant select on \"loyalty\".ru_trg_mrbk to \"public\" as \"loyalty\";\r\ngrant update on \"loyalty\".ru_trg_mrbk to \"public\" as \"loyalty\";\r\ngrant insert on \"loyalty\".ru_trg_mrbk to \"public\" as \"loyalty\";\r\ngrant delete on \"loyalty\".ru_trg_mrbk to \"public\" as \"loyalty\";\r\ngrant index on \"loyalty\".ru_trg_mrbk to \"public\" as \"loyalty\";\r\ngrant select on \"loyalty\".st_asctn_el_prdv to \"public\" as \"loyalty\";\r\ngrant update on \"loyalty\".st_asctn_el_prdv to \"public\" as \"loyalty\";\r\ngrant insert on \"loyalty\".st_asctn_el_prdv to \"public\" as \"loyalty\";\r\ngrant delete on \"loyalty\".st_asctn_el_prdv to \"public\" as \"loyalty\";\r\ngrant index on \"loyalty\".st_asctn_el_prdv to \"public\" as \"loyalty\";\r\ngrant select on \"loyalty\".st_asctn_ltm_rtl to \"public\" as \"loyalty\";\r\ngrant update on \"loyalty\".st_asctn_ltm_rtl to \"public\" as \"loyalty\";\r\ngrant insert on \"loyalty\".st_asctn_ltm_rtl to \"public\" as \"loyalty\";\r\ngrant delete on \"loyalty\".st_asctn_ltm_rtl to \"public\" as \"loyalty\";\r\ngrant index on \"loyalty\".st_asctn_ltm_rtl to \"public\" as \"loyalty\";\r\ngrant select on \"loyalty\".tr_ct_rwd to \"public\" as \"loyalty\";\r\ngrant update on \"loyalty\".tr_ct_rwd to \"public\" as \"loyalty\";\r\ngrant insert on \"loyalty\".tr_ct_rwd to \"public\" as \"loyalty\";\r\ngrant delete on \"loyalty\".tr_ct_rwd to \"public\" as \"loyalty\";\r\ngrant index on \"loyalty\".tr_ct_rwd to \"public\" as \"loyalty\";\r\ngrant select on \"loyalty\".tr_ct_rwd_ln_itm to \"public\" as \"loyalty\";\r\ngrant update on \"loyalty\".tr_ct_rwd_ln_itm to \"public\" as \"loyalty\";\r\ngrant insert on \"loyalty\".tr_ct_rwd_ln_itm to \"public\" as \"loyalty\";\r\ngrant delete on \"loyalty\".tr_ct_rwd_ln_itm to \"public\" as \"loyalty\";\r\ngrant index on \"loyalty\".tr_ct_rwd_ln_itm to \"public\" as \"loyalty\";\r\ngrant select on \"loyalty\".tr_ct_rwd_rbt_ln_itm to \"public\" as \"loyalty\";\r\ngrant update on \"loyalty\".tr_ct_rwd_rbt_ln_itm to \"public\" as \"loyalty\";\r\ngrant insert on \"loyalty\".tr_ct_rwd_rbt_ln_itm to \"public\" as \"loyalty\";\r\ngrant delete on \"loyalty\".tr_ct_rwd_rbt_ln_itm to \"public\" as \"loyalty\";\r\ngrant index on \"loyalty\".tr_ct_rwd_rbt_ln_itm to \"public\" as \"loyalty\";\r\ngrant select on \"loyalty\".tr_ltm_em_dsc to \"public\" as \"loyalty\";\r\ngrant update on \"loyalty\".tr_ltm_em_dsc to \"public\" as \"loyalty\";\r\ngrant insert on \"loyalty\".tr_ltm_em_dsc to \"public\" as \"loyalty\";\r\ngrant delete on \"loyalty\".tr_ltm_em_dsc to \"public\" as \"loyalty\";\r\ngrant index on \"loyalty\".tr_ltm_em_dsc to \"public\" as \"loyalty\";\r\ngrant select on \"loyalty\".tr_ltm_mdf to \"public\" as \"loyalty\";\r\ngrant update on \"loyalty\".tr_ltm_mdf to \"public\" as \"loyalty\";\r\ngrant insert on \"loyalty\".tr_ltm_mdf to \"public\" as \"loyalty\";\r\ngrant delete on \"loyalty\".tr_ltm_mdf to \"public\" as \"loyalty\";\r\ngrant index on \"loyalty\".tr_ltm_mdf to \"public\" as \"loyalty\";\r\ngrant select on \"loyalty\".tr_ltm_rtl_trn to \"public\" as \"loyalty\";\r\ngrant update on \"loyalty\".tr_ltm_rtl_trn to \"public\" as \"loyalty\";\r\ngrant insert on \"loyalty\".tr_ltm_rtl_trn to \"public\" as \"loyalty\";\r\ngrant delete on \"loyalty\".tr_ltm_rtl_trn to \"public\" as \"loyalty\";\r\ngrant index on \"loyalty\".tr_ltm_rtl_trn to \"public\" as \"loyalty\";\r\ngrant select on \"loyalty\".tr_ltm_sls_rtn to \"public\" as \"loyalty\";\r\ngrant update on \"loyalty\".tr_ltm_sls_rtn to \"public\" as \"loyalty\";\r\ngrant insert on \"loyalty\".tr_ltm_sls_rtn to \"public\" as \"loyalty\";\r\ngrant delete on \"loyalty\".tr_ltm_sls_rtn to \"public\" as \"loyalty\";\r\ngrant index on \"loyalty\".tr_ltm_sls_rtn to \"public\" as \"loyalty\";\r\ngrant select on \"loyalty\".tr_mdf to \"public\" as \"loyalty\";\r\ngrant update on \"loyalty\".tr_mdf to \"public\" as \"loyalty\";\r\ngrant insert on \"loyalty\".tr_mdf to \"public\" as \"loyalty\";\r\ngrant delete on \"loyalty\".tr_mdf to \"public\" as \"loyalty\";\r\ngrant index on \"loyalty\".tr_mdf to \"public\" as \"loyalty\";\r\ngrant select on \"loyalty\".tr_rtl to \"public\" as \"loyalty\";\r\ngrant update on \"loyalty\".tr_rtl to \"public\" as \"loyalty\";\r\ngrant insert on \"loyalty\".tr_rtl to \"public\" as \"loyalty\";\r\ngrant delete on \"loyalty\".tr_rtl to \"public\" as \"loyalty\";\r\ngrant index on \"loyalty\".tr_rtl to \"public\" as \"loyalty\";\r\ngrant select on \"loyalty\".tr_rtl_ltmgp to \"public\" as \"loyalty\";\r\ngrant update on \"loyalty\".tr_rtl_ltmgp to \"public\" as \"loyalty\";\r\ngrant insert on \"loyalty\".tr_rtl_ltmgp to \"public\" as \"loyalty\";\r\ngrant delete on \"loyalty\".tr_rtl_ltmgp to \"public\" as \"loyalty\";\r\ngrant index on \"loyalty\".tr_rtl_ltmgp to \"public\" as \"loyalty\";\r\ngrant select on \"loyalty\".tr_rtl_ltmgp_typ to \"public\" as \"loyalty\";\r\ngrant update on \"loyalty\".tr_rtl_ltmgp_typ to \"public\" as \"loyalty\";\r\ngrant insert on \"loyalty\".tr_rtl_ltmgp_typ to \"public\" as \"loyalty\";\r\ngrant delete on \"loyalty\".tr_rtl_ltmgp_typ to \"public\" as \"loyalty\";\r\ngrant index on \"loyalty\".tr_rtl_ltmgp_typ to \"public\" as \"loyalty\";\r\ngrant select on \"loyalty\".tr_tot_rtl_ltmgp to \"public\" as \"loyalty\";\r\ngrant update on \"loyalty\".tr_tot_rtl_ltmgp to \"public\" as \"loyalty\";\r\ngrant insert on \"loyalty\".tr_tot_rtl_ltmgp to \"public\" as \"loyalty\";\r\ngrant delete on \"loyalty\".tr_tot_rtl_ltmgp to \"public\" as \"loyalty\";\r\ngrant index on \"loyalty\".tr_tot_rtl_ltmgp to \"public\" as \"loyalty\";\r\ngrant select on \"loyalty\".co_el_itm_prdv to \"public\" as \"loyalty\";\r\ngrant update on \"loyalty\".co_el_itm_prdv to \"public\" as \"loyalty\";\r\ngrant insert on \"loyalty\".co_el_itm_prdv to \"public\" as \"loyalty\";\r\ngrant delete on \"loyalty\".co_el_itm_prdv to \"public\" as \"loyalty\";\r\ngrant index on \"loyalty\".co_el_itm_prdv to \"public\" as \"loyalty\";\r\ngrant select on \"loyalty\".co_ct_acnt_typ to \"public\" as \"loyalty\";\r\ngrant update on \"loyalty\".co_ct_acnt_typ to \"public\" as \"loyalty\";\r\ngrant insert on \"loyalty\".co_ct_acnt_typ to \"public\" as \"loyalty\";\r\ngrant delete on \"loyalty\".co_ct_acnt_typ to \"public\" as \"loyalty\";\r\ngrant index on \"loyalty\".co_ct_acnt_typ to \"public\" as \"loyalty\";\r\ngrant select on \"loyalty\".co_el_fuel_prdv to \"public\" as \"loyalty\";\r\ngrant update on \"loyalty\".co_el_fuel_prdv to \"public\" as \"loyalty\";\r\ngrant insert on \"loyalty\".co_el_fuel_prdv to \"public\" as \"loyalty\";\r\ngrant delete on \"loyalty\".co_el_fuel_prdv to \"public\" as \"loyalty\";\r\ngrant index on \"loyalty\".co_el_fuel_prdv to \"public\" as \"loyalty\";\r\ngrant select on \"loyalty\".customer_reward_balance to \"public\" as \"loyalty\";\r\ngrant update on \"loyalty\".customer_reward_balance to \"public\" as \"loyalty\";\r\ngrant insert on \"loyalty\".customer_reward_balance to \"public\" as \"loyalty\";\r\ngrant delete on \"loyalty\".customer_reward_balance to \"public\" as \"loyalty\";\r\ngrant index on \"loyalty\".customer_reward_balance to \"public\" as \"loyalty\";\r\ngrant select on \"loyalty\".customer_account_card to \"public\" as \"loyalty\";\r\ngrant update on \"loyalty\".customer_account_card to \"public\" as \"loyalty\";\r\ngrant insert on \"loyalty\".customer_account_card to \"public\" as \"loyalty\";\r\ngrant delete on \"loyalty\".customer_account_card to \"public\" as \"loyalty\";\r\ngrant index on \"loyalty\".customer_account_card to \"public\" as \"loyalty\";\r\ngrant select on \"loyalty\".promotion_business_unit to \"public\" as \"loyalty\";\r\ngrant update on \"loyalty\".promotion_business_unit to \"public\" as \"loyalty\";\r\ngrant insert on \"loyalty\".promotion_business_unit to \"public\" as \"loyalty\";\r\ngrant delete on \"loyalty\".promotion_business_unit to \"public\" as \"loyalty\";\r\ngrant index on \"loyalty\".promotion_business_unit to \"public\" as \"loyalty\";\r\ngrant select on \"loyalty\".promotion_offer_customer_message to \"public\" as \"loyalty\";\r\ngrant update on \"loyalty\".promotion_offer_customer_message to \"public\" as \"loyalty\";\r\ngrant insert on \"loyalty\".promotion_offer_customer_message to \"public\" as \"loyalty\";\r\ngrant delete on \"loyalty\".promotion_offer_customer_message to \"public\" as \"loyalty\";\r\ngrant index on \"loyalty\".promotion_offer_customer_message to \"public\" as \"loyalty\";\r\ngrant select on \"loyalty\".migration_versions to \"public\" as \"loyalty\";\r\ngrant update on \"loyalty\".migration_versions to \"public\" as \"loyalty\";\r\ngrant insert on \"loyalty\".migration_versions to \"public\" as \"loyalty\";\r\ngrant delete on \"loyalty\".migration_versions to \"public\" as \"loyalty\";\r\ngrant index on \"loyalty\".migration_versions to \"public\" as \"loyalty\";\r\ngrant select on \"loyalty\".tr_rwd to \"public\" as \"loyalty\";\r\ngrant update on \"loyalty\".tr_rwd to \"public\" as \"loyalty\";\r\ngrant insert on \"loyalty\".tr_rwd to \"public\" as \"loyalty\";\r\ngrant delete on \"loyalty\".tr_rwd to \"public\" as \"loyalty\";\r\ngrant index on \"loyalty\".tr_rwd to \"public\" as \"loyalty\";\r\n\r\n\r\nrevoke usage on language SPL from public ;\r\n\r\ngrant usage on language SPL to public ;\r\n\r\n\r\n\r\n\r\nalter table \"loyalty\".as_itm add constraint (foreign key (id_itm_sl_prc)\r\n    references \"loyalty\".ru_itm_sl_prc  constraint \"loyalty\".fk_as_itm__ru_itm_sl_prc);\r\n\r\nalter table \"loyalty\".as_itm add constraint (foreign key (id_ln_prc,\r\n    id_mrhrc_gp) references \"loyalty\".as_ln_prc  constraint \"loyalty\"\r\n    .fk_as_itm__as_ln_prc);\r\nalter table \"loyalty\".as_itm add constraint (foreign key (nm_brn)\r\n    references \"loyalty\".id_brn  constraint \"loyalty\".fk_as_itm__id_brn);\r\n\r\nalter table \"loyalty\".as_itm add constraint (foreign key (id_mrhrc_gp)\r\n    references \"loyalty\".co_mrhrc_gp  constraint \"loyalty\".fk_as_itm__co_mrhrc_gp);\r\n\r\nalter table \"loyalty\".as_ln_prc add constraint (foreign key (id_mrhrc_gp)\r\n    references \"loyalty\".co_mrhrc_gp  constraint \"loyalty\".fk_as_ln_prc__co_mrhrc_gp);\r\n\r\nalter table \"loyalty\".co_cmpgn_prm add constraint (foreign key\r\n    (id_cmpgn) references \"loyalty\".co_cmpgn  constraint \"loyalty\"\r\n    .fk_co_cmpgn_prm__co_cmpgn);\r\nalter table \"loyalty\".co_ct_acnt_rwd_tr_sts add constraint (foreign\r\n    key (cd_ct_rwd_prgm_tier,id_ct_mbrshp_prgm,ic_lv_nmb) references\r\n    \"loyalty\".co_ct_mbrshp_ern_rwd_tier  constraint \"loyalty\".fk_co_ct_acnt_rwd_tr_sts__co_ct_mbrshp_ern_rwd_tier);\r\n\r\nalter table \"loyalty\".co_ct_acnt_rwd_tr_sts add constraint (foreign\r\n    key (id_ct_mbr_prgm_acnt) references \"loyalty\".le_ct_mbrshp_prgm_acnt\r\n     constraint \"loyalty\".fk_co_ct_acnt_rwd_tr_sts__le_ct_mbrshp_prgm_acnt);\r\n\r\nalter table \"loyalty\".co_ct_lylt_prgm_prc_drvn_ru_el add constraint\r\n    (foreign key (cd_ct_rwd_prgm_tr,id_ct_mbrshp_prgm,ic_lv_nmb)\r\n    references \"loyalty\".co_ct_mbrshp_ern_rwd_tier  constraint\r\n    \"loyalty\".fk_co_ct_lylt_prgm_prc_drvn_ru_el__co_ct_mbrshp_ern_rwd_tier);\r\n\r\nalter table \"loyalty\".co_ct_lylt_prgm_prc_drvn_ru_el add constraint\r\n    (foreign key (id_el_prdv) references \"loyalty\".co_el_prdv\r\n     constraint \"loyalty\".fk_co_ct_lylt_prgm_prc_drvn_ru_el__id_el_prdv);\r\n\r\nalter table \"loyalty\".co_ct_mbrshp_ern_rwd_tier add constraint\r\n    (foreign key (id_ct_mbrshp_prgm,ic_lv_nmb) references \"loyalty\"\r\n    .co_ct_mbrshp_prgm_lv  constraint \"loyalty\".fk_co_ct_mbrshp_ern_rwd_tier__co_ct_mbrshp_prgm_lv);\r\n\r\nalter table \"loyalty\".co_ct_mbrshp_prgm add constraint (foreign\r\n    key (cd_prgm_typ) references \"loyalty\".co_ct_mbrshp_prgm_typ\r\n     constraint \"loyalty\".fk_co_ct_mbrshp_prgm_co_ct_mbrshp_prgm);\r\n\r\nalter table \"loyalty\".co_ct_mbrshp_prgm_lv add constraint (foreign\r\n    key (id_ct_mbrshp_prgm) references \"loyalty\".co_ct_mbrshp_prgm\r\n     constraint \"loyalty\".fk_co_ct_mbrshp_prgm_lv__co_ct_mbrshp_prgm);\r\n\r\nalter table \"loyalty\".co_ct_rbt_acnt_prgm add constraint (foreign\r\n    key (id_rbt_prgm) references \"loyalty\".rbt_prgm  constraint\r\n    \"loyalty\".fk_co_ct_rbt_acnt_prgm_rbt_prgm);\r\nalter table \"loyalty\".co_ct_rbt_acnt_prgm add constraint (foreign\r\n    key (id_ctac) references \"loyalty\".le_ct_rbt_acnt  constraint\r\n    \"loyalty\".fk_co_ct_rbt_acnt_prgm__le_ct_rbt_acnt);\r\nalter table \"loyalty\".co_el_brn_prdv add constraint (foreign\r\n    key (nm_brn) references \"loyalty\".id_brn  constraint \"loyalty\"\r\n    .fk_co_el_brn_prdv__id_brn);\r\nalter table \"loyalty\".co_el_brn_prdv add constraint (foreign\r\n    key (id_el_prdv) references \"loyalty\".co_el_prdv  constraint\r\n    \"loyalty\".fk_co_el_brn_prdv__co_el_prdv);\r\nalter table \"loyalty\".co_el_cld_prdv add constraint (foreign\r\n    key (id_cld,id_cld_lv,id_cld_prd) references \"loyalty\".ca_cld_prd\r\n     constraint \"loyalty\".fk_co_el_cld_prdv__ca_cld_prd);\r\nalter table \"loyalty\".co_el_cld_prdv add constraint (foreign\r\n    key (id_el_prdv) references \"loyalty\".co_el_prdv  constraint\r\n    \"loyalty\".fk_co_el_cld_prdv__co_el_prdv);\r\nalter table \"loyalty\".co_el_cmbn_prdv add constraint (foreign\r\n    key (id_el_prdv) references \"loyalty\".co_el_prdv  constraint\r\n    \"loyalty\".fk_co_el_cmbn_prdv__co_el_prdv);\r\nalter table \"loyalty\".co_el_ct_prdv add constraint (foreign key\r\n    (id_gp_id) references \"loyalty\".pa_gp_ct  constraint \"loyalty\"\r\n    .fk_co_el_ct_prdv__pa_gp_ct);\r\nalter table \"loyalty\".co_el_ct_prdv add constraint (foreign key\r\n    (id_el_prdv) references \"loyalty\".co_el_prdv  constraint \"loyalty\"\r\n    .fk_co_el_ct_prdv__co_el_prdv);\r\nalter table \"loyalty\".co_el_em_dsc_prdv add constraint (foreign\r\n    key (id_gp_em_dsc) references \"loyalty\".co_gp_em_dsc  constraint\r\n    \"loyalty\".fk_co_el_em_dsc_prdv__co_gp_em_dsc);\r\nalter table \"loyalty\".co_el_em_dsc_prdv add constraint (foreign\r\n    key (id_el_prdv) references \"loyalty\".co_el_prdv  constraint\r\n    \"loyalty\".fk_co_el_em_dsc_prdv__co_el_prdv);\r\nalter table \"loyalty\".co_el_mf_prdv add constraint (foreign key\r\n    (id_mf) references \"loyalty\".pa_mf  constraint \"loyalty\".fk_co_el_mf_prdv__pa_mf);\r\n\r\nalter table \"loyalty\".co_el_mf_prdv add constraint (foreign key\r\n    (id_el_prdv) references \"loyalty\".co_el_prdv  constraint \"loyalty\"\r\n    .fk_co_el_mf_prdv__co_el_prdv);\r\nalter table \"loyalty\".co_el_mrbk_prdv add constraint (foreign\r\n    key (id_trg_mrbk) references \"loyalty\".ru_trg_mrbk  constraint\r\n    \"loyalty\".fk_co_el_mrbk_prdv__ru_trg_mrbk);\r\nalter table \"loyalty\".co_el_mrbk_prdv add constraint (foreign\r\n    key (id_el_prdv) references \"loyalty\".co_el_prdv  constraint\r\n    \"loyalty\".fk_co_el_mrbk_prdv__co_el_prdv);\r\nalter table \"loyalty\".co_el_mrhrc_prdv add constraint (foreign\r\n    key (id_mrhrc_gp) references \"loyalty\".co_mrhrc_gp  constraint\r\n    \"loyalty\".fk_co_el_mrhrc_prdv__co_mrhrc_gp);\r\nalter table \"loyalty\".co_el_mrhrc_prdv add constraint (foreign\r\n    key (id_el_prdv) references \"loyalty\".co_el_prdv  constraint\r\n    \"loyalty\".fk_co_el_mrhrc_prdv__co_el_prdv);\r\nalter table \"loyalty\".co_el_prc_ln_prdv add constraint (foreign\r\n    key (id_ln_prc,id_mrhrc_gp) references \"loyalty\".as_ln_prc\r\n     constraint \"loyalty\".fk_co_el_prc_ln_prdv__as_ln_prc);\r\nalter table \"loyalty\".co_el_prc_ln_prdv add constraint (foreign\r\n    key (id_el_prdv) references \"loyalty\".co_el_prdv  constraint\r\n    \"loyalty\".fk_co_el_prc_ln_prdv__co_el_prdv);\r\nalter table \"loyalty\".co_el_prdv add constraint (foreign key\r\n    (id_rwd) references \"loyalty\".tr_rwd  constraint \"loyalty\".fk_co_el_prdv__tr_rwd);\r\n\r\nalter table \"loyalty\".co_gp_pd_tm add constraint (foreign key\r\n    (id_pd_tm) references \"loyalty\".co_pd_tm  constraint \"loyalty\"\r\n    .fk_co_gp_pd_tm__co_pd_tm);\r\nalter table \"loyalty\".co_gp_pd_tm add constraint (foreign key\r\n    (id_gp_tm) references \"loyalty\".co_gp_tm  constraint \"loyalty\"\r\n    .fk_co_gp_pd_tm__co_gp_tm);\r\nalter table \"loyalty\".co_mdfr_rtl_prc add constraint (foreign\r\n    key (ty_mdf) references \"loyalty\".tr_mdf  constraint \"loyalty\"\r\n    .fk_co_mdfr_rtl_prc__tr_mdf);\r\nalter table \"loyalty\".co_mdfr_rtl_prc add constraint (foreign\r\n    key (id_rwd,ai_rwd_drvn_sqn_nmb) references \"loyalty\".ru_rwd_drvn_ru\r\n     constraint \"loyalty\".fk_co_mdfr_rtl_prc__ru_rwd_drvn_ru);\r\n\r\nalter table \"loyalty\".co_mdfr_rtl_prc add constraint (foreign\r\n    key (id_trn,ic_ln_itm) references \"loyalty\".tr_ltm_sls_rtn\r\n     constraint \"loyalty\".fk_co_mdfr_rtl_prc__tr_ltm_sls_rtn);\r\n\r\nalter table \"loyalty\".co_mdfr_rtl_prc add constraint (foreign\r\n    key (id_trn_prrt,ic_ln_itm_prrt) references \"loyalty\".tr_ltm_mdf\r\n     constraint \"loyalty\".fk_co_mdfr_rtl_prc__tr_ltm_mdf);\r\nalter table \"loyalty\".co_prm add constraint (foreign key (cd_ct_rwd_prgm_tr,\r\n    id_ct_mbrshp_prgm,ic_lv_nmb) references \"loyalty\".co_ct_mbrshp_ern_rwd_tier\r\n     constraint \"loyalty\".fk_co_prm__co_ct_mbrshp_ern_rwd_tier);\r\n\r\nalter table \"loyalty\".co_prm_typ_prm add constraint (foreign\r\n    key (cd_prm_ofr_typ) references \"loyalty\".co_typ_prm  constraint\r\n    \"loyalty\".fk_co_prm_typ_prm__co_typ_prm);\r\nalter table \"loyalty\".co_prm_typ_prm add constraint (foreign\r\n    key (id_prm_ofr,id_prml_initv) references \"loyalty\".co_prm\r\n     constraint \"loyalty\".fk_co_prm_typ_prm__co_prm);\r\nalter table \"loyalty\".co_rtl_trn_ln_itm_gp_asgmt add constraint\r\n    (foreign key (id_trn,id_trn_ltmgp) references \"loyalty\".tr_rtl_ltmgp\r\n     constraint \"loyalty\".fk_co_rtl_trn_ln_itm_gp_asgmt__tr_rtl_ltmgp);\r\n\r\nalter table \"loyalty\".co_rtl_trn_ln_itm_gp_asgmt add constraint\r\n    (foreign key (id_trn,ic_ln_itm) references \"loyalty\".tr_ltm_rtl_trn\r\n     constraint \"loyalty\".fk_co_rtl_trn_ln_itm_gp_asgmt__tr_ltm_rtl_trn);\r\n\r\nalter table \"loyalty\".le_ct_lylty_prgm add constraint (foreign\r\n    key (id_ct_mbrshp_prgm) references \"loyalty\".co_ct_mbrshp_prgm\r\n     constraint \"loyalty\".fk_le_ct_lylty_prgm__co_ct_mbrshp_prgm);\r\n\r\nalter table \"loyalty\".le_ct_mbrshp_acnt add constraint (foreign\r\n    key (id_ctac) references \"loyalty\".le_ctac  constraint \"loyalty\"\r\n    .fk_le_ct_mbrshp_acnt__le_ctac);\r\nalter table \"loyalty\".le_ct_mbrshp_prgm_acnt add constraint (foreign\r\n    key (id_ct_mbrshp_prgm,ic_lv_nmb) references \"loyalty\".co_ct_mbrshp_prgm_lv\r\n     constraint \"loyalty\".fk_le_ct_mbrshp_prgm_acnt__co_ct_mbrshp_prgm_lv);\r\n\r\nalter table \"loyalty\".le_ct_mbrshp_prgm_acnt add constraint (foreign\r\n    key (id_ctac) references \"loyalty\".le_ct_mbrshp_acnt  constraint\r\n    \"loyalty\".fk_le_ct_mbrshp_prgm_acnt__le_ct_mbrshp_acnt);\r\nalter table \"loyalty\".le_ct_rbt_acnt add constraint (foreign\r\n    key (id_ctac) references \"loyalty\".le_ctac  constraint \"loyalty\"\r\n    .fk_le_ct_rbt_acnt__le_ctac);\r\nalter table \"loyalty\".le_ct_sbscrptn_prgm add constraint (foreign\r\n    key (id_ct_mbrshp_prgm) references \"loyalty\".co_ct_mbrshp_prgm\r\n     constraint \"loyalty\".fk_le_ct_sbscrptn_prgm__co_ct_mbrshp_prgm);\r\n\r\nalter table \"loyalty\".le_ctac add constraint (foreign key (ty_ctac)\r\n    references \"loyalty\".co_ct_acnt_typ  constraint \"loyalty\".fk_le_ctc__co_ct_acnt_tp);\r\n\r\nalter table \"loyalty\".le_hst_prm add constraint (foreign key\r\n    (id_prm_ofr,id_prml_initv) references \"loyalty\".co_prm  constraint\r\n    \"loyalty\".fk_le_hst_prm__co_prm);\r\nalter table \"loyalty\".rbt_prgm add constraint (foreign key (id_spnsr_rbt)\r\n    references \"loyalty\".pa_rbt_spnsr  constraint \"loyalty\".fk_rbt_prgm__pa_rbt_spnsr);\r\n\r\nalter table \"loyalty\".rbt_prgm add constraint (foreign key (id_prty_rbt_pcsr)\r\n    references \"loyalty\".pa_rbt_pcsr  constraint \"loyalty\".fk_rbt_prgm__pa_rbt_pcsr_ptry);\r\n\r\nalter table \"loyalty\".rbt_prgm add constraint (foreign key (id_ct_mbrshp_prgm)\r\n    references \"loyalty\".co_ct_mbrshp_prgm  constraint \"loyalty\"\r\n    .fk_rbt_prgm__co_ct_mbrshp_prgm);\r\nalter table \"loyalty\".ru_chnl_prc_drvn_el add constraint (foreign\r\n    key (id_el_prdv) references \"loyalty\".co_el_prdv  constraint\r\n    \"loyalty\".fk_ru_chnl_prc_drvn_el__co_el_prdv);\r\nalter table \"loyalty\".ru_rwd_drvn_ru add constraint (foreign\r\n    key (id_el_prdv) references \"loyalty\".co_el_prdv  constraint\r\n    \"loyalty\".fk_ru_rwd_drvn_ru__co_el_prdv);\r\nalter table \"loyalty\".ru_rwd_drvn_ru add constraint (foreign\r\n    key (cd_ct_acnt_vln_un_typ) references \"loyalty\".co_ct_acnt_vln_un_typ\r\n     constraint \"loyalty\".fk_ru_rwd_drvn_ru__o_ct_acnt_vln_un_typ);\r\n\r\nalter table \"loyalty\".ru_rwd_drvn_ru add constraint (foreign\r\n    key (id_rwd) references \"loyalty\".tr_rwd  constraint \"loyalty\"\r\n    .fk_ru_rwd_drvn_ru__tr_rwd);\r\nalter table \"loyalty\".st_asctn_el_prdv add constraint (foreign\r\n    key (id_lft_rwd_drvn_ru) references \"loyalty\".co_el_prdv\r\n    constraint \"loyalty\".fk_st_asctn_el_prdv__co_el_prdv);\r\nalter table \"loyalty\".st_asctn_el_prdv add constraint (foreign\r\n    key (id_rt_rwd_drvn_ru) references \"loyalty\".co_el_prdv  constraint\r\n    \"loyalty\".fk_st_asctn_el_prdv__co_el_prdv2);\r\nalter table \"loyalty\".st_asctn_el_prdv add constraint (foreign\r\n    key (id_el_cmbn) references \"loyalty\".co_el_cmbn_prdv  constraint\r\n    \"loyalty\".fk_st_asctn_el_prdv__co_el_cmbn_prdv);\r\nalter table \"loyalty\".st_asctn_ltm_rtl add constraint (foreign\r\n    key (cd_typ_ltm_asctn) references \"loyalty\".co_ltm_asctn\r\n    constraint \"loyalty\".fk_st_asctn_ltm_rtl__co_ltm_asctn);\r\nalter table \"loyalty\".st_asctn_ltm_rtl add constraint (foreign\r\n    key (id_trn,ic_ltm) references \"loyalty\".tr_ltm_rtl_trn  constraint\r\n    \"loyalty\".fk_st_asctn_ltm_rtl__tr_ltm_rtl_trn);\r\nalter table \"loyalty\".st_asctn_ltm_rtl add constraint (foreign\r\n    key (id_trn_to,ic_ltm_to) references \"loyalty\".tr_ltm_rtl_trn\r\n     constraint \"loyalty\".fk_st_asctn_ltm_rtl__tr_ltm_rtl_trn2);\r\n\r\nalter table \"loyalty\".tr_ct_rwd add constraint (foreign key (id_ct_mbr_prgm_acnt)\r\n    references \"loyalty\".le_ct_mbrshp_prgm_acnt  constraint \"loyalty\"\r\n    .fk_tr_ct_rwd__le_ct_mbrshp_prgm_acnt);\r\nalter table \"loyalty\".tr_ct_rwd add constraint (foreign key (id_ct_rbt_acnt_prgm)\r\n    references \"loyalty\".co_ct_rbt_acnt_prgm  constraint \"loyalty\"\r\n    .fk_tr_ct_rwd__co_ct_rbt_acnt_prgm);\r\nalter table \"loyalty\".tr_ct_rwd add constraint (foreign key (id_rwd)\r\n    references \"loyalty\".tr_rwd  constraint \"loyalty\".fk_tr_ct_rwd__tr_rwd);\r\n\r\nalter table \"loyalty\".tr_ct_rwd_ln_itm add constraint (foreign\r\n    key (id_ct_mbr_prgm_acnt,cd_ct_rwd_prgm_tier,id_ct_mbrshp_prgm,\r\n    ic_lv_nmb,ai_sts_sqn_nmb) references \"loyalty\".co_ct_acnt_rwd_tr_sts\r\n     constraint \"loyalty\".fk_tr_ct_rwd_ln_itm__co_ct_acnt_rwd_tr_sts);\r\n\r\nalter table \"loyalty\".tr_ct_rwd_ln_itm add constraint (foreign\r\n    key (cd_ct_acnt_vln_un_typ) references \"loyalty\".co_ct_acnt_vln_un_typ\r\n     constraint \"loyalty\".fk_tr_ct_rwd_ln_itm__co_ct_acnt_vln_un_typ);\r\n\r\nalter table \"loyalty\".tr_ct_rwd_ln_itm add constraint (foreign\r\n    key (id_rwd,ai_rwd_drvn_sqn_nmb) references \"loyalty\".ru_rwd_drvn_ru\r\n     constraint \"loyalty\".fk_tr_ct_rwd_ln_itm__ru_rwd_drvn_ru);\r\n\r\nalter table \"loyalty\".tr_ct_rwd_ln_itm add constraint (foreign\r\n    key (id_rwd) references \"loyalty\".tr_rwd  constraint \"loyalty\"\r\n    .fk_tr_ct_rwd_ln_itm__tr_rwd);\r\nalter table \"loyalty\".tr_ct_rwd_ln_itm add constraint (foreign\r\n    key (id_trn,ic_ln_itm) references \"loyalty\".tr_ltm_rtl_trn\r\n     constraint \"loyalty\".fk_tr_ct_rwd_ln_itm__tr_ltm_rtl_trn);\r\n\r\nalter table \"loyalty\".tr_ct_rwd_rbt_ln_itm add constraint (foreign\r\n    key (id_ct_rbt_acnt_prgm) references \"loyalty\".co_ct_rbt_acnt_prgm\r\n     constraint \"loyalty\".fk_tr_ct_rwd_rbt_ln_itm__co_ct_rbt_acnt_prgm);\r\n\r\nalter table \"loyalty\".tr_ct_rwd_rbt_ln_itm add constraint (foreign\r\n    key (id_trn,ic_ln_itm) references \"loyalty\".tr_ct_rwd_ln_itm\r\n     constraint \"loyalty\".fk_tr_ct_rwd_rbt_ln_itm__tr_ct_rwd_ln_itm);\r\n\r\nalter table \"loyalty\".tr_ltm_em_dsc add constraint (foreign key\r\n    (id_trn,ic_ln_itm) references \"loyalty\".tr_ltm_mdf  constraint\r\n    \"loyalty\".fk_tr_ltm_em_dsc__tr_ltm_mdf);\r\nalter table \"loyalty\".tr_ltm_mdf add constraint (foreign key\r\n    (ty_mdf) references \"loyalty\".tr_mdf  constraint \"loyalty\".fk_tr_ltm_mdf__tr_mdf);\r\n\r\nalter table \"loyalty\".tr_ltm_mdf add constraint (foreign key\r\n    (id_rwd) references \"loyalty\".tr_rwd  constraint \"loyalty\".fk_tr_ltm_mdf__tr_rwd);\r\n\r\nalter table \"loyalty\".tr_ltm_mdf add constraint (foreign key\r\n    (id_trn,ic_ln_itm) references \"loyalty\".tr_ltm_rtl_trn  constraint\r\n    \"loyalty\".fk_tr_ltm_mdf__tr_ltm_rtl_trn);\r\nalter table \"loyalty\".tr_ltm_rtl_trn add constraint (foreign\r\n    key (cd_typ_ltm_trn_rtl) references \"loyalty\".co_typ_ltm_trn_rtl\r\n     constraint \"loyalty\".fk_tr_ltm_rtl_trn__co_typ_ltm_trn_rtl);\r\n\r\nalter table \"loyalty\".tr_ltm_rtl_trn add constraint (foreign\r\n    key (id_trn) references \"loyalty\".tr_rtl  constraint \"loyalty\"\r\n    .fk_tr_ltm_rtl_trn__tr_rtl);\r\nalter table \"loyalty\".tr_ltm_sls_rtn add constraint (foreign\r\n    key (id_itm) references \"loyalty\".as_itm  constraint \"loyalty\"\r\n    .fk_tr_ltm_sls_rtn__as_itm);\r\nalter table \"loyalty\".tr_ltm_sls_rtn add constraint (foreign\r\n    key (id_trn,ic_ln_itm) references \"loyalty\".tr_ltm_rtl_trn\r\n     constraint \"loyalty\".fk_tr_ltm_sls_rtn__tr_ltm_rtl_trn);\r\nalter table \"loyalty\".tr_rtl_ltmgp add constraint (foreign key\r\n    (ty_trn_tot) references \"loyalty\".tr_rtl_ltmgp_typ  constraint\r\n    \"loyalty\".fk_tr_rtl_ltmgp__tr_rtl_ltmgp_typ);\r\nalter table \"loyalty\".tr_rtl_ltmgp add constraint (foreign key\r\n    (id_trn) references \"loyalty\".tr_rtl  constraint \"loyalty\".fk_tr_rtl_ltmgp__tr_rtl);\r\n\r\nalter table \"loyalty\".tr_tot_rtl_ltmgp add constraint (foreign\r\n    key (id_trn,id_trn_ltmgp) references \"loyalty\".tr_rtl_ltmgp\r\n     constraint \"loyalty\".fk_tr_tot_rtl_ltmgp__tr_tot_rtl_ltmgp);\r\n\r\nalter table \"loyalty\".co_el_itm_prdv add constraint (foreign\r\n    key (id_el_prdv) references \"loyalty\".co_el_prdv  constraint\r\n    \"loyalty\".fk_co_el_itm_prdv__co_el_prdv);\r\nalter table \"loyalty\".customer_reward_balance add constraint\r\n    (foreign key (customer_membership_account_id) references\r\n    \"loyalty\".le_ct_mbrshp_acnt  constraint \"loyalty\".fk_csmrrwdb__le_ct_mbrshp_acnt);\r\n\r\nalter table \"loyalty\".customer_reward_balance add constraint\r\n    (foreign key (earn_reward_id) references \"loyalty\".tr_rwd\r\n     constraint \"loyalty\".fk_cstmrrwb_eb__tr_rwd);\r\nalter table \"loyalty\".customer_reward_balance add constraint\r\n    (foreign key (redeem_reward_id) references \"loyalty\".tr_rwd\r\n     constraint \"loyalty\".fk_cstmrrwb_rdm__tr_rwd);\r\nalter table \"loyalty\".customer_account_card add constraint (foreign\r\n    key (id_ctac) references \"loyalty\".le_ctac  constraint \"loyalty\"\r\n    .fk_cstmracccrd__le_ctac);\r\nalter table \"loyalty\".promotion_business_unit add constraint\r\n    (foreign key (id_prm_ofr,id_prml_initv) references \"loyalty\"\r\n    .co_prm  constraint \"loyalty\".fk_prm_bu__co_prm);\r\nalter table \"loyalty\".promotion_offer_customer_message add constraint\r\n    (foreign key (id_prm_ofr,id_prml_initv) references \"loyalty\"\r\n    .co_prm  constraint \"loyalty\".fk_prmtn_offr_cstmr_msg__co_prm);\r\n\r\nalter table \"loyalty\".promotion_offer_customer_message add constraint\r\n    (foreign key (reward_id) references \"loyalty\".tr_rwd  constraint\r\n    \"loyalty\".fk_prmtn_offr_cstmr_msg__tr_rwd);\r\nalter table \"loyalty\".tr_rwd add constraint (foreign key (id_prm_ofr,\r\n    id_prml_initv) references \"loyalty\".co_prm  constraint \"loyalty\"\r\n    .fk_tr_rwd__co_prm);\r\nalter table \"loyalty\".tr_rwd add constraint (foreign key (id_gp_tm)\r\n    references \"loyalty\".co_gp_tm  constraint \"loyalty\".fk_tr_rwd__co_gp_tm);\r\n\r\nalter table \"loyalty\".tr_rwd add constraint (foreign key (id_rwd_gp)\r\n    references \"loyalty\".co_rwd_gp  constraint \"loyalty\".fk_tr_rwd__co_rwd_gp);\r\n\r\nalter table \"loyalty\".tr_rwd add constraint (foreign key (earn_reward_id)\r\n    references \"loyalty\".tr_rwd  constraint \"loyalty\".fk_tr_rwd__earn_self);\r\n\r\nalter table \"loyalty\".tr_rwd add constraint (foreign key (redeem_reward_id)\r\n    references \"loyalty\".tr_rwd  constraint \"loyalty\".fk_tr_rwd__redeem_self);\r\n\r\ninsert into co_ct_acnt_typ (ty_ctac, de_ct_acnt_typ, fl_idn_ct_rq, ty_idn_ct) values ('loyalty', 'loyalty', null, null);\r\ninsert into co_ct_acnt_vln_un_typ (cd_ct_acnt_vln_un_typ, de_dscr, na_nrtv_txt) values ('money', 'money', 'money');\r\ninsert into co_ct_acnt_vln_un_typ (cd_ct_acnt_vln_un_typ, de_dscr, na_nrtv_txt) values ('quantity', 'quantity', 'quantity');\r\ninsert into co_rwd_el_pry_typ (cd_rwd_el_pry_ty, de_rwd_el_pry_ty) values ('item_id', 'item_id');\r\ninsert into co_rwd_el_pry_typ (cd_rwd_el_pry_ty, de_rwd_el_pry_ty) values ('fuel', 'fuel');\r\ninsert into co_ct_mbrshp_prgm_typ (cd_prgm_typ, de_prgm_typ) values ('loyalty', 'loyalty');\r\n\r\nexecute function sysadmin:task ('cdr define template',\r\n dbinfo(\"dbname\")||'_ua_template -C timestamp -S tran --master=g_cloud --database='||dbinfo(\"dbname\")||' -R -A -X --file=/home/informix/etc/loyalty/ua_tables.txt');\r\n\r\nexecute function sysadmin:task ('cdr define template',\r\n dbinfo(\"dbname\")||'_sr_template -C always -S tran --master=g_cloud --database='||dbinfo(\"dbname\")||' -R -A -X --file=/home/informix/etc/loyalty/sr_tables.txt');\r\n\r\nexecute function sysadmin:task ('cdr realize template', dbinfo(\"dbname\")||\"_ua_template \"||dbinfo(\"dbname\")||\"@g_cloud\");\r\nexecute function sysadmin:task ('cdr realize template', dbinfo(\"dbname\")||\"_sr_template \"||dbinfo(\"dbname\")||\"@g_cloud\");",
    "YaraRule": [
        "db_structure",
        "enable_org32",
        "core_keywords"
    ]
}