{
    "scrape_url": "https://scrape.pastebin.com/api_scrape_item.php?i=TzrJJswz",
    "full_url": "https://pastebin.com/TzrJJswz",
    "date": "1594884502",
    "key": "TzrJJswz",
    "size": 11240,
    "expire": "0",
    "title": "",
    "syntax": "html4strict",
    "user": "",
    "filename": "TzrJJswz",
    "pasteid": "TzrJJswz",
    "pastesite": "pastebin.com",
    "@timestamp": "2020-07-16T07:28:22",
    "MD5": "28aae0c35822bddba1ca7e0788af6a61",
    "SHA256": "00694d5d411cfb4dfadf8461e518b9b4932b78c57e2bbc644d539ad5b8a0e2aa",
    "raw_paste": "<!DOCTYPE HTML PUBLIC \"-//W3C//DTD HTML 4.0 Transitional//EN\">\r\n<html>\r\n<head>\r\n\t<title></title>\r\n\t<meta name=\"viewport\" content=\"width=device-width\"><meta charset=\"utf-8\">\r\n\t<base target=\"_blank\" />\r\n</head>\r\n<body bgcolor=\"#f2f1f2\" style=\"background-color: #f2f1f2\">\r\n<table bgcolor=\"#f2f1f2\" border=\"0\" cellpadding=\"0\" cellspacing=\"0\" style=\"margin:0; padding:0; width: 100%; height: 100%; border-collapse: collapse;\" width=\"100%\">\r\n\t<tbody>\r\n\t\t<tr>\r\n\t\t\t<td height=\"100%\" valign=\"top\">\r\n\t\t\t<center>\r\n\t\t\t<table align=\"center\" bgcolor=\"#ffffff\" border=\"0\" cellpadding=\"0\" cellspacing=\"0\" style=\"width: 600px; border-collapse: collapse;\">\r\n\t\t\t\t<tbody>\r\n\t\t\t\t\t<tr>\r\n\t\t\t\t\t\t<td style=\"text-align: left; padding-top: 10px; padding-bottom: 20px; padding-left: 15px; font-family: arial, sans-serif; font-size: 14px; line-height: 18px; color: #000000;\" width=\"50%\">\u0418\u043d\u0444\u043e\u0440\u043c\u0430\u0446\u0438\u043e\u043d\u043d\u0430\u044f \u0440\u0430\u0441\u0441\u044b\u043b\u043a\u0430<br />\r\n\t\t\t\t\t\t<a href=\"[WebVersion]\" style=\"color: #000000;\">\u041e\u0442\u043a\u0440\u044b\u0442\u044c \u0432 \u0431\u0440\u0430\u0443\u0437\u0435\u0440\u0435</a></td>\r\n\t\t\t\t\t\t<td style=\"text-align: right; padding-top: 10px; padding-bottom: 20px; padding-right: 15px; font-family: arial, sans-serif; font-size: 14px; line-height: 18px; color: #000000;\" width=\"50%\"><a href=\"tel:+74956460054\" style=\"color: #000000; text-decoration: none;\">+7 (495) 646-0054</a><br />\r\n\t\t\t\t\t\t<a href=\"tel:+78005550054\" style=\"color: #000000; text-decoration: none;\">8 800 555-0054</a></td>\r\n\t\t\t\t\t</tr>\r\n\t\t\t\t\t<tr>\r\n\t\t\t\t\t\t<td colspan=\"2\"><img alt=\"mrktng_02.jpg\" src=\"http://cdn.st.email4customers.com/lk/993b06c3-8a18-4bb5-8d24-7a512254ba34_img_02.jpg\" style=\"display: block; border: none; width: 600px; height: 286px;\" /></td>\r\n\t\t\t\t\t</tr>\r\n\t\t\t\t\t<tr>\r\n\t\t\t\t\t\t<td align=\"center\" colspan=\"2\" style=\"padding-top: 25px; padding-bottom: 15px; font-family: arial, sans-serif; font-size: 20px; color: #000000;\"><strong>\u0417\u0434\u0440\u0430\u0432\u0441\u0442\u0432\u0443\u0439\u0442\u0435!</strong><br />\r\n\t\t\t\t\t\t<br />\r\n\t\t\t\t\t\t\u0421\u0430\u043c\u043e\u0435 \u0432\u0440\u0435\u043c\u044f \u043e\u0442\u0432\u043b\u0435\u0447\u044c\u0441\u044f \u043e\u0442 \u043e\u043f\u0435\u0440\u0430\u0446\u0438\u043e\u043d\u043d\u043e\u0439<br />\r\n\t\t\t\t\t\t\u0440\u0430\u0431\u043e\u0442\u044b \u0438 \u043f\u0440\u0438\u0441\u0442\u0443\u043f\u0438\u0442\u044c \u043a \u0440\u0430\u0437\u0432\u0438\u0442\u0438\u044e \u0431\u0438\u0437\u043d\u0435\u0441\u0430<br />\r\n\t\t\t\t\t\t\u0441 \u0437\u0430\u043c\u0435\u0442\u043d\u043e\u0439 \u0440\u0435\u043a\u043b\u0430\u043c\u043e\u0439!<br />\r\n\t\t\t\t\t\t<br />\r\n\t\t\t\t\t\t\u0417\u0430\u043f\u0443\u0441\u0442\u0438\u0442\u0435 \u044d\u0444\u0444\u0435\u043a\u0442\u0438\u0432\u043d\u0443\u044e SMS-\u043a\u0430\u043c\u043f\u0430\u043d\u0438\u044e<br />\r\n\t\t\t\t\t\t\u0441 Devino Mobile \u0443\u0436\u0435 \u0441\u0435\u0433\u043e\u0434\u043d\u044f!</td>\r\n\t\t\t\t\t</tr>\r\n\t\t\t\t\t<tr>\r\n\t\t\t\t\t\t<td align=\"center\" colspan=\"2\" style=\"padding: 15px; background-color: #f6f9fe;\">\r\n\t\t\t\t\t\t<table align=\"center\" border=\"0\" cellpadding=\"0\" cellspacing=\"0\" style=\"width:500px;\">\r\n\t\t\t\t\t\t\t<tbody>\r\n\t\t\t\t\t\t\t\t<tr>\r\n\t\t\t\t\t\t\t\t\t<td align=\"left\" style=\"width: 70px; padding-bottom: 10px;\" valign=\"top\" width=\"70\"><img alt=\"img_05.jpg\" src=\"http://cdn.st.email4customers.com/lk/17917bf8-a8b1-44fb-a655-694ae09756db_img_05.jpg\" /></td>\r\n\t\t\t\t\t\t\t\t\t<td align=\"left\" style=\"padding-top: 30px; padding-bottom: 10px;; font-family: arial, sans-serif; font-size: 20px; color: #000000;\" valign=\"top\">\u0411\u043e\u043b\u0435\u0435 140 \u043c\u0438\u043b\u043b\u0438\u043e\u043d\u043e\u0432 \u0430\u0431\u043e\u043d\u0435\u043d\u0442\u043e\u0432<br />\r\n\t\t\t\t\t\t\t\t\t\u0438\u0437 \u0431\u0430\u0437 \u043e\u043f\u0435\u0440\u0430\u0442\u043e\u0440\u043e\u0432 \u041c\u0435\u0433\u0430\u0444\u043e\u043d, \u041c\u0422\u0421, \u0411\u0438\u043b\u0430\u0439\u043d.</td>\r\n\t\t\t\t\t\t\t\t</tr>\r\n\t\t\t\t\t\t\t\t<tr>\r\n\t\t\t\t\t\t\t\t\t<td align=\"left\" style=\"width: 70px; padding-bottom: 10px;\" valign=\"top\" width=\"70\"><img alt=\"img_05.jpg\" src=\"http://cdn.st.email4customers.com/lk/17917bf8-a8b1-44fb-a655-694ae09756db_img_05.jpg\" /></td>\r\n\t\t\t\t\t\t\t\t\t<td align=\"left\" style=\"padding-top: 30px; padding-bottom: 10px; font-family: arial, sans-serif; font-size: 20px; color: #000000;\" valign=\"top\">\u041c\u043e\u0431\u0438\u043b\u044c\u043d\u0430\u044f \u0440\u0435\u043a\u043b\u0430\u043c\u0430 \u0433\u0430\u0440\u0430\u043d\u0442\u0438\u0440\u0443\u0435\u0442 \u0432\u043d\u0438\u043c\u0430\u043d\u0438\u0435 \u043f\u043e\u043b\u0443\u0447\u0430\u0442\u0435\u043b\u044f - 98% \u043f\u043e\u043b\u044c\u0437\u043e\u0432\u0430\u0442\u0435\u043b\u0435\u0439 \u043e\u0442\u043a\u0440\u044b\u0432\u0430\u044e\u0442 \u0441\u043e\u043e\u0431\u0449\u0435\u043d\u0438\u0435 \u0432 \u043f\u0435\u0440\u0432\u044b\u0435 \u0441\u0435\u043a\u0443\u043d\u0434\u044b!</td>\r\n\t\t\t\t\t\t\t\t</tr>\r\n\t\t\t\t\t\t\t\t<tr>\r\n\t\t\t\t\t\t\t\t\t<td align=\"left\" style=\"width: 70px; padding-bottom: 10px;\" valign=\"top\" width=\"70\"><img alt=\"img_05.jpg\" src=\"http://cdn.st.email4customers.com/lk/17917bf8-a8b1-44fb-a655-694ae09756db_img_05.jpg\" /></td>\r\n\t\t\t\t\t\t\t\t\t<td align=\"left\" style=\"padding-top: 30px; padding-bottom: 10px; font-family: arial, sans-serif; font-size: 20px; color: #000000;\" valign=\"top\">\u0422\u0430\u0440\u0433\u0435\u0442\u0438\u0440\u043e\u0432\u0430\u043d\u0438\u0435 \u0430\u0443\u0434\u0438\u0442\u043e\u0440\u0438\u0438 \u043f\u043e \u043f\u043e\u043b\u0443, \u0432\u043e\u0437\u0440\u0430\u0441\u0442\u0443, \u0433\u0435\u043e\u0433\u0440\u0430\u0444\u0438\u0438 \u0438 \u043f\u0440\u043e\u0447\u0438\u043c \u043f\u0430\u0440\u0430\u043c\u0435\u0442\u0440\u0430\u043c.</td>\r\n\t\t\t\t\t\t\t\t</tr>\r\n\t\t\t\t\t\t\t\t<tr>\r\n\t\t\t\t\t\t\t\t\t<td align=\"left\" style=\"width: 70px; padding-bottom: 10px;\" valign=\"top\" width=\"70\"><img alt=\"img_05.jpg\" src=\"http://cdn.st.email4customers.com/lk/17917bf8-a8b1-44fb-a655-694ae09756db_img_05.jpg\" /></td>\r\n\t\t\t\t\t\t\t\t\t<td align=\"left\" style=\"padding-top: 30px; padding-bottom: 10px; font-family: arial, sans-serif; font-size: 20px; color: #000000;\" valign=\"top\">\u0421\u043e\u0431\u043b\u044e\u0434\u0435\u043d\u0438\u0435 \u0437\u0430\u043a\u043e\u043d\u043e\u0434\u0430\u0442\u0435\u043b\u044c\u0441\u0442\u0432\u0430 - SMS \u043e\u0442\u043f\u0440\u0430\u0432\u043b\u044f\u044e\u0442\u0441\u044f \u0442\u043e\u043b\u044c\u043a\u043e \u0441\u043e\u0433\u043b\u0430\u0441\u0438\u0432\u0448\u0438\u043c\u0441\u044f \u0430\u0431\u043e\u043d\u0435\u043d\u0442\u0430\u043c \u043e\u0442 \u0438\u043c\u0435\u043d\u0438 \u043e\u043f\u0435\u0440\u0430\u0442\u043e\u0440\u0430 \u0441\u043e\u0442\u043e\u0432\u043e\u0439 \u0441\u0432\u044f\u0437\u0438 \u0438 \u043d\u0435 \u044f\u0432\u043b\u044f\u044e\u0442\u0441\u044f \u0441\u043f\u0430\u043c\u043e\u043c.</td>\r\n\t\t\t\t\t\t\t\t</tr>\r\n\t\t\t\t\t\t\t\t<tr>\r\n\t\t\t\t\t\t\t\t\t<td align=\"left\" style=\"width: 70px; padding-bottom: 10px;\" valign=\"top\" width=\"70\"><img alt=\"img_05.jpg\" src=\"http://cdn.st.email4customers.com/lk/17917bf8-a8b1-44fb-a655-694ae09756db_img_05.jpg\" /></td>\r\n\t\t\t\t\t\t\t\t\t<td align=\"left\" style=\"padding-top: 30px; padding-bottom: 10px; font-family: arial, sans-serif; font-size: 20px; color: #000000;\" valign=\"top\">\u0421\u0442\u043e\u0438\u043c\u043e\u0441\u0442\u044c \u043a\u043e\u043d\u0442\u0430\u043a\u0442\u0430 \u043e\u0442 2 \u0440\u0443\u0431\u043b\u0435\u0439!</td>\r\n\t\t\t\t\t\t\t\t</tr>\r\n\t\t\t\t\t\t\t</tbody>\r\n\t\t\t\t\t\t</table>\r\n\t\t\t\t\t\t</td>\r\n\t\t\t\t\t</tr>\r\n\t\t\t\t\t<tr>\r\n\t\t\t\t\t\t<td align=\"center\" colspan=\"2\" style=\"padding-top: 50px;\">\r\n\t\t\t\t\t\t<table align=\"center\" border=\"0\" cellpadding=\"0\" cellspacing=\"0\" style=\"width:600px;\">\r\n\t\t\t\t\t\t\t<tbody>\r\n\t\t\t\t\t\t\t\t<tr>\r\n\t\t\t\t\t\t\t\t\t<td style=\"padding-bottom: 20px; padding-left: 85px; font-family: arial, sans-serif; font-size: 20px; color: #0a1a4e;\"><strong>\u0410\u041d\u041e\u041d\u0421\u0418\u0420\u0423\u0419\u0422\u0415 \u0410\u041a\u0426\u0418\u0418, \u0421\u041a\u0418\u0414\u041a\u0418, \u0412\u042b\u0412\u041e\u0414\u0418\u0422\u0415<br />\r\n\t\t\t\t\t\t\t\t\t\u041d\u0410 \u0420\u042b\u041d\u041e\u041a \u041d\u041e\u0412\u042b\u0415 \u0422\u041e\u0412\u0410\u0420\u042b \u0418 \u0423\u0421\u041b\u0423\u0413\u0418</strong></td>\r\n\t\t\t\t\t\t\t\t\t<td align=\"right\" rowspan=\"2\"><img alt=\"img_09.jpg\" src=\"http://cdn.st.email4customers.com/lk/e5b52794-e171-4b11-a93d-05af18f3ca32_img_09.jpg\" /></td>\r\n\t\t\t\t\t\t\t\t</tr>\r\n\t\t\t\t\t\t\t\t<tr>\r\n\t\t\t\t\t\t\t\t\t<td style=\"padding-left: 85px; font-family: arial, sans-serif; font-size: 20px; color: #0a1a4e;\">\u041e\u043f\u0435\u0440\u0430\u0442\u0438\u0432\u043d\u044b\u0439 \u0437\u0430\u043f\u0443\u0441\u043a \u0440\u0435\u043a\u043b\u0430\u043c\u043d\u044b\u0445 \u043a\u0430\u043c\u043f\u0430\u043d\u0438\u0439<br />\r\n\t\t\t\t\t\t\t\t\t\u0441 \u0432\u043e\u0437\u043c\u043e\u0436\u043d\u043e\u0441\u0442\u044c\u044e \u043f\u043e\u0441\u043b\u0435\u0434\u0443\u044e\u0449\u0435\u0439 \u043a\u043e\u0440\u0440\u0435\u043a\u0442\u0438\u0440\u043e\u0432\u043a\u0438<br />\r\n\t\t\t\t\t\t\t\t\t\u0432 \u0441\u043b\u0443\u0447\u0430\u0435 \u043d\u0435\u043e\u0431\u0445\u043e\u0434\u0438\u043c\u043e\u0441\u0442\u0438.</td>\r\n\t\t\t\t\t\t\t\t</tr>\r\n\t\t\t\t\t\t\t</tbody>\r\n\t\t\t\t\t\t</table>\r\n\t\t\t\t\t\t</td>\r\n\t\t\t\t\t</tr>\r\n\t\t\t\t\t<tr>\r\n\t\t\t\t\t</tr>\r\n\t\t\t\t\t<tr>\r\n\t\t\t\t\t\t<td align=\"center\" colspan=\"2\" style=\"padding-top: 50px;\">\r\n\t\t\t\t\t\t<table align=\"center\" border=\"0\" cellpadding=\"0\" cellspacing=\"0\" style=\"width:600px;\">\r\n\t\t\t\t\t\t\t<tbody>\r\n\t\t\t\t\t\t\t\t<tr>\r\n\t\t\t\t\t\t\t\t\t<td align=\"left\" rowspan=\"2\"><img alt=\"img_11.jpg\" src=\"http://cdn.st.email4customers.com/lk/3883c44a-1cd6-4159-a29e-4b0c6cc84a82_img_11.jpg\" /></td>\r\n\t\t\t\t\t\t\t\t\t<td style=\"padding-bottom: 20px; padding-left: 15px; font-family: arial, sans-serif; font-size: 20px; color: #0a1a4e;\"><strong>\u041f\u0420\u041e\u0414\u0412\u0418\u0413\u0410\u0419\u0422\u0415 \u041f\u0420\u041e\u0414\u0423\u041a\u0422 \u0421\u0420\u0415\u0414\u0418 \u0417\u0410\u0414\u0410\u041d\u041d\u041e\u0419 \u0410\u0423\u0414\u0418\u0422\u041e\u0420\u0418\u0418</strong></td>\r\n\t\t\t\t\t\t\t\t</tr>\r\n\t\t\t\t\t\t\t\t<tr>\r\n\t\t\t\t\t\t\t\t\t<td style=\"padding-left: 15px; font-family: arial, sans-serif; font-size: 20px; color: #0a1a4e;\">\u0423\u043d\u0438\u043a\u0430\u043b\u044c\u043d\u0430\u044f \u0432\u043e\u0437\u043c\u043e\u0436\u043d\u043e\u0441\u0442\u044c \u043f\u043e\u043f\u0430\u0434\u0430\u043d\u0438\u044f \u0432 \u0446\u0435\u043b\u0435\u0432\u044b\u0435<br />\r\n\t\t\t\t\t\t\t\t\t\u0433\u0440\u0443\u043f\u043f\u044b \u043f\u043e\u0442\u0435\u043d\u0446\u0438\u0430\u043b\u044c\u043d\u044b\u0445 \u043a\u043b\u0438\u0435\u043d\u0442\u043e\u0432. \u0421\u043e\u0437\u0434\u0430\u043d\u0438\u0435 \u0442\u043e\u0447\u043d\u043e\u0439 \u0430\u0443\u0434\u0438\u0442\u043e\u0440\u0438\u0438 \u0437\u0430 \u0441\u0447\u0435\u0442 \u043d\u0430\u0441\u0442\u0440\u043e\u0435\u043a \u043a\u0440\u0438\u0442\u0435\u0440\u0438\u0435\u0432 \u0442\u0430\u0440\u0433\u0435\u0442\u0438\u043d\u0433\u0430<br />\r\n\t\t\t\t\t\t\t\t\t\u043f\u0435\u0440\u0435\u0434 \u043d\u0430\u0447\u0430\u043b\u043e\u043c \u0440\u0430\u0441\u0441\u044b\u043b\u043a\u0438.</td>\r\n\t\t\t\t\t\t\t\t</tr>\r\n\t\t\t\t\t\t\t</tbody>\r\n\t\t\t\t\t\t</table>\r\n\t\t\t\t\t\t</td>\r\n\t\t\t\t\t</tr>\r\n\t\t\t\t\t<tr>\r\n\t\t\t\t\t</tr>\r\n\t\t\t\t\t<tr>\r\n\t\t\t\t\t\t<td align=\"center\" colspan=\"2\" style=\"padding-top: 50px;\">\r\n\t\t\t\t\t\t<table align=\"center\" border=\"0\" cellpadding=\"0\" cellspacing=\"0\" style=\"width:600px;\">\r\n\t\t\t\t\t\t\t<tbody>\r\n\t\t\t\t\t\t\t\t<tr>\r\n\t\t\t\t\t\t\t\t\t<td style=\"padding-bottom: 20px; padding-left: 85px; font-family: arial, sans-serif; font-size: 20px; color: #0a1a4e;\"><strong>\u041e\u0421\u0423\u0429\u0415\u0421\u0422\u0412\u041b\u042f\u0419\u0422\u0415 \u041a\u041e\u041c\u041c\u0423\u041d\u0418\u041a\u0410\u0426\u0418\u042e<br />\r\n\t\t\t\t\t\t\t\t\t\u0412 \u0417\u0410\u0414\u0410\u041d\u041d\u041e\u041c \u0420\u0410\u0419\u041e\u041d\u0415 </strong></td>\r\n\t\t\t\t\t\t\t\t\t<td align=\"right\" rowspan=\"2\"><img alt=\"img_14.jpg\" src=\"http://cdn.st.email4customers.com/lk/30e72bbc-c179-407c-9389-54b3ad4721c6_img_14.jpg\" /></td>\r\n\t\t\t\t\t\t\t\t</tr>\r\n\t\t\t\t\t\t\t\t<tr>\r\n\t\t\t\t\t\t\t\t\t<td style=\"padding-left: 85px; font-family: arial, sans-serif; font-size: 20px; color: #0a1a4e;\">\u041d\u0430\u0441\u0442\u0440\u043e\u0439\u043a\u0438 \u043e\u0445\u0432\u0430\u0442\u0430 \u043f\u043e\u0437\u0432\u043e\u043b\u044f\u0442 \u0437\u0430\u0434\u0430\u0442\u044c<br />\r\n\t\t\t\t\t\t\t\t\t\u043b\u043e\u043a\u0430\u0446\u0438\u044e \u0434\u043b\u044f \u0440\u0435\u043a\u043b\u0430\u043c\u043d\u043e\u0439 \u043a\u0430\u043c\u043f\u0430\u043d\u0438\u0438 \u0438 \u043f\u043e\u043b\u0443\u0447\u0438\u0442\u044c \u043c\u0430\u043a\u0441\u0438\u043c\u0430\u043b\u044c\u043d\u044b\u0439 \u0440\u0435\u0437\u0443\u043b\u044c\u0442\u0430\u0442.</td>\r\n\t\t\t\t\t\t\t\t</tr>\r\n\t\t\t\t\t\t\t</tbody>\r\n\t\t\t\t\t\t</table>\r\n\t\t\t\t\t\t</td>\r\n\t\t\t\t\t</tr>\r\n\t\t\t\t\t<tr>\r\n\t\t\t\t\t\t<td align=\"center\" colspan=\"2\" style=\"padding-top: 50px; font-family: arial, sans-serif; font-size: 20px; color: #0a1a4e;\"><strong>\u0410\u043a\u0442\u0438\u0432\u0438\u0440\u0443\u0439\u0442\u0435 \u043f\u043e\u043b\u043d\u044b\u0439 \u0434\u043e\u0441\u0442\u0443\u043f \u043a \u0432\u043e\u0437\u043c\u043e\u0436\u043d\u043e\u0441\u0442\u044f\u043c<br />\r\n\t\t\t\t\t\tDevino Mobile \u0438 \u043f\u043e\u0431\u0435\u0436\u0434\u0430\u0439\u0442\u0435 \u043a\u043e\u043d\u043a\u0443\u0440\u0435\u043d\u0442\u043e\u0432! </strong></td>\r\n\t\t\t\t\t</tr>\r\n\t\t\t\t\t<tr>\r\n\t\t\t\t\t\t<td align=\"center\" colspan=\"2\" style=\"padding: 35px; border-bottom: 10px solid #89cdf7;\">\r\n\t\t\t\t\t\t<table align=\"center\" border=\"0\" cellpadding=\"0\" cellspacing=\"0\" style=\"width:300px;\">\r\n\t\t\t\t\t\t\t<tbody>\r\n\t\t\t\t\t\t\t\t<tr>\r\n\t\t\t\t\t\t\t\t\t<td align=\"center\" style=\"padding: 10px; background-color: #89cdf7; font-family: arial, sans-serif; font-size: 25px; color: #ffffff; border-radius: 5px;\"><a goaldescr=\"\" goalname=\"\u0426\u0435\u043b\u044c_004\" goaltrack=\"true\" href=\"https://promo.devinotele.com/mobilnaya-reklama/?utm_source=Email&amp;utm_medium=email&amp;utm_campaign=Promo_06.07\" style=\"color:#ffffff;text-decoration:none;\"><strong>\u041f\u041e\u0414\u041a\u041b\u042e\u0427\u0418\u0422\u042c</strong></a></td>\r\n\t\t\t\t\t\t\t\t</tr>\r\n\t\t\t\t\t\t\t</tbody>\r\n\t\t\t\t\t\t</table>\r\n\t\t\t\t\t\t</td>\r\n\t\t\t\t\t</tr>\r\n\t\t\t\t\t<tr>\r\n\t\t\t\t\t\t<td align=\"center\" colspan=\"2\">\r\n\t\t\t\t\t\t<table align=\"center\" border=\"0\" cellpadding=\"0\" cellspacing=\"0\" style=\"width: 100%; border-collapse: collapse;\">\r\n\t\t\t\t\t\t\t<tbody>\r\n\t\t\t\t\t\t\t\t<tr>\r\n\t\t\t\t\t\t\t\t\t<td align=\"right\" style=\"border-bottom: 3px solid #ebedef; background-color: #ffffff; padding-top: 15px; padding-bottom: 15px;\" width=\"420\"><a goaldescr=\"\" goalname=\"\u0426\u0435\u043b\u044c_003\" goaltrack=\"true\" href=\"https://devinotele.com/\"><img alt=\"mrktng_19.jpg\" src=\"http://cdn.st.email4customers.com/lk/e42e6c76-97c8-4129-a847-7e117fc7f87b_mrktng_19.jpg\" /></a></td>\r\n\t\t\t\t\t\t\t\t\t<td align=\"center\" style=\"border-bottom: 3px solid #ebedef; background-color: #ffffff;\" width=\"180\">&nbsp;</td>\r\n\t\t\t\t\t\t\t\t</tr>\r\n\t\t\t\t\t\t\t</tbody>\r\n\t\t\t\t\t\t</table>\r\n\t\t\t\t\t\t</td>\r\n\t\t\t\t\t</tr>\r\n\t\t\t\t\t<tr>\r\n\t\t\t\t\t\t<td style=\"text-align: left; padding-top: 20px; padding-bottom: 10px; padding-left: 20px; font-family: Myriad Pro, sans-serif; font-size: 14px; line-height: 18px; color: #000000;\" valign=\"top\" width=\"50%\">Copyright &copy; 2020, All rights reserved.<br />\r\n\t\t\t\t\t\t<br />\r\n\t\t\t\t\t\t<a href=\"mailto:support@devinotele.com\" style=\"color: #000000;\">\u041e\u0431\u0440\u0430\u0442\u043d\u0430\u044f \u0441\u0432\u044f\u0437\u044c</a><br />\r\n\t\t\t\t\t\t<a href=\"[Unsubscribe]\" id=\"subscriberReminder\" style=\"color: #000000;\">\u041e\u0442\u043f\u0438\u0441\u0430\u0442\u044c\u0441\u044f \u043e\u0442 \u0440\u0430\u0441\u0441\u044b\u043b\u043a\u0438</a></td>\r\n\t\t\t\t\t\t<td style=\"text-align: right; padding-top: 10px; padding-bottom: 10px; padding-right: 20px; font-family: Myriad Pro, sans-serif; font-size: 14px; line-height: 18px; color: #000000;\" valign=\"top\" width=\"50%\">\r\n\t\t\t\t\t\t<p style=\"margin-top: 0px;\">\u0420\u043e\u0441\u0441\u0438\u044f<br />\r\n\t\t\t\t\t\t\u041c\u043e\u0441\u043a\u0432\u0430: <a href=\"tel:+74956460054\" style=\"color: #000000; text-decoration: none;\">+7 (495) 646-0054</a><br />\r\n\t\t\t\t\t\t<a href=\"tel:+78005550054\" style=\"color: #000000; text-decoration: none;\">8 800 555-0054</a></p>\r\n\r\n\t\t\t\t\t\t<table align=\"right\" border=\"0\" cellpadding=\"0\" cellspacing=\"0\" style=\"width: 65px; border-collapse: collapse;\">\r\n\t\t\t\t\t\t\t<tbody>\r\n\t\t\t\t\t\t\t\t<tr>\r\n\t\t\t\t\t\t\t\t\t<td align=\"left\" width=\"50%\"><a href=\"https://www.instagram.com/devinotelecom/\"><img alt=\"mrktng_28.jpg\" src=\"http://cdn.st.email4customers.com/lk/97a128b6-70de-4eb2-a2d0-78d9aaa3b52c_mrktng_28.jpg\" style=\"display: block; border: none;\" /></a></td>\r\n\t\t\t\t\t\t\t\t\t<td align=\"right\" width=\"50%\"><a href=\"https://www.facebook.com/devinotelecom/\"><img alt=\"mrktng_30.jpg\" src=\"http://cdn.st.email4customers.com/lk/a4e6bbc1-9588-4ef6-8c4c-0e78fc717932_mrktng_30.jpg\" style=\"display: block; border: none;\" /></a></td>\r\n\t\t\t\t\t\t\t\t</tr>\r\n\t\t\t\t\t\t\t</tbody>\r\n\t\t\t\t\t\t</table>\r\n\t\t\t\t\t\t</td>\r\n\t\t\t\t\t</tr>\r\n\t\t\t\t</tbody>\r\n\t\t\t</table>\r\n\t\t\t</center>\r\n\t\t\t</td>\r\n\t\t</tr>\r\n\t</tbody>\r\n</table>\r\n</body>\r\n</html>",
    "YaraRule": [
        "enable_org4",
        "core_keywords"
    ]
}