{
    "scrape_url": "https://scrape.pastebin.com/api_scrape_item.php?i=UcVnLrSj",
    "full_url": "https://pastebin.com/UcVnLrSj",
    "date": "1594900334",
    "key": "UcVnLrSj",
    "size": 1850,
    "expire": "0",
    "title": "snake game part 4",
    "syntax": "python",
    "user": "",
    "filename": "UcVnLrSj",
    "pasteid": "UcVnLrSj",
    "pastesite": "pastebin.com",
    "@timestamp": "2020-07-16T11:52:14",
    "MD5": "55baccae1bef43165542448c36d92acf",
    "SHA256": "da191ff376ae7223bed0b917518e9b15ab076a4c819e8dd1921fef74b3ad0b00",
    "raw_paste": "import turtle\r\nimport time\r\nimport random\r\n\r\n\r\ndelay: float = 0.1\r\nwn = turtle.Screen()\r\nwn.title(\"Snake Game by Dominion Balogun\")\r\nwn.bgcolor(\"green\")\r\nwn.setup(width=600, height=600)\r\nwn.tracer(0)\r\n\r\nhead = turtle.Turtle()\r\nhead.speed(0)\r\nhead.shape(\"square\")\r\nhead.color(\"black\")\r\nhead.penup()\r\nhead.goto(0,0)\r\nhead.direction = \"stop\"\r\n\r\nfood = turtle.Turtle()\r\nfood.speed(0)\r\nfood.shape(\"circle\")\r\nfood.color(\"red\")\r\nfood.penup()\r\nfood.goto(0,100)\r\n\r\nsegment = []\r\n\r\ndef go_up():\r\n    head.direction = \"up\"\r\n\r\ndef go_down():\r\n    head.direction = \"down\"\r\n\r\ndef go_left():\r\n    head.direction = \"left\"\r\n\r\ndef go_right():\r\n    head.direction = \"right\"\r\n\r\ndef move():\r\n    if head.direction == \"up\":\r\n        y = head.ycor()\r\n        head.sety(y + 20)\r\n\r\n    if head.direction == \"down\":\r\n       y = head.ycor()\r\n       head.sety(y - 20)\r\n\r\n    if head.direction == \"left\":\r\n        x = head.xcor()\r\n        head.setx(x - 20)\r\n\r\n    if head.direction == \"right\":\r\n        x = head.xcor()\r\n        head.setx(x + 20)\r\n\r\nwn.listen()\r\nwn.onkeypress(go_up, \"w\")\r\nwn.onkeypress(go_down, \"s\")\r\nwn.onkeypress(go_left, \"a\")\r\nwn.onkeypress(go_right, \"d\")\r\n\r\nwhile True:\r\n    wn.update()\r\n\r\n    if head.distance(food) < 20:\r\n\r\n        x = random.randint(-290, 290)\r\n        y = random.randint(-290, 290)\r\n        food.goto(x,y)\r\n\r\n        new_segment = turtle.Turtle()\r\n        new_segment.speed(0)\r\n        new_segment.shape(\"square\")\r\n        new_segment.color(\"grey\")\r\n        new_segment.penup()\r\n        segment.append(new_segment)\r\n\r\n    for index in range(len(segment)-1, 0, -1):\r\n        x = segment[index-1].xcor()\r\n        y = segment[index-1].ycor()\r\n        segment[index].goto(x, y)\r\n\r\n    if len(segment)> 0:\r\n        x = head.xcor\r\n        y = head.ycor\r\n        segment[0].goto(x, y)\r\n\r\n        move()\r\n\r\n    time.sleep(delay)\r\n\r\nwn.mainloop()",
    "YaraRule": [
        "enable_org32",
        "core_keywords"
    ]
}