{
    "scrape_url": "https://scrape.pastebin.com/api_scrape_item.php?i=UNB151fL",
    "full_url": "https://pastebin.com/UNB151fL",
    "date": "1594899593",
    "key": "UNB151fL",
    "size": 852,
    "expire": "0",
    "title": "",
    "syntax": "javascript",
    "user": "",
    "filename": "UNB151fL",
    "pasteid": "UNB151fL",
    "pastesite": "pastebin.com",
    "@timestamp": "2020-07-16T11:39:53",
    "MD5": "23f1e77ea890f5d8862df0f25a419204",
    "SHA256": "e4483eda29099388eea2a4d80f1106151a73592694f840f6702c1bc771bc4a9e",
    "raw_paste": "<html>\r\n\t<script>\r\n\t\r\n\tasync function test() {\r\n\t\t// pc0 -> pc1\r\n\t\tconst pc0 = new RTCPeerConnection()\r\n\t\tconst pc1 = new RTCPeerConnection()\r\n\t\t\r\n\t\t// wait for pc0 negotiation needed.\r\n\t\tpc0.onnegotiationneeded = async () => {\r\n\t\t\tconst offer = await pc0.createOffer()\r\n\t\t\tpc0.setLocalDescription(offer)\r\n\t\t\tpc1.setRemoteDescription(offer)\r\n\r\n\t\t\tconst answer = await pc1.createAnswer()\r\n\t\t\tpc1.setLocalDescription(answer)\r\n\t\t\tpc0.setRemoteDescription(answer)\r\n\t\t}\r\n\r\n\t\t// create channel on pc0 -> fires onnegotiation needed.\r\n\t\tconst channel   = pc0.createDataChannel('')\r\n\t\tchannel.onopen  = () => channel.send('hello world')\r\n\t\tchannel.onerror = error => console.log(error)\r\n\t\tchannel.onclose = () => console.log('closed')\r\n\r\n\t\t// wait for channel on pc1\r\n\t\tpc1.ondatachannel = () => console.log('have channel')\r\n\t}\r\n\r\n\ttest()\r\n\r\n\t</script>\r\n</html>",
    "YaraRule": [
        "enable_org4",
        "core_keywords"
    ]
}