{
    "scrape_url": "https://scrape.pastebin.com/api_scrape_item.php?i=Utmhi7A1",
    "full_url": "https://pastebin.com/Utmhi7A1",
    "date": "1594675355",
    "key": "Utmhi7A1",
    "size": 1429,
    "expire": "0",
    "title": "",
    "syntax": "lua",
    "user": "",
    "filename": "Utmhi7A1",
    "pasteid": "Utmhi7A1",
    "pastesite": "pastebin.com",
    "@timestamp": "2020-07-13T21:22:35",
    "MD5": "6c900d31fbbe985bd064881b2e9c5a96",
    "SHA256": "aeae45eecdc06949abc910546e3f54a900a074c70c4d24ff5e41e59d593f9f1a",
    "raw_paste": "-- places N blocks from slot 1 down in a row,\r\n-- below the turtle\r\nfunction PlaceN(N)\r\n\tfor i=1,(N-1) do\r\n\t\tturtle.placeDown()\r\n\t\tturtle.forward()\r\n\tend\r\n\tturtle.placeDown()\r\nend\r\n\r\n-- puts the turtle on top of a corner for the\r\n-- flower\r\nfunction getUp()\r\n\tturtle.up()\r\n\tturtle.forward()\r\nend\r\n\r\n-- place all logs and return to initial spot\r\nfunction placeLogs()\r\n\t-- assume slot 1 is always filled with logs\r\n\tgetUp()\r\n\tPlaceN(3)\r\n\tturtle.turnLeft()\r\n\tPlaceN(3)\r\n\tturtle.turnLeft()\r\n\tPlaceN(3)\r\n\tturtle.turnLeft()\r\n\tPlaceN(3)\r\n\tturtle.turnLeft()\r\n\tturtle.back()\r\n\tturtle.down()\r\nend\r\n\r\nfunction awaitLiving()\r\n\twhile true do\r\n\t\tblock = turtle.inspect()\r\n\t\tif block.name==\"botania:livingwood\" or block.name==\"botania:livingrock\" then\r\n\t\t\treturn\r\n\t\tend\r\n\t\tsleep(2)\r\n\tend\r\nend\r\n\r\nfunction digN(N)\r\n\tfor i=1,(N-1) do\r\n\t\tturtle.digDown()\r\n\t\tturtle.forward()\r\n\tend\r\n\tturtle.digDown()\r\nend\r\n\r\nfunction digAll()\r\n\tgetUp()\r\n\tdigN(3)\r\n\tturtle.turnLeft()\r\n\tdigN(3)\r\n\tturtle.turnLeft()\r\n\tdigN(3)\r\n\tturtle.turnLeft()\r\n\tdigN(3)\r\n\tturtle.turnLeft()\r\n\tturtle.back()\r\n\tturtle.down()\r\nend\r\n\r\nfunction main()\r\n\tif turtle.getItemCount(1)<8 then\r\n\t\tprint(\"not enough logs/stone in slot 1\")\r\n\t\treturn\r\n\tend\r\n\ti = turtle.getItemDetail(1)\r\n\tif i.name~=\"minecraft:log\" and i.name~=\"minecraft:stone\" then\r\n\t\tprint(\"slot 1 does not contain logs or stone\")\r\n\t\treturn\r\n\tend\r\n\t\t\r\n\tplaceLogs()\r\n\tawaitLiving()\r\n\tdigAll()\r\nend\r\n\r\nwhile true do\r\n\tmain()\r\nend",
    "YaraRule": [
        "enable_org32",
        "core_keywords"
    ]
}