{
    "scrape_url": "https://scrape.pastebin.com/api_scrape_item.php?i=vAE03Q7E",
    "full_url": "https://pastebin.com/vAE03Q7E",
    "date": "1594910423",
    "key": "vAE03Q7E",
    "size": 6465,
    "expire": "0",
    "title": "Smart Pointer example",
    "syntax": "cpp",
    "user": "",
    "filename": "vAE03Q7E",
    "pasteid": "vAE03Q7E",
    "pastesite": "pastebin.com",
    "@timestamp": "2020-07-16T14:40:23",
    "MD5": "bb9f5244bec4a01e45d5cb69330e4b4b",
    "SHA256": "560643adb48221bb083a179e55dd040068d2f33b70fb38a03ea9738c18400085",
    "raw_paste": "//\r\n// Created by cstoribal on 21/11/18.\r\n//\r\n\r\n\r\n#ifndef SPX_SMARTPTR_H\r\n#define SPX_SMARTPTR_H\r\n\r\n#include <memory>\r\n#include <iostream>\r\n#include <fstream>\r\n#include <iomanip>\r\n#include <type_traits>\r\n\r\n#include <mutex>\r\n\r\n\r\n#define SP_DEBUG false\r\n\r\nclass SP_able{\r\n    mutable int SP_counter;\r\n    mutable bool SP_pointed; //Debug\r\n    mutable std::mutex SP_barrier;\r\npublic:\r\n    static unsigned long long SP_label_kill;\r\n    SP_able():SP_counter(0),SP_pointed(false){\r\n#if SP_DEBUG\r\n        std::ofstream outfile;\r\n        outfile.open(\"./out/log.txt\", std::ios_base::app);\r\n        outfile << std::setw(14)<<\"created :\"<<std::setw(20)<<this<<\"\\n\";\r\n        outfile.close();\r\n#endif\r\n    }\r\n    SP_able(const SP_able& input):SP_counter(0),SP_pointed(false){}\r\n    SP_able& operator=(const SP_able& in){return (*this);}//does nothing. Copy authorized but properties remain the same\r\n    virtual ~SP_able(){\r\n        if(SP_counter>0){\r\n            std::cout<<\"Warning!!! SP deleted while\"<<SP_counter<<\" pointer(s) still exist(s)!\";\r\n            #pragma GCC diagnostic push\r\n            #pragma GCC diagnostic ignored \"-Wterminate\"\r\n            throw(std::exception());\r\n            #pragma GCC diagnostic pop\r\n        }\r\n        if(SP_counter<0){\r\n            std::cout<<\"Warning!!! SP deleted with counter at \"<<SP_counter<<\" (error likely to happen)!\";\r\n            #pragma GCC diagnostic push\r\n            #pragma GCC diagnostic ignored \"-Wterminate\"\r\n            throw(std::exception());\r\n            #pragma GCC diagnostic pop\r\n        }\r\n#if SP_DEBUG\r\n        std::ofstream outfile;\r\n        outfile.open(\"./out/log.txt\", std::ios_base::app);\r\n        outfile << std::setw(14)<<\"deleted :\"<<std::setw(20)<<this<<\"\\n\";\r\n        outfile.close();\r\n#endif\r\n    }\r\n    int & countPtr()const{SP_pointed=true; return SP_counter;}\r\n    void waitForLock()const{while(!SP_barrier.try_lock()){}}\r\n    void unlock()const{SP_barrier.unlock();}\r\n};\r\n\r\n\r\n\r\ntemplate<class T> class SP{\r\nprivate:\r\n    T* myPtr;\r\n    bool fth; //father\r\n    //rules\r\n    void assign(){\r\n        if ( bool(*this) ) {\r\n            myPtr->waitForLock();\r\n            fth = (myPtr->countPtr()++ == 0);\r\n            myPtr->unlock();\r\n        }\r\n    }\r\npublic:\r\n    typedef T TYPE;\r\n\r\n    SP():myPtr(nullptr),fth(false){}\r\n    SP(T* ptr):myPtr(ptr),fth(false){assign();}\r\n    SP(const SP& copy):myPtr(copy.get()),fth(false) { assign(); }\r\n    virtual ~SP(){release(); }\r\n    // Rules\r\n    void release(){\r\n        if( bool(*this) ) {\r\n#if SP_DEBUG2\r\n            std::string log = \"before, countPtr = \" + std::to_string(myPtr->countPtr());\r\n#endif\r\n            myPtr->waitForLock();\r\n#if SP_DEBUG2\r\n            log += \"after lock is catch, countPtr = \" + std::to_string(myPtr->countPtr());\r\n#endif\r\n            myPtr->countPtr()--;\r\n            if (myPtr->countPtr() == 0) {\r\n#if SP_DEBUG\r\n                SP_able::SP_label_kill++;\r\n                {\r\n                    std::ofstream outfile;\r\n                    outfile.open(\"./out/log.txt\", std::ios_base::app);\r\n                    outfile << std::setw(14) << \" >>kill>> :\" << std::setw(20) << myPtr << \" : \" << std::setw(10)<< SP_able::SP_label_kill<<\"\\n\";\r\n                    outfile.close();\r\n                }\r\n#endif\r\n                myPtr->unlock();\r\n                delete myPtr;\r\n            }\r\n            else {\r\n                myPtr->unlock();\r\n            }\r\n            myPtr = nullptr;\r\n        }\r\n    }\r\n    // Op\u00e9rations classiques pointeur\r\n    T& operator*()const{\r\n        if(!myPtr){throw(\"attempt to dereference null pointer\");}\r\n        return *myPtr;}\r\n    T* operator->()const{\r\n        if(!myPtr){throw(\"attempt to access null pointer\");}\r\n        return myPtr;\r\n    }\r\n    T* get() const {return myPtr;}\r\n    SP& operator=(const SP& copy){\r\n        if(&copy==this){return *this;}              //Autoaffectation Lvl2\r\n        if(copy.get()==this->get()){return *this;} //cas de l'autoaffectation //WARNING : assign() ?\r\n        release();\r\n        myPtr = copy.get();\r\n        assign();\r\n        return *this;\r\n    }\r\n    // polymorphisme et conversions\r\n    template<class U> SP(SP<U> const &uPtr):myPtr(dynamic_cast<T*>(uPtr.get())){assign();}\r\n    template<class U> SP& operator=(const SP<U> & copy){\r\n        if(dynamic_cast<const SP<T>*>(&copy)  == this){return *this;}              //Autoaffectation Lvl2\r\n        if(dynamic_cast<const T*>(copy.get()) == this->get()){return *this;} //cas de l'autoaffectation //WARNING : assign() ?\r\n        release();\r\n        myPtr = dynamic_cast<T*>(copy.get());\r\n        assign();\r\n        return *this;\r\n    }\r\n    //template<class U> SP(SP<U> const &uPtr):myPtr(uPtr.get()){assign();}\r\n    explicit operator bool() const{ return myPtr!=nullptr ;}\r\n    bool operator==(const SP& input)const{return myPtr == input.myPtr;}\r\n\r\n    template<class U> bool operator==(const SP<U>& input){\r\n        return input.template castTo<const T>().get() == dynamic_cast<const T*>(myPtr)\r\n                ||\r\n               castTo<const U>().get() == dynamic_cast<const U*>(input.get());\r\n    }\r\n    \r\n    template<class U> SP<U> castTo()const{\r\n        if(!*this){return SP<U>(nullptr);}\r\n        return SP<U>(dynamic_cast<U*>(myPtr));\r\n    }\r\n    // new types\r\n    template<class U> SP<U> makeNewT()const{\r\n        if( !*this ){return nullptr;}\r\n        return SP<U>(new U(dynamic_cast<const U&>(this->operator*())));\r\n    }\r\n\r\n    SP<typename std::remove_const<T>::type> makeNew()const{\r\n        if( !*this ){return nullptr;}\r\n        typename std::remove_const<T>::type * newpointer = new typename std::remove_const<T>::type(this->operator*());\r\n        return SP< typename std::remove_const<T>::type >( newpointer );\r\n    }\r\n    template<typename... Args> static SP build(const Args& ... args){\r\n        return SP<T>(new T(args...));\r\n    }\r\n    \r\n    //TODO makeNewD dynamically recover type\r\n\r\n    // Debug\r\n    bool father()const{return fth;}\r\n    uint count()const{\r\n        if(myPtr==nullptr){return 0;}\r\n        return myPtr->countPtr();\r\n    }\r\n};\r\n\r\ntemplate <class T> std::ostream & operator<<(std::ostream & os, SP<T> sp){\r\n    if (sp){return os << sp.get();}\r\n    else {return os<<\"@nullptr \";}\r\n}\r\n\r\n\r\nnamespace usr {\r\n    template<class T, class U>\r\n    SP<T> dynptr_cast(const SP<U> &sp) noexcept{\r\n        if(!sp){return SP<T>(nullptr);}\r\n        return SP<T>(dynamic_cast<T*>(sp.get()));\r\n    };\r\n}\r\n\r\n\r\n\r\n\r\ntemplate class SP<SP_able>;\r\n\r\n#endif //SPX_SMARTPTR_H",
    "YaraRule": [
        "enable_org23",
        "core_keywords"
    ]
}