{
    "scrape_url": "https://scrape.pastebin.com/api_scrape_item.php?i=VtATa0TN",
    "full_url": "https://pastebin.com/VtATa0TN",
    "date": "1594878055",
    "key": "VtATa0TN",
    "size": 564,
    "expire": "0",
    "title": "inspect.lua",
    "syntax": "lua",
    "user": "",
    "filename": "VtATa0TN",
    "pasteid": "VtATa0TN",
    "pastesite": "pastebin.com",
    "@timestamp": "2020-07-16T05:40:55",
    "MD5": "8af0b1242468b0c926a756acf00a3875",
    "SHA256": "6b131ef73575c6747b5eead50866da0974c3af302e82dd1f2fd994606a43b2ed",
    "raw_paste": "local direction = ...\r\n\r\nlocal inspectFunc = turtle.inspect\r\nif direction == \"down\" then inspectFunc = turtle.inspectDown end\r\nif direction == \"up\" then inspectFunc = turtle.inspectUp end\r\n\r\nlocal found, block = inspectFunc()\r\nif found then\r\n    print(block.name)\r\n    \r\n    if block.metadata then\r\n        for key, value in pairs(block.metadata) do\r\n            print(key, value)\r\n        end\r\n    end\r\n    \r\n    if block.state then\r\n        for key, value in pairs(block.state) do\r\n            print(key, value)\r\n        end\r\n    end\r\nelse\r\n    print(\"Air\")\r\nend",
    "YaraRule": [
        "enable_org32",
        "core_keywords"
    ]
}