{
    "scrape_url": "https://scrape.pastebin.com/api_scrape_item.php?i=VXU5VfYE",
    "full_url": "https://pastebin.com/VXU5VfYE",
    "date": "1594669567",
    "key": "VXU5VfYE",
    "size": 370,
    "expire": "0",
    "title": "escada",
    "syntax": "lua",
    "user": "asgdestroi",
    "filename": "VXU5VfYE",
    "pasteid": "VXU5VfYE",
    "pastesite": "pastebin.com",
    "@timestamp": "2020-07-13T19:46:07",
    "MD5": "f2b9546e79dd1ca012c14589e766588e",
    "SHA256": "207f24b8f5978a8545d4c6730a54847f5ea02f176db145b0ca94873440625862",
    "raw_paste": "while not turtle.detect() do\r\n    repeat\r\n        turtle.forward()\r\n    until turtle.detect()\r\n    while turtle.detect() do\r\n\t\tturtle.dig() --1\r\n\t\tturtle.up() --sobe\r\n        turtle.dig() -- 2\r\n        turtle.up() --sobe\r\n\t\tturtle.dig() --3\r\n\t\tturtle.down()\r\n\t\tturtle.down()\r\n\t\tturtle.down()\r\n        turtle.forward()\r\n\t\tturtle.digDown()\r\n\t\tturtle.down\r\n       \tend\r\nend",
    "YaraRule": [
        "enable_org32",
        "core_keywords"
    ]
}