{
    "scrape_url": "https://scrape.pastebin.com/api_scrape_item.php?i=WGjbVaFv",
    "full_url": "https://pastebin.com/WGjbVaFv",
    "date": "1594902345",
    "key": "WGjbVaFv",
    "size": 1504,
    "expire": "0",
    "title": "home",
    "syntax": "lua",
    "user": "",
    "filename": "WGjbVaFv",
    "pasteid": "WGjbVaFv",
    "pastesite": "pastebin.com",
    "@timestamp": "2020-07-16T12:25:45",
    "MD5": "17ed60838ac074e69a6c7f0058bbf2ac",
    "SHA256": "09f875a6fd2eaf9a9f28d5c9eba53a29df12ba332b9a0e59e88e36a78f8a9cf1",
    "raw_paste": "function get_facing()\r\n    local a=vector.new(gps.locate())\r\n    forward()\r\n    local b=vector.new(gps.locate())\r\n    local heading=a-b\r\n    \r\n    return ((heading.x + math.abs(heading.x) * 2) + (heading.z + math.abs(heading.z) * 3))\r\nend\r\n\r\nfunction posFace()\r\n-- -x = 1\r\n-- -z = 2\r\n-- +x = 3\r\n-- +z = 4\r\n    i=get_facing()\r\n    print(i)\r\n    if i==1 then\r\n        turtle.turnLeft()\r\n        turtle.turnLeft()\r\n    elseif i==2 then\r\n        turtle.turnRight()\r\n    elseif i==4 then\r\n        turtle.turnLeft()\r\n    end\r\nend\r\n\r\nfunction forward()\r\n    if not turtle.forward() then\r\n        while not turtle.forward() do\r\n            turtle.dig()\r\n        end\r\n    end\r\nend\r\n\r\n----------------------------------------------------\r\n\r\n\r\nposFace()\r\n\r\nloc1 = vector.new(gps.locate())\r\nfor i=0,10 do\r\nturtle.up()\r\nend\r\nloc2 = vector.new(491, 4, 493)\r\n\r\n--X axis\r\n--Positive\r\ntot=loc1-loc2\r\nif tot.x >0 then\r\n    for i=0,tot.x-2 do\r\n        forward()\r\n    end\r\n\r\n--Negative\r\nelseif tot.x<0 then\r\n    tot.x=math.abs(tot.x)\r\n    turtle.turnLeft()\r\n    turtle.turnLeft()\r\n    for i=0,tot.x-2 do\r\n        forward()\r\n    end\r\nend\r\n\r\n--Z axis\r\n--positive\r\nposFace()\r\nturtle.turnRight()\r\nif tot.z>0 then\r\n    for i=0,tot.z-1 do\r\n        turtle.forward()\r\n    end\r\n--Negative\r\nelseif tot.z<0 then\r\n    tot.z=tot.z-tot.z*2\r\n    turtle.turnLeft()\r\n    turtle.turnLeft()\r\n    for i=0,tot.z-1 do\r\n        forward()\r\n    end    \r\nend\r\nloc1=vector.new(gps.locate())\r\nY=loc1.y-loc2.y\r\nfor i=0,Y do\r\n    \r\n    turtle.down()\r\nend",
    "YaraRule": [
        "enable_org32",
        "core_keywords"
    ]
}