{
    "scrape_url": "https://scrape.pastebin.com/api_scrape_item.php?i=WretpUGV",
    "full_url": "https://pastebin.com/WretpUGV",
    "date": "1594674260",
    "key": "WretpUGV",
    "size": 3420,
    "expire": "0",
    "title": "FillWall",
    "syntax": "lua",
    "user": "alsoadam",
    "filename": "WretpUGV",
    "pasteid": "WretpUGV",
    "pastesite": "pastebin.com",
    "@timestamp": "2020-07-13T21:04:20",
    "MD5": "392306278eb430e49b50a03154d6e8d4",
    "SHA256": "d2c97745ea44b35322f77b0a95699a1aedb42d838191f98c9db28cbbc1fb3c83",
    "raw_paste": "--Local Variables\r\nlocal currentSlot = 15\r\nlocal dir = 1\r\nlocal programName = \"FillWall()\"\r\nlocal avoidObstacles = false\r\n\r\n--Functions\r\nfunction PrintSetupInstructions()\r\n\tprint(\"SETUP:\")\r\n\tprint(\"Turtle will build from the bottom left corner.\")\r\n\tprint(\"Place fuel in the 16th slot and building material in the slots immediately preceding.\")\r\n\tprint(\"\")\r\n\tprint(\"Enter 'X' any time to cancel.\")\r\n\tprint(\"\")\r\nend\r\n\r\nfunction ClearScreen()\r\n\tterm.clear()\r\n\tterm.setCursorPos(1,1)\r\n\tprint(\"Running \", programName)\r\n\tprint(\"\")\r\nend\r\n\r\nfunction PrintBuildingScreen()\r\n\tClearScreen()\r\n\tprint(\"\")\r\n\tprint(\"Hold down ctrl + T to terminate\")\r\nend\r\n\r\nfunction GetUserInput()\r\n\tlocal input = read()\r\n\t\r\n\tif input == \"X\" or input == \"x\" then\r\n\t\tEndProgram(\"Program stopped.\")\r\n\tend\r\n\t\r\n\treturn input\r\nend\r\n\r\nfunction Refuel()\r\n\tif turtle.getFuelLevel() < 100 then\r\n\t\tturtle.select(16)\r\n\t\tif turtle.refuel(1) == false then\r\n\t\t\tprint(\"Out of fuel. Stopping construction.\")\r\n\t\t\terror()\r\n\t\tend\r\n\t\tturtle.select(currentSlot)\r\n\tend\r\nend\r\n\r\nfunction NextSlot()\r\n\tif (turtle.getItemCount(currentSlot - 1) > 1) then\r\n\t\tturtle.select(currentSlot - 1)\r\n\telseif (currentSlot < 15) then\r\n\t\tcurrentSlot = currentSlot + 1\r\n\t\tturtle.select(currentSlot)\r\n\telse\r\n\t\tEndProgram(\"Out of materials. Construction stopped.\")\r\n\tend\r\nend\r\n\r\nfunction PlaceBlock(direction)\r\n\tdirection = direction or \"forward\"\r\n\t\r\n\tRefuel()\r\n\t\r\n\tif direction == \"forward\" then\r\n\t\twhile turtle.place() == false do\r\n\t\t\tNextSlot()\r\n\t\tend\r\n\telseif direction == \"down\" then\r\n\t\twhile turtle.placeDown() == false do\r\n\t\t\tNextSlot()\r\n\t\tend\r\n\tend\r\n\t\r\n\tPrintBuildingScreen()\r\nend\r\n\r\nfunction EndProgram(Str)\r\n\tlocal message = Str or \"Construction complete.\"\r\n\t\r\n\tClearScreen()\r\n\tprint(message)\r\n\terror()\r\nend\r\n\r\nfunction Forward()\r\n\tRefuel()\r\n\r\n\tif turtle.forward() == false then\r\n\t\tUp()\r\n\t\tPlaceBlock(\"down\")\r\n\t\tEndProgram()\r\n\tend\r\nend\r\n\r\nfunction Up()\r\n\tRefuel()\r\n\r\n\tif turtle.up() == false then\r\n\t\tif dir == 1 then\r\n\t\t\tturtle.turnRight()\r\n\t\telse\r\n\t\t\tturtle.turnLeft()\r\n\t\tend\r\n\t\t\r\n\t\tturtle.back()\r\n\t\tPlaceBlock()\r\n\t\t\r\n\t\tEndProgram()\r\n\tend\r\nend\r\n\r\nfunction ManeuverAroundObstacle()\r\n\tlocal temp = false\r\n\r\n\twhile true do\r\n\t\tif turtle.detect() == false then\r\n\t\t\tturtle.forward()\r\n\t\t\t\r\n\t\t\tif dir == 1 then \r\n\t\t\t\tturtle.turnLeft()\r\n\t\t\telse \r\n\t\t\t\tturtle.turnRight() \r\n\t\t\tend\r\n\t\t\t\r\n\t\t\tif turtle.detect() == false then\r\n\t\t\t\ttemp = true\r\n\t\t\t\tbreak\r\n\t\t\tend\r\n\t\t\t\r\n\t\t\tturtle.turnLeft()\r\n\t\telse\r\n\t\t\tdir = dir * -1\r\n\t\t\tbreak\r\n\t\tend\r\n\tend\r\n\t\r\n\tif temp then\r\n\t\twhile turtle.detect() == false do\r\n\t\t\tturtle.forward()\r\n\t\tend\r\n\t\t\r\n\t\tif dir == 1 then \r\n\t\t\tturtle.turnRight()\r\n\t\telse \r\n\t\t\tturtle.turnLeft() \r\n\t\tend\r\n\tend\r\nend\r\n\r\nClearScreen()\r\nPrintSetupInstructions()\r\n\r\nprint(\"Should the turtle try to maneuver around obstacles? (y or n)\")\r\nif GetUserInput() == \"y\" then\r\n\tavoidObstacles = true\r\nend\r\n\r\nprint(\"Begin Construction? (y or n)\")\r\nif GetUserInput() ~= \"y\" then\r\n\tEndProgram(\"Program stopped.\")\r\nend\r\n\r\nPrintBuildingScreen()\r\n\r\n--Initial setup\r\nturtle.turnLeft()\r\n\r\nwhile (turtle.getItemCount(currentSlot) == 0) do\r\n\tcurrentSlot = currentSlot - 1;\r\nend\r\n\r\nwhile (turtle.getItemCount(currentSlot) > 1) do\r\n\tcurrentSlot = currentSlot - 1;\r\nend\r\n\r\n--Main loop\r\n\r\nwhile true do\r\n\tRefuel()\r\n\t\r\n\twhile true do\r\n\t\tif turtle.back() then \r\n\t\t\tPlaceBlock()\r\n\t\telse\r\n\t\t\tbreak\r\n\t\tend\r\n\tend\r\n\t\r\n\tUp()\r\n\tPlaceBlock(\"down\")\r\n\tturtle.turnRight()\r\n\tturtle.turnRight()\r\n\t\r\n\tdir = dir * -1\r\nend\r\n\r\nEndProgram()",
    "YaraRule": [
        "enable_org32",
        "core_keywords"
    ]
}