{
    "scrape_url": "https://scrape.pastebin.com/api_scrape_item.php?i=Wzme69Ew",
    "full_url": "https://pastebin.com/Wzme69Ew",
    "date": "1594909768",
    "key": "Wzme69Ew",
    "size": 1121,
    "expire": "0",
    "title": "fharmtrez",
    "syntax": "lua",
    "user": "",
    "filename": "Wzme69Ew",
    "pasteid": "Wzme69Ew",
    "pastesite": "pastebin.com",
    "@timestamp": "2020-07-16T14:29:28",
    "MD5": "25ad16085e912f0aa93c4b583cac4985",
    "SHA256": "8df9a0ea3349481a7c830618f0afc2b73310d6e4842f80264fa4a4d52d655310",
    "raw_paste": "os.loadAPI('hare')\r\n\r\nlocal blockExists, item\r\nlocal logCount=0\r\n\r\n--chex 4 digtri programm\r\nif not fs.exists('digtree02') then\r\n  error('digtree02 not installed')\r\nend\r\n\r\nwhile true do \r\n  --chek inven 4 saplinz\r\n  if not hare.selectItem('minecraft:sapling') then\r\n  error('no saplings')\r\nend\r\n\r\n  print('planting...')\r\n  turtle.place() -- plantz el saplin\r\n  \r\n--lewp til tri haz gron\r\nwhile true do \r\n  blockExists, item = turtle.inspect()\r\n  if blockExists and item['name'] == 'minecraft:sapling' then\r\n  --\"dye\" is the nam idee 4 bonmeel\r\n  if not hare.selectItem('minecraft:dye') then\r\n  error('no bonmeel')\r\n  end \r\n    \r\n  print('youzing bon meeeeeeeeeel')\r\n  turtle.place() --Youz bon meeel\r\n else \r\n   break --tri haz gron\r\n end\r\nend\r\n\r\nhare.selectEmptySlot()\r\nshell.run('digtree02') --runz digtri\r\n\r\n--go 2 shell\r\nturtle.back()\r\nturtle.turnLeft()\r\nturtle.turnLeft()\r\n\r\n--putt lawgz in shell\r\nwhile hare.selectItem('minecraft:log') do\r\n  logCount = logCount + turtle.getItemCount()\r\n  print('toetoll lawgz:'.. logCount) \r\n  turtle.drop()\r\nend\r\n\r\n--tern baque 2 plantin\r\nturtle.turnLeft()\r\nturtle.turnLeft()\r\nend",
    "YaraRule": [
        "enable_org32",
        "core_keywords"
    ]
}