{
    "scrape_url": "https://scrape.pastebin.com/api_scrape_item.php?i=X9ddTaKg",
    "full_url": "https://pastebin.com/X9ddTaKg",
    "date": "1594746140",
    "key": "X9ddTaKg",
    "size": 1174,
    "expire": "0",
    "title": "snake game",
    "syntax": "python",
    "user": "",
    "filename": "X9ddTaKg",
    "pasteid": "X9ddTaKg",
    "pastesite": "pastebin.com",
    "@timestamp": "2020-07-14T17:02:20",
    "MD5": "d34aa6e25ec42a7400db615a3b64343b",
    "SHA256": "fbb4e95e2a4446de0c8a4ce21a96e6150810c17a5c24b8765e57f7a4dccb3699",
    "raw_paste": "import turtle\r\nimport time\r\n\r\ndelay = 0.1\r\n\r\n#Background\r\nwn = turtle.Screen()\r\nwn.title(\"Snake game by Skylyn05\")\r\nwn.bgcolor(\"green\")\r\nwn.setup(width=600, height=600)\r\nwn.tracer(0) #turns off screen updates\r\n\r\n#Snakehead\r\nhead = turtle.Turtle()\r\nhead.speed(0)\r\nhead.shape(\"square\")\r\nhead.color(\"black\")\r\nhead.penup()\r\nhead.goto(0,0)\r\nhead.direction = \"stop\"\r\n\r\n#Functions\r\ndef go_up():\r\n    head.direction = \"up\"\r\n\r\ndef go_down():\r\n    head.direction = \"down\"\r\n\r\ndef go_left():\r\n    head.direction = \"left\"\r\n\r\ndef go_right():\r\n    head.direction = \"right\"\r\n\r\n\r\ndef move():\r\n    if head.direction == \"up\":\r\n        y = head.ycor()\r\n        head.sety(y + 20)\r\n    if head.direction == \"down\":\r\n        y = head.ycor()\r\n        head.sety(y - 20)\r\n    if head.direction == \"left\":\r\n        x = head.ycor()\r\n        head.setx(x - 20)\r\n    if head.direction == \"right\":\r\n        x = head.ycor()\r\n        head.setx(x + 20)\r\n\r\n#Keyboard bindings\r\nwn.listen()\r\nwn.onkeypress(go_up, \"w\")\r\nwn.onkeypress(go_down, \"s\")\r\nwn.onkeypress(go_left, \"a\")\r\nwn.onkeypress(go_right, \"d\")\r\n\r\n\r\n#Main game loop\r\nwhile True:\r\n    wn.update()\r\n\r\n    move()\r\n\r\n    time.sleep(delay)\r\n\r\nwn.mainloop()",
    "YaraRule": [
        "enable_org32",
        "core_keywords"
    ]
}