{
    "scrape_url": "https://scrape.pastebin.com/api_scrape_item.php?i=XESAstA8",
    "full_url": "https://pastebin.com/XESAstA8",
    "date": "1594658353",
    "key": "XESAstA8",
    "size": 68773,
    "expire": "0",
    "title": "",
    "syntax": "bash",
    "user": "",
    "filename": "XESAstA8",
    "pasteid": "XESAstA8",
    "pastesite": "pastebin.com",
    "@timestamp": "2020-07-13T16:39:13",
    "MD5": "407b9acaa50c45ebe0e0e903fa8f36a8",
    "SHA256": "7c9f58ffb63378ae099597b414cd89d2b66fa7970467abb19c84a075bc2d412f",
    "raw_paste": "\u256d\u2500klaim@KlaimLab ~/tools/build2\r\n\u2570\u2500$ ./build2-install-0.13.0-a.0-stage.sh --uninstall\r\n\r\n\r\n\r\n-------------------------------------------------------------------------\r\n\r\n\r\nAbout to uninstall build2 toolchain 0.13.0-a.0 (staged).\r\n\r\n\r\n\r\nInstall directory:   /usr/local/\r\n\r\nBuild configuration: build2-toolchain-0.13-a.0/\r\n\r\n\r\n\r\n\r\n\r\nContinue? [y/n] y\r\n\r\n+ cd build2-toolchain-0.13-a.0\r\n\r\n+ bpkg uninstall --all\r\n\r\nc++ build2-0.13.0-a.0.20200427110015.68cc1badd2eb/libbuild2/bin/cxx{init}\r\nc++ bdep-0.13.0-a.0.20200421135701.97fcffa04daf/bdep/cxx{config-options}\r\nc++ libbutl-0.13.0-a.0.20200414090352.62406eb17325/libbutl/cxx{sendmail}\r\nc++ build2-0.13.0-a.0.20200427110015.68cc1badd2eb/libbuild2/version/cxx{init}\r\nc++ bpkg-0.13.0-a.0.20200410160808.ef30db48d9a9/bpkg/cxx{common-options}\r\nc++ libbutl-0.13.0-a.0.20200414090352.62406eb17325/libbutl/cxx{builtin}\r\nc++ build2-0.13.0-a.0.20200427110015.68cc1badd2eb/build2/cxx{b}\r\nc++ libbutl-0.13.0-a.0.20200414090352.62406eb17325/libbutl/cxx{manifest-rewriter}\r\nc++ libbutl-0.13.0-a.0.20200414090352.62406eb17325/libbutl/cxx{tab-parser}\r\nc++ libbutl-0.13.0-a.0.20200414090352.62406eb17325/libbutl/cxx{builtin-options}\r\nc++ libbutl-0.13.0-a.0.20200414090352.62406eb17325/libbutl/cxx{manifest-parser}\r\nc++ bdep-0.13.0-a.0.20200421135701.97fcffa04daf/bdep/cxx{test-options}\r\nc++ bpkg-0.13.0-a.0.20200410160808.ef30db48d9a9/bpkg/cxx{configuration-options}\r\nc++ libbutl-0.13.0-a.0.20200414090352.62406eb17325/libbutl/cxx{command}\r\nc++ libbutl-0.13.0-a.0.20200414090352.62406eb17325/libbutl/cxx{uuid-linux}\r\nc++ bdep-0.13.0-a.0.20200421135701.97fcffa04daf/bdep/cxx{update-options}\r\nc++ libbutl-0.13.0-a.0.20200414090352.62406eb17325/libbutl/cxx{uuid-io}\r\nc++ build2-0.13.0-a.0.20200427110015.68cc1badd2eb/libbuild2/bin/cxx{guess}\r\nc++ build2-0.13.0-a.0.20200427110015.68cc1badd2eb/libbuild2/version/cxx{utility}\r\nc++ libbutl-0.13.0-a.0.20200414090352.62406eb17325/libbutl/cxx{process-io}\r\nc++ bpkg-0.13.0-a.0.20200410160808.ef30db48d9a9/bpkg/cxx{help-options}\r\nc++ libbutl-0.13.0-a.0.20200414090352.62406eb17325/libbutl/cxx{fdstream}\r\nc++ libbutl-0.13.0-a.0.20200414090352.62406eb17325/libbutl/cxx{sha256}\r\nc++ bdep-0.13.0-a.0.20200421135701.97fcffa04daf/bdep/cxx{clean-options}\r\nc++ libbutl-0.13.0-a.0.20200414090352.62406eb17325/libbutl/cxx{backtrace}\r\nc++ libbutl-0.13.0-a.0.20200414090352.62406eb17325/libbutl/cxx{string-parser}\r\nc++ libbutl-0.13.0-a.0.20200414090352.62406eb17325/libbutl/cxx{semantic-version}\r\nc++ libbutl-0.13.0-a.0.20200414090352.62406eb17325/libbutl/cxx{default-options}\r\nc++ libbutl-0.13.0-a.0.20200414090352.62406eb17325/libbutl/cxx{utility}\r\nc++ bpkg-0.13.0-a.0.20200410160808.ef30db48d9a9/bpkg/cxx{pkg-build-options}\r\nc++ libbutl-0.13.0-a.0.20200414090352.62406eb17325/libbutl/cxx{path}\r\nc++ libbutl-0.13.0-a.0.20200414090352.62406eb17325/libbutl/cxx{git}\r\nc++ bdep-0.13.0-a.0.20200421135701.97fcffa04daf/bdep/cxx{projects-configs}\r\nc++ build2-0.13.0-a.0.20200427110015.68cc1badd2eb/libbuild2/bin/cxx{target}\r\nc++ libbutl-0.13.0-a.0.20200414090352.62406eb17325/libbutl/cxx{curl}\r\nc++ libbutl-0.13.0-a.0.20200414090352.62406eb17325/libbutl/cxx{manifest-serializer}\r\nc++ build2-0.13.0-a.0.20200427110015.68cc1badd2eb/libbuild2/config/cxx{functions}\r\nc++ libbutl-0.13.0-a.0.20200414090352.62406eb17325/libbutl/cxx{process-run}\r\nc++ libbutl-0.13.0-a.0.20200414090352.62406eb17325/libbutl/cxx{standard-version}\r\nc++ libbutl-0.13.0-a.0.20200414090352.62406eb17325/libbutl/cxx{regex}\r\nc++ libbutl-0.13.0-a.0.20200414090352.62406eb17325/libbutl/cxx{process}\r\nc++ bdep-0.13.0-a.0.20200421135701.97fcffa04daf/bdep/cxx{default-options-files}\r\nc++ libbutl-0.13.0-a.0.20200414090352.62406eb17325/libbutl/cxx{prompt}\r\nc++ libbutl-0.13.0-a.0.20200414090352.62406eb17325/libbutl/cxx{diagnostics}\r\nc++ bpkg-0.13.0-a.0.20200410160808.ef30db48d9a9/bpkg/cxx{pkg-checkout-options}\r\nc++ libbutl-0.13.0-a.0.20200414090352.62406eb17325/libbutl/cxx{openssl}\r\nc++ libbutl-0.13.0-a.0.20200414090352.62406eb17325/libbutl/cxx{uuid}\r\nc++ build2-0.13.0-a.0.20200427110015.68cc1badd2eb/libbuild2/config/cxx{init}\r\nc++ bdep-0.13.0-a.0.20200421135701.97fcffa04daf/bdep/cxx{project-odb}\r\nc++ libbutl-0.13.0-a.0.20200414090352.62406eb17325/libbutl/cxx{base64}\r\nc++ libbutl-0.13.0-a.0.20200414090352.62406eb17325/libbutl/cxx{sha1}\r\nc++ libbutl-0.13.0-a.0.20200414090352.62406eb17325/libbutl/cxx{unicode}\r\nc++ libbutl-0.13.0-a.0.20200414090352.62406eb17325/libbutl/cxx{project-name}\r\nc++ libbutl-0.13.0-a.0.20200414090352.62406eb17325/libbutl/cxx{path-pattern}\r\nc++ libbutl-0.13.0-a.0.20200414090352.62406eb17325/libbutl/cxx{filesystem}\r\nc++ libbutl-0.13.0-a.0.20200414090352.62406eb17325/libbutl/cxx{timestamp}\r\nc++ build2-0.13.0-a.0.20200427110015.68cc1badd2eb/libbuild2/c/cxx{init}\r\nc++ bpkg-0.13.0-a.0.20200410160808.ef30db48d9a9/bpkg/cxx{pkg-clean-options}\r\nc++ build2-0.13.0-a.0.20200427110015.68cc1badd2eb/libbuild2/cc/cxx{windows-rpath}\r\nc++ build2-0.13.0-a.0.20200427110015.68cc1badd2eb/libbuild2/cxx/cxx{init}\r\nc++ build2-0.13.0-a.0.20200427110015.68cc1badd2eb/libbuild2/in/cxx{rule}\r\nc++ bpkg-0.13.0-a.0.20200410160808.ef30db48d9a9/bpkg/cxx{pkg-configure-options}\r\nc++ bdep-0.13.0-a.0.20200421135701.97fcffa04daf/bdep/cxx{database-views-odb}\r\nc++ bdep-0.13.0-a.0.20200421135701.97fcffa04daf/bdep/cxx{bdep}\r\nld libbutl-0.13.0-a.0.20200414090352.62406eb17325/libbutl/libs{butl}\r\nc++ bdep-0.13.0-a.0.20200421135701.97fcffa04daf/bdep/cxx{ci}\r\nc++ build2-0.13.0-a.0.20200427110015.68cc1badd2eb/libbuild2/cc/cxx{windows-manifest}\r\nc++ bpkg-0.13.0-a.0.20200410160808.ef30db48d9a9/bpkg/cxx{pkg-disfigure-options}\r\nc++ build2-0.13.0-a.0.20200427110015.68cc1badd2eb/libbuild2/cxx/cxx{target}\r\nc++ libodb-sqlite-2.5.0-b.18.20200213094840.db06aa25c9dc/odb/sqlite/cxx{stream}\r\nc++ build2-0.13.0-a.0.20200427110015.68cc1badd2eb/libbuild2/config/cxx{operation}\r\nc++ build2-0.13.0-a.0.20200427110015.68cc1badd2eb/libbuild2/in/cxx{init}\r\nc++ libodb-sqlite-2.5.0-b.18.20200213094840.db06aa25c9dc/odb/sqlite/cxx{query-const-expr}\r\nc++ libodb-sqlite-2.5.0-b.18.20200213094840.db06aa25c9dc/odb/sqlite/cxx{simple-object-statements}\r\nc++ bpkg-0.13.0-a.0.20200410160808.ef30db48d9a9/bpkg/cxx{pkg-drop-options}\r\nc++ libodb-sqlite-2.5.0-b.18.20200213094840.db06aa25c9dc/odb/sqlite/cxx{transaction-impl}\r\nc++ build2-0.13.0-a.0.20200427110015.68cc1badd2eb/libbuild2/cc/cxx{msvc}\r\nc++ build2-0.13.0-a.0.20200427110015.68cc1badd2eb/libbuild2/in/cxx{target}\r\nc++ libodb-sqlite-2.5.0-b.18.20200213094840.db06aa25c9dc/odb/sqlite/cxx{connection-factory}\r\nc++ bdep-0.13.0-a.0.20200421135701.97fcffa04daf/bdep/cxx{release}\r\nc++ bdep-0.13.0-a.0.20200421135701.97fcffa04daf/bdep/cxx{utility}\r\nc++ bpkg-0.13.0-a.0.20200410160808.ef30db48d9a9/bpkg/cxx{pkg-fetch-options}\r\nc++ libodb-sqlite-2.5.0-b.18.20200213094840.db06aa25c9dc/odb/sqlite/cxx{statement}\r\nc++ build2-0.13.0-a.0.20200427110015.68cc1badd2eb/libbuild2/config/cxx{module}\r\nc++ bdep-0.13.0-a.0.20200421135701.97fcffa04daf/bdep/cxx{types-parsers}\r\nc++ libodb-sqlite-2.5.0-b.18.20200213094840.db06aa25c9dc/odb/sqlite/cxx{prepared-query}\r\nc++ bpkg-0.13.0-a.0.20200410160808.ef30db48d9a9/bpkg/cxx{pkg-install-options}\r\nc++ build2-0.13.0-a.0.20200427110015.68cc1badd2eb/libbuild2/cc/cxx{module}\r\nc++ libodb-sqlite-2.5.0-b.18.20200213094840.db06aa25c9dc/odb/sqlite/cxx{query-dynamic}\r\nc++ bdep-0.13.0-a.0.20200421135701.97fcffa04daf/bdep/cxx{git}\r\nc++ libodb-sqlite-2.5.0-b.18.20200213094840.db06aa25c9dc/odb/sqlite/cxx{statement-cache}\r\nc++ bdep-0.13.0-a.0.20200421135701.97fcffa04daf/bdep/cxx{init}\r\nc++ build2-0.13.0-a.0.20200427110015.68cc1badd2eb/libbuild2/config/cxx{host-config}\r\nc++ build2-0.13.0-a.0.20200427110015.68cc1badd2eb/libbuild2/dist/cxx{init}\r\nc++ bdep-0.13.0-a.0.20200421135701.97fcffa04daf/bdep/cxx{release-parsers}\r\nc++ libodb-sqlite-2.5.0-b.18.20200213094840.db06aa25c9dc/odb/sqlite/cxx{connection}\r\nc++ bpkg-0.13.0-a.0.20200410160808.ef30db48d9a9/bpkg/cxx{pkg-purge-options}\r\nc++ bdep-0.13.0-a.0.20200421135701.97fcffa04daf/bdep/cxx{ci-parsers}\r\nc++ bdep-0.13.0-a.0.20200421135701.97fcffa04daf/bdep/cxx{project-author}\r\nc++ libodb-sqlite-2.5.0-b.18.20200213094840.db06aa25c9dc/odb/sqlite/details/cxx{options}\r\nc++ bdep-0.13.0-a.0.20200421135701.97fcffa04daf/bdep/cxx{project}\r\nc++ bpkg-0.13.0-a.0.20200410160808.ef30db48d9a9/bpkg/cxx{pkg-test-options}\r\nc++ bdep-0.13.0-a.0.20200421135701.97fcffa04daf/bdep/cxx{status}\r\nc++ bdep-0.13.0-a.0.20200421135701.97fcffa04daf/bdep/cxx{new}\r\nc libsqlite3-3.27.2+1/libsqlite3/c{sqlite3}\r\n\r\nc++ bdep-0.13.0-a.0.20200421135701.97fcffa04daf/bdep/cxx{diagnostics}\r\nc++ build2-0.13.0-a.0.20200427110015.68cc1badd2eb/libbuild2/cc/cxx{common}\r\nc++ build2-0.13.0-a.0.20200427110015.68cc1badd2eb/libbuild2/dist/cxx{operation}\r\nc++ bpkg-0.13.0-a.0.20200410160808.ef30db48d9a9/bpkg/cxx{pkg-status-options}\r\nc++ bdep-0.13.0-a.0.20200421135701.97fcffa04daf/bdep/cxx{help}\r\nc++ bdep-0.13.0-a.0.20200421135701.97fcffa04daf/bdep/cxx{new-parsers}\r\nc++ bdep-0.13.0-a.0.20200421135701.97fcffa04daf/bdep/cxx{http-service}\r\nc++ bdep-0.13.0-a.0.20200421135701.97fcffa04daf/bdep/cxx{publish}\r\nc++ bpkg-0.13.0-a.0.20200410160808.ef30db48d9a9/bpkg/cxx{pkg-uninstall-options}\r\nc++ bdep-0.13.0-a.0.20200421135701.97fcffa04daf/bdep/cxx{sync}\r\nc++ build2-0.13.0-a.0.20200427110015.68cc1badd2eb/libbuild2/cc/cxx{install-rule}\r\nc++ bpkg-0.13.0-a.0.20200410160808.ef30db48d9a9/bpkg/cxx{pkg-unpack-options}\r\nc++ build2-0.13.0-a.0.20200427110015.68cc1badd2eb/libbuild2/dist/cxx{module}\r\nc++ bdep-0.13.0-a.0.20200421135701.97fcffa04daf/bdep/cxx{deinit}\r\nc++ build2-0.13.0-a.0.20200427110015.68cc1badd2eb/libbuild2/dist/cxx{rule}\r\nc++ bpkg-0.13.0-a.0.20200410160808.ef30db48d9a9/bpkg/cxx{pkg-update-options}\r\nc++ build2-0.13.0-a.0.20200427110015.68cc1badd2eb/libbuild2/cc/cxx{compile-rule}\r\nc++ bpkg-0.13.0-a.0.20200410160808.ef30db48d9a9/bpkg/cxx{pkg-verify-options}\r\nc++ bdep-0.13.0-a.0.20200421135701.97fcffa04daf/bdep/cxx{config}\r\nc++ build2-0.13.0-a.0.20200427110015.68cc1badd2eb/libbuild2/install/cxx{functions}\r\nc++ bdep-0.13.0-a.0.20200421135701.97fcffa04daf/bdep/cxx{fetch}\r\nc++ bdep-0.13.0-a.0.20200421135701.97fcffa04daf/bdep/cxx{database}\r\nc++ bdep-0.13.0-a.0.20200421135701.97fcffa04daf/bdep/cxx{bdep-options}\r\nc++ bpkg-0.13.0-a.0.20200410160808.ef30db48d9a9/bpkg/cxx{rep-add-options}\r\nc++ build2-0.13.0-a.0.20200427110015.68cc1badd2eb/libbuild2/install/cxx{init}\r\nc++ bdep-0.13.0-a.0.20200421135701.97fcffa04daf/bdep/cxx{common-options}\r\nc++ bdep-0.13.0-a.0.20200421135701.97fcffa04daf/bdep/cxx{project-options}\r\nc++ bpkg-0.13.0-a.0.20200410160808.ef30db48d9a9/bpkg/cxx{rep-create-options}\r\nc++ bdep-0.13.0-a.0.20200421135701.97fcffa04daf/bdep/cxx{help-options}\r\nc++ bdep-0.13.0-a.0.20200421135701.97fcffa04daf/bdep/cxx{new-options}\r\nc++ bdep-0.13.0-a.0.20200421135701.97fcffa04daf/bdep/cxx{init-options}\r\nc++ bpkg-0.13.0-a.0.20200410160808.ef30db48d9a9/bpkg/cxx{rep-fetch-options}\r\nc++ bdep-0.13.0-a.0.20200421135701.97fcffa04daf/bdep/cxx{sync-options}\r\nc++ bdep-0.13.0-a.0.20200421135701.97fcffa04daf/bdep/cxx{fetch-options}\r\nc++ build2-0.13.0-a.0.20200427110015.68cc1badd2eb/libbuild2/install/cxx{operation}\r\nc++ bdep-0.13.0-a.0.20200421135701.97fcffa04daf/bdep/cxx{status-options}\r\nc++ bpkg-0.13.0-a.0.20200410160808.ef30db48d9a9/bpkg/cxx{rep-info-options}\r\nc++ libbpkg-0.13.0-a.0.20200410160708.95ca09c8b51d/libbpkg/cxx{manifest}\r\nc++ build2-0.13.0-a.0.20200427110015.68cc1badd2eb/libbuild2/cc/cxx{link-rule}\r\nc++ libodb-2.5.0-b.18.20200213114838.4af884fd8e6d/odb/details/shared-ptr/cxx{base}\r\nc++ libodb-2.5.0-b.18.20200213114838.4af884fd8e6d/odb/details/cxx{thread}\r\nc++ libodb-sqlite-2.5.0-b.18.20200213094840.db06aa25c9dc/odb/sqlite/cxx{transaction}\r\nc++ build2-0.13.0-a.0.20200427110015.68cc1badd2eb/libbuild2/install/cxx{rule}\r\nc++ libodb-2.5.0-b.18.20200213114838.4af884fd8e6d/odb/details/cxx{buffer}\r\nc++ libodb-2.5.0-b.18.20200213114838.4af884fd8e6d/odb/cxx{database}\r\nc++ libodb-sqlite-2.5.0-b.18.20200213094840.db06aa25c9dc/odb/sqlite/cxx{query}\r\nc++ libodb-sqlite-2.5.0-b.18.20200213094840.db06aa25c9dc/odb/sqlite/cxx{exceptions}\r\nc++ bpkg-0.13.0-a.0.20200410160808.ef30db48d9a9/bpkg/cxx{rep-list-options}\r\nc++ libodb-2.5.0-b.18.20200213114838.4af884fd8e6d/odb/cxx{connection}\r\nc++ libodb-sqlite-2.5.0-b.18.20200213094840.db06aa25c9dc/odb/sqlite/cxx{error}\r\nc++ libodb-sqlite-2.5.0-b.18.20200213094840.db06aa25c9dc/odb/sqlite/cxx{statements-base}\r\nc++ libodb-2.5.0-b.18.20200213114838.4af884fd8e6d/odb/cxx{tracer}\r\nc++ libodb-sqlite-2.5.0-b.18.20200213094840.db06aa25c9dc/odb/sqlite/cxx{tracer}\r\nc++ libodb-2.5.0-b.18.20200213114838.4af884fd8e6d/odb/cxx{query-dynamic}\r\nc++ libodb-sqlite-2.5.0-b.18.20200213094840.db06aa25c9dc/odb/sqlite/cxx{database}\r\nc++ libodb-sqlite-2.5.0-b.18.20200213094840.db06aa25c9dc/odb/sqlite/cxx{traits}\r\nc++ bpkg-0.13.0-a.0.20200410160808.ef30db48d9a9/bpkg/cxx{rep-remove-options}\r\nc++ libodb-2.5.0-b.18.20200213114838.4af884fd8e6d/odb/cxx{prepared-query}\r\nc++ libodb-2.5.0-b.18.20200213114838.4af884fd8e6d/odb/cxx{vector-impl}\r\nc++ libodb-2.5.0-b.18.20200213114838.4af884fd8e6d/odb/cxx{exceptions}\r\nc++ libodb-2.5.0-b.18.20200213114838.4af884fd8e6d/odb/cxx{statement-processing}\r\nc++ libodb-2.5.0-b.18.20200213114838.4af884fd8e6d/odb/cxx{session}\r\nc++ build2-0.13.0-a.0.20200427110015.68cc1badd2eb/libbuild2/test/cxx{target}\r\nc++ libodb-2.5.0-b.18.20200213114838.4af884fd8e6d/odb/cxx{section}\r\nc++ libodb-2.5.0-b.18.20200213114838.4af884fd8e6d/odb/cxx{transaction}\r\nc++ libodb-2.5.0-b.18.20200213114838.4af884fd8e6d/odb/cxx{result}\r\nc++ libodb-2.5.0-b.18.20200213114838.4af884fd8e6d/odb/cxx{statement}\r\nc++ bpkg-0.13.0-a.0.20200410160808.ef30db48d9a9/bpkg/cxx{repository-signing}\r\nc++ libodb-2.5.0-b.18.20200213114838.4af884fd8e6d/odb/cxx{schema-catalog}\r\nc++ bpkg-0.13.0-a.0.20200410160808.ef30db48d9a9/bpkg/cxx{bpkg}\r\nc++ bpkg-0.13.0-a.0.20200410160808.ef30db48d9a9/bpkg/cxx{cfg-create}\r\nc++ build2-0.13.0-a.0.20200427110015.68cc1badd2eb/libbuild2/test/cxx{init}\r\nc++ bpkg-0.13.0-a.0.20200410160808.ef30db48d9a9/bpkg/cxx{default-options-files}\r\nc++ build2-0.13.0-a.0.20200427110015.68cc1badd2eb/libbuild2/cc/cxx{parser}\r\nld libodb-2.5.0-b.18.20200213114838.4af884fd8e6d/odb/libs{odb}\r\nc++ bpkg-0.13.0-a.0.20200410160808.ef30db48d9a9/bpkg/cxx{system-repository}\r\nc++ bpkg-0.13.0-a.0.20200410160808.ef30db48d9a9/bpkg/cxx{package-odb}\r\nld libbpkg-0.13.0-a.0.20200410160708.95ca09c8b51d/libbpkg/libs{bpkg}\r\nc++ bpkg-0.13.0-a.0.20200410160808.ef30db48d9a9/bpkg/cxx{rep-list}\r\nc++ bpkg-0.13.0-a.0.20200410160808.ef30db48d9a9/bpkg/cxx{rep-create}\r\nc++ build2-0.13.0-a.0.20200427110015.68cc1badd2eb/libbuild2/cc/cxx{init}\r\nc++ bpkg-0.13.0-a.0.20200410160808.ef30db48d9a9/bpkg/cxx{rep-remove}\r\nc++ bpkg-0.13.0-a.0.20200410160808.ef30db48d9a9/bpkg/cxx{utility}\r\nc++ build2-0.13.0-a.0.20200427110015.68cc1badd2eb/libbuild2/test/script/cxx{lexer}\r\nc++ bpkg-0.13.0-a.0.20200410160808.ef30db48d9a9/bpkg/cxx{types-parsers}\r\nc++ build2-0.13.0-a.0.20200427110015.68cc1badd2eb/libbuild2/cc/cxx{lexer}\r\nc++ bpkg-0.13.0-a.0.20200410160808.ef30db48d9a9/bpkg/cxx{rep-add}\r\nc++ build2-0.13.0-a.0.20200427110015.68cc1badd2eb/libbuild2/test/script/cxx{parser}\r\nc++ bpkg-0.13.0-a.0.20200410160808.ef30db48d9a9/bpkg/cxx{pkg-purge}\r\nc++ bpkg-0.13.0-a.0.20200410160808.ef30db48d9a9/bpkg/cxx{pkg-drop}\r\nc++ build2-0.13.0-a.0.20200427110015.68cc1badd2eb/libbuild2/cc/cxx{utility}\r\nc++ bpkg-0.13.0-a.0.20200410160808.ef30db48d9a9/bpkg/cxx{satisfaction}\r\nc++ bpkg-0.13.0-a.0.20200410160808.ef30db48d9a9/bpkg/cxx{rep-info}\r\nc++ bpkg-0.13.0-a.0.20200410160808.ef30db48d9a9/bpkg/cxx{pkg-command}\r\nc++ bpkg-0.13.0-a.0.20200410160808.ef30db48d9a9/bpkg/cxx{fetch-pkg}\r\nc++ build2-0.13.0-a.0.20200427110015.68cc1badd2eb/libbuild2/cc/cxx{guess}\r\nc++ bpkg-0.13.0-a.0.20200410160808.ef30db48d9a9/bpkg/cxx{pkg-status}\r\nc++ bpkg-0.13.0-a.0.20200410160808.ef30db48d9a9/bpkg/cxx{argument-grouping}\r\nc++ bpkg-0.13.0-a.0.20200410160808.ef30db48d9a9/bpkg/cxx{rep-fetch}\r\nc++ bpkg-0.13.0-a.0.20200410160808.ef30db48d9a9/bpkg/cxx{manifest-utility}\r\nc++ bpkg-0.13.0-a.0.20200410160808.ef30db48d9a9/bpkg/cxx{diagnostics}\r\nld libsqlite3-3.27.2+1/libsqlite3/libs{sqlite3}\r\n\r\nld libodb-sqlite-2.5.0-b.18.20200213094840.db06aa25c9dc/odb/sqlite/libs{odb-sqlite}\r\nar bdep-0.13.0-a.0.20200421135701.97fcffa04daf/bdep/libue{bdep}\r\nld bdep-0.13.0-a.0.20200421135701.97fcffa04daf/bdep/exe{bdep}\r\nc++ bpkg-0.13.0-a.0.20200410160808.ef30db48d9a9/bpkg/cxx{pkg-build}\r\nc++ bpkg-0.13.0-a.0.20200410160808.ef30db48d9a9/bpkg/cxx{help}\r\nc++ build2-0.13.0-a.0.20200427110015.68cc1badd2eb/libbuild2/test/script/cxx{regex}\r\nc++ bpkg-0.13.0-a.0.20200410160808.ef30db48d9a9/bpkg/cxx{fetch-git}\r\nc++ bpkg-0.13.0-a.0.20200410160808.ef30db48d9a9/bpkg/cxx{pkg-fetch}\r\nc++ bpkg-0.13.0-a.0.20200410160808.ef30db48d9a9/bpkg/cxx{auth}\r\nc++ build2-0.13.0-a.0.20200427110015.68cc1badd2eb/libbuild2/cc/cxx{target}\r\nc++ bpkg-0.13.0-a.0.20200410160808.ef30db48d9a9/bpkg/cxx{pkg-verify}\r\nc++ bpkg-0.13.0-a.0.20200410160808.ef30db48d9a9/bpkg/cxx{archive}\r\nc++ build2-0.13.0-a.0.20200427110015.68cc1badd2eb/libbuild2/test/script/cxx{token}\r\nc++ bpkg-0.13.0-a.0.20200410160808.ef30db48d9a9/bpkg/cxx{pkg-unpack}\r\nc++ bpkg-0.13.0-a.0.20200410160808.ef30db48d9a9/bpkg/cxx{pkg-disfigure}\r\nc++ bpkg-0.13.0-a.0.20200410160808.ef30db48d9a9/bpkg/cxx{checksum}\r\nc++ bpkg-0.13.0-a.0.20200410160808.ef30db48d9a9/bpkg/cxx{pkg-checkout}\r\nc++ build2-0.13.0-a.0.20200427110015.68cc1badd2eb/libbuild2/test/script/cxx{script}\r\nc++ bpkg-0.13.0-a.0.20200410160808.ef30db48d9a9/bpkg/cxx{pkg-configure}\r\nc++ bpkg-0.13.0-a.0.20200410160808.ef30db48d9a9/bpkg/cxx{fetch}\r\nc++ bpkg-0.13.0-a.0.20200410160808.ef30db48d9a9/bpkg/cxx{repository-types}\r\nc++ build2-0.13.0-a.0.20200427110015.68cc1badd2eb/libbuild2/cxx{context}\r\nc++ build2-0.13.0-a.0.20200427110015.68cc1badd2eb/libbuild2/cxx{functions-target-triplet}\r\nc++ build2-0.13.0-a.0.20200427110015.68cc1badd2eb/libbuild2/cxx{prerequisite}\r\nc++ build2-0.13.0-a.0.20200427110015.68cc1badd2eb/libbuild2/cxx{target}\r\nc++ build2-0.13.0-a.0.20200427110015.68cc1badd2eb/libbuild2/cxx{function}\r\nc++ build2-0.13.0-a.0.20200427110015.68cc1badd2eb/libbuild2/test/script/cxx{builtin-options}\r\nc++ build2-0.13.0-a.0.20200427110015.68cc1badd2eb/libbuild2/cxx{dump}\r\nc++ build2-0.13.0-a.0.20200427110015.68cc1badd2eb/libbuild2/test/cxx{rule}\r\nc++ build2-0.13.0-a.0.20200427110015.68cc1badd2eb/libbuild2/cxx{spec}\r\nc++ build2-0.13.0-a.0.20200427110015.68cc1badd2eb/libbuild2/cxx{algorithm}\r\nc++ build2-0.13.0-a.0.20200427110015.68cc1badd2eb/libbuild2/cxx{utility}\r\nc++ build2-0.13.0-a.0.20200427110015.68cc1badd2eb/libbuild2/cxx{lexer}\r\nc++ build2-0.13.0-a.0.20200427110015.68cc1badd2eb/libbuild2/cxx{scope}\r\nc++ build2-0.13.0-a.0.20200427110015.68cc1badd2eb/libbuild2/cxx{functions-filesystem}\r\nc++ build2-0.13.0-a.0.20200427110015.68cc1badd2eb/libbuild2/cxx{functions-process-path}\r\nc++ build2-0.13.0-a.0.20200427110015.68cc1badd2eb/libbuild2/cxx{parser}\r\nc++ build2-0.13.0-a.0.20200427110015.68cc1badd2eb/libbuild2/cxx{functions-project-name}\r\nc++ build2-0.13.0-a.0.20200427110015.68cc1badd2eb/libbuild2/cxx{name}\r\nc++ build2-0.13.0-a.0.20200427110015.68cc1badd2eb/libbuild2/cxx{token}\r\nc++ build2-0.13.0-a.0.20200427110015.68cc1badd2eb/libbuild2/test/cxx{common}\r\nc++ build2-0.13.0-a.0.20200427110015.68cc1badd2eb/libbuild2/cxx{scheduler}\r\nc++ build2-0.13.0-a.0.20200427110015.68cc1badd2eb/libbuild2/cxx{diagnostics}\r\nc++ build2-0.13.0-a.0.20200427110015.68cc1badd2eb/libbuild2/cxx{file}\r\nc++ build2-0.13.0-a.0.20200427110015.68cc1badd2eb/libbuild2/cxx{operation}\r\nc++ build2-0.13.0-a.0.20200427110015.68cc1badd2eb/libbuild2/cxx{functions-name}\r\nc++ build2-0.13.0-a.0.20200427110015.68cc1badd2eb/libbuild2/cxx{functions-string}\r\nc++ build2-0.13.0-a.0.20200427110015.68cc1badd2eb/libbuild2/cxx{module}\r\nc++ build2-0.13.0-a.0.20200427110015.68cc1badd2eb/libbuild2/test/cxx{operation}\r\nc++ build2-0.13.0-a.0.20200427110015.68cc1badd2eb/libbuild2/cxx{functions-path}\r\nc++ build2-0.13.0-a.0.20200427110015.68cc1badd2eb/libbuild2/cxx{functions-process}\r\nc++ build2-0.13.0-a.0.20200427110015.68cc1badd2eb/libbuild2/test/script/cxx{runner}\r\nc++ build2-0.13.0-a.0.20200427110015.68cc1badd2eb/libbuild2/cxx{filesystem}\r\nc++ build2-0.13.0-a.0.20200427110015.68cc1badd2eb/libbuild2/cxx{functions-regex}\r\nc++ build2-0.13.0-a.0.20200427110015.68cc1badd2eb/libbuild2/cxx{depdb}\r\nc++ build2-0.13.0-a.0.20200427110015.68cc1badd2eb/libbuild2/cxx{functions-builtin}\r\nc++ build2-0.13.0-a.0.20200427110015.68cc1badd2eb/libbuild2/cxx{rule}\r\nc++ build2-0.13.0-a.0.20200427110015.68cc1badd2eb/libbuild2/cxx{search}\r\nar bpkg-0.13.0-a.0.20200410160808.ef30db48d9a9/bpkg/libue{bpkg}\r\nld bpkg-0.13.0-a.0.20200410160808.ef30db48d9a9/bpkg/exe{bpkg}\r\nar build2-0.13.0-a.0.20200427110015.68cc1badd2eb/libbuild2/libus{build2}\r\nld build2-0.13.0-a.0.20200427110015.68cc1badd2eb/libbuild2/libs{build2}\r\nar build2-0.13.0-a.0.20200427110015.68cc1badd2eb/libbuild2/in/libus{build2-in}\r\nar build2-0.13.0-a.0.20200427110015.68cc1badd2eb/libbuild2/bin/libus{build2-bin}\r\nld build2-0.13.0-a.0.20200427110015.68cc1badd2eb/libbuild2/in/libs{build2-in}\r\nld build2-0.13.0-a.0.20200427110015.68cc1badd2eb/libbuild2/bin/libs{build2-bin}\r\nar build2-0.13.0-a.0.20200427110015.68cc1badd2eb/libbuild2/bash/libus{build2-bash}\r\nar build2-0.13.0-a.0.20200427110015.68cc1badd2eb/libbuild2/version/libus{build2-version}\r\nld build2-0.13.0-a.0.20200427110015.68cc1badd2eb/libbuild2/bash/libs{build2-bash}\r\nld build2-0.13.0-a.0.20200427110015.68cc1badd2eb/libbuild2/version/libs{build2-version}\r\nar build2-0.13.0-a.0.20200427110015.68cc1badd2eb/libbuild2/cc/libus{build2-cc}\r\nld build2-0.13.0-a.0.20200427110015.68cc1badd2eb/libbuild2/cc/libs{build2-cc}\r\nar build2-0.13.0-a.0.20200427110015.68cc1badd2eb/libbuild2/cxx/libus{build2-cxx}\r\nar build2-0.13.0-a.0.20200427110015.68cc1badd2eb/libbuild2/c/libus{build2-c}\r\nld build2-0.13.0-a.0.20200427110015.68cc1badd2eb/libbuild2/cxx/libs{build2-cxx}\r\nld build2-0.13.0-a.0.20200427110015.68cc1badd2eb/libbuild2/c/libs{build2-c}\r\nld build2-0.13.0-a.0.20200427110015.68cc1badd2eb/build2/exe{b}\r\nuninstall bdep-0.13.0-a.0.20200421135701.97fcffa04daf/manifest{manifest}\r\n[sudo] password for klaim:\r\n\r\nSorry, try again.\r\n\r\n[sudo] password for klaim:\r\n\r\nuninstall bdep-0.13.0-a.0.20200421135701.97fcffa04daf/doc{README}\r\nuninstall bdep-0.13.0-a.0.20200421135701.97fcffa04daf/doc{NEWS}\r\nuninstall bdep-0.13.0-a.0.20200421135701.97fcffa04daf/doc{LEGAL}\r\nuninstall bdep-0.13.0-a.0.20200421135701.97fcffa04daf/doc{AUTHORS}\r\nuninstall bdep-0.13.0-a.0.20200421135701.97fcffa04daf/doc{LICENSE}\r\nuninstall bdep-0.13.0-a.0.20200421135701.97fcffa04daf/doc/xhtml{bdep-clean}\r\nuninstall bdep-0.13.0-a.0.20200421135701.97fcffa04daf/doc/xhtml{bdep-update}\r\nuninstall bdep-0.13.0-a.0.20200421135701.97fcffa04daf/doc/xhtml{bdep-test}\r\nuninstall bdep-0.13.0-a.0.20200421135701.97fcffa04daf/doc/xhtml{bdep-config}\r\nuninstall bdep-0.13.0-a.0.20200421135701.97fcffa04daf/doc/xhtml{bdep-deinit}\r\nuninstall bdep-0.13.0-a.0.20200421135701.97fcffa04daf/doc/xhtml{bdep-publish}\r\nuninstall bdep-0.13.0-a.0.20200421135701.97fcffa04daf/doc/xhtml{bdep-release}\r\nuninstall bdep-0.13.0-a.0.20200421135701.97fcffa04daf/doc/xhtml{bdep-ci}\r\nuninstall bdep-0.13.0-a.0.20200421135701.97fcffa04daf/doc/xhtml{bdep-status}\r\nuninstall bdep-0.13.0-a.0.20200421135701.97fcffa04daf/doc/xhtml{bdep-fetch}\r\nuninstall bdep-0.13.0-a.0.20200421135701.97fcffa04daf/doc/xhtml{bdep-sync}\r\nuninstall bdep-0.13.0-a.0.20200421135701.97fcffa04daf/doc/xhtml{bdep-init}\r\nuninstall bdep-0.13.0-a.0.20200421135701.97fcffa04daf/doc/xhtml{bdep-help}\r\nuninstall bdep-0.13.0-a.0.20200421135701.97fcffa04daf/doc/xhtml{bdep-new}\r\nuninstall bdep-0.13.0-a.0.20200421135701.97fcffa04daf/doc/xhtml{bdep-default-options-files}\r\nuninstall bdep-0.13.0-a.0.20200421135701.97fcffa04daf/doc/xhtml{bdep-projects-configs}\r\nuninstall bdep-0.13.0-a.0.20200421135701.97fcffa04daf/doc/xhtml{bdep-common-options}\r\nuninstall bdep-0.13.0-a.0.20200421135701.97fcffa04daf/doc/xhtml{bdep}\r\nuninstall /usr/local/share/doc/bdep/\r\n\r\nuninstall bdep-0.13.0-a.0.20200421135701.97fcffa04daf/doc/man1{bdep-clean}\r\nuninstall bdep-0.13.0-a.0.20200421135701.97fcffa04daf/doc/man1{bdep-update}\r\nuninstall bdep-0.13.0-a.0.20200421135701.97fcffa04daf/doc/man1{bdep-test}\r\nuninstall bdep-0.13.0-a.0.20200421135701.97fcffa04daf/doc/man1{bdep-config}\r\nuninstall bdep-0.13.0-a.0.20200421135701.97fcffa04daf/doc/man1{bdep-deinit}\r\nuninstall bdep-0.13.0-a.0.20200421135701.97fcffa04daf/doc/man1{bdep-publish}\r\nuninstall bdep-0.13.0-a.0.20200421135701.97fcffa04daf/doc/man1{bdep-release}\r\nuninstall bdep-0.13.0-a.0.20200421135701.97fcffa04daf/doc/man1{bdep-ci}\r\nuninstall bdep-0.13.0-a.0.20200421135701.97fcffa04daf/doc/man1{bdep-status}\r\nuninstall bdep-0.13.0-a.0.20200421135701.97fcffa04daf/doc/man1{bdep-fetch}\r\nuninstall bdep-0.13.0-a.0.20200421135701.97fcffa04daf/doc/man1{bdep-sync}\r\nuninstall bdep-0.13.0-a.0.20200421135701.97fcffa04daf/doc/man1{bdep-init}\r\nuninstall bdep-0.13.0-a.0.20200421135701.97fcffa04daf/doc/man1{bdep-help}\r\nuninstall bdep-0.13.0-a.0.20200421135701.97fcffa04daf/doc/man1{bdep-new}\r\nuninstall bdep-0.13.0-a.0.20200421135701.97fcffa04daf/doc/man1{bdep-default-options-files}\r\nuninstall bdep-0.13.0-a.0.20200421135701.97fcffa04daf/doc/man1{bdep-projects-configs}\r\nuninstall bdep-0.13.0-a.0.20200421135701.97fcffa04daf/doc/man1{bdep-common-options}\r\nuninstall bdep-0.13.0-a.0.20200421135701.97fcffa04daf/doc/man1{bdep}\r\nuninstall bdep-0.13.0-a.0.20200421135701.97fcffa04daf/bdep/exe{bdep}\r\nuninstall bpkg-0.13.0-a.0.20200410160808.ef30db48d9a9/manifest{manifest}\r\nuninstall bpkg-0.13.0-a.0.20200410160808.ef30db48d9a9/doc{README}\r\nuninstall bpkg-0.13.0-a.0.20200410160808.ef30db48d9a9/doc{NEWS}\r\nuninstall bpkg-0.13.0-a.0.20200410160808.ef30db48d9a9/doc{LEGAL}\r\nuninstall bpkg-0.13.0-a.0.20200410160808.ef30db48d9a9/doc{AUTHORS}\r\nuninstall bpkg-0.13.0-a.0.20200410160808.ef30db48d9a9/doc{LICENSE}\r\nuninstall bpkg-0.13.0-a.0.20200410160808.ef30db48d9a9/bpkg/exe{bpkg}\r\nuninstall libodb-sqlite-2.5.0-b.18.20200213094840.db06aa25c9dc/odb/sqlite/libs{odb-sqlite}\r\nuninstall libsqlite3-3.27.2+1/libsqlite3/libs{sqlite3}\r\nuninstall libsqlite3-3.27.2+1/libsqlite3/h{sqlite3}\r\n    uninstall libsqlite3-3.27.2+1/libsqlite3/h{sqlite3ext}\r\nuninstall libodb-sqlite-2.5.0-b.18.20200213094840.db06aa25c9dc/odb/sqlite/details/build2/h{config-stub}\r\nuninstall /usr/local/include/odb/sqlite/details/build2/\r\nuninstall libodb-sqlite-2.5.0-b.18.20200213094840.db06aa25c9dc/odb/sqlite/details/build2/h{config}\r\nuninstall libodb-sqlite-2.5.0-b.18.20200213094840.db06aa25c9dc/odb/sqlite/details/hxx{export}\r\nuninstall libodb-sqlite-2.5.0-b.18.20200213094840.db06aa25c9dc/odb/sqlite/details/hxx{conversion}\r\nuninstall libodb-sqlite-2.5.0-b.18.20200213094840.db06aa25c9dc/odb/sqlite/details/hxx{config}\r\nuninstall /usr/local/include/odb/sqlite/details/\r\n        uninstall libodb-sqlite-2.5.0-b.18.20200213094840.db06aa25c9dc/odb/sqlite/hxx{version-build2}\r\nuninstall libodb-sqlite-2.5.0-b.18.20200213094840.db06aa25c9dc/manifest{manifest}\r\nuninstall /usr/local/share/doc/libodb-sqlite/\r\n\r\nuninstall libodb-sqlite-2.5.0-b.18.20200213094840.db06aa25c9dc/odb/sqlite/txx{statement-cache}\r\nuninstall libodb-sqlite-2.5.0-b.18.20200213094840.db06aa25c9dc/odb/sqlite/txx{no-id-object-statements}\r\nuninstall libodb-sqlite-2.5.0-b.18.20200213094840.db06aa25c9dc/odb/sqlite/txx{view-statements}\r\nuninstall libodb-sqlite-2.5.0-b.18.20200213094840.db06aa25c9dc/odb/sqlite/txx{no-id-object-result}\r\nuninstall libodb-sqlite-2.5.0-b.18.20200213094840.db06aa25c9dc/odb/sqlite/txx{simple-object-statements}\r\nuninstall libodb-sqlite-2.5.0-b.18.20200213094840.db06aa25c9dc/odb/sqlite/txx{polymorphic-object-result}\r\nuninstall libodb-sqlite-2.5.0-b.18.20200213094840.db06aa25c9dc/odb/sqlite/txx{container-statements}\r\nuninstall libodb-sqlite-2.5.0-b.18.20200213094840.db06aa25c9dc/odb/sqlite/txx{section-statements}\r\nuninstall libodb-sqlite-2.5.0-b.18.20200213094840.db06aa25c9dc/odb/sqlite/txx{view-result}\r\nuninstall libodb-sqlite-2.5.0-b.18.20200213094840.db06aa25c9dc/odb/sqlite/txx{simple-object-result}\r\nuninstall libodb-sqlite-2.5.0-b.18.20200213094840.db06aa25c9dc/odb/sqlite/txx{polymorphic-object-statements}\r\nuninstall libodb-sqlite-2.5.0-b.18.20200213094840.db06aa25c9dc/odb/sqlite/txx{query}\r\nuninstall libodb-sqlite-2.5.0-b.18.20200213094840.db06aa25c9dc/odb/sqlite/txx{query-dynamic}\r\nuninstall libodb-sqlite-2.5.0-b.18.20200213094840.db06aa25c9dc/odb/sqlite/ixx{transaction-impl}\r\nuninstall libodb-sqlite-2.5.0-b.18.20200213094840.db06aa25c9dc/odb/sqlite/ixx{simple-object-statements}\r\nuninstall libodb-sqlite-2.5.0-b.18.20200213094840.db06aa25c9dc/odb/sqlite/ixx{transaction}\r\nuninstall libodb-sqlite-2.5.0-b.18.20200213094840.db06aa25c9dc/odb/sqlite/ixx{query}\r\nuninstall libodb-sqlite-2.5.0-b.18.20200213094840.db06aa25c9dc/odb/sqlite/ixx{query-dynamic}\r\nuninstall libodb-sqlite-2.5.0-b.18.20200213094840.db06aa25c9dc/odb/sqlite/ixx{connection}\r\nuninstall libodb-sqlite-2.5.0-b.18.20200213094840.db06aa25c9dc/odb/sqlite/ixx{database}\r\nuninstall libodb-sqlite-2.5.0-b.18.20200213094840.db06aa25c9dc/odb/sqlite/hxx{transaction}\r\nuninstall libodb-sqlite-2.5.0-b.18.20200213094840.db06aa25c9dc/odb/sqlite/hxx{query-dynamic}\r\nuninstall libodb-sqlite-2.5.0-b.18.20200213094840.db06aa25c9dc/odb/sqlite/hxx{polymorphic-object-result}\r\nuninstall libodb-sqlite-2.5.0-b.18.20200213094840.db06aa25c9dc/odb/sqlite/hxx{stream}\r\nuninstall libodb-sqlite-2.5.0-b.18.20200213094840.db06aa25c9dc/odb/sqlite/hxx{statement-cache}\r\nuninstall libodb-sqlite-2.5.0-b.18.20200213094840.db06aa25c9dc/odb/sqlite/hxx{traits}\r\nuninstall libodb-sqlite-2.5.0-b.18.20200213094840.db06aa25c9dc/odb/sqlite/hxx{no-id-object-result}\r\nuninstall libodb-sqlite-2.5.0-b.18.20200213094840.db06aa25c9dc/odb/sqlite/hxx{view-result}\r\nuninstall libodb-sqlite-2.5.0-b.18.20200213094840.db06aa25c9dc/odb/sqlite/hxx{tracer}\r\nuninstall libodb-sqlite-2.5.0-b.18.20200213094840.db06aa25c9dc/odb/sqlite/hxx{prepared-query}\r\nuninstall libodb-sqlite-2.5.0-b.18.20200213094840.db06aa25c9dc/odb/sqlite/hxx{container-statements}\r\nuninstall libodb-sqlite-2.5.0-b.18.20200213094840.db06aa25c9dc/odb/sqlite/hxx{forward}\r\nuninstall libodb-sqlite-2.5.0-b.18.20200213094840.db06aa25c9dc/odb/sqlite/hxx{text-stream}\r\nuninstall libodb-sqlite-2.5.0-b.18.20200213094840.db06aa25c9dc/odb/sqlite/hxx{database}\r\nuninstall libodb-sqlite-2.5.0-b.18.20200213094840.db06aa25c9dc/odb/sqlite/hxx{polymorphic-object-statements}\r\nuninstall libodb-sqlite-2.5.0-b.18.20200213094840.db06aa25c9dc/odb/sqlite/hxx{traits-calls}\r\nuninstall libodb-sqlite-2.5.0-b.18.20200213094840.db06aa25c9dc/odb/sqlite/hxx{query}\r\nuninstall libodb-sqlite-2.5.0-b.18.20200213094840.db06aa25c9dc/odb/sqlite/hxx{text}\r\nuninstall libodb-sqlite-2.5.0-b.18.20200213094840.db06aa25c9dc/odb/sqlite/hxx{auto-handle}\r\nuninstall libodb-sqlite-2.5.0-b.18.20200213094840.db06aa25c9dc/odb/sqlite/hxx{transaction-impl}\r\nuninstall libodb-sqlite-2.5.0-b.18.20200213094840.db06aa25c9dc/odb/sqlite/hxx{statement}\r\nuninstall libodb-sqlite-2.5.0-b.18.20200213094840.db06aa25c9dc/odb/sqlite/hxx{blob}\r\nuninstall libodb-sqlite-2.5.0-b.18.20200213094840.db06aa25c9dc/odb/sqlite/hxx{connection}\r\nuninstall libodb-sqlite-2.5.0-b.18.20200213094840.db06aa25c9dc/odb/sqlite/hxx{statements-base}\r\nuninstall libodb-sqlite-2.5.0-b.18.20200213094840.db06aa25c9dc/odb/sqlite/hxx{simple-object-statements}\r\nuninstall libodb-sqlite-2.5.0-b.18.20200213094840.db06aa25c9dc/odb/sqlite/hxx{blob-stream}\r\nuninstall libodb-sqlite-2.5.0-b.18.20200213094840.db06aa25c9dc/odb/sqlite/hxx{binding}\r\nuninstall libodb-sqlite-2.5.0-b.18.20200213094840.db06aa25c9dc/odb/sqlite/hxx{sqlite-types}\r\nuninstall libodb-sqlite-2.5.0-b.18.20200213094840.db06aa25c9dc/odb/sqlite/hxx{section-statements}\r\nuninstall libodb-sqlite-2.5.0-b.18.20200213094840.db06aa25c9dc/odb/sqlite/hxx{error}\r\nuninstall libodb-sqlite-2.5.0-b.18.20200213094840.db06aa25c9dc/odb/sqlite/hxx{connection-factory}\r\nuninstall libodb-sqlite-2.5.0-b.18.20200213094840.db06aa25c9dc/odb/sqlite/hxx{version-build2-stub}\r\nuninstall libodb-sqlite-2.5.0-b.18.20200213094840.db06aa25c9dc/odb/sqlite/hxx{no-id-object-statements}\r\nuninstall libodb-sqlite-2.5.0-b.18.20200213094840.db06aa25c9dc/odb/sqlite/hxx{exceptions}\r\nuninstall libodb-sqlite-2.5.0-b.18.20200213094840.db06aa25c9dc/odb/sqlite/hxx{view-statements}\r\nuninstall libodb-sqlite-2.5.0-b.18.20200213094840.db06aa25c9dc/odb/sqlite/hxx{simple-object-result}\r\nuninstall /usr/local/include/odb/sqlite/\r\n\r\nuninstall libodb-2.5.0-b.18.20200213114838.4af884fd8e6d/odb/libs{odb}\r\nuninstall libodb-2.5.0-b.18.20200213114838.4af884fd8e6d/odb/details/win32/hxx{windows}\r\nuninstall /usr/local/include/odb/details/win32/\r\n\r\nuninstall libodb-2.5.0-b.18.20200213114838.4af884fd8e6d/odb/details/shared-ptr/txx{base}\r\nuninstall libodb-2.5.0-b.18.20200213114838.4af884fd8e6d/odb/details/shared-ptr/ixx{base}\r\nuninstall libodb-2.5.0-b.18.20200213114838.4af884fd8e6d/odb/details/shared-ptr/hxx{base}\r\nuninstall libodb-2.5.0-b.18.20200213114838.4af884fd8e6d/odb/details/shared-ptr/hxx{counter-type}\r\nuninstall libodb-2.5.0-b.18.20200213114838.4af884fd8e6d/odb/details/shared-ptr/hxx{exception}\r\nuninstall /usr/local/include/odb/details/shared-ptr/\r\n    uninstall libodb-2.5.0-b.18.20200213114838.4af884fd8e6d/odb/details/meta/hxx{remove-const-volatile}\r\nuninstall libodb-2.5.0-b.18.20200213114838.4af884fd8e6d/odb/details/meta/hxx{remove-volatile}\r\nuninstall libodb-2.5.0-b.18.20200213114838.4af884fd8e6d/odb/details/meta/hxx{remove-const}\r\nuninstall libodb-2.5.0-b.18.20200213114838.4af884fd8e6d/odb/details/meta/hxx{answer}\r\nuninstall libodb-2.5.0-b.18.20200213114838.4af884fd8e6d/odb/details/meta/hxx{class-p}\r\nuninstall libodb-2.5.0-b.18.20200213114838.4af884fd8e6d/odb/details/meta/hxx{remove-pointer}\r\nuninstall libodb-2.5.0-b.18.20200213114838.4af884fd8e6d/odb/details/meta/hxx{static-assert}\r\nuninstall libodb-2.5.0-b.18.20200213114838.4af884fd8e6d/odb/details/meta/hxx{polymorphic-p}\r\nuninstall /usr/local/include/odb/details/meta/\r\n\r\nuninstall libodb-2.5.0-b.18.20200213114838.4af884fd8e6d/odb/details/build2/h{config-stub}\r\nuninstall /usr/local/include/odb/details/build2/\r\n        uninstall libodb-2.5.0-b.18.20200213114838.4af884fd8e6d/odb/details/build2/h{config}\r\nuninstall libodb-2.5.0-b.18.20200213114838.4af884fd8e6d/odb/details/txx{function-wrapper}\r\nuninstall libodb-2.5.0-b.18.20200213114838.4af884fd8e6d/odb/details/ixx{function-wrapper}\r\nuninstall libodb-2.5.0-b.18.20200213114838.4af884fd8e6d/odb/details/hxx{c-string}\r\nuninstall libodb-2.5.0-b.18.20200213114838.4af884fd8e6d/odb/details/hxx{thread}\r\nuninstall libodb-2.5.0-b.18.20200213114838.4af884fd8e6d/odb/details/hxx{wrapper-p}\r\nuninstall libodb-2.5.0-b.18.20200213114838.4af884fd8e6d/odb/details/hxx{tls}\r\nuninstall libodb-2.5.0-b.18.20200213114838.4af884fd8e6d/odb/details/hxx{function-wrapper}\r\nuninstall libodb-2.5.0-b.18.20200213114838.4af884fd8e6d/odb/details/hxx{shared-ptr}\r\nuninstall libodb-2.5.0-b.18.20200213114838.4af884fd8e6d/odb/details/hxx{mutex}\r\nuninstall libodb-2.5.0-b.18.20200213114838.4af884fd8e6d/odb/details/hxx{shared-ptr-fwd}\r\nuninstall libodb-2.5.0-b.18.20200213114838.4af884fd8e6d/odb/details/hxx{unused}\r\nuninstall libodb-2.5.0-b.18.20200213114838.4af884fd8e6d/odb/details/hxx{condition}\r\nuninstall libodb-2.5.0-b.18.20200213114838.4af884fd8e6d/odb/details/hxx{exception}\r\nuninstall libodb-2.5.0-b.18.20200213114838.4af884fd8e6d/odb/details/hxx{type-info}\r\nuninstall libodb-2.5.0-b.18.20200213114838.4af884fd8e6d/odb/details/hxx{transfer-ptr}\r\nuninstall libodb-2.5.0-b.18.20200213114838.4af884fd8e6d/odb/details/hxx{lock}\r\nuninstall libodb-2.5.0-b.18.20200213114838.4af884fd8e6d/odb/details/hxx{unique-ptr}\r\nuninstall libodb-2.5.0-b.18.20200213114838.4af884fd8e6d/odb/details/hxx{export}\r\nuninstall libodb-2.5.0-b.18.20200213114838.4af884fd8e6d/odb/details/hxx{buffer}\r\nuninstall libodb-2.5.0-b.18.20200213114838.4af884fd8e6d/odb/details/hxx{config}\r\nuninstall /usr/local/include/odb/details/\r\n\r\nuninstall libodb-2.5.0-b.18.20200213114838.4af884fd8e6d/odb/hxx{version-build2}\r\nuninstall libodb-2.5.0-b.18.20200213114838.4af884fd8e6d/manifest{manifest}\r\nuninstall /usr/local/share/doc/libodb/\r\n\r\nuninstall libodb-2.5.0-b.18.20200213114838.4af884fd8e6d/odb/txx{lazy-ptr}\r\nuninstall libodb-2.5.0-b.18.20200213114838.4af884fd8e6d/odb/txx{result}\r\nuninstall libodb-2.5.0-b.18.20200213114838.4af884fd8e6d/odb/txx{no-id-object-result}\r\nuninstall libodb-2.5.0-b.18.20200213114838.4af884fd8e6d/odb/txx{session}\r\nuninstall libodb-2.5.0-b.18.20200213114838.4af884fd8e6d/odb/txx{polymorphic-object-result}\r\nuninstall libodb-2.5.0-b.18.20200213114838.4af884fd8e6d/odb/txx{lazy-ptr-impl}\r\nuninstall libodb-2.5.0-b.18.20200213114838.4af884fd8e6d/odb/txx{database}\r\nuninstall libodb-2.5.0-b.18.20200213114838.4af884fd8e6d/odb/txx{vector-traits}\r\nuninstall libodb-2.5.0-b.18.20200213114838.4af884fd8e6d/odb/txx{view-result}\r\nuninstall libodb-2.5.0-b.18.20200213114838.4af884fd8e6d/odb/txx{connection}\r\nuninstall libodb-2.5.0-b.18.20200213114838.4af884fd8e6d/odb/txx{simple-object-result}\r\nuninstall libodb-2.5.0-b.18.20200213114838.4af884fd8e6d/odb/txx{polymorphic-map}\r\nuninstall libodb-2.5.0-b.18.20200213114838.4af884fd8e6d/odb/txx{query-dynamic}\r\nuninstall libodb-2.5.0-b.18.20200213114838.4af884fd8e6d/odb/ixx{session}\r\nuninstall libodb-2.5.0-b.18.20200213114838.4af884fd8e6d/odb/ixx{polymorphic-map}\r\nuninstall libodb-2.5.0-b.18.20200213114838.4af884fd8e6d/odb/ixx{transaction}\r\nuninstall libodb-2.5.0-b.18.20200213114838.4af884fd8e6d/odb/ixx{lazy-ptr-impl}\r\nuninstall libodb-2.5.0-b.18.20200213114838.4af884fd8e6d/odb/ixx{vector-impl}\r\nuninstall libodb-2.5.0-b.18.20200213114838.4af884fd8e6d/odb/ixx{vector}\r\nuninstall libodb-2.5.0-b.18.20200213114838.4af884fd8e6d/odb/ixx{query-dynamic}\r\nuninstall libodb-2.5.0-b.18.20200213114838.4af884fd8e6d/odb/ixx{lazy-ptr}\r\nuninstall libodb-2.5.0-b.18.20200213114838.4af884fd8e6d/odb/ixx{connection}\r\nuninstall libodb-2.5.0-b.18.20200213114838.4af884fd8e6d/odb/ixx{database}\r\nuninstall libodb-2.5.0-b.18.20200213114838.4af884fd8e6d/odb/hxx{std-set-traits}\r\nuninstall libodb-2.5.0-b.18.20200213114838.4af884fd8e6d/odb/hxx{transaction}\r\nuninstall libodb-2.5.0-b.18.20200213114838.4af884fd8e6d/odb/hxx{nullable}\r\nuninstall libodb-2.5.0-b.18.20200213114838.4af884fd8e6d/odb/hxx{query-dynamic}\r\nuninstall libodb-2.5.0-b.18.20200213114838.4af884fd8e6d/odb/hxx{polymorphic-object-result}\r\nuninstall libodb-2.5.0-b.18.20200213114838.4af884fd8e6d/odb/hxx{traits}\r\nuninstall libodb-2.5.0-b.18.20200213114838.4af884fd8e6d/odb/hxx{std-list-traits}\r\nuninstall libodb-2.5.0-b.18.20200213114838.4af884fd8e6d/odb/hxx{polymorphic-info}\r\nuninstall libodb-2.5.0-b.18.20200213114838.4af884fd8e6d/odb/hxx{std-forward-list-traits}\r\nuninstall libodb-2.5.0-b.18.20200213114838.4af884fd8e6d/odb/hxx{std-unordered-set-traits}\r\nuninstall libodb-2.5.0-b.18.20200213114838.4af884fd8e6d/odb/hxx{no-id-object-result}\r\nuninstall libodb-2.5.0-b.18.20200213114838.4af884fd8e6d/odb/hxx{view-result}\r\nuninstall libodb-2.5.0-b.18.20200213114838.4af884fd8e6d/odb/hxx{polymorphic-map}\r\nuninstall libodb-2.5.0-b.18.20200213114838.4af884fd8e6d/odb/hxx{tracer}\r\nuninstall libodb-2.5.0-b.18.20200213114838.4af884fd8e6d/odb/hxx{lazy-pointer-traits}\r\nuninstall libodb-2.5.0-b.18.20200213114838.4af884fd8e6d/odb/hxx{lazy-ptr}\r\nuninstall libodb-2.5.0-b.18.20200213114838.4af884fd8e6d/odb/hxx{std-map-traits}\r\nuninstall libodb-2.5.0-b.18.20200213114838.4af884fd8e6d/odb/hxx{c-array-traits}\r\nuninstall libodb-2.5.0-b.18.20200213114838.4af884fd8e6d/odb/hxx{prepared-query}\r\nuninstall libodb-2.5.0-b.18.20200213114838.4af884fd8e6d/odb/hxx{nested-container}\r\nuninstall libodb-2.5.0-b.18.20200213114838.4af884fd8e6d/odb/hxx{std-array-traits}\r\nuninstall libodb-2.5.0-b.18.20200213114838.4af884fd8e6d/odb/hxx{wrapper-traits}\r\nuninstall libodb-2.5.0-b.18.20200213114838.4af884fd8e6d/odb/hxx{std-vector-traits}\r\nuninstall libodb-2.5.0-b.18.20200213114838.4af884fd8e6d/odb/hxx{forward}\r\nuninstall libodb-2.5.0-b.18.20200213114838.4af884fd8e6d/odb/hxx{no-op-cache-traits}\r\nuninstall libodb-2.5.0-b.18.20200213114838.4af884fd8e6d/odb/hxx{schema-version}\r\nuninstall libodb-2.5.0-b.18.20200213114838.4af884fd8e6d/odb/hxx{post}\r\nuninstall libodb-2.5.0-b.18.20200213114838.4af884fd8e6d/odb/hxx{database}\r\nuninstall libodb-2.5.0-b.18.20200213114838.4af884fd8e6d/odb/hxx{result}\r\nuninstall libodb-2.5.0-b.18.20200213114838.4af884fd8e6d/odb/hxx{lazy-ptr-impl}\r\nuninstall libodb-2.5.0-b.18.20200213114838.4af884fd8e6d/odb/hxx{callback}\r\nuninstall libodb-2.5.0-b.18.20200213114838.4af884fd8e6d/odb/hxx{query}\r\nuninstall libodb-2.5.0-b.18.20200213114838.4af884fd8e6d/odb/hxx{vector-traits}\r\nuninstall libodb-2.5.0-b.18.20200213114838.4af884fd8e6d/odb/hxx{vector}\r\nuninstall libodb-2.5.0-b.18.20200213114838.4af884fd8e6d/odb/hxx{exception}\r\nuninstall libodb-2.5.0-b.18.20200213114838.4af884fd8e6d/odb/hxx{statement}\r\nuninstall libodb-2.5.0-b.18.20200213114838.4af884fd8e6d/odb/hxx{section}\r\nuninstall libodb-2.5.0-b.18.20200213114838.4af884fd8e6d/odb/hxx{connection}\r\nuninstall libodb-2.5.0-b.18.20200213114838.4af884fd8e6d/odb/hxx{std-unordered-map-traits}\r\nuninstall libodb-2.5.0-b.18.20200213114838.4af884fd8e6d/odb/hxx{vector-impl}\r\nuninstall libodb-2.5.0-b.18.20200213114838.4af884fd8e6d/odb/hxx{core}\r\nuninstall libodb-2.5.0-b.18.20200213114838.4af884fd8e6d/odb/hxx{object-result}\r\nuninstall libodb-2.5.0-b.18.20200213114838.4af884fd8e6d/odb/hxx{schema-catalog}\r\nuninstall libodb-2.5.0-b.18.20200213114838.4af884fd8e6d/odb/hxx{pointer-traits}\r\nuninstall libodb-2.5.0-b.18.20200213114838.4af884fd8e6d/odb/hxx{version-build2-stub}\r\nuninstall libodb-2.5.0-b.18.20200213114838.4af884fd8e6d/odb/hxx{pre}\r\nuninstall libodb-2.5.0-b.18.20200213114838.4af884fd8e6d/odb/hxx{function-table}\r\nuninstall libodb-2.5.0-b.18.20200213114838.4af884fd8e6d/odb/hxx{session}\r\nuninstall libodb-2.5.0-b.18.20200213114838.4af884fd8e6d/odb/hxx{schema-catalog-impl}\r\nuninstall libodb-2.5.0-b.18.20200213114838.4af884fd8e6d/odb/hxx{container-traits}\r\nuninstall libodb-2.5.0-b.18.20200213114838.4af884fd8e6d/odb/hxx{std-deque-traits}\r\nuninstall libodb-2.5.0-b.18.20200213114838.4af884fd8e6d/odb/hxx{cache-traits}\r\nuninstall libodb-2.5.0-b.18.20200213114838.4af884fd8e6d/odb/hxx{exceptions}\r\nuninstall libodb-2.5.0-b.18.20200213114838.4af884fd8e6d/odb/hxx{statement-processing-common}\r\nuninstall libodb-2.5.0-b.18.20200213114838.4af884fd8e6d/odb/hxx{simple-object-result}\r\nuninstall libodb-2.5.0-b.18.20200213114838.4af884fd8e6d/odb/hxx{view-image}\r\nuninstall /usr/local/include/odb/\r\n\r\nuninstall libbpkg-0.13.0-a.0.20200410160708.95ca09c8b51d/libbpkg/libs{bpkg}\r\nuninstall libbpkg-0.13.0-a.0.20200410160708.95ca09c8b51d/libbpkg/hxx{version}\r\nuninstall libbpkg-0.13.0-a.0.20200410160708.95ca09c8b51d/manifest{manifest}\r\nuninstall /usr/local/share/doc/libbpkg/\r\n\r\nuninstall libbpkg-0.13.0-a.0.20200410160708.95ca09c8b51d/libbpkg/hxx{package-name}\r\nuninstall libbpkg-0.13.0-a.0.20200410160708.95ca09c8b51d/libbpkg/hxx{manifest}\r\nuninstall libbpkg-0.13.0-a.0.20200410160708.95ca09c8b51d/libbpkg/hxx{export}\r\nuninstall /usr/local/include/libbpkg/\r\n\r\nuninstall bpkg-0.13.0-a.0.20200410160808.ef30db48d9a9/doc/doc{build2-package-manager-manual-letter.pdf}\r\nuninstall bpkg-0.13.0-a.0.20200410160808.ef30db48d9a9/doc/doc{build2-package-manager-manual-letter.ps}\r\nuninstall bpkg-0.13.0-a.0.20200410160808.ef30db48d9a9/doc/doc{build2-package-manager-manual.xhtml}\r\nuninstall bpkg-0.13.0-a.0.20200410160808.ef30db48d9a9/doc/doc{build2-package-manager-manual-a4.ps}\r\nuninstall bpkg-0.13.0-a.0.20200410160808.ef30db48d9a9/doc/doc{build2-package-manager-manual-a4.pdf}\r\nuninstall bpkg-0.13.0-a.0.20200410160808.ef30db48d9a9/doc/xhtml{bpkg-rep-remove}\r\nuninstall bpkg-0.13.0-a.0.20200410160808.ef30db48d9a9/doc/xhtml{bpkg-rep-list}\r\nuninstall bpkg-0.13.0-a.0.20200410160808.ef30db48d9a9/doc/xhtml{bpkg-rep-info}\r\nuninstall bpkg-0.13.0-a.0.20200410160808.ef30db48d9a9/doc/xhtml{bpkg-rep-fetch}\r\nuninstall bpkg-0.13.0-a.0.20200410160808.ef30db48d9a9/doc/xhtml{bpkg-rep-create}\r\nuninstall bpkg-0.13.0-a.0.20200410160808.ef30db48d9a9/doc/xhtml{bpkg-rep-add}\r\nuninstall bpkg-0.13.0-a.0.20200410160808.ef30db48d9a9/doc/xhtml{bpkg-pkg-verify}\r\nuninstall bpkg-0.13.0-a.0.20200410160808.ef30db48d9a9/doc/xhtml{bpkg-pkg-update}\r\nuninstall bpkg-0.13.0-a.0.20200410160808.ef30db48d9a9/doc/xhtml{bpkg-pkg-unpack}\r\nuninstall bpkg-0.13.0-a.0.20200410160808.ef30db48d9a9/doc/xhtml{bpkg-pkg-uninstall}\r\nuninstall bpkg-0.13.0-a.0.20200410160808.ef30db48d9a9/doc/xhtml{bpkg-pkg-test}\r\nuninstall bpkg-0.13.0-a.0.20200410160808.ef30db48d9a9/doc/xhtml{bpkg-pkg-status}\r\nuninstall bpkg-0.13.0-a.0.20200410160808.ef30db48d9a9/doc/xhtml{bpkg-pkg-purge}\r\nuninstall bpkg-0.13.0-a.0.20200410160808.ef30db48d9a9/doc/xhtml{bpkg-pkg-install}\r\nuninstall bpkg-0.13.0-a.0.20200410160808.ef30db48d9a9/doc/xhtml{bpkg-pkg-fetch}\r\nuninstall bpkg-0.13.0-a.0.20200410160808.ef30db48d9a9/doc/xhtml{bpkg-pkg-drop}\r\nuninstall bpkg-0.13.0-a.0.20200410160808.ef30db48d9a9/doc/xhtml{bpkg-pkg-disfigure}\r\nuninstall bpkg-0.13.0-a.0.20200410160808.ef30db48d9a9/doc/xhtml{bpkg-pkg-configure}\r\nuninstall bpkg-0.13.0-a.0.20200410160808.ef30db48d9a9/doc/xhtml{bpkg-pkg-clean}\r\nuninstall bpkg-0.13.0-a.0.20200410160808.ef30db48d9a9/doc/xhtml{bpkg-pkg-checkout}\r\nuninstall bpkg-0.13.0-a.0.20200410160808.ef30db48d9a9/doc/xhtml{bpkg-pkg-build}\r\nuninstall bpkg-0.13.0-a.0.20200410160808.ef30db48d9a9/doc/xhtml{bpkg-help}\r\nuninstall bpkg-0.13.0-a.0.20200410160808.ef30db48d9a9/doc/xhtml{bpkg-cfg-create}\r\nuninstall bpkg-0.13.0-a.0.20200410160808.ef30db48d9a9/doc/xhtml{bpkg-default-options-files}\r\nuninstall bpkg-0.13.0-a.0.20200410160808.ef30db48d9a9/doc/xhtml{bpkg-argument-grouping}\r\nuninstall bpkg-0.13.0-a.0.20200410160808.ef30db48d9a9/doc/xhtml{bpkg-repository-types}\r\nuninstall bpkg-0.13.0-a.0.20200410160808.ef30db48d9a9/doc/xhtml{bpkg-repository-signing}\r\nuninstall bpkg-0.13.0-a.0.20200410160808.ef30db48d9a9/doc/xhtml{bpkg-common-options}\r\nuninstall bpkg-0.13.0-a.0.20200410160808.ef30db48d9a9/doc/xhtml{bpkg}\r\nuninstall /usr/local/share/doc/bpkg/\r\n\r\nuninstall bpkg-0.13.0-a.0.20200410160808.ef30db48d9a9/doc/man1{bpkg-rep-remove}\r\nuninstall bpkg-0.13.0-a.0.20200410160808.ef30db48d9a9/doc/man1{bpkg-rep-list}\r\nuninstall bpkg-0.13.0-a.0.20200410160808.ef30db48d9a9/doc/man1{bpkg-rep-info}\r\nuninstall bpkg-0.13.0-a.0.20200410160808.ef30db48d9a9/doc/man1{bpkg-rep-fetch}\r\nuninstall bpkg-0.13.0-a.0.20200410160808.ef30db48d9a9/doc/man1{bpkg-rep-create}\r\nuninstall bpkg-0.13.0-a.0.20200410160808.ef30db48d9a9/doc/man1{bpkg-rep-add}\r\nuninstall bpkg-0.13.0-a.0.20200410160808.ef30db48d9a9/doc/man1{bpkg-pkg-verify}\r\nuninstall bpkg-0.13.0-a.0.20200410160808.ef30db48d9a9/doc/man1{bpkg-pkg-update}\r\nuninstall bpkg-0.13.0-a.0.20200410160808.ef30db48d9a9/doc/man1{bpkg-pkg-unpack}\r\nuninstall bpkg-0.13.0-a.0.20200410160808.ef30db48d9a9/doc/man1{bpkg-pkg-uninstall}\r\nuninstall bpkg-0.13.0-a.0.20200410160808.ef30db48d9a9/doc/man1{bpkg-pkg-test}\r\nuninstall bpkg-0.13.0-a.0.20200410160808.ef30db48d9a9/doc/man1{bpkg-pkg-status}\r\nuninstall bpkg-0.13.0-a.0.20200410160808.ef30db48d9a9/doc/man1{bpkg-pkg-purge}\r\nuninstall bpkg-0.13.0-a.0.20200410160808.ef30db48d9a9/doc/man1{bpkg-pkg-install}\r\nuninstall bpkg-0.13.0-a.0.20200410160808.ef30db48d9a9/doc/man1{bpkg-pkg-fetch}\r\nuninstall bpkg-0.13.0-a.0.20200410160808.ef30db48d9a9/doc/man1{bpkg-pkg-drop}\r\nuninstall bpkg-0.13.0-a.0.20200410160808.ef30db48d9a9/doc/man1{bpkg-pkg-disfigure}\r\nuninstall bpkg-0.13.0-a.0.20200410160808.ef30db48d9a9/doc/man1{bpkg-pkg-configure}\r\nuninstall bpkg-0.13.0-a.0.20200410160808.ef30db48d9a9/doc/man1{bpkg-pkg-clean}\r\nuninstall bpkg-0.13.0-a.0.20200410160808.ef30db48d9a9/doc/man1{bpkg-pkg-checkout}\r\nuninstall bpkg-0.13.0-a.0.20200410160808.ef30db48d9a9/doc/man1{bpkg-pkg-build}\r\nuninstall bpkg-0.13.0-a.0.20200410160808.ef30db48d9a9/doc/man1{bpkg-help}\r\nuninstall bpkg-0.13.0-a.0.20200410160808.ef30db48d9a9/doc/man1{bpkg-cfg-create}\r\nuninstall bpkg-0.13.0-a.0.20200410160808.ef30db48d9a9/doc/man1{bpkg-default-options-files}\r\nuninstall bpkg-0.13.0-a.0.20200410160808.ef30db48d9a9/doc/man1{bpkg-argument-grouping}\r\nuninstall bpkg-0.13.0-a.0.20200410160808.ef30db48d9a9/doc/man1{bpkg-repository-types}\r\nuninstall bpkg-0.13.0-a.0.20200410160808.ef30db48d9a9/doc/man1{bpkg-repository-signing}\r\nuninstall bpkg-0.13.0-a.0.20200410160808.ef30db48d9a9/doc/man1{bpkg-common-options}\r\nuninstall bpkg-0.13.0-a.0.20200410160808.ef30db48d9a9/doc/man1{bpkg}\r\nuninstall build2-0.13.0-a.0.20200427110015.68cc1badd2eb/doc{README}\r\nuninstall build2-0.13.0-a.0.20200427110015.68cc1badd2eb/doc{NEWS}\r\nuninstall build2-0.13.0-a.0.20200427110015.68cc1badd2eb/doc{AUTHORS}\r\nuninstall build2-0.13.0-a.0.20200427110015.68cc1badd2eb/doc{LICENSE}\r\nuninstall build2-0.13.0-a.0.20200427110015.68cc1badd2eb/doc/doc{build2-build-system-manual-letter.pdf}\r\nuninstall build2-0.13.0-a.0.20200427110015.68cc1badd2eb/doc/doc{build2-build-system-manual-a4.pdf}\r\nuninstall build2-0.13.0-a.0.20200427110015.68cc1badd2eb/doc/doc{build2-build-system-manual-a4.ps}\r\nuninstall build2-0.13.0-a.0.20200427110015.68cc1badd2eb/doc/doc{build2-build-system-manual-letter.ps}\r\nuninstall build2-0.13.0-a.0.20200427110015.68cc1badd2eb/doc/doc{build2-build-system-manual.xhtml}\r\nuninstall build2-0.13.0-a.0.20200427110015.68cc1badd2eb/doc/xhtml{b}\r\nuninstall build2-0.13.0-a.0.20200427110015.68cc1badd2eb/doc/man1{b}\r\nuninstall /usr/local/share/man/man1/\r\n\r\nuninstall /usr/local/share/man/\r\n\r\nuninstall build2-0.13.0-a.0.20200427110015.68cc1badd2eb/build2/exe{b}\r\nuninstall build2-0.13.0-a.0.20200427110015.68cc1badd2eb/libbuild2/version/libs{build2-version}\r\nuninstall build2-0.13.0-a.0.20200427110015.68cc1badd2eb/libbuild2/version/hxx{rule}\r\nuninstall build2-0.13.0-a.0.20200427110015.68cc1badd2eb/libbuild2/version/hxx{utility}\r\nuninstall build2-0.13.0-a.0.20200427110015.68cc1badd2eb/libbuild2/version/hxx{snapshot}\r\nuninstall build2-0.13.0-a.0.20200427110015.68cc1badd2eb/libbuild2/version/hxx{export}\r\nuninstall build2-0.13.0-a.0.20200427110015.68cc1badd2eb/libbuild2/version/hxx{module}\r\nuninstall build2-0.13.0-a.0.20200427110015.68cc1badd2eb/libbuild2/version/hxx{init}\r\nuninstall /usr/local/include/libbuild2/version/\r\n\r\nuninstall build2-0.13.0-a.0.20200427110015.68cc1badd2eb/libbuild2/cxx/libs{build2-cxx}\r\nuninstall build2-0.13.0-a.0.20200427110015.68cc1badd2eb/libbuild2/cxx/hxx{export}\r\nuninstall build2-0.13.0-a.0.20200427110015.68cc1badd2eb/libbuild2/cxx/hxx{init}\r\nuninstall build2-0.13.0-a.0.20200427110015.68cc1badd2eb/libbuild2/cxx/hxx{target}\r\nuninstall /usr/local/include/libbuild2/cxx/\r\n\r\nuninstall build2-0.13.0-a.0.20200427110015.68cc1badd2eb/libbuild2/c/libs{build2-c}\r\nuninstall build2-0.13.0-a.0.20200427110015.68cc1badd2eb/libbuild2/cc/libs{build2-cc}\r\nuninstall libpkgconf-1.6.3+2/libpkgconf/libs{pkgconf}\r\nuninstall libpkgconf-1.6.3+2/libpkgconf/h{libpkgconf}\r\nuninstall libpkgconf-1.6.3+2/libpkgconf/h{libpkgconf-api}\r\nuninstall libpkgconf-1.6.3+2/libpkgconf/h{bsdstubs}\r\n    uninstall libpkgconf-1.6.3+2/libpkgconf/h{iter}\r\n\r\nuninstall /usr/local/include/pkgconf/libpkgconf/\r\n        uninstall /usr/local/include/pkgconf/\r\n\r\nuninstall build2-0.13.0-a.0.20200427110015.68cc1badd2eb/libbuild2/cc/ixx{utility}\r\nuninstall build2-0.13.0-a.0.20200427110015.68cc1badd2eb/libbuild2/cc/hxx{compile-rule}\r\nuninstall build2-0.13.0-a.0.20200427110015.68cc1badd2eb/libbuild2/cc/hxx{lexer}\r\nuninstall build2-0.13.0-a.0.20200427110015.68cc1badd2eb/libbuild2/cc/hxx{guess}\r\nuninstall build2-0.13.0-a.0.20200427110015.68cc1badd2eb/libbuild2/cc/hxx{link-rule}\r\nuninstall build2-0.13.0-a.0.20200427110015.68cc1badd2eb/libbuild2/cc/hxx{install-rule}\r\nuninstall build2-0.13.0-a.0.20200427110015.68cc1badd2eb/libbuild2/cc/hxx{parser}\r\nuninstall build2-0.13.0-a.0.20200427110015.68cc1badd2eb/libbuild2/cc/hxx{types}\r\nuninstall build2-0.13.0-a.0.20200427110015.68cc1badd2eb/libbuild2/cc/hxx{utility}\r\nuninstall build2-0.13.0-a.0.20200427110015.68cc1badd2eb/libbuild2/cc/hxx{common}\r\nuninstall build2-0.13.0-a.0.20200427110015.68cc1badd2eb/libbuild2/cc/hxx{export}\r\nuninstall build2-0.13.0-a.0.20200427110015.68cc1badd2eb/libbuild2/cc/hxx{module}\r\nuninstall build2-0.13.0-a.0.20200427110015.68cc1badd2eb/libbuild2/cc/hxx{init}\r\nuninstall build2-0.13.0-a.0.20200427110015.68cc1badd2eb/libbuild2/cc/hxx{target}\r\nuninstall /usr/local/include/libbuild2/cc/\r\n\r\nuninstall build2-0.13.0-a.0.20200427110015.68cc1badd2eb/libbuild2/c/hxx{export}\r\nuninstall build2-0.13.0-a.0.20200427110015.68cc1badd2eb/libbuild2/c/hxx{init}\r\nuninstall build2-0.13.0-a.0.20200427110015.68cc1badd2eb/libbuild2/c/hxx{target}\r\nuninstall /usr/local/include/libbuild2/c/\r\n\r\nuninstall build2-0.13.0-a.0.20200427110015.68cc1badd2eb/libbuild2/bin/libs{build2-bin}\r\nuninstall build2-0.13.0-a.0.20200427110015.68cc1badd2eb/libbuild2/bin/hxx{guess}\r\nuninstall build2-0.13.0-a.0.20200427110015.68cc1badd2eb/libbuild2/bin/hxx{rule}\r\nuninstall build2-0.13.0-a.0.20200427110015.68cc1badd2eb/libbuild2/bin/hxx{utility}\r\nuninstall build2-0.13.0-a.0.20200427110015.68cc1badd2eb/libbuild2/bin/hxx{export}\r\nuninstall build2-0.13.0-a.0.20200427110015.68cc1badd2eb/libbuild2/bin/hxx{init}\r\nuninstall build2-0.13.0-a.0.20200427110015.68cc1badd2eb/libbuild2/bin/hxx{target}\r\nuninstall /usr/local/include/libbuild2/bin/\r\n\r\nuninstall build2-0.13.0-a.0.20200427110015.68cc1badd2eb/libbuild2/bash/libs{build2-bash}\r\nuninstall build2-0.13.0-a.0.20200427110015.68cc1badd2eb/libbuild2/in/libs{build2-in}\r\nuninstall build2-0.13.0-a.0.20200427110015.68cc1badd2eb/libbuild2/in/hxx{rule}\r\nuninstall build2-0.13.0-a.0.20200427110015.68cc1badd2eb/libbuild2/in/hxx{export}\r\nuninstall build2-0.13.0-a.0.20200427110015.68cc1badd2eb/libbuild2/in/hxx{init}\r\nuninstall build2-0.13.0-a.0.20200427110015.68cc1badd2eb/libbuild2/in/hxx{target}\r\nuninstall /usr/local/include/libbuild2/in/\r\n\r\nuninstall build2-0.13.0-a.0.20200427110015.68cc1badd2eb/libbuild2/bash/hxx{rule}\r\nuninstall build2-0.13.0-a.0.20200427110015.68cc1badd2eb/libbuild2/bash/hxx{utility}\r\nuninstall build2-0.13.0-a.0.20200427110015.68cc1badd2eb/libbuild2/bash/hxx{export}\r\nuninstall build2-0.13.0-a.0.20200427110015.68cc1badd2eb/libbuild2/bash/hxx{init}\r\nuninstall build2-0.13.0-a.0.20200427110015.68cc1badd2eb/libbuild2/bash/hxx{target}\r\nuninstall /usr/local/include/libbuild2/bash/\r\n\r\nuninstall build2-0.13.0-a.0.20200427110015.68cc1badd2eb/libbuild2/libs{build2}\r\nuninstall build2-0.13.0-a.0.20200427110015.68cc1badd2eb/libbuild2/test/script/ixx{script}\r\nuninstall build2-0.13.0-a.0.20200427110015.68cc1badd2eb/libbuild2/test/script/ixx{regex}\r\nuninstall build2-0.13.0-a.0.20200427110015.68cc1badd2eb/libbuild2/test/hxx{operation}\r\nuninstall build2-0.13.0-a.0.20200427110015.68cc1badd2eb/libbuild2/test/script/hxx{regex}\r\nuninstall build2-0.13.0-a.0.20200427110015.68cc1badd2eb/libbuild2/test/script/hxx{script}\r\nuninstall build2-0.13.0-a.0.20200427110015.68cc1badd2eb/libbuild2/test/script/hxx{lexer}\r\nuninstall build2-0.13.0-a.0.20200427110015.68cc1badd2eb/libbuild2/test/script/hxx{runner}\r\nuninstall build2-0.13.0-a.0.20200427110015.68cc1badd2eb/libbuild2/test/script/hxx{parser}\r\nuninstall build2-0.13.0-a.0.20200427110015.68cc1badd2eb/libbuild2/test/script/hxx{token}\r\nuninstall build2-0.13.0-a.0.20200427110015.68cc1badd2eb/libbuild2/test/hxx{rule}\r\nuninstall build2-0.13.0-a.0.20200427110015.68cc1badd2eb/libbuild2/test/hxx{common}\r\nuninstall build2-0.13.0-a.0.20200427110015.68cc1badd2eb/libbuild2/test/hxx{module}\r\nuninstall build2-0.13.0-a.0.20200427110015.68cc1badd2eb/libbuild2/test/hxx{init}\r\nuninstall build2-0.13.0-a.0.20200427110015.68cc1badd2eb/libbuild2/test/hxx{target}\r\nuninstall build2-0.13.0-a.0.20200427110015.68cc1badd2eb/libbuild2/install/hxx{operation}\r\nuninstall build2-0.13.0-a.0.20200427110015.68cc1badd2eb/libbuild2/install/hxx{rule}\r\nuninstall build2-0.13.0-a.0.20200427110015.68cc1badd2eb/libbuild2/install/hxx{utility}\r\nuninstall build2-0.13.0-a.0.20200427110015.68cc1badd2eb/libbuild2/install/hxx{init}\r\nuninstall /usr/local/include/libbuild2/install/\r\n\r\nuninstall build2-0.13.0-a.0.20200427110015.68cc1badd2eb/libbuild2/dist/hxx{operation}\r\nuninstall build2-0.13.0-a.0.20200427110015.68cc1badd2eb/libbuild2/dist/hxx{rule}\r\nuninstall build2-0.13.0-a.0.20200427110015.68cc1badd2eb/libbuild2/dist/hxx{module}\r\nuninstall build2-0.13.0-a.0.20200427110015.68cc1badd2eb/libbuild2/dist/hxx{init}\r\nuninstall /usr/local/include/libbuild2/dist/\r\n\r\nuninstall build2-0.13.0-a.0.20200427110015.68cc1badd2eb/libbuild2/config/txx{utility}\r\nuninstall build2-0.13.0-a.0.20200427110015.68cc1badd2eb/libbuild2/config/ixx{utility}\r\nuninstall build2-0.13.0-a.0.20200427110015.68cc1badd2eb/libbuild2/config/hxx{operation}\r\nuninstall build2-0.13.0-a.0.20200427110015.68cc1badd2eb/libbuild2/config/hxx{utility}\r\nuninstall build2-0.13.0-a.0.20200427110015.68cc1badd2eb/libbuild2/config/hxx{module}\r\nuninstall build2-0.13.0-a.0.20200427110015.68cc1badd2eb/libbuild2/config/hxx{init}\r\nuninstall /usr/local/include/libbuild2/config/\r\n\r\nuninstall build2-0.13.0-a.0.20200427110015.68cc1badd2eb/libbuild2/hxx{version}\r\nuninstall build2-0.13.0-a.0.20200427110015.68cc1badd2eb/manifest{manifest}\r\nuninstall /usr/local/share/doc/build2/\r\n\r\nuninstall build2-0.13.0-a.0.20200427110015.68cc1badd2eb/libbuild2/hxx{config}\r\nuninstall build2-0.13.0-a.0.20200427110015.68cc1badd2eb/libbuild2/txx{filesystem}\r\nuninstall build2-0.13.0-a.0.20200427110015.68cc1badd2eb/libbuild2/txx{utility}\r\nuninstall build2-0.13.0-a.0.20200427110015.68cc1badd2eb/libbuild2/txx{variable}\r\nuninstall build2-0.13.0-a.0.20200427110015.68cc1badd2eb/libbuild2/txx{target}\r\nuninstall build2-0.13.0-a.0.20200427110015.68cc1badd2eb/libbuild2/txx{scheduler}\r\nuninstall build2-0.13.0-a.0.20200427110015.68cc1badd2eb/libbuild2/ixx{algorithm}\r\nuninstall build2-0.13.0-a.0.20200427110015.68cc1badd2eb/libbuild2/ixx{variable}\r\nuninstall build2-0.13.0-a.0.20200427110015.68cc1badd2eb/libbuild2/ixx{filesystem}\r\nuninstall build2-0.13.0-a.0.20200427110015.68cc1badd2eb/libbuild2/ixx{name}\r\nuninstall build2-0.13.0-a.0.20200427110015.68cc1badd2eb/libbuild2/ixx{types}\r\nuninstall build2-0.13.0-a.0.20200427110015.68cc1badd2eb/libbuild2/ixx{target}\r\nuninstall build2-0.13.0-a.0.20200427110015.68cc1badd2eb/libbuild2/ixx{scope}\r\nuninstall build2-0.13.0-a.0.20200427110015.68cc1badd2eb/libbuild2/ixx{context}\r\nuninstall build2-0.13.0-a.0.20200427110015.68cc1badd2eb/libbuild2/ixx{depdb}\r\nuninstall build2-0.13.0-a.0.20200427110015.68cc1badd2eb/libbuild2/ixx{utility}\r\nuninstall build2-0.13.0-a.0.20200427110015.68cc1badd2eb/libbuild2/ixx{file}\r\nuninstall build2-0.13.0-a.0.20200427110015.68cc1badd2eb/libbuild2/hxx{scope}\r\nuninstall build2-0.13.0-a.0.20200427110015.68cc1badd2eb/libbuild2/hxx{algorithm}\r\nuninstall build2-0.13.0-a.0.20200427110015.68cc1badd2eb/libbuild2/hxx{name}\r\nuninstall build2-0.13.0-a.0.20200427110015.68cc1badd2eb/libbuild2/hxx{file}\r\nuninstall build2-0.13.0-a.0.20200427110015.68cc1badd2eb/libbuild2/hxx{depdb}\r\nuninstall build2-0.13.0-a.0.20200427110015.68cc1badd2eb/libbuild2/hxx{scheduler}\r\nuninstall build2-0.13.0-a.0.20200427110015.68cc1badd2eb/libbuild2/hxx{operation}\r\nuninstall build2-0.13.0-a.0.20200427110015.68cc1badd2eb/libbuild2/hxx{dump}\r\nuninstall build2-0.13.0-a.0.20200427110015.68cc1badd2eb/libbuild2/hxx{lexer}\r\nuninstall build2-0.13.0-a.0.20200427110015.68cc1badd2eb/libbuild2/hxx{forward}\r\nuninstall build2-0.13.0-a.0.20200427110015.68cc1badd2eb/libbuild2/hxx{diagnostics}\r\nuninstall build2-0.13.0-a.0.20200427110015.68cc1badd2eb/libbuild2/hxx{spec}\r\nuninstall build2-0.13.0-a.0.20200427110015.68cc1badd2eb/libbuild2/hxx{function}\r\nuninstall build2-0.13.0-a.0.20200427110015.68cc1badd2eb/libbuild2/hxx{target-key}\r\nuninstall build2-0.13.0-a.0.20200427110015.68cc1badd2eb/libbuild2/hxx{search}\r\nuninstall build2-0.13.0-a.0.20200427110015.68cc1badd2eb/libbuild2/hxx{target-type}\r\nuninstall build2-0.13.0-a.0.20200427110015.68cc1badd2eb/libbuild2/hxx{prerequisite-key}\r\nuninstall build2-0.13.0-a.0.20200427110015.68cc1badd2eb/libbuild2/hxx{parser}\r\nuninstall build2-0.13.0-a.0.20200427110015.68cc1badd2eb/libbuild2/hxx{variable}\r\nuninstall build2-0.13.0-a.0.20200427110015.68cc1badd2eb/libbuild2/hxx{types}\r\nuninstall build2-0.13.0-a.0.20200427110015.68cc1badd2eb/libbuild2/hxx{rule}\r\nuninstall build2-0.13.0-a.0.20200427110015.68cc1badd2eb/libbuild2/hxx{rule-map}\r\nuninstall build2-0.13.0-a.0.20200427110015.68cc1badd2eb/libbuild2/hxx{utility}\r\nuninstall build2-0.13.0-a.0.20200427110015.68cc1badd2eb/libbuild2/hxx{context}\r\nuninstall build2-0.13.0-a.0.20200427110015.68cc1badd2eb/libbuild2/hxx{token}\r\nuninstall build2-0.13.0-a.0.20200427110015.68cc1badd2eb/libbuild2/hxx{action}\r\nuninstall build2-0.13.0-a.0.20200427110015.68cc1badd2eb/libbuild2/hxx{prerequisite}\r\nuninstall build2-0.13.0-a.0.20200427110015.68cc1badd2eb/libbuild2/hxx{target-state}\r\nuninstall build2-0.13.0-a.0.20200427110015.68cc1badd2eb/libbuild2/hxx{export}\r\nuninstall build2-0.13.0-a.0.20200427110015.68cc1badd2eb/libbuild2/hxx{module}\r\nuninstall build2-0.13.0-a.0.20200427110015.68cc1badd2eb/libbuild2/hxx{filesystem}\r\nuninstall build2-0.13.0-a.0.20200427110015.68cc1badd2eb/libbuild2/hxx{target}\r\nuninstall libbutl-0.13.0-a.0.20200414090352.62406eb17325/libbutl/libs{butl}\r\nuninstall libbutl-0.13.0-a.0.20200414090352.62406eb17325/libbutl/hxx{version}\r\nuninstall libbutl-0.13.0-a.0.20200414090352.62406eb17325/manifest{manifest}\r\nuninstall /usr/local/share/doc/libbutl/\r\n\r\nuninstall /usr/local/share/doc/\r\n\r\nuninstall libbutl-0.13.0-a.0.20200414090352.62406eb17325/libbutl/hxx{regex}\r\nuninstall libbutl-0.13.0-a.0.20200414090352.62406eb17325/libbutl/hxx{string-table}\r\nuninstall libbutl-0.13.0-a.0.20200414090352.62406eb17325/libbutl/hxx{small-list}\r\nuninstall libbutl-0.13.0-a.0.20200414090352.62406eb17325/libbutl/hxx{path}\r\nuninstall libbutl-0.13.0-a.0.20200414090352.62406eb17325/libbutl/hxx{small-allocator}\r\nuninstall libbutl-0.13.0-a.0.20200414090352.62406eb17325/libbutl/hxx{process}\r\nuninstall libbutl-0.13.0-a.0.20200414090352.62406eb17325/libbutl/hxx{sendmail}\r\nuninstall libbutl-0.13.0-a.0.20200414090352.62406eb17325/libbutl/hxx{semantic-version}\r\nuninstall libbutl-0.13.0-a.0.20200414090352.62406eb17325/libbutl/hxx{base64}\r\nuninstall libbutl-0.13.0-a.0.20200414090352.62406eb17325/libbutl/hxx{curl}\r\nuninstall libbutl-0.13.0-a.0.20200414090352.62406eb17325/libbutl/hxx{utf8}\r\nuninstall libbutl-0.13.0-a.0.20200414090352.62406eb17325/libbutl/hxx{path-pattern}\r\nuninstall libbutl-0.13.0-a.0.20200414090352.62406eb17325/libbutl/hxx{char-scanner}\r\nuninstall libbutl-0.13.0-a.0.20200414090352.62406eb17325/libbutl/hxx{url}\r\nuninstall libbutl-0.13.0-a.0.20200414090352.62406eb17325/libbutl/hxx{path-map}\r\nuninstall libbutl-0.13.0-a.0.20200414090352.62406eb17325/libbutl/hxx{backtrace}\r\nuninstall libbutl-0.13.0-a.0.20200414090352.62406eb17325/libbutl/hxx{diagnostics}\r\nuninstall libbutl-0.13.0-a.0.20200414090352.62406eb17325/libbutl/hxx{small-vector}\r\nuninstall libbutl-0.13.0-a.0.20200414090352.62406eb17325/libbutl/hxx{optional}\r\nuninstall libbutl-0.13.0-a.0.20200414090352.62406eb17325/libbutl/hxx{default-options}\r\nuninstall libbutl-0.13.0-a.0.20200414090352.62406eb17325/libbutl/hxx{multi-index}\r\nuninstall libbutl-0.13.0-a.0.20200414090352.62406eb17325/libbutl/hxx{manifest-parser}\r\nuninstall libbutl-0.13.0-a.0.20200414090352.62406eb17325/libbutl/hxx{target-triplet}\r\nuninstall libbutl-0.13.0-a.0.20200414090352.62406eb17325/libbutl/hxx{unicode}\r\nuninstall libbutl-0.13.0-a.0.20200414090352.62406eb17325/libbutl/hxx{filesystem}\r\nuninstall libbutl-0.13.0-a.0.20200414090352.62406eb17325/libbutl/hxx{openssl}\r\nuninstall libbutl-0.13.0-a.0.20200414090352.62406eb17325/libbutl/hxx{timestamp}\r\nuninstall libbutl-0.13.0-a.0.20200414090352.62406eb17325/libbutl/hxx{project-name}\r\nuninstall libbutl-0.13.0-a.0.20200414090352.62406eb17325/libbutl/hxx{tab-parser}\r\nuninstall libbutl-0.13.0-a.0.20200414090352.62406eb17325/libbutl/hxx{manifest-serializer}\r\nuninstall libbutl-0.13.0-a.0.20200414090352.62406eb17325/libbutl/hxx{command}\r\nuninstall libbutl-0.13.0-a.0.20200414090352.62406eb17325/libbutl/hxx{small-forward-list}\r\nuninstall libbutl-0.13.0-a.0.20200414090352.62406eb17325/libbutl/hxx{sha1}\r\nuninstall libbutl-0.13.0-a.0.20200414090352.62406eb17325/libbutl/hxx{prefix-map}\r\nuninstall libbutl-0.13.0-a.0.20200414090352.62406eb17325/libbutl/hxx{process-io}\r\nuninstall libbutl-0.13.0-a.0.20200414090352.62406eb17325/libbutl/hxx{manifest-rewriter}\r\nuninstall libbutl-0.13.0-a.0.20200414090352.62406eb17325/libbutl/hxx{const-ptr}\r\nuninstall libbutl-0.13.0-a.0.20200414090352.62406eb17325/libbutl/hxx{prompt}\r\nuninstall libbutl-0.13.0-a.0.20200414090352.62406eb17325/libbutl/hxx{git}\r\nuninstall libbutl-0.13.0-a.0.20200414090352.62406eb17325/libbutl/hxx{standard-version}\r\nuninstall libbutl-0.13.0-a.0.20200414090352.62406eb17325/libbutl/hxx{sha256}\r\nuninstall libbutl-0.13.0-a.0.20200414090352.62406eb17325/libbutl/hxx{manifest-types}\r\nuninstall libbutl-0.13.0-a.0.20200414090352.62406eb17325/libbutl/hxx{path-io}\r\nuninstall libbutl-0.13.0-a.0.20200414090352.62406eb17325/libbutl/hxx{vector-view}\r\nuninstall libbutl-0.13.0-a.0.20200414090352.62406eb17325/libbutl/hxx{pager}\r\nuninstall libbutl-0.13.0-a.0.20200414090352.62406eb17325/libbutl/hxx{fdstream}\r\nuninstall libbutl-0.13.0-a.0.20200414090352.62406eb17325/libbutl/hxx{b}\r\nuninstall libbutl-0.13.0-a.0.20200414090352.62406eb17325/libbutl/hxx{builtin}\r\nuninstall libbutl-0.13.0-a.0.20200414090352.62406eb17325/libbutl/hxx{utility}\r\nuninstall libbutl-0.13.0-a.0.20200414090352.62406eb17325/libbutl/hxx{string-parser}\r\nuninstall libbutl-0.13.0-a.0.20200414090352.62406eb17325/libbutl/txx{regex}\r\nuninstall libbutl-0.13.0-a.0.20200414090352.62406eb17325/libbutl/txx{default-options}\r\nuninstall libbutl-0.13.0-a.0.20200414090352.62406eb17325/libbutl/txx{url}\r\nuninstall libbutl-0.13.0-a.0.20200414090352.62406eb17325/libbutl/txx{string-table}\r\nuninstall libbutl-0.13.0-a.0.20200414090352.62406eb17325/libbutl/txx{prefix-map}\r\nuninstall libbutl-0.13.0-a.0.20200414090352.62406eb17325/libbutl/txx{curl}\r\nuninstall libbutl-0.13.0-a.0.20200414090352.62406eb17325/libbutl/txx{process-run}\r\nuninstall libbutl-0.13.0-a.0.20200414090352.62406eb17325/libbutl/txx{path}\r\nuninstall libbutl-0.13.0-a.0.20200414090352.62406eb17325/libbutl/txx{openssl}\r\nuninstall libbutl-0.13.0-a.0.20200414090352.62406eb17325/libbutl/txx{char-scanner}\r\nuninstall libbutl-0.13.0-a.0.20200414090352.62406eb17325/libbutl/ixx{sendmail}\r\nuninstall libbutl-0.13.0-a.0.20200414090352.62406eb17325/libbutl/ixx{openssl}\r\nuninstall libbutl-0.13.0-a.0.20200414090352.62406eb17325/libbutl/ixx{filesystem}\r\nuninstall libbutl-0.13.0-a.0.20200414090352.62406eb17325/libbutl/ixx{manifest-serializer}\r\nuninstall libbutl-0.13.0-a.0.20200414090352.62406eb17325/libbutl/ixx{utf8}\r\nuninstall libbutl-0.13.0-a.0.20200414090352.62406eb17325/libbutl/ixx{process}\r\nuninstall libbutl-0.13.0-a.0.20200414090352.62406eb17325/libbutl/ixx{default-options}\r\nuninstall libbutl-0.13.0-a.0.20200414090352.62406eb17325/libbutl/ixx{semantic-version}\r\nuninstall libbutl-0.13.0-a.0.20200414090352.62406eb17325/libbutl/ixx{manifest-parser}\r\nuninstall libbutl-0.13.0-a.0.20200414090352.62406eb17325/libbutl/ixx{char-scanner}\r\nuninstall libbutl-0.13.0-a.0.20200414090352.62406eb17325/libbutl/ixx{fdstream}\r\nuninstall libbutl-0.13.0-a.0.20200414090352.62406eb17325/libbutl/ixx{regex}\r\nuninstall libbutl-0.13.0-a.0.20200414090352.62406eb17325/libbutl/ixx{standard-version}\r\nuninstall libbutl-0.13.0-a.0.20200414090352.62406eb17325/libbutl/ixx{path-pattern}\r\nuninstall libbutl-0.13.0-a.0.20200414090352.62406eb17325/libbutl/ixx{curl}\r\nuninstall libbutl-0.13.0-a.0.20200414090352.62406eb17325/libbutl/ixx{path}\r\nuninstall libbutl-0.13.0-a.0.20200414090352.62406eb17325/libbutl/ixx{utility}\r\nuninstall libbutl-0.13.0-a.0.20200414090352.62406eb17325/libbutl/ixx{uuid}\r\nuninstall libbutl-0.13.0-a.0.20200414090352.62406eb17325/libbutl/ixx{url}\r\nuninstall libbutl-0.13.0-a.0.20200414090352.62406eb17325/libbutl/ixx{optional}\r\nuninstall libbutl-0.13.0-a.0.20200414090352.62406eb17325/libbutl/ixx{unicode}\r\nuninstall libbutl-0.13.0-a.0.20200414090352.62406eb17325/libbutl/hxx{uuid-io}\r\nuninstall libbutl-0.13.0-a.0.20200414090352.62406eb17325/libbutl/hxx{small-vector-odb}\r\nuninstall libbutl-0.13.0-a.0.20200414090352.62406eb17325/libbutl/ft/hxx{shared_mutex}\r\nuninstall libbutl-0.13.0-a.0.20200414090352.62406eb17325/libbutl/ft/hxx{exception}\r\nuninstall libbutl-0.13.0-a.0.20200414090352.62406eb17325/libbutl/ft/hxx{lang}\r\nuninstall /usr/local/include/libbutl/ft/\r\n\r\nuninstall libbutl-0.13.0-a.0.20200414090352.62406eb17325/libbutl/hxx{process-details}\r\nuninstall libbutl-0.13.0-a.0.20200414090352.62406eb17325/libbutl/hxx{uuid}\r\nuninstall libbutl-0.13.0-a.0.20200414090352.62406eb17325/libbutl/hxx{manifest-forward}\r\nuninstall libbutl-0.13.0-a.0.20200414090352.62406eb17325/libbutl/hxx{export}\r\nuninstall /usr/local/include/libbutl/\r\n\r\nuninstalled build2/0.13.0-a.0.20200427110015.68cc1badd2eb\r\nuninstalled bpkg/0.13.0-a.0.20200410160808.ef30db48d9a9\r\nuninstalled bdep/0.13.0-a.0.20200421135701.97fcffa04daf\r\n+ cd /home/klaim/tools/build2\r\n\r\n+ rm -rf build2-toolchain-0.13-a.0\r\n\r\n\r\n\r\n-------------------------------------------------------------------------\r\n\r\n\r\nSuccessfully uninstalled build2 toolchain 0.13.0-a.0 (staged).",
    "YaraRule": [
        "enable_org23",
        "core_keywords"
    ]
}