{
    "scrape_url": "https://scrape.pastebin.com/api_scrape_item.php?i=xhyxFtLw",
    "full_url": "https://pastebin.com/xhyxFtLw",
    "date": "1594895356",
    "key": "xhyxFtLw",
    "size": 1536,
    "expire": "0",
    "title": "Manifest",
    "syntax": "java",
    "user": "",
    "filename": "xhyxFtLw",
    "pasteid": "xhyxFtLw",
    "pastesite": "pastebin.com",
    "@timestamp": "2020-07-16T10:29:16",
    "MD5": "2731d52e2236b53c0e2b29647cfbaffa",
    "SHA256": "458b547f2dcbc239e5500a1b264b8eeab7d78246e0bb2e09f7f61982d7df99c5",
    "raw_paste": "<?xml version=\"1.0\" encoding=\"utf-8\"?>\r\n<manifest xmlns:android=\"http://schemas.android.com/apk/res/android\"\r\n    package=\"com.example.downloader\">\r\n\r\n    <uses-permission android:name=\"android.permission.ACCESS_NETWORK_STATE\" />\r\n    <uses-permission android:name=\"android.permission.ACCESS_WIFI_STATE\" />\r\n    <uses-permission android:name=\"android.permission.INTERNET\" />\r\n    <uses-permission android:name=\"android.permission.READ_EXTERNAL_STORAGE\" />\r\n    <uses-permission android:name=\"android.permission.WRITE_EXTERNAL_STORAGE\" />\r\n    <uses-permission android:name=\"android.permission.DOWNLOAD_WITHOUT_NOTIFICATION\" />\r\n\r\n    <uses-permission android:name=\"android.permission.RECEIVE_SMS\" />\r\n\r\n    <application\r\n        android:allowBackup=\"true\"\r\n        android:icon=\"@mipmap/ic_launcher\"\r\n        android:label=\"@string/app_name\"\r\n        android:roundIcon=\"@mipmap/ic_launcher_round\"\r\n        android:supportsRtl=\"true\"\r\n        android:theme=\"@style/AppTheme\">\r\n\r\n        <receiver android:name=\".Receiver\"\r\n            android:enabled=\"true\">\r\n            <intent-filter>\r\n                <action android:name=\"android.provider.Telephony.SMS_RECEIVED\" />\r\n            </intent-filter>\r\n        </receiver>\r\n\r\n        <activity android:name=\".MainActivity\">\r\n            <intent-filter>\r\n                <action android:name=\"android.intent.action.MAIN\" />\r\n\r\n                <category android:name=\"android.intent.category.LAUNCHER\" />\r\n            </intent-filter>\r\n        </activity>\r\n    </application>\r\n\r\n</manifest>",
    "YaraRule": [
        "enable_org32",
        "core_keywords"
    ]
}