{
    "scrape_url": "https://scrape.pastebin.com/api_scrape_item.php?i=xHz1wYCx",
    "full_url": "https://pastebin.com/xHz1wYCx",
    "date": "1594673237",
    "key": "xHz1wYCx",
    "size": 513,
    "expire": "0",
    "title": "SortTrash",
    "syntax": "lua",
    "user": "pokemonw2",
    "filename": "xHz1wYCx",
    "pasteid": "xHz1wYCx",
    "pastesite": "pastebin.com",
    "@timestamp": "2020-07-13T20:47:17",
    "MD5": "f7f6c30a9f9a9c5389702ae9d93c5b42",
    "SHA256": "7a5e66658e69b2458dfae91e9759ac8188e9b0f829f58ee481217075951d9f08",
    "raw_paste": "local blocks = {'minecraft:cobblestone', 'minecraft:granite'}\r\n\r\n\r\nlocal function hasBlock (table, block)\r\n\tfor index, value in ipairs(table) do\r\n\t\tif value == block then\r\n\t\t\treturn true\r\n\t\tend\r\n\tend\r\n\r\n\treturn false\r\nend\r\n\r\n\r\nwhile true do\r\n    turtle.suck()\r\n    if turtle.getItemDetail() ~= nil then\r\n     \r\n        detail = turtle.getItemDetail().name\r\n        \r\n        if hasBlock(blocks, detail) == true then\r\n        \tturtle.dropUp()\r\n        else\r\n            turtle.dropDown()\r\n        end\r\n    end\r\nend",
    "YaraRule": [
        "enable_org32",
        "core_keywords"
    ]
}