{
    "scrape_url": "https://scrape.pastebin.com/api_scrape_item.php?i=Xu0fAqBt",
    "full_url": "https://pastebin.com/Xu0fAqBt",
    "date": "1594678543",
    "key": "Xu0fAqBt",
    "size": 677,
    "expire": "0",
    "title": "arrow key drawl game",
    "syntax": "python",
    "user": "Davidmyoquist",
    "filename": "Xu0fAqBt",
    "pasteid": "Xu0fAqBt",
    "pastesite": "pastebin.com",
    "@timestamp": "2020-07-13T22:15:43",
    "MD5": "df0f5c60c9ed0b46c6832871a6d2dd62",
    "SHA256": "ca4d0e4e8ea174f9f53804b32b5b2426b1142c5f006f3f004a7e333980edce5a",
    "raw_paste": "import turtle\r\nimport os\r\nimport math\r\nwn = turtle.Screen()\r\nwn.title(\"arrow keys drawl\")\r\nwn.bgcolor(\"blue\")\r\n\r\np = turtle.Turtle()\r\np.color(\"black\")\r\np.speed(0)\r\np.penup()\r\np.goto(0, 0)\r\np.shape(\"square\")\r\n\r\n\r\ndef p_up():\r\n    y = p.ycor()  \r\n    y += 20\r\n    p.sety(y)\r\n    \r\ndef p_down():\r\n    y = p.ycor()\r\n    y -= 20\r\n    p.sety(y)\r\n\r\ndef p_right():\r\n    x = p.xcor()\r\n    x -= 20\r\n    p.setx(x)\r\n\r\ndef p_left():\r\n    x = p.xcor()\r\n    x += 20\r\n    p.setx(x)\r\n\r\nwn.listen()\r\nwn.onkeypress(p_up, \"Up\")\r\n\r\nwn.listen()\r\nwn.onkeypress(p_down, \"Down\")\r\n\r\nwn.listen()\r\nwn.onkeypress(p_right, \"Left\")\r\n\r\nwn.listen\r\nwn.onkeypress(p_left, \"Right\")\r\n\r\nwhile True:\r\n    wn.update()",
    "YaraRule": [
        "enable_org32",
        "core_keywords"
    ]
}