{
    "scrape_url": "https://scrape.pastebin.com/api_scrape_item.php?i=y61bxmwH",
    "full_url": "https://pastebin.com/y61bxmwH",
    "date": "1594893988",
    "key": "y61bxmwH",
    "size": 1137,
    "expire": "0",
    "title": "HI my player is not moving i dont know wht to do plz help !",
    "syntax": "python",
    "user": "",
    "filename": "y61bxmwH",
    "pasteid": "y61bxmwH",
    "pastesite": "pastebin.com",
    "@timestamp": "2020-07-16T10:06:28",
    "MD5": "0b42769580aa9d078f466dbc16af044a",
    "SHA256": "6e8c3bbd06602ba1a0ebf28b6f318aa642543d5912a0f251cac25930bba10904",
    "raw_paste": "# Space Invaders - Part 2\r\n# Move the Player\r\n# Python 2.7 on Mac\r\nimport turtle\r\nimport os\r\n\r\n# Set up the screen\r\nwn = turtle.Screen()\r\nwn.setup(700, 700)\r\nwn.bgcolor(\"black\")\r\nwn.title(\"Space Invaders\")\r\n\r\n# Draw border\r\nborder_pen = turtle.Turtle()\r\nborder_pen.speed(0)\r\nborder_pen.color(\"white\")\r\nborder_pen.penup()\r\nborder_pen.setposition(-300, -300)\r\nborder_pen.pendown()\r\nborder_pen.pensize(3)\r\nfor side in range(4):\r\n    border_pen.fd(600)\r\n    border_pen.lt(90)\r\nborder_pen.hideturtle()\r\n\r\n# Create the player turtle\r\nplayer = turtle.Turtle()\r\nplayer.color(\"blue\")\r\nplayer.shape(\"triangle\")\r\nplayer.penup()\r\nplayer.speed(0)\r\nplayer.setposition(0, -250)\r\nplayer.setheading(90)\r\n\r\nplayerspeed = 15\r\n\r\n\r\n# Move the player left and right\r\ndef move_left():\r\n    x = player.xcor()\r\n    x -= playerspeed\r\n    if x < -280:\r\n        x = - 280\r\n    player.setx(x)\r\n\r\n\r\ndef move_right():\r\n    x = player.xcor()\r\n    x += playerspeed\r\n    if x > 280:\r\n        x = 280\r\n    player.setx(x)\r\n\r\n\r\n# Create keyboard bindings\r\nturtle.listen()\r\nturtle.onkey(move_left, \"a\")\r\nturtle.onkey(move_right, \"d\")\r\n\r\ndelay = input(\"Press enter to finsh.\")",
    "YaraRule": [
        "enable_org32",
        "core_keywords"
    ]
}