{
    "scrape_url": "https://scrape.pastebin.com/api_scrape_item.php?i=yjgb2y2m",
    "full_url": "https://pastebin.com/yjgb2y2m",
    "date": "1594894066",
    "key": "yjgb2y2m",
    "size": 5793,
    "expire": "0",
    "title": "Audan",
    "syntax": "lua",
    "user": "Mecheniy",
    "filename": "yjgb2y2m",
    "pasteid": "yjgb2y2m",
    "pastesite": "pastebin.com",
    "@timestamp": "2020-07-16T10:07:46",
    "MD5": "6c5174f065013f60cfe02b1d4f1b358e",
    "SHA256": "212630e99f92e3181fac7a5ade7395c1c85e9b1c4f37c053d6631b867c39910c",
    "raw_paste": "local component = require(\"component\")\r\nlocal comp = require(\"computer\")\r\nlocal fs = require(\"filesystem\")\r\nlocal event = require(\"event\")\r\nlocal shell = require(\"shell\")\r\nif not component.isAvailable(\"internet\") then\r\n  print(\"This program requires an internet card to run.\")\r\n  os.exit()\r\nend\r\n \r\nlocal internet = require(\"internet\")\r\n \r\nlocal g_chat    = \"https://discordapp.com/api/webhooks/730147233755955281/HtfBaZRLvbUjoewHoPiwn0yQBF398kSNgEFy-tAoP4a9-3WxtUlNL3l9NIVNWMyhPw53\"\r\n \r\nlocal l_chat    = \"https://discordapp.com/api/webhooks/730115001213386892/UwA4K2MSHhafjHUT60OUA2ddUQTe0rxRobiDUm44Q-14EuxstkaEMZb5icfAIjS5Mb_d\"\r\n \r\nlocal com_chat  = \"https://discordapp.com/api/webhooks/730176824424005775/bAziMbksNvdQvxdIj9cKTNi-LforyBHKUpISgq5gVTWZv_b0gSWnvCi2GnqG-ZDsG3Uz\"\r\n \r\nlocal on_off = \"https://discordapp.com/api/webhooks/730334393977012254/oJfq2WK8X48Aj0ykfA4_wQjQ120tXhBvi45a7wb3qR1IGyNaAyWZQ0yo9i5TU9NtKV5T\"\r\n \r\nlocal dead = \"https://discordapp.com/api/webhooks/730336612667359272/LsXcL0EmIvfbPzV7702hHkdUHRjeEdygYpKTowJ6kAbl88FWj8__z8-r_Q2VTrFeoDPa\"\r\n \r\nlocal private = \"https://discordapp.com/api/webhooks/730337811105841193/7_oRa58aaID08tu2MovsTlXsHz2GD1iqIf-ysoUefM_tgAqkdMhZdD1HIrTvbJmQYzFo\"\r\n \r\nlocal rep_chat = \"https://discordapp.com/api/webhooks/730182889404235907/xqWTHxuirTG5RLnmqA4iKPpokZLN6LPuIzbCn7SuhR15PDNJCFIlrJq9-Zh6dXVvt7Ua\"\r\n \r\nfunction getHostTime(timezone)\r\n    timezone = timezone or 2\r\n    local file = io.open(\"/HostTime.tmp\", \"w\")\r\n    file:write(\"\")\r\n    file:close()\r\n    local timeCorrection = timezone * 3600\r\n    local lastModified = tonumber(string.sub(fs.lastModified(\"/HostTime.tmp\"), 1, -4)) + timeCorrection\r\n    fs.remove(\"/HostTime.tmp\")\r\n    local year, month, day, hour, minute, second = os.date(\"%Y\", lastModified), os.date(\"%m\", lastModified),                    os.date(\"%d\", lastModified), os.date(\"%H\", lastModified), os.date(\"%M\", lastModified), os.date(\"%S\", lastModified)\r\n    return tonumber(day), tonumber(month), tonumber(year), tonumber(hour), tonumber(minute), tonumber(second)\r\nend\r\n \r\nfunction real_time()\r\nlocal time = {getHostTime(2)}\r\nlocal text = string.format(\"%02d:%02d:%02d\", time[4], time[5], time[6])\r\nreturn text\r\nend\r\n \r\nfunction real_day()\r\nlocal time = {getHostTime(2)}\r\nlocal text = string.format(\"%02d-%02d-%02d\", time[1], time[2], time[3])\r\nreturn text\r\nend\r\n \r\nfunction urlencode(str)\r\n   if (str) then\r\n      str = string.gsub (str, \"\\n\", \"\\r\\n\")\r\n      str = string.gsub (str, \"([^%w ])\",\r\n         function (c) return string.format (\"%%%02X\", string.byte(c)) end)\r\n      str = string.gsub (str, \" \", \"+\")\r\n   end\r\n   return str    \r\nend\r\n \r\nfunction msg(url, text)\r\n    text = urlencode(text)\r\n    local result, reason, headers = internet.request(url, {username = \"McSkill\", content = (\"%s\"):format(text)}, {[\"User-Agent\"] = \"Mozila/5.0 (X11; Linux x86_64; rv:76.0) Gecko/20100101 Firefox/76.0\"})\r\n    local info = \"\"\r\n    if result then\r\n        for chunk in result do\r\n            info = info .. chunk\r\n        end\r\n    end\r\n    return info\r\nend\r\n \r\nfunction dlog()\r\n  local function request(path, post, headers, method)\r\n    local handle, data, chunk = internet.request(path, post, headers, \"GET\"), \"\"\r\n    local start = comp.uptime()\r\n    local timeout = 1000;\r\n    while true do\r\n      local status, err = handle.finishConnect()\r\n      if status then\r\n          break\r\n      end\r\n      if comp.uptime() >= start + timeout then\r\n        handle.close()\r\n      return nil, \"request failed: connection timed out\"\r\n      end\r\n    end\r\n    while true do\r\n        chunk = handle.read()\r\n        if chunk then\r\n            if method == \"HEAD\" then break end\r\n            data = data .. chunk\r\n        else\r\n            break\r\n        end\r\n    end\r\n    return data, handle.response()\r\n  end\r\n  local url = \"http://logs.s8.mcskill.ru/EasyTech_public_logs/\"..real_day()..\".txt\"\r\n  local code, message, headers = select(2, request(url, nil, {[\"User-Agent\"] = \"Mozila/5.0 (X11; Linux x86_64; rv:76.0) Gecko/20100101 Firefox/76.0\"}, \"HEAD\"))\r\n  local bytes = 0\r\n  if tonumber(headers[\"Content-Length\"][1]) > 10000 then\r\n    bytes = tonumber(headers[\"Content-Length\"][1]) - 10000\r\n  end\r\n  local data, code, message, headers = request(url, nil, {Range = (\"bytes=%d-\"):format(bytes), [\"User-Agent\"] = \"Mozila/5.0 (X11; Linux x86_64; rv:76.0) Gecko/20100101 Firefox/76.0\"})\r\n  return data\r\nend\r\n \r\nlastmsg = \"\"\r\nlist_m = {}\r\nk = 0\r\n \r\nfunction readlog()\r\n    list_m = {}\r\n    k = 0\r\n    local data = dlog()\r\n    for line in data:gmatch(\"[^\\r\\n]+\") do\r\n        list_m[#list_m + 1] = line\r\n    end\r\n    if lastmsg == \"\" then\r\n        lastmsg = list_m[#list_m]\r\n        return\r\n    end\r\n    for i=#list_m, 1, -1 do\r\n        if lastmsg == list_m[i] then\r\n            return\r\n        else\r\n            k = k + 1\r\n        end\r\n    end\r\nend\r\n \r\nif comp.users(\"kudrin\") ~= nil then\r\n    while true do\r\n        if pcall(readlog) then\r\n            for i = #list_m-k+1, #list_m do\r\n            lastmsg = list_m[i]\r\n            print(lastmsg)\r\n            --if string.find(lastmsg,\"[G]\") and string.find(lastmsg,\"[G]\") <= 15 then\r\n            --if string.find(lastmsg,\"rep\") then msg(rep_chat, lastmsg)\r\n            --else msg(g_chat, lastmsg) end\r\n            --else if string.find(lastmsg,\"[L]\") and string.find(lastmsg,\"[L]\") <= 15 then\r\n            --if string.find(lastmsg,\"rep\") then msg(rep_chat, lastmsg)\r\n            --else msg(l_chat, lastmsg) end\r\n            --else if string.find(lastmsg,\"issued\") then msg(com_chat, lastmsg)\r\n            --else if string.find(lastmsg,\"\u0443\u043c\u0435\u0440\") then msg(dead, lastmsg)\r\n            --else if string.find(lastmsg,\"\u0437\u0430\u0448\u0451\u043b\") or string.find(lastmsg,\"\u0432\u044b\u0448\u0435\u043b\") then msg(on_off, lastmsg)\r\n            --end end end end end\r\n            end\r\n        end\r\n        os.sleep(0.1)\r\n    end\r\nend",
    "YaraRule": [
        "discord_api"
    ]
}