{
    "scrape_url": "https://scrape.pastebin.com/api_scrape_item.php?i=ypWTG7TW",
    "full_url": "https://pastebin.com/ypWTG7TW",
    "date": "1594718494",
    "key": "ypWTG7TW",
    "size": 3624,
    "expire": "0",
    "title": "",
    "syntax": "xml",
    "user": "",
    "filename": "ypWTG7TW",
    "pasteid": "ypWTG7TW",
    "pastesite": "pastebin.com",
    "@timestamp": "2020-07-14T09:21:34",
    "MD5": "c0b5087153d6e0a0bcd076a31f701835",
    "SHA256": "ea8b11ad42fcbd2b0fae964192256ddcda2e190eba52c414e3db1bbbd4524d05",
    "raw_paste": "<?xml version=\"1.0\" encoding=\"utf-8\" ?>\r\n<AssignedAccessConfiguration\r\n    xmlns=\"http://schemas.microsoft.com/AssignedAccess/2017/config\"\r\n    xmlns:rs5=\"http://schemas.microsoft.com/AssignedAccess/201810/config\"\r\n>\r\n    <Profiles>\r\n        <Profile Id=\"{9A2A490F-10F6-4764-974A-43B19E722C23}\">\r\n            <AllAppsList>\r\n                <AllowedApps>\r\n                    <App AppUserModelId=\"Microsoft.BingWeather_8wekyb3d8bbwe!App\" />\r\n                    <App AppUserModelId=\"Microsoft.MicrosoftEdge_8wekyb3d8bbwe!MicrosoftEdge\" />\r\n                    <App DesktopAppPath=\"C:\\Program Files (x86)\\Google\\Chrome\\Application\\chrome.exe\" />\r\n                    <App DesktopAppPath=\"C:\\Windows\\explorer.exe\" />\r\n                </AllowedApps>\r\n            </AllAppsList>\r\n            <rs5:FileExplorerNamespaceRestrictions>\r\n                <rs5:AllowedNamespace Name=\"Downloads\"/>\r\n            </rs5:FileExplorerNamespaceRestrictions>\r\n            <StartLayout>\r\n                <![CDATA[<LayoutModificationTemplate xmlns:defaultlayout=\"http://schemas.microsoft.com/Start/2014/FullDefaultLayout\" xmlns:start=\"http://schemas.microsoft.com/Start/2014/StartLayout\" Version=\"1\" xmlns=\"http://schemas.microsoft.com/Start/2014/LayoutModification\">\r\n                      <LayoutOptions StartTileGroupCellWidth=\"6\" />\r\n                      <DefaultLayoutOverride>\r\n                        <StartLayoutCollection>\r\n                          <defaultlayout:StartLayout GroupCellWidth=\"6\">\r\n                            <start:Group Name=\"Life at a glance\">\r\n                              <start:Tile Size=\"2x2\" Column=\"0\" Row=\"0\" AppUserModelID=\"Microsoft.MicrosoftEdge_8wekyb3d8bbwe!MicrosoftEdge\" />\r\n                              <start:Tile Size=\"4x2\" Column=\"0\" Row=\"4\" AppUserModelID=\"Microsoft.WindowsStore_8wekyb3d8bbwe!App\" />\r\n                              <!-- A link file is required for desktop applications to show on start layout, the link file can be placed under\r\n                                   \"%AllUsersProfile%\\Microsoft\\Windows\\Start Menu\\Programs\" if the link file is shared for all users or\r\n                                   \"%AppData%\\Microsoft\\Windows\\Start Menu\\Programs\" if the link file is for the specific user only \r\n                                   see document https://docs.microsoft.com/windows/configuration/start-layout-xml-desktop\r\n                              -->\r\n                              <!-- for inbox desktop applications, a link file might already exist and can be used directly -->\r\n                              <start:DesktopApplicationTile Size=\"2x2\" Column=\"2\" Row=\"0\" DesktopApplicationLinkPath=\"%AllUsersProfile%\\Microsoft\\Windows\\Start Menu\\Programs\\Google Chrome.lnk\" />\r\n                              <!-- for 3rd party desktop application, place the link file under appropriate folder -->\r\n                              <start:DesktopApplicationTile Size=\"2x2\" Column=\"4\" Row=\"0\" DesktopApplicationLinkPath=\"%AppData%\\Microsoft\\Windows\\Start Menu\\Programs\\MyLOB.lnk\" />\r\n                            </start:Group>\r\n                          </defaultlayout:StartLayout>\r\n                        </StartLayoutCollection>\r\n                      </DefaultLayoutOverride>\r\n                    </LayoutModificationTemplate>\r\n                ]]>\r\n            </StartLayout>\r\n            <Taskbar ShowTaskbar=\"true\"/>\r\n        </Profile>\r\n    </Profiles>\r\n    <Configs>\r\n        <Config>\r\n            <Account>norip</Account>\r\n            <DefaultProfile Id=\"{9A2A490F-10F6-4764-974A-43B19E722C23}\"/>\r\n        </Config>\r\n\r\n    </Configs>\r\n</AssignedAccessConfiguration>",
    "YaraRule": [
        "enable_org32",
        "core_keywords"
    ]
}