{
    "scrape_url": "https://scrape.pastebin.com/api_scrape_item.php?i=Zj63aZ5D",
    "full_url": "https://pastebin.com/Zj63aZ5D",
    "date": "1594662006",
    "key": "Zj63aZ5D",
    "size": 2013,
    "expire": "1594748406",
    "title": "",
    "syntax": "cpp",
    "user": "",
    "filename": "Zj63aZ5D",
    "pasteid": "Zj63aZ5D",
    "pastesite": "pastebin.com",
    "@timestamp": "2020-07-13T17:40:06",
    "MD5": "623c00441704c7aa717857082c63c9b2",
    "SHA256": "7724e14b4ee999bedde0e0ed45f09eb039de57df3457b9c90153bd568a97dd2e",
    "raw_paste": "#include <iostream>\r\n#include <mutex>\r\n#include <string>\r\n\r\nstd::mutex global_mutex;\r\n\r\nclass CustomMutexHandler\r\n{\r\npublic:\r\n    CustomMutexHandler(std::mutex &m) : _m(m)\r\n    {\r\n        std::cout << \"[CustomMutexHandler] Constructor\" << std::endl;\r\n        std::cout << \"[CustomMutexHandler] Locking mutex...\" << std::endl;\r\n        _m.lock();\r\n        std::cout << \"[CustomMutexHandler] The mutex has been locked!\" << std::endl;\r\n    };\r\n\r\n    ~CustomMutexHandler()\r\n    {\r\n        std::cout << \"[CustomMutexHandler] Destructor\" << std::endl;\r\n        _m.unlock();\r\n        std::cout << \"[CustomMutexHandler] The mutex has been unlocked!\" << std::endl;\r\n    };\r\n\r\nprivate:\r\n    std::mutex &_m;\r\n};\r\n\r\nclass PreciousResourceHandler\r\n{\r\n\r\npublic:\r\n    PreciousResourceHandler(std::string name, int size) : _name(name), _size(size)\r\n    {\r\n        std::cout << \"[PreciousResourceHandler] Hello! Here constructing \" << _name << std::endl;\r\n    }\r\n\r\n    ~PreciousResourceHandler()\r\n    {\r\n        std::cout << \"[PreciousResourceHandler] Destructing \" << _name << std::endl;\r\n        delete[] _data;\r\n    }\r\n\r\n    void performSomeOperation(bool should_throw)\r\n    {\r\n        std::cout << \"[PreciousResourceHandler] Here \" << _name << \" performing some operation\" << std::endl;\r\n        CustomMutexHandler mutex(global_mutex);\r\n        std::cout << \"[PreciousResourceHandler] Allocating \" << _size << \" elements...\" << std::endl;\r\n        _data = new int[_size];\r\n        if (should_throw)\r\n        {\r\n            std::cout << \"[PreciousResourceHandler] Oops! Exception happened\" << std::endl;\r\n            throw 1;\r\n        }\r\n    }\r\n\r\nprivate:\r\n    std::string _name;\r\n    int _size;\r\n    int *_data;\r\n};\r\n\r\nint main()\r\n{\r\n    PreciousResourceHandler *handler = new PreciousResourceHandler(\"Foo\", 1024);\r\n\r\n    try\r\n    {\r\n        handler->performSomeOperation(true);\r\n    }\r\n    catch (...)\r\n    {\r\n        std::cout << \"[main] Caught exception\" << std::endl;\r\n    }\r\n\r\n    handler->performSomeOperation(false);\r\n}",
    "YaraRule": [
        "enable_org23",
        "core_keywords"
    ]
}