{
    "scrape_url": "https://scrape.pastebin.com/api_scrape_item.php?i=zjSWm5mQ",
    "full_url": "https://pastebin.com/zjSWm5mQ",
    "date": "1594752151",
    "key": "zjSWm5mQ",
    "size": 4023,
    "expire": "0",
    "title": "diamond",
    "syntax": "lua",
    "user": "",
    "filename": "zjSWm5mQ",
    "pasteid": "zjSWm5mQ",
    "pastesite": "pastebin.com",
    "@timestamp": "2020-07-14T18:42:31",
    "MD5": "79c0bec3a764d812b28429772a6c82e5",
    "SHA256": "e83b9d7d24f8a3ba02372025c70b4f41adcf1e373e59f9c1dbc563a40883993a",
    "raw_paste": "local tArgs = { ... }\r\n\r\nif #tArgs ~= 2 then\r\n\tprint(\"Usage: <name> <radius> <start_y>\")\r\n\treturn\r\nend\r\n\r\nlocal block_names = {}\r\nblock_names[\"minecraft:diamond_ore\"]=1\r\nblock_names[\"minecraft:coal_ore\"]=1\r\nblock_names[\"minecraft:redstone_ore\"]=1\r\nblock_names[\"minecraft:lit_redstone_ore\"]=1\r\nlocal item_names = {}\r\nitem_names[\"minecraft:diamond\"]=1\r\nitem_names[\"minecraft:coal\"]=1\r\nitem_names[\"minecraft:redstone\"]=1\r\nlocal fuel_names = {}\r\nfuel_names[\"minecraft:coal\"]=1\r\nlocal max_radius = tonumber(tArgs[1])\r\nlocal mining_level = -(tonumber(tArgs[2]) - 9);\r\nlocal x = 0\r\nlocal y = 0\r\nlocal z = 0\r\nlocal orientation = 0\r\nlocal radius = 2\r\nlocal side = 0\r\n\r\nlocal function goDown()\r\n checkState()\r\n\twhile not turtle.down() do\r\n\t\tturtle.digDown()\r\n\tend\r\n\ty = y - 1\r\nend\r\n\r\nlocal function goUp()\r\n checkState()\r\n\twhile not turtle.up() do\r\n\t\tturtle.digUp()\r\n\tend\r\n\ty = y + 1\r\nend\r\n\r\nlocal function turnRight()\r\n\tturtle.turnRight()\r\n\torientation = (orientation + 1) % 4\r\nend\r\n\r\nlocal function goForward()\r\n checkState()\r\n\twhile not turtle.forward() do\r\n\t\tturtle.dig()\r\n\tend\r\n\tif orientation == 0 then\r\n\t\tz = z + 1\r\n\telseif orientation == 1 then\r\n\t\tx = x + 1\r\n\telseif orientation == 2 then\r\n\t\tz = z - 1\r\n\telse\r\n\t\tx = x - 1\r\n\tend\r\nend\r\n\r\nlocal function turnTo(rotation)\r\n\twhile orientation ~= rotation do\r\n\t\tturnRight()\r\n\tend\r\nend\r\n\r\n-- Go to Location\r\n\r\nlocal function toLocation(tX, tY, tZ, tO)\r\n\t-- Y first\r\n\tfor i=1, math.abs(y - tY) do\r\n\t\tif tY < y then\r\n\t\t\tgoDown()\r\n\t\telse\r\n\t\t\tgoUp()\r\n\t\tend\r\n\tend\r\n\t\r\n\t-- Z next\r\n\tif z < tZ then\r\n\t\tturnTo(0)\r\n\telse\r\n\t\tturnTo(2)\r\n\tend\r\n\t\r\n\tfor i=1, math.abs(z - tZ) do\r\n\t\tgoForward()\r\n\tend\r\n\t\r\n\t-- X last\r\n\tif x < tX then\r\n\t\tturnTo(1)\r\n\telse\r\n\t\tturnTo(3)\r\n\tend\r\n\t\r\n\tfor i=1, math.abs(x - tX) do\r\n\t\tgoForward()\r\n\tend\r\n\t\r\n\tturnTo(tO)\r\nend\r\n\r\n-- Check block\r\n\r\nlocal function checkName(block_data, valid_names)\r\n\tif block_data and valid_names[block_data.name] ~= nil then\r\n\t\treturn true\r\n\tend\r\n\treturn false\r\nend\r\n\r\n\r\n-- Mine vein\r\n\r\nlocal function mineVein()\r\n\t-- Look up\r\n b, block_data = turtle.inspectUp() \r\n\tif b and checkName(block_data, block_names) then\r\n\t\tgoUp()\r\n\t\tmineVein()\r\n\t\tgoDown()\r\n\tend\r\n\t-- Look down\r\n\tb, block_data = turtle.inspectDown()\r\n if b and checkName(block_data, block_names) then\r\n\t\tgoDown()\r\n\t\tmineVein()\r\n\t\tgoUp()\r\n\tend\r\n\t-- Look around\r\n\tfor i=1,4 do\r\n\t\tb, block_data = turtle.inspect()\r\n  if b and checkName(block_data, block_names) then\r\n\t\t\tgoForward()\r\n\t\t\tmineVein()\r\n\t\t\tturnRight()\r\n\t\t\tturnRight()\r\n\t\t\tgoForward()\r\n\t\t\tturnRight()\r\n\t\t\tturnRight()\r\n\t\tend\r\n\t\tturnRight()\r\n\tend\r\nend\r\n\r\n-- Refuel or Empty\r\nfunction checkState()\r\n\tlocal bank = false\r\n\tlocal refuel = false\r\n\t-- Refuel\r\n\tif math.abs(x) + math.abs(y) + math.abs(z) + 100 > turtle.getFuelLevel() then\r\n\t\trefuel = true\r\n\telseif turtle.getItemCount(16) > 0 or refuel then\r\n\t\tbank = true\r\n\t\tfor i=1, 16 do\r\n\t\t\tif checkName(turtle.getItemDetail(i), fuel_names) then\r\n\t\t\t\tturtle.select(i)\r\n\t\t\t\tturtle.refuel()\r\n\t\t\t\trefuel = false\r\n\t\t\t\tbank = false\r\n\t\t\telseif not checkName(turtle.getItemDetail(i), item_names) then\r\n\t\t\t\tturtle.select(i)\r\n\t\t\t\tturtle.drop()\r\n\t\t\t\tbank = false\r\n\t\t\tend\r\n\t\tend\r\n\tend\r\n\r\n\tif bank or refuel then\r\n  print(\"Banking\")\r\n\t\tlocal tX = x\r\n\t\tlocal tY = y\r\n\t\tlocal tZ = z\r\n\t\tlocal tO = orientation\r\n\t\t\r\n\t\ttoLocation(0, 0, 0, 0)\r\n\t\t\r\n\t\t-- Unload to the left\r\n\t\tturtle.turnLeft()\r\n\t\t\r\n\t\tfor i=1, 16 do\r\n\t\t\tturtle.select(i)\r\n\t\t\tturtle.drop()\r\n\t\t\twhile turtle.getItemCount() > 0 do\r\n\t\t\t\tprint(\"Can't drop items\")\r\n\t\t\t\tos.sleep(5)\r\n\t\t\t\tturtle.drop()\r\n\t\t\tend\r\n\t\tend\r\n\t\t\r\n\t\t-- Refuel to the right\r\n\t\tturtle.turnLeft()\r\n\t\tturtle.turnLeft()\r\n\t\t\r\n\t\tturtle.select(1)\r\n\t\t\r\n\t\twhile turtle.getFuelLevel() < turtle.getFuelLimit() and turtle.suck() do\r\n\t\t\tturtle.suck()\r\n\t\t  print(\"Refuelling\")\r\n  end\r\n\t\t\r\n\t\tturtle.drop()\r\n\t\t\r\n\t\ttoLocation(tX, tY, tZ, tO)\r\n\t\t\r\n\tend\r\nend\r\n\r\n-- Descend\r\ntoLocation(0, mining_level, 0, 0)\r\nwhile radius < max_radius do\r\n\tfor i=1, radius do\r\n\t\tgoForward()\r\n\t\tmineVein()\r\n\tend\r\n\tturnRight()\r\n\tside = (side + 1) % 2\r\n\tif side == 0 then\r\n\t\tradius = radius + 2\r\n\tend\r\nend",
    "YaraRule": [
        "enable_org32",
        "core_keywords"
    ]
}